sample	truth_gc	truth_lineage	truth_sublineage	pred_gc	pred_lineage	pred_sublineage	status
GCF_006494155	GC1	1.4	1.4.1	GC1	1.4	1.4.1	PASS
DRR039809	GC1	1.4	1.4.1	GC1	1.4	1.4.1	PASS
DRR039854	GC1	1.4	1.4.1	GC1	1.4	1.4.1	PASS
DRR039857	GC1	1.4	1.4.1	GC1	1.4	1.4.1	PASS
DRR039781	GC1	1.4	1.4.1	GC1	1.4	1.4.1	PASS
DRR039865	GC1	1.4	1.4.1	GC1	1.4	1.4.1	PASS
DRR039796	GC1	1.4	1.4.1	GC1	1.4	1.4.1	PASS
DRR039839	GC1	1.4	1.4.1	GC1	1.4	1.4.1	PASS
DRR039806	GC1	1.4	1.4.1	GC1	1.4	1.4.1	PASS
DRR039828	GC1	1.4	1.4.1	GC1	1.4	1.4.1	PASS
GCF_009428985	GC1	1.4	1.4.1	GC1	1.4	1.4.1	PASS
DRR039831	GC1	1.4	1.4.1	GC1	1.4	1.4.1	PASS
DRR039851	GC1	1.4	1.4.1	GC1	1.4	1.4.1	PASS
DRR039803	GC1	1.4	1.4.1	GC1	1.4	1.4.1	PASS
DRR039792	GC1	1.4	1.4.1	GC1	1.4	1.4.1	PASS
DRR039795	GC1	1.4	1.4.1	GC1	1.4	1.4.1	PASS
DRR039847	GC1	1.4	1.4.1	GC1	1.4	1.4.1	PASS
DRR039848	GC1	1.4	1.4.1	GC1	1.4	1.4.1	PASS
DRR039824	GC1	1.4	1.4.1	GC1	1.4	1.4.1	PASS
SRR13302058	GC1	1.4	1.4.1	GC1	1.4	1.4.1	PASS
ERR2712209	GC1	1.4	1.4.1	GC1	1.4	1.4.1	PASS
ERR2712348	GC1	1.4	1.4.1	GC1	1.4	1.4.1	PASS
ERR4920002	GC1	1.4	1.4.1	GC1	1.4	1.4.1	PASS
ERR4919999	GC1	1.4	1.4.1	GC1	1.4	1.4.1	PASS
ERR4920003	GC1	1.4	1.4.1	GC1	1.4	1.4.1	PASS
ERR4919995	GC1	1.4	1.4.1	GC1	1.4	1.4.1	PASS
ERR4920001	GC1	1.4	1.4.1	GC1	1.4	1.4.1	PASS
ERR4920004	GC1	1.4	1.4.1	GC1	1.4	1.4.1	PASS
GCF_003346005	GC1	1.4	1.4.1	GC1	1.4	1.4.1	PASS
GCF_004357185	GC1	1.4	1.4.1	GC1	1.4	1.4.1	PASS
GCF_003345965	GC1	1.4	1.4.1	GC1	1.4	1.4.1	PASS
ERR3194777	GC1	1.4	1.4.1	GC1	1.4	1.4.1	PASS
GCF_017600015	GC1	1.4	1.4.1	GC1	1.4	1.4.1	PASS
GCF_012935005	GC1	1.4	1.4.1	GC1	1.4	1.4.1	PASS
GCF_010500435	GC1	1.4	1.4.1	GC1	1.4	1.4.1	PASS
ERR6132493	GC1	1.4	1.4.1	GC1	1.4	1.4.1	PASS
GCF_003627465	GC1	1.4	1.4.1	GC1	1.4	1.4.1	PASS
GCF_003711885	GC1	1.4	1.4.1	GC1	1.4	1.4.1	PASS
ERR3194772	GC1	1.4	1.4.1	GC1	1.4	1.4.1	PASS
ERR6938931	GC1	1.4	NA	GC1	1.4	NA	UNRESOLVED
GCF_001657725	GC1	1.4	1.4.3	GC1	1.4	1.4.3	PASS
GCF_900490095	GC1	1.4	1.4.3	GC1	1.4	1.4.3	PASS
GCF_900476815	GC1	1.4	1.4.3	GC1	1.4	1.4.3	PASS
GCF_001512035	GC1	1.4	1.4.3	GC1	1.4	1.4.3	PASS
GCF_900476885	GC1	1.4	1.4.3	GC1	1.4	1.4.3	PASS
ERR119678	GC1	1.4	1.4.3	GC1	1.4	1.4.3	PASS
GCF_001512095	GC1	1.4	1.4.3	GC1	1.4	1.4.3	PASS
GCF_900476875	GC1	1.4	1.4.3	GC1	1.4	1.4.3	PASS
GCF_001511935	GC1	1.4	1.4.3	GC1	1.4	1.4.3	PASS
GCF_001511975	GC1	1.4	1.4.3	GC1	1.4	1.4.3	PASS
GCF_001512235	GC1	1.4	1.4.3	GC1	1.4	1.4.3	PASS
GCF_001512255	GC1	1.4	1.4.3	GC1	1.4	1.4.3	PASS
GCF_900477475	GC1	1.4	1.4.3	GC1	1.4	1.4.3	PASS
GCF_001511875	GC1	1.4	1.4.3	GC1	1.4	1.4.3	PASS
GCF_900477525	GC1	1.4	1.4.3	GC1	1.4	1.4.3	PASS
GCF_001512115	GC1	1.4	1.4.3	GC1	1.4	1.4.3	PASS
GCF_001511855	GC1	1.4	1.4.3	GC1	1.4	1.4.3	PASS
GCF_001512015	GC1	1.4	1.4.3	GC1	1.4	1.4.3	PASS
GCF_001511895	GC1	1.4	1.4.3	GC1	1.4	1.4.3	PASS
GCF_900477455	GC1	1.4	1.4.3	GC1	1.4	1.4.3	PASS
GCF_900477435	GC1	1.4	1.4.3	GC1	1.4	1.4.3	PASS
GCF_900477445	GC1	1.4	1.4.3	GC1	1.4	1.4.3	PASS
GCF_001512055	GC1	1.4	1.4.3	GC1	1.4	1.4.3	PASS
GCF_002741415	GC1	1.4	1.4.3	GC1	1.4	1.4.3	PASS
GCF_013185135	GC1	1.4	1.4.3	GC1	1.4	1.4.3	PASS
GCF_904886895	GC1	1.4	1.4.3	GC1	1.4	1.4.3	PASS
SRR16508432	GC1	1.4	1.4.3	GC1	1.4	1.4.3	PASS
SRR16508433	GC1	1.4	1.4.3	GC1	1.4	1.4.3	PASS
SRR2075948	GC1	1.4	1.4.3	GC1	1.4	1.4.3	PASS
GCF_002927895	GC1	1.4	1.4.3	GC1	1.4	1.4.3	PASS
GCF_006494215	GC1	1.4	1.4.3	GC1	1.4	1.4.3	PASS
GCF_000369325	GC1	1.4	1.4.3	GC1	1.4	1.4.3	PASS
GCF_006491855	GC1	1.4	1.4.3	GC1	1.4	1.4.3	PASS
SRR15734196	GC1	1.4	1.4.4	GC1	1.4	1.4.4	PASS
SRR3152159	GC1	1.4	1.4.4	GC1	1.4	1.4.4	PASS
GCF_000586655	GC1	1.4	1.4.4	GC1	1.4	1.4.4	PASS
SRR15734175	GC1	1.4	1.4.4	GC1	1.4	1.4.4	PASS
SRR15734190	GC1	1.4	1.4.4	GC1	1.4	1.4.4	PASS
SRR3131227	GC1	1.4	1.4.4	GC1	1.4	1.4.4	PASS
SRR3944038	GC1	1.4	1.4.4	GC1	1.4	1.4.4	PASS
SRR15734168	GC1	1.4	1.4.4	GC1	1.4	1.4.4	PASS
SRR3944235	GC1	1.4	1.4.4	GC1	1.4	1.4.4	PASS
SRR3944017	GC1	1.4	1.4.4	GC1	1.4	1.4.4	PASS
GCF_019458485	GC1	1.4	1.4.4	GC1	1.4	1.4.4	PASS
SRR3943751	GC1	1.4	1.4.4	GC1	1.4	1.4.4	PASS
SRR15734188	GC1	1.4	1.4.4	GC1	1.4	1.4.4	PASS
SRR15734189	GC1	1.4	1.4.4	GC1	1.4	1.4.4	PASS
SRR3944245	GC1	1.4	1.4.4	GC1	1.4	1.4.4	PASS
SRR15734224	GC1	1.4	1.4.4	GC1	1.4	1.4.4	PASS
SRR3131232	GC1	1.4	1.4.4	GC1	1.4	1.4.4	PASS
SRR3944085	GC1	1.4	1.4.4	GC1	1.4	1.4.4	PASS
GCF_006491965	GC1	1.4	1.4.4	GC1	1.4	1.4.4	PASS
GCF_001612455	GC1	1.4	1.4.4	GC1	1.4	1.4.4	PASS
SRR15734226	GC1	1.4	1.4.4	GC1	1.4	1.4.4	PASS
SRR15734177	GC1	1.4	1.4.4	GC1	1.4	1.4.4	PASS
SRR15734182	GC1	1.4	1.4.4	GC1	1.4	1.4.4	PASS
SRR13302060	GC1	1.4	1.4.4	GC1	1.4	1.4.4	PASS
DRR039832	GC1	1.4	1.4.4	GC1	1.4	1.4.4	PASS
DRR039797	GC1	1.4	1.4.4	GC1	1.4	1.4.4	PASS
DRR039841	GC1	1.4	1.4.4	GC1	1.4	1.4.4	PASS
GCF_017600445	GC1	1.4	1.4.4	GC1	1.4	1.4.4	PASS
SRR15734207	GC1	1.4	1.4.4	GC1	1.4	1.4.4	PASS
SRR15734208	GC1	1.4	1.4.4	GC1	1.4	1.4.4	PASS
GCF_017600535	GC1	1.4	1.4.4	GC1	1.4	1.4.4	PASS
GCF_017599705	GC1	1.4	1.4.4	GC1	1.4	1.4.4	PASS
GCF_017600285	GC1	1.4	1.4.4	GC1	1.4	1.4.4	PASS
GCF_017600245	GC1	1.4	1.4.4	GC1	1.4	1.4.4	PASS
GCF_017600185	GC1	1.4	1.4.4	GC1	1.4	1.4.4	PASS
GCF_017600295	GC1	1.4	1.4.4	GC1	1.4	1.4.4	PASS
GCF_017599905	GC1	1.4	1.4.4	GC1	1.4	1.4.4	PASS
GCF_017599545	GC1	1.4	1.4.4	GC1	1.4	1.4.4	PASS
GCF_017600615	GC1	1.4	1.4.4	GC1	1.4	1.4.4	PASS
ERR4919986	GC1	1.4	1.4.4	GC1	1.4	1.4.4	PASS
GCF_011603485	GC1	1.4	1.4.4	GC1	1.4	1.4.4	PASS
ERR6132510	GC1	1.4	1.4.4	GC1	1.4	1.4.4	PASS
GCF_011603925	GC1	1.4	1.4.4	GC1	1.4	1.4.4	PASS
ERR6132535	GC1	1.4	1.4.4	GC1	1.4	1.4.4	PASS
SRR18192434	GC1	1.4	1.4.4	GC1	1.4	1.4.4	PASS
GCF_019352275	GC1	1.4	1.4.4	GC1	1.4	1.4.4	PASS
GCF_019352335	GC1	1.4	1.4.4	GC1	1.4	1.4.4	PASS
GCF_019352435	GC1	1.4	1.4.4	GC1	1.4	1.4.4	PASS
GCF_020255065	GC1	1.4	1.4.4	GC1	1.4	1.4.4	PASS
GCF_020251365	GC1	1.4	1.4.4	GC1	1.4	1.4.4	PASS
GCF_019352215	GC1	1.4	1.4.4	GC1	1.4	1.4.4	PASS
GCF_019352295	GC1	1.4	1.4.4	GC1	1.4	1.4.4	PASS
GCF_019352395	GC1	1.4	1.4.4	GC1	1.4	1.4.4	PASS
GCF_019352315	GC1	1.4	1.4.4	GC1	1.4	1.4.4	PASS
GCF_019352355	GC1	1.4	1.4.4	GC1	1.4	1.4.4	PASS
GCF_019352375	GC1	1.4	1.4.4	GC1	1.4	1.4.4	PASS
GCF_019352455	GC1	1.4	1.4.4	GC1	1.4	1.4.4	PASS
GCF_019352475	GC1	1.4	1.4.4	GC1	1.4	1.4.4	PASS
GCF_019352235	GC1	1.4	1.4.4	GC1	1.4	1.4.4	PASS
GCF_019352225	GC1	1.4	1.4.4	GC1	1.4	1.4.4	PASS
GCF_019352415	GC1	1.4	1.4.4	GC1	1.4	1.4.4	PASS
SRR13327198	GC1	1.4	1.4.4	GC1	1.4	1.4.4	PASS
GCF_019920705	GC1	1.4	1.4.4	GC1	1.4	1.4.4	PASS
SRR13327207	GC1	1.4	1.4.4	GC1	1.4	1.4.4	PASS
SRR13327183	GC1	1.4	1.4.4	GC1	1.4	1.4.4	PASS
SRR13327185	GC1	1.4	1.4.4	GC1	1.4	1.4.4	PASS
SRR13327189	GC1	1.4	1.4.4	GC1	1.4	1.4.4	PASS
SRR13327180	GC1	1.4	1.4.4	GC1	1.4	1.4.4	PASS
SRR13327190	GC1	1.4	1.4.4	GC1	1.4	1.4.4	PASS
SRR13327191	GC1	1.4	1.4.4	GC1	1.4	1.4.4	PASS
SRR13327202	GC1	1.4	1.4.4	GC1	1.4	1.4.4	PASS
SRR13327203	GC1	1.4	1.4.4	GC1	1.4	1.4.4	PASS
SRR13327204	GC1	1.4	1.4.4	GC1	1.4	1.4.4	PASS
SRR13327181	GC1	1.4	1.4.4	GC1	1.4	1.4.4	PASS
SRR13327206	GC1	1.4	1.4.4	GC1	1.4	1.4.4	PASS
SRR13327182	GC1	1.4	1.4.4	GC1	1.4	1.4.4	PASS
SRR13327201	GC1	1.4	1.4.4	GC1	1.4	1.4.4	PASS
SRR13327187	GC1	1.4	1.4.4	GC1	1.4	1.4.4	PASS
SRR13327200	GC1	1.4	1.4.4	GC1	1.4	1.4.4	PASS
ERR7226556	GC1	1.4	1.4.4	GC1	1.4	1.4.4	PASS
ERR7226554	GC1	1.4	1.4.4	GC1	1.4	1.4.4	PASS
ERR4783244	GC1	1.4	1.4.4	GC1	1.4	1.4.4	PASS
ERR6938928	GC1	1.4	1.4.4	GC1	1.4	1.4.4	PASS
ERR6938929	GC1	1.4	1.4.4	GC1	1.4	1.4.4	PASS
GCF_020255155	GC1	1.4	1.4.4	GC1	1.4	1.4.4	PASS
GCF_020255905	GC1	1.4	1.4.4	GC1	1.4	1.4.4	PASS
GCF_014334865	GC1	1.4	1.4.4	GC1	1.4	1.4.4	PASS
GCF_002288625	GC1	1.4	1.4.4	GC1	1.4	1.4.4	PASS
GCF_003670075	GC1	1.4	1.4.4	GC1	1.4	1.4.4	PASS
GCF_014334965	GC1	1.4	1.4.4	GC1	1.4	1.4.4	PASS
GCF_014334855	GC1	1.4	1.4.4	GC1	1.4	1.4.4	PASS
GCF_002724085	GC1	1.4	1.4.4	GC1	1.4	1.4.4	PASS
GCF_003615305	GC1	1.4	1.4.4	GC1	1.4	1.4.4	PASS
GCF_017168635	GC1	1.4	1.4.4	GC1	1.4	1.4.4	PASS
GCF_017168655	GC1	1.4	1.4.4	GC1	1.4	1.4.4	PASS
GCF_017168645	GC1	1.4	1.4.4	GC1	1.4	1.4.4	PASS
GCF_017168885	GC1	1.4	1.4.4	GC1	1.4	1.4.4	PASS
SRR13118729	GC1	1.4	1.4.4	GC1	1.4	1.4.4	PASS
SRR13118764	GC1	1.4	1.4.4	GC1	1.4	1.4.4	PASS
ERR4436686	GC1	1.4	1.4.4	GC1	1.4	1.4.4	PASS
GCF_015265745	GC1	1.4	1.4.4	GC1	1.4	1.4.4	PASS
GCF_018361305	GC1	1.4	1.4.4	GC1	1.4	1.4.4	PASS
SRR18114233	GC1	1.4	1.4.4	GC1	1.4	1.4.4	PASS
GCF_902703115	GC1	1.4	1.4.4	GC1	1.4	1.4.4	PASS
GCF_902703085	GC1	1.4	1.4.4	GC1	1.4	1.4.4	PASS
ERR4920011	GC1	1.4	1.4.4	GC1	1.4	1.4.4	PASS
GCF_902703065	GC1	1.4	1.4.4	GC1	1.4	1.4.4	PASS
GCF_902702975	GC1	1.4	1.4.4	GC1	1.4	1.4.4	PASS
GCF_002996805	GC1	1.4	1.4.4	GC1	1.4	1.4.4	PASS
GCF_002837955	GC1	1.4	1.4.4	GC1	1.4	1.4.4	PASS
GCF_002838005	GC1	1.4	1.4.4	GC1	1.4	1.4.4	PASS
GCF_000353775	GC1	1.4	1.4.4	GC1	1.4	1.4.4	PASS
SRR15734192	GC1	1.4	1.4.4	GC1	1.4	1.4.4	PASS
SRR3944200	GC1	1.4	1.4.4	GC1	1.4	1.4.4	PASS
GCF_000353975	GC1	1.4	1.4.4	GC1	1.4	1.4.4	PASS
GCF_000354015	GC1	1.4	1.4.4	GC1	1.4	1.4.4	PASS
SRR15734210	GC1	1.4	1.4.4	GC1	1.4	1.4.4	PASS
SRR15734209	GC1	1.4	1.4.4	GC1	1.4	1.4.4	PASS
GCF_004357085	GC1	1.4	1.4.4	GC1	1.4	1.4.4	PASS
GCF_004357125	GC1	1.4	1.4.4	GC1	1.4	1.4.4	PASS
SRR15734176	GC1	1.4	1.4.4	GC1	1.4	1.4.4	PASS
GCF_000586635	GC1	1.4	1.4.4	GC1	1.4	1.4.4	PASS
SRR15734227	GC1	1.4	1.4.4	GC1	1.4	1.4.4	PASS
SRR3170733	GC1	1.4	1.4.4	GC1	1.4	1.4.4	PASS
SRR15734186	GC1	1.4	1.4.4	GC1	1.4	1.4.4	PASS
SRR17023755	GC1	1.4	1.4.4	GC1	1.4	1.4.4	PASS
SRR15734187	GC1	1.4	1.4.4	GC1	1.4	1.4.4	PASS
SRR15734225	GC1	1.4	1.4.4	GC1	1.4	1.4.4	PASS
SRR15734205	GC1	1.4	1.4.4	GC1	1.4	1.4.4	PASS
SRR3152494	GC1	1.4	1.4.4	GC1	1.4	1.4.4	PASS
SRR15734170	GC1	1.4	1.4.4	GC1	1.4	1.4.4	PASS
SRR15734202	GC1	1.4	1.4.4	GC1	1.4	1.4.4	PASS
SRR15734203	GC1	1.4	1.4.4	GC1	1.4	1.4.4	PASS
SRR15734181	GC1	1.4	1.4.4	GC1	1.4	1.4.4	PASS
SRR3131219	GC1	1.4	1.4.4	GC1	1.4	1.4.4	PASS
SRR15734193	GC1	1.4	1.4.4	GC1	1.4	1.4.4	PASS
SRR15734213	GC1	1.4	1.4.4	GC1	1.4	1.4.4	PASS
SRR15734206	GC1	1.4	1.4.4	GC1	1.4	1.4.4	PASS
SRR15734211	GC1	1.4	1.4.4	GC1	1.4	1.4.4	PASS
SRR15734212	GC1	1.4	1.4.4	GC1	1.4	1.4.4	PASS
SRR15734201	GC1	1.4	1.4.4	GC1	1.4	1.4.4	PASS
SRR3131231	GC1	1.4	1.4.4	GC1	1.4	1.4.4	PASS
SRR3152493	GC1	1.4	1.4.4	GC1	1.4	1.4.4	PASS
SRR15734219	GC1	1.4	1.4.4	GC1	1.4	1.4.4	PASS
SRR15734180	GC1	1.4	1.4.4	GC1	1.4	1.4.4	PASS
SRR15734200	GC1	1.4	1.4.4	GC1	1.4	1.4.4	PASS
SRR15734221	GC1	1.4	1.4.4	GC1	1.4	1.4.4	PASS
SRR15734220	GC1	1.4	1.4.4	GC1	1.4	1.4.4	PASS
SRR15115349	GC1	1.4	1.4.4	GC1	1.4	1.4.4	PASS
SRR15734191	GC1	1.4	1.4.4	GC1	1.4	1.4.4	PASS
SRR15734217	GC1	1.4	1.4.4	GC1	1.4	1.4.4	PASS
SRR15734171	GC1	1.4	1.4.4	GC1	1.4	1.4.4	PASS
SRR15734184	GC1	1.4	1.4.4	GC1	1.4	1.4.4	PASS
SRR15734222	GC1	1.4	1.4.4	GC1	1.4	1.4.4	PASS
SRR15734194	GC1	1.4	1.4.4	GC1	1.4	1.4.4	PASS
SRR15734198	GC1	1.4	1.4.4	GC1	1.4	1.4.4	PASS
SRR15734174	GC1	1.4	1.4.4	GC1	1.4	1.4.4	PASS
SRR15734172	GC1	1.4	1.4.4	GC1	1.4	1.4.4	PASS
SRR15734215	GC1	1.4	1.4.4	GC1	1.4	1.4.4	PASS
SRR15734218	GC1	1.4	1.4.4	GC1	1.4	1.4.4	PASS
SRR17023784	GC1	1.4	1.4.4	GC1	1.4	1.4.4	PASS
SRR15734197	GC1	1.4	1.4.4	GC1	1.4	1.4.4	PASS
SRR15734223	GC1	1.4	1.4.4	GC1	1.4	1.4.4	PASS
SRR15734228	GC1	1.4	1.4.4	GC1	1.4	1.4.4	PASS
SRR15734178	GC1	1.4	1.4.4	GC1	1.4	1.4.4	PASS
SRR15734169	GC1	1.4	1.4.4	GC1	1.4	1.4.4	PASS
SRR3131228	GC1	1.4	1.4.4	GC1	1.4	1.4.4	PASS
SRR15734216	GC1	1.4	1.4.4	GC1	1.4	1.4.4	PASS
SRR15734199	GC1	1.4	1.4.4	GC1	1.4	1.4.4	PASS
SRR15734214	GC1	1.4	1.4.4	GC1	1.4	1.4.4	PASS
SRR15734173	GC1	1.4	1.4.4	GC1	1.4	1.4.4	PASS
SRR15734195	GC1	1.4	1.4.4	GC1	1.4	1.4.4	PASS
SRR15734185	GC1	1.4	1.4.4	GC1	1.4	1.4.4	PASS
GCF_001028315	GC1	1.4	1.4.4	GC1	1.4	1.4.4	PASS
SRR15734179	GC1	1.4	1.4.4	GC1	1.4	1.4.4	PASS
ERR246824	GC1	1.4	1.4.4	GC1	1.4	1.4.4	PASS
GCF_002416475	GC1	1.4	1.4.2	GC1	1.4	1.4.2	PASS
GCF_002416345	GC1	1.4	1.4.2	GC1	1.4	1.4.2	PASS
GCF_002416375	GC1	1.4	1.4.2	GC1	1.4	1.4.2	PASS
ERR1946965	GC1	1.4	1.4.2	GC1	1.4	1.4.2	PASS
ERR1946959	GC1	1.4	1.4.2	GC1	1.4	1.4.2	PASS
ERR1946964	GC1	1.4	1.4.2	GC1	1.4	1.4.2	PASS
ERR1946958	GC1	1.4	1.4.2	GC1	1.4	1.4.2	PASS
ERR1946962	GC1	1.4	1.4.2	GC1	1.4	1.4.2	PASS
ERR1946975	GC1	1.4	1.4.2	GC1	1.4	1.4.2	PASS
SRR3131237	GC1	1.4	1.4.2	GC1	1.4	1.4.2	PASS
SRR3943043	GC1	1.4	1.4.2	GC1	1.4	1.4.2	PASS
SRR3944029	GC1	1.4	1.4.2	GC1	1.4	1.4.2	PASS
SRR3944101	GC1	1.4	1.4.2	GC1	1.4	1.4.2	PASS
SRR3944211	GC1	1.4	1.4.2	GC1	1.4	1.4.2	PASS
GCF_001612005	GC1	1.4	1.4.2	GC1	1.4	1.4.2	PASS
SRR3131221	GC1	1.4	1.4.2	GC1	1.4	1.4.2	PASS
SRR3943999	GC1	1.4	1.4.2	GC1	1.4	1.4.2	PASS
GCF_000305315	GC1	1.4	1.4.2	GC1	1.4	1.4.2	PASS
SRR3943996	GC1	1.4	1.4.2	GC1	1.4	1.4.2	PASS
SRR3131226	GC1	1.4	1.4.2	GC1	1.4	1.4.2	PASS
SRR3943746	GC1	1.4	1.4.2	GC1	1.4	1.4.2	PASS
SRR3943792	GC1	1.4	1.4.2	GC1	1.4	1.4.2	PASS
SRR3944208	GC1	1.4	1.4.2	GC1	1.4	1.4.2	PASS
SRR3170738	GC1	1.4	1.4.2	GC1	1.4	1.4.2	PASS
SRR3943790	GC1	1.4	1.4.2	GC1	1.4	1.4.2	PASS
GCF_000177715	GC1	1.4	1.4.2	GC1	1.4	1.4.2	PASS
SRR3223162	GC1	1.4	1.4.2	GC1	1.4	1.4.2	PASS
GCF_002150485	GC1	1.4	NA	GC1	1.4	NA	UNRESOLVED
ERR1805277	GC1	1.4	NA	GC1	1.4	NA	UNRESOLVED
GCF_000369185	GC1	1.4	NA	GC1	1.4	NA	UNRESOLVED
GCF_001512215	GC1	1.4	NA	GC1	1.4	NA	UNRESOLVED
GCF_000069245	GC1	1.4	NA	GC1	1.4	NA	UNRESOLVED
SRR15185786	GC1	1.4	NA	GC1	1.4	NA	UNRESOLVED
SRR3170610	GC1	1.4	1.4.7	GC1	1.4	1.4.7	PASS
SRR3225241	GC1	1.4	1.4.7	GC1	1.4	1.4.7	PASS
SRR3224798	GC1	1.4	1.4.7	GC1	1.4	1.4.7	PASS
SRR3224236	GC1	1.4	1.4.7	GC1	1.4	1.4.7	PASS
SRR3224801	GC1	1.4	1.4.7	GC1	1.4	1.4.7	PASS
GCF_001512135	GC1	1.4	1.4.9	GC1	1.4	NA	UNRESOLVED
ERR119672	GC1	1.4	1.4.9	GC1	1.4	NA	UNRESOLVED
GCF_002210065	GC1	1.4	1.4.9	GC1	1.4	NA	UNRESOLVED
ERR246827	GC1	1.4	1.4.9	GC1	1.4	NA	UNRESOLVED
ERR3292012	GC1	1.4	1.4.9	GC1	1.4	NA	UNRESOLVED
ERR3292013	GC1	1.4	1.4.9	GC1	1.4	NA	UNRESOLVED
ERR7123314	GC1	1.4	1.4.9	GC1	1.4	NA	UNRESOLVED
ERR1946978	GC1	1.4	1.4.9	GC1	1.4	NA	UNRESOLVED
ERR1947035	GC1	1.4	1.4.9	GC1	1.4	NA	UNRESOLVED
ERR1946980	GC1	1.4	1.4.9	GC1	1.4	NA	UNRESOLVED
ERR1947051	GC1	1.4	1.4.9	GC1	1.4	NA	UNRESOLVED
ERR1947052	GC1	1.4	1.4.9	GC1	1.4	NA	UNRESOLVED
ERR1946982	GC1	1.4	1.4.9	GC1	1.4	NA	UNRESOLVED
ERR1946985	GC1	1.4	1.4.9	GC1	1.4	NA	UNRESOLVED
ERR1946986	GC1	1.4	1.4.9	GC1	1.4	NA	UNRESOLVED
ERR1947037	GC1	1.4	1.4.9	GC1	1.4	NA	UNRESOLVED
ERR1946976	GC1	1.4	1.4.9	GC1	1.4	NA	UNRESOLVED
ERR1947034	GC1	1.4	1.4.9	GC1	1.4	NA	UNRESOLVED
ERR1946977	GC1	1.4	1.4.9	GC1	1.4	NA	UNRESOLVED
ERR1947038	GC1	1.4	1.4.9	GC1	1.4	NA	UNRESOLVED
ERR1947047	GC1	1.4	1.4.9	GC1	1.4	NA	UNRESOLVED
ERR4766569	GC1	1.4	1.4.9	GC1	1.4	NA	UNRESOLVED
ERR1946979	GC1	1.4	1.4.9	GC1	1.4	NA	UNRESOLVED
ERR1946987	GC1	1.4	1.4.9	GC1	1.4	NA	UNRESOLVED
ERR1946992	GC1	1.4	1.4.9	GC1	1.4	NA	UNRESOLVED
ERR1946989	GC1	1.4	1.4.9	GC1	1.4	NA	UNRESOLVED
ERR1946984	GC1	1.4	1.4.9	GC1	1.4	NA	UNRESOLVED
ERR1946988	GC1	1.4	1.4.9	GC1	1.4	NA	UNRESOLVED
ERR1947036	GC1	1.4	1.4.9	GC1	1.4	NA	UNRESOLVED
ERR246777	GC1	1.4	1.4.9	GC1	1.4	NA	UNRESOLVED
ERR246832	GC1	1.4	1.4.9	GC1	1.4	NA	UNRESOLVED
ERR246808	GC1	1.4	1.4.9	GC1	1.4	NA	UNRESOLVED
ERR246864	GC1	1.4	1.4.9	GC1	1.4	NA	UNRESOLVED
ERR246800	GC1	1.4	1.4.9	GC1	1.4	NA	UNRESOLVED
ERR246848	GC1	1.4	1.4.9	GC1	1.4	NA	UNRESOLVED
ERR246849	GC1	1.4	1.4.9	GC1	1.4	NA	UNRESOLVED
ERR246782	GC1	1.4	1.4.9	GC1	1.4	NA	UNRESOLVED
ERR3653751	GC1	1.4	1.4.9	GC1	1.4	NA	UNRESOLVED
ERR3653764	GC1	1.4	1.4.9	GC1	1.4	NA	UNRESOLVED
GCF_003020205	GC1	1.4	1.4.9	GC1	1.4	NA	UNRESOLVED
ERR246788	GC1	1.4	1.4.9	GC1	1.4	NA	UNRESOLVED
ERR3653684	GC1	1.4	1.4.9	GC1	1.4	NA	UNRESOLVED
ERR3653774	GC1	1.4	1.4.9	GC1	1.4	NA	UNRESOLVED
ERR246821	GC1	1.4	1.4.9	GC1	1.4	NA	UNRESOLVED
ERR246797	GC1	1.4	1.4.9	GC1	1.4	NA	UNRESOLVED
ERR246845	GC1	1.4	1.4.9	GC1	1.4	NA	UNRESOLVED
ERR3653742	GC1	1.4	1.4.9	GC1	1.4	NA	UNRESOLVED
ERR3653682	GC1	1.4	1.4.9	GC1	1.4	NA	UNRESOLVED
ERR246872	GC1	1.4	1.4.9	GC1	1.4	NA	UNRESOLVED
ERR246880	GC1	1.4	1.4.9	GC1	1.4	NA	UNRESOLVED
ERR246812	GC1	1.4	1.4.9	GC1	1.4	NA	UNRESOLVED
ERR246847	GC1	1.4	1.4.9	GC1	1.4	NA	UNRESOLVED
ERR246855	GC1	1.4	1.4.9	GC1	1.4	NA	UNRESOLVED
ERR246863	GC1	1.4	1.4.9	GC1	1.4	NA	UNRESOLVED
ERR246871	GC1	1.4	1.4.9	GC1	1.4	NA	UNRESOLVED
ERR246778	GC1	1.4	1.4.9	GC1	1.4	NA	UNRESOLVED
ERR246794	GC1	1.4	1.4.9	GC1	1.4	NA	UNRESOLVED
ERR246785	GC1	1.4	1.4.9	GC1	1.4	NA	UNRESOLVED
ERR246810	GC1	1.4	1.4.9	GC1	1.4	NA	UNRESOLVED
GCF_003020415	GC1	1.4	1.4.9	GC1	1.4	NA	UNRESOLVED
ERR246835	GC1	1.4	1.4.9	GC1	1.4	NA	UNRESOLVED
ERR246787	GC1	1.4	1.4.9	GC1	1.4	NA	UNRESOLVED
ERR246804	GC1	1.4	1.4.9	GC1	1.4	NA	UNRESOLVED
ERR246851	GC1	1.4	1.4.9	GC1	1.4	NA	UNRESOLVED
ERR246838	GC1	1.4	1.4.9	GC1	1.4	NA	UNRESOLVED
ERR246846	GC1	1.4	1.4.9	GC1	1.4	NA	UNRESOLVED
ERR246830	GC1	1.4	1.4.9	GC1	1.4	NA	UNRESOLVED
GCF_003020225	GC1	1.4	1.4.9	GC1	1.4	NA	UNRESOLVED
ERR246802	GC1	1.4	1.4.9	GC1	1.4	NA	UNRESOLVED
ERR246857	GC1	1.4	1.4.9	GC1	1.4	NA	UNRESOLVED
GCF_003020365	GC1	1.4	1.4.9	GC1	1.4	NA	UNRESOLVED
GCF_003940075	GC1	1.4	1.4.9	GC1	1.4	NA	UNRESOLVED
GCF_003345845	GC1	1.4	1.4.9	GC1	1.4	NA	UNRESOLVED
GCF_004357105	GC1	1.4	1.4.9	GC1	1.4	NA	UNRESOLVED
ERR246779	GC1	1.4	1.4.9	GC1	1.4	NA	UNRESOLVED
GCF_008806495	GC1	1.4	1.4.9	GC1	1.4	NA	UNRESOLVED
ERR246796	GC1	1.4	1.4.9	GC1	1.4	NA	UNRESOLVED
GCF_003020345	GC1	1.4	1.4.9	GC1	1.4	NA	UNRESOLVED
GCF_020255485	GC1	1.4	1.4.9	GC1	1.4	NA	UNRESOLVED
ERR246836	GC1	1.4	1.4.9	GC1	1.4	NA	UNRESOLVED
SRR3170773	GC1	1.4	1.4.9	GC1	1.4	NA	UNRESOLVED
SRR3152160	GC1	1.4	1.4.9	GC1	1.4	NA	UNRESOLVED
GCF_000177735	GC1	1.4	1.4.9	GC1	1.4	NA	UNRESOLVED
SRR3170772	GC1	1.4	1.4.9	GC1	1.4	NA	UNRESOLVED
GCF_001874945	GC1	1.4	1.4.9	GC1	1.4	NA	UNRESOLVED
SRR3943180	GC1	1.4	1.4.9	GC1	1.4	NA	UNRESOLVED
GCF_000021245	GC1	1.4	1.4.9	GC1	1.4	NA	UNRESOLVED
SRR12145305	GC1	1.4	1.4.9	GC1	1.4	NA	UNRESOLVED
GCF_016127515	GC1	1.4	1.4.9	GC1	1.4	NA	UNRESOLVED
GCF_000441955	GC1	1.4	1.4.9	GC1	1.4	NA	UNRESOLVED
SRR11614272	GC1	1.4	1.4.9	GC1	1.4	NA	UNRESOLVED
SRR3944207	GC1	1.4	1.4.9	GC1	1.4	NA	UNRESOLVED
SRR11614265	GC1	1.4	1.4.9	GC1	1.4	NA	UNRESOLVED
SRR3944227	GC1	1.4	1.4.9	GC1	1.4	NA	UNRESOLVED
SRR11614289	GC1	1.4	1.4.9	GC1	1.4	NA	UNRESOLVED
SRR11614266	GC1	1.4	1.4.9	GC1	1.4	NA	UNRESOLVED
GCF_000453885	GC1	1.4	1.4.9	GC1	1.4	NA	UNRESOLVED
SRR11614278	GC1	1.4	1.4.9	GC1	1.4	NA	UNRESOLVED
SRR3944024	GC1	1.4	1.4.9	GC1	1.4	NA	UNRESOLVED
SRR3944025	GC1	1.4	1.4.9	GC1	1.4	NA	UNRESOLVED
SRR3944097	GC1	1.4	1.4.9	GC1	1.4	NA	UNRESOLVED
SRR3170778	GC1	1.4	1.4.9	GC1	1.4	NA	UNRESOLVED
SRR3943991	GC1	1.4	1.4.9	GC1	1.4	NA	UNRESOLVED
SRR3943182	GC1	1.4	1.4.9	GC1	1.4	NA	UNRESOLVED
SRR3944205	GC1	1.4	1.4.9	GC1	1.4	NA	UNRESOLVED
SRR3944022	GC1	1.4	1.4.9	GC1	1.4	NA	UNRESOLVED
SRR3944249	GC1	1.4	1.4.9	GC1	1.4	NA	UNRESOLVED
GCF_001028265	GC1	1.4	1.4.9	GC1	1.4	NA	UNRESOLVED
GCF_006494165	GC1	1.4	1.4.9	GC1	1.4	NA	UNRESOLVED
SRR3170775	GC1	1.4	1.4.9	GC1	1.4	NA	UNRESOLVED
SRR3943990	GC1	1.4	1.4.9	GC1	1.4	NA	UNRESOLVED
GCF_000286615	GC1	1.4	1.4.9	GC1	1.4	NA	UNRESOLVED
GCF_000309275	GC1	1.4	1.4.9	GC1	1.4	NA	UNRESOLVED
SRR353953	GC1	1.4	1.4.9	GC1	1.4	NA	UNRESOLVED
SRR3170786	GC1	1.4	1.4.9	GC1	1.4	NA	UNRESOLVED
SRR3131235	GC1	1.4	1.4.9	GC1	1.4	NA	UNRESOLVED
SRR3131216	GC1	1.4	1.4.9	GC1	1.4	NA	UNRESOLVED
SRR3943789	GC1	1.4	1.4.9	GC1	1.4	NA	UNRESOLVED
SRR3152510	GC1	1.4	1.4.9	GC1	1.4	NA	UNRESOLVED
SRR3944256	GC1	1.4	1.4.9	GC1	1.4	NA	UNRESOLVED
SRR3944102	GC1	1.4	1.4.9	GC1	1.4	NA	UNRESOLVED
SRR3944250	GC1	1.4	1.4.9	GC1	1.4	NA	UNRESOLVED
SRR3170777	GC1	1.4	1.4.9	GC1	1.4	NA	UNRESOLVED
GCF_001612415	GC1	1.4	1.4.9	GC1	1.4	NA	UNRESOLVED
SRR3131173	GC1	1.4	1.4.9	GC1	1.4	NA	UNRESOLVED
SRR3131234	GC1	1.4	1.4.9	GC1	1.4	NA	UNRESOLVED
SRR3943788	GC1	1.4	1.4.9	GC1	1.4	NA	UNRESOLVED
SRR3170771	GC1	1.4	1.4.9	GC1	1.4	NA	UNRESOLVED
GCF_000301435	GC1	1.4	1.4.9	GC1	1.4	NA	UNRESOLVED
GCF_000302035	GC1	1.4	1.4.9	GC1	1.4	NA	UNRESOLVED
GCF_003948175	GC1	1.4	1.4.9	GC1	1.4	NA	UNRESOLVED
GCF_000453085	GC1	1.4	1.4.9	GC1	1.4	NA	UNRESOLVED
GCF_000453105	GC1	1.4	1.4.9	GC1	1.4	NA	UNRESOLVED
GCF_003948695	GC1	1.4	1.4.9	GC1	1.4	NA	UNRESOLVED
GCF_000453045	GC1	1.4	1.4.9	GC1	1.4	NA	UNRESOLVED
GCF_000453205	GC1	1.4	1.4.9	GC1	1.4	NA	UNRESOLVED
GCF_000453945	GC1	1.4	1.4.9	GC1	1.4	NA	UNRESOLVED
SRR8080833	GC1	1.4	1.4.9	GC1	1.4	NA	UNRESOLVED
GCF_000454005	GC1	1.4	1.4.9	GC1	1.4	NA	UNRESOLVED
GCF_003949635	GC1	1.4	1.4.9	GC1	1.4	NA	UNRESOLVED
GCF_003948995	GC1	1.4	1.4.9	GC1	1.4	NA	UNRESOLVED
GCF_001433355	GC1	1.4	1.4.9	GC1	1.4	NA	UNRESOLVED
SRR1314628	GC1	1.4	1.4.9	GC1	1.4	NA	UNRESOLVED
SRR1314629	GC1	1.4	1.4.9	GC1	1.4	NA	UNRESOLVED
SRR3943989	GC1	1.4	1.4.9	GC1	1.4	NA	UNRESOLVED
SRR1314612	GC1	1.4	1.4.9	GC1	1.4	NA	UNRESOLVED
SRR1314613	GC1	1.4	1.4.9	GC1	1.4	NA	UNRESOLVED
SRR1314617	GC1	1.4	1.4.9	GC1	1.4	NA	UNRESOLVED
SRR1314627	GC1	1.4	1.4.9	GC1	1.4	NA	UNRESOLVED
SRR1314608	GC1	1.4	1.4.9	GC1	1.4	NA	UNRESOLVED
SRR1314610	GC1	1.4	1.4.9	GC1	1.4	NA	UNRESOLVED
SRR1314604	GC1	1.4	1.4.9	GC1	1.4	NA	UNRESOLVED
SRR1314620	GC1	1.4	1.4.9	GC1	1.4	NA	UNRESOLVED
SRR1314632	GC1	1.4	1.4.9	GC1	1.4	NA	UNRESOLVED
SRR1314609	GC1	1.4	1.4.9	GC1	1.4	NA	UNRESOLVED
SRR1314630	GC1	1.4	1.4.9	GC1	1.4	NA	UNRESOLVED
SRR1314631	GC1	1.4	1.4.9	GC1	1.4	NA	UNRESOLVED
SRR1314618	GC1	1.4	1.4.9	GC1	1.4	NA	UNRESOLVED
SRR1314624	GC1	1.4	1.4.9	GC1	1.4	NA	UNRESOLVED
SRR1314605	GC1	1.4	1.4.9	GC1	1.4	NA	UNRESOLVED
SRR1314625	GC1	1.4	1.4.9	GC1	1.4	NA	UNRESOLVED
SRR1314611	GC1	1.4	1.4.9	GC1	1.4	NA	UNRESOLVED
SRR1314626	GC1	1.4	1.4.9	GC1	1.4	NA	UNRESOLVED
SRR1314619	GC1	1.4	1.4.9	GC1	1.4	NA	UNRESOLVED
SRR1314633	GC1	1.4	1.4.9	GC1	1.4	NA	UNRESOLVED
SRR1314616	GC1	1.4	1.4.9	GC1	1.4	NA	UNRESOLVED
SRR1314614	GC1	1.4	1.4.9	GC1	1.4	NA	UNRESOLVED
SRR1314615	GC1	1.4	1.4.9	GC1	1.4	NA	UNRESOLVED
SRR3943785	GC1	1.4	1.4.9	GC1	1.4	NA	UNRESOLVED
SRR3944041	GC1	1.4	1.4.9	GC1	1.4	NA	UNRESOLVED
SRR3943988	GC1	1.4	1.4.9	GC1	1.4	NA	UNRESOLVED
SRR3135275	GC1	1.4	1.4.9	GC1	1.4	NA	UNRESOLVED
SRR3152509	GC1	1.4	1.4.9	GC1	1.4	NA	UNRESOLVED
SRR3944248	GC1	1.4	1.4.9	GC1	1.4	NA	UNRESOLVED
GCF_002143965	GC1	1.4	1.4.9	GC1	1.4	NA	UNRESOLVED
SRR3170770	GC1	1.4	1.4.9	GC1	1.4	NA	UNRESOLVED
SRR3170769	GC1	1.4	1.4.9	GC1	1.4	NA	UNRESOLVED
SRR3152161	GC1	1.4	1.4.9	GC1	1.4	NA	UNRESOLVED
SRR3152162	GC1	1.4	1.4.9	GC1	1.4	NA	UNRESOLVED
GCF_000177695	GC1	1.4	1.4.9	GC1	1.4	NA	UNRESOLVED
GCF_900478145	GC1	1.4	1.4.9	GC1	1.4	NA	UNRESOLVED
SRR4417609	GC1	1.4	1.4.9	GC1	1.4	NA	UNRESOLVED
SRR3944021	GC1	1.4	1.4.9	GC1	1.4	NA	UNRESOLVED
SRR3944089	GC1	1.4	1.4.9	GC1	1.4	NA	UNRESOLVED
ERR246896	GC1	1.4	1.4.9	GC1	1.4	NA	UNRESOLVED
ERR246859	GC1	1.4	1.4.9	GC1	1.4	NA	UNRESOLVED
ERR246904	GC1	1.4	1.4.9	GC1	1.4	NA	UNRESOLVED
ERR246813	GC1	1.4	1.4.9	GC1	1.4	NA	UNRESOLVED
ERR246868	GC1	1.4	1.4.9	GC1	1.4	NA	UNRESOLVED
ERR3653710	GC1	1.4	1.4.9	GC1	1.4	NA	UNRESOLVED
ERR246829	GC1	1.4	1.4.9	GC1	1.4	NA	UNRESOLVED
ERR246799	GC1	1.4	1.4.9	GC1	1.4	NA	UNRESOLVED
ERR246869	GC1	1.4	1.4.9	GC1	1.4	NA	UNRESOLVED
ERR3653736	GC1	1.4	1.4.9	GC1	1.4	NA	UNRESOLVED
ERR246831	GC1	1.4	1.4.9	GC1	1.4	NA	UNRESOLVED
ERR246839	GC1	1.4	1.4.9	GC1	1.4	NA	UNRESOLVED
ERR246861	GC1	1.4	1.4.9	GC1	1.4	NA	UNRESOLVED
ERR3653708	GC1	1.4	1.4.9	GC1	1.4	NA	UNRESOLVED
ERR3653741	GC1	1.4	1.4.9	GC1	1.4	NA	UNRESOLVED
ERR3653747	GC1	1.4	1.4.9	GC1	1.4	NA	UNRESOLVED
ERR3653767	GC1	1.4	1.4.9	GC1	1.4	NA	UNRESOLVED
ERR246844	GC1	1.4	1.4.9	GC1	1.4	NA	UNRESOLVED
ERR246860	GC1	1.4	1.4.9	GC1	1.4	NA	UNRESOLVED
GCF_003020405	GC1	1.4	1.4.9	GC1	1.4	NA	UNRESOLVED
ERR246781	GC1	1.4	1.4.9	GC1	1.4	NA	UNRESOLVED
ERR246783	GC1	1.4	1.4.9	GC1	1.4	NA	UNRESOLVED
ERR246888	GC1	1.4	1.4.9	GC1	1.4	NA	UNRESOLVED
ERR246791	GC1	1.4	1.4.9	GC1	1.4	NA	UNRESOLVED
ERR246912	GC1	1.4	1.4.9	GC1	1.4	NA	UNRESOLVED
ERR246795	GC1	1.4	1.4.9	GC1	1.4	NA	UNRESOLVED
GCF_000794125	GC1	1.4	1.4.9	GC1	1.4	NA	UNRESOLVED
GCF_001512075	GC1	1.4	1.4.9	GC1	1.4	NA	UNRESOLVED
ERR246818	GC1	1.4	1.4.9	GC1	1.4	NA	UNRESOLVED
ERR246826	GC1	1.4	1.4.9	GC1	1.4	NA	UNRESOLVED
ERR246834	GC1	1.4	1.4.9	GC1	1.4	NA	UNRESOLVED
ERR246819	GC1	1.4	1.4.9	GC1	1.4	NA	UNRESOLVED
GCF_003020215	GC1	1.4	1.4.9	GC1	1.4	NA	UNRESOLVED
ERR246805	GC1	1.4	1.4.9	GC1	1.4	NA	UNRESOLVED
GCF_000969385	GC1	1.4	1.4.9	GC1	1.4	NA	UNRESOLVED
ERR246780	GC1	1.4	1.4.9	GC1	1.4	NA	UNRESOLVED
ERR246811	GC1	1.4	1.4.9	GC1	1.4	NA	UNRESOLVED
ERR246843	GC1	1.4	1.4.9	GC1	1.4	NA	UNRESOLVED
GCF_002082825	GC1	1.4	1.4.9	GC1	1.4	NA	UNRESOLVED
GCF_900478075	GC1	1.4	1.4.9	GC1	1.4	NA	UNRESOLVED
GCF_900478055	GC1	1.4	1.4.9	GC1	1.4	NA	UNRESOLVED
ERR246858	GC1	1.4	1.4.9	GC1	1.4	NA	UNRESOLVED
ERR246820	GC1	1.4	1.4.9	GC1	1.4	NA	UNRESOLVED
ERR246828	GC1	1.4	1.4.9	GC1	1.4	NA	UNRESOLVED
ERR246837	GC1	1.4	1.4.9	GC1	1.4	NA	UNRESOLVED
ERR246842	GC1	1.4	1.4.9	GC1	1.4	NA	UNRESOLVED
ERR246850	GC1	1.4	1.4.9	GC1	1.4	NA	UNRESOLVED
ERR246866	GC1	1.4	1.4.9	GC1	1.4	NA	UNRESOLVED
ERR246809	GC1	1.4	1.4.9	GC1	1.4	NA	UNRESOLVED
GCF_001512175	GC1	1.4	1.4.9	GC1	1.4	NA	UNRESOLVED
ERR246801	GC1	1.4	1.4.9	GC1	1.4	NA	UNRESOLVED
ERR246840	GC1	1.4	1.4.9	GC1	1.4	NA	UNRESOLVED
ERR246786	GC1	1.4	1.4.9	GC1	1.4	NA	UNRESOLVED
ERR246853	GC1	1.4	1.4.9	GC1	1.4	NA	UNRESOLVED
ERR3653700	GC1	1.4	1.4.9	GC1	1.4	NA	UNRESOLVED
ERR246789	GC1	1.4	1.4.9	GC1	1.4	NA	UNRESOLVED
ERR246852	GC1	1.4	1.4.9	GC1	1.4	NA	UNRESOLVED
ERR246790	GC1	1.4	1.4.9	GC1	1.4	NA	UNRESOLVED
ERR246814	GC1	1.4	1.4.9	GC1	1.4	NA	UNRESOLVED
ERR246862	GC1	1.4	1.4.9	GC1	1.4	NA	UNRESOLVED
ERR246822	GC1	1.4	1.4.9	GC1	1.4	NA	UNRESOLVED
ERR246870	GC1	1.4	1.4.9	GC1	1.4	NA	UNRESOLVED
ERR3653775	GC1	1.4	1.4.9	GC1	1.4	NA	UNRESOLVED
ERR3653685	GC1	1.4	1.4.9	GC1	1.4	NA	UNRESOLVED
ERR3653769	GC1	1.4	1.4.9	GC1	1.4	NA	UNRESOLVED
ERR246798	GC1	1.4	1.4.9	GC1	1.4	NA	UNRESOLVED
ERR246806	GC1	1.4	1.4.9	GC1	1.4	NA	UNRESOLVED
ERR246823	GC1	1.4	1.4.9	GC1	1.4	NA	UNRESOLVED
ERR246807	GC1	1.4	1.4.9	GC1	1.4	NA	UNRESOLVED
ERR246815	GC1	1.4	1.4.9	GC1	1.4	NA	UNRESOLVED
ERR246867	GC1	1.4	1.4.9	GC1	1.4	NA	UNRESOLVED
ERR246833	GC1	1.4	1.4.9	GC1	1.4	NA	UNRESOLVED
ERR246841	GC1	1.4	1.4.9	GC1	1.4	NA	UNRESOLVED
ERR246793	GC1	1.4	1.4.9	GC1	1.4	NA	UNRESOLVED
ERR246816	GC1	1.4	1.4.9	GC1	1.4	NA	UNRESOLVED
ERR246856	GC1	1.4	1.4.9	GC1	1.4	NA	UNRESOLVED
ERR246784	GC1	1.4	1.4.9	GC1	1.4	NA	UNRESOLVED
ERR246776	GC1	1.4	1.4.9	GC1	1.4	NA	UNRESOLVED
ERR246792	GC1	1.4	1.4.9	GC1	1.4	NA	UNRESOLVED
ERR6938077	GC1	1.4	1.4.9	GC1	1.4	NA	UNRESOLVED
ERR6938111	GC1	1.4	1.4.9	GC1	1.4	NA	UNRESOLVED
GCF_001373535	GC1	1.4	1.4.9	GC1	1.4	NA	UNRESOLVED
ERR4783214	GC1	1.4	1.4.9	GC1	1.4	NA	UNRESOLVED
GCF_001373575	GC1	1.4	1.4.9	GC1	1.4	NA	UNRESOLVED
SRR12452301	GC1	1.4	1.4.9	GC1	1.4	NA	UNRESOLVED
SRR12452302	GC1	1.4	1.4.9	GC1	1.4	NA	UNRESOLVED
SRR17282460	GC1	1.4	1.4.9	GC1	1.4	NA	UNRESOLVED
SRR17282461	GC1	1.4	1.4.9	GC1	1.4	NA	UNRESOLVED
SRR17282366	GC1	1.4	1.4.9	GC1	1.4	NA	UNRESOLVED
SRR18163857	GC1	1.4	1.4.9	GC1	1.4	NA	UNRESOLVED
ERR8574832	GC1	1.4	1.4.9	GC1	1.4	NA	UNRESOLVED
GCF_900476785	GC1	1.4	1.4.9	GC1	1.4	NA	UNRESOLVED
GCF_900476685	GC1	1.4	1.4.9	GC1	1.4	NA	UNRESOLVED
GCF_900476775	GC1	1.4	1.4.9	GC1	1.4	NA	UNRESOLVED
GCF_001512155	GC1	1.4	1.4.9	GC1	1.4	NA	UNRESOLVED
GCF_900476755	GC1	1.4	1.4.9	GC1	1.4	NA	UNRESOLVED
GCF_900476965	GC1	1.4	1.4.9	GC1	1.4	NA	UNRESOLVED
ERR119677	GC1	1.4	1.4.9	GC1	1.4	NA	UNRESOLVED
ERR263719	GC1	1.4	1.4.9	GC1	1.4	NA	UNRESOLVED
GCF_900476715	GC1	1.4	1.4.9	GC1	1.4	NA	UNRESOLVED
ERR2497358	GC1	1.4	1.4.9	GC1	1.4	NA	UNRESOLVED
ERR4919983	GC1	1.4	1.4.9	GC1	1.4	NA	UNRESOLVED
ERR4919980	GC1	1.4	1.4.9	GC1	1.4	NA	UNRESOLVED
ERR4919982	GC1	1.4	1.4.9	GC1	1.4	NA	UNRESOLVED
ERR4919984	GC1	1.4	1.4.9	GC1	1.4	NA	UNRESOLVED
ERR4919981	GC1	1.4	1.4.9	GC1	1.4	NA	UNRESOLVED
ERR4919985	GC1	1.4	1.4.9	GC1	1.4	NA	UNRESOLVED
GCF_017169375	GC1	1.4	1.4.9	GC1	1.4	NA	UNRESOLVED
ERR8574837	GC1	1.4	1.4.9	GC1	1.4	NA	UNRESOLVED
GCF_900406715	GC1	1.4	1.4.9	GC1	1.4	NA	UNRESOLVED
GCF_900406755	GC1	1.4	1.4.9	GC1	1.4	NA	UNRESOLVED
GCF_900406765	GC1	1.4	1.4.9	GC1	1.4	NA	UNRESOLVED
ERR2497357	GC1	1.4	1.4.9	GC1	1.4	NA	UNRESOLVED
ERR4504255	GC1	1.4	1.4.9	GC1	1.4	NA	UNRESOLVED
ERR8574829	GC1	1.4	1.4.9	GC1	1.4	NA	UNRESOLVED
GCF_900406745	GC1	1.4	1.4.9	GC1	1.4	NA	UNRESOLVED
ERR4920006	GC1	1.4	1.4.9	GC1	1.4	NA	UNRESOLVED
ERR4920007	GC1	1.4	1.4.9	GC1	1.4	NA	UNRESOLVED
ERR4920010	GC1	1.4	1.4.9	GC1	1.4	NA	UNRESOLVED
GCF_019920095	GC1	1.4	1.4.9	GC1	1.4	NA	UNRESOLVED
GCF_016762855	GC1	1.4	1.4.9	GC1	1.4	NA	UNRESOLVED
GCF_020255075	GC1	1.4	1.4.9	GC1	1.4	NA	UNRESOLVED
ERR246817	GC1	1.4	1.4.9	GC1	1.4	NA	UNRESOLVED
ERR246865	GC1	1.4	1.4.9	GC1	1.4	NA	UNRESOLVED
ERR246854	GC1	1.4	1.4.9	GC1	1.4	NA	UNRESOLVED
GCF_020254635	GC1	1.4	1.4.9	GC1	1.4	NA	UNRESOLVED
GCF_020256075	GC1	1.4	1.4.9	GC1	1.4	NA	UNRESOLVED
GCF_020254655	GC1	1.4	1.4.9	GC1	1.4	NA	UNRESOLVED
GCF_904885835	GC1	1.4	1.4.9	GC1	1.4	NA	UNRESOLVED
GCF_014531545	GC1	1.4	1.4.9	GC1	1.4	NA	UNRESOLVED
GCF_014622595	GC1	1.4	1.4.9	GC1	1.4	NA	UNRESOLVED
ERR3218240	GC1	1.4	1.4.9	GC1	1.4	NA	UNRESOLVED
GCF_904887015	GC1	1.4	1.4.9	GC1	1.4	NA	UNRESOLVED
ERR4999560	GC1	1.4	1.4.9	GC1	1.4	NA	UNRESOLVED
GCF_006385075	GC1	1.4	1.4.9	GC1	1.4	NA	UNRESOLVED
GCF_014531745	GC1	1.4	1.4.9	GC1	1.4	NA	UNRESOLVED
ERR246825	GC1	1.4	1.4.9	GC1	1.4	NA	UNRESOLVED
GCF_001512195	GC1	1.4	1.4.9	GC1	1.4	NA	UNRESOLVED
ERR2433156	GC1	1.4	1.4.9	GC1	1.4	NA	UNRESOLVED
ERR2433131	GC1	1.4	1.4.9	GC1	1.4	NA	UNRESOLVED
GCF_904884555	GC1	1.4	1.4.9	GC1	1.4	NA	UNRESOLVED
GCF_001907155	GC1	1.4	1.4.9	GC1	1.4	NA	UNRESOLVED
GCF_900240205	GC1	1.4	1.4.9	GC1	1.4	NA	UNRESOLVED
GCF_901484875	GC1	1.4	1.4.9	GC1	1.4	NA	UNRESOLVED
GCF_901669955	GC1	1.4	1.4.9	GC1	1.4	NA	UNRESOLVED
GCF_016654305	GC1	1.4	1.4.9	GC1	1.4	NA	UNRESOLVED
SRR11589272	GC1	1.4	1.4.9	GC1	1.4	NA	UNRESOLVED
ERR2796936	GC1	1.4	1.4.9	GC1	1.4	NA	UNRESOLVED
SRR12889310	GC1	1.4	1.4.9	GC1	1.4	NA	UNRESOLVED
ERR2711664	GC1	1.4	1.4.9	GC1	1.4	NA	UNRESOLVED
ERR2711665	GC1	1.4	1.4.9	GC1	1.4	NA	UNRESOLVED
GCF_020254495	GC1	1.4	1.4.9	GC1	1.4	NA	UNRESOLVED
ERR2518359	GC1	1.4	1.4.9	GC1	1.4	NA	UNRESOLVED
ERR2455403	GC1	1.4	1.4.10	GC1	1.4	1.4.10	PASS
SRR6513754	GC1	1.4	1.4.10	GC1	1.4	1.4.10	PASS
SRR13748178	GC1	1.4	1.4.10	GC1	1.4	1.4.10	PASS
ERR2455410	GC1	1.4	1.4.10	GC1	1.4	1.4.10	PASS
SRR6513784	GC1	1.4	1.4.10	GC1	1.4	1.4.10	PASS
ERR2451961	GC1	1.4	1.4.10	GC1	1.4	1.4.10	PASS
SRR6513788	GC1	1.4	1.4.10	GC1	1.4	1.4.10	PASS
ERR2518347	GC1	1.4	1.4.10	GC1	1.4	1.4.10	PASS
SRR6513742	GC1	1.4	1.4.10	GC1	1.4	1.4.10	PASS
ERR2455402	GC1	1.4	1.4.10	GC1	1.4	1.4.10	PASS
SRR6513760	GC1	1.4	1.4.10	GC1	1.4	1.4.10	PASS
GCF_009759915	GC1	1.4	1.4.10	GC1	1.4	1.4.10	PASS
GCF_009760475	GC1	1.4	1.4.10	GC1	1.4	1.4.10	PASS
GCF_009760485	GC1	1.4	1.4.10	GC1	1.4	1.4.10	PASS
ERR2451960	GC1	1.4	1.4.10	GC1	1.4	1.4.10	PASS
SRR6513747	GC1	1.4	1.4.10	GC1	1.4	1.4.10	PASS
SRR5739097	GC1	1.4	1.4.10	GC1	1.4	1.4.10	PASS
ERR2455415	GC1	1.4	1.4.10	GC1	1.4	1.4.10	PASS
ERR2518411	GC1	1.4	1.4.10	GC1	1.4	1.4.10	PASS
ERR2455416	GC1	1.4	1.4.10	GC1	1.4	1.4.10	PASS
ERR2518346	GC1	1.4	1.4.10	GC1	1.4	1.4.10	PASS
ERR2712316	GC1	1.4	1.4.10	GC1	1.4	1.4.10	PASS
GCF_900029365	GC1	1.4	1.4.10	GC1	1.4	1.4.10	PASS
GCF_900020545	GC1	1.4	1.4.10	GC1	1.4	1.4.10	PASS
GCF_900043985	GC1	1.4	1.4.10	GC1	1.4	1.4.10	PASS
GCF_900019975	GC1	1.4	1.4.10	GC1	1.4	1.4.10	PASS
GCF_900043995	GC1	1.4	1.4.10	GC1	1.4	1.4.10	PASS
ERR5709465	GC1	1.4	1.4.10	GC1	1.4	1.4.10	PASS
GCF_003296225	GC1	1.4	1.4.10	GC1	1.4	1.4.10	PASS
GCF_900019965	GC1	1.4	1.4.10	GC1	1.4	1.4.10	PASS
GCF_900031715	GC1	1.4	1.4.10	GC1	1.4	1.4.10	PASS
GCF_900029355	GC1	1.4	1.4.10	GC1	1.4	1.4.10	PASS
GCF_900067075	GC1	1.4	1.4.10	GC1	1.4	1.4.10	PASS
GCF_900029375	GC1	1.4	1.4.10	GC1	1.4	1.4.10	PASS
GCF_900042755	GC1	1.4	1.4.10	GC1	1.4	1.4.10	PASS
GCF_001907145	GC1	1.4	1.4.10	GC1	1.4	1.4.10	PASS
GCF_904890255	GC1	1.4	1.4.10	GC1	1.4	1.4.10	PASS
ERR3194779	GC1	1.4	1.4.10	GC1	1.4	1.4.10	PASS
GCF_002838025	GC1	1.4	1.4.10	GC1	1.4	1.4.10	PASS
GCF_005819215	GC1	1.4	1.4.10	GC1	1.4	1.4.10	PASS
GCF_001612115	GC1	1.4	1.4.10	GC1	1.4	1.4.10	PASS
GCF_006492525	GC1	1.4	1.4.10	GC1	1.4	1.4.10	PASS
SRR3225053	GC1	1.4	1.4.10	GC1	1.4	1.4.10	PASS
SRR3225243	GC1	1.4	1.4.10	GC1	1.4	1.4.10	PASS
GCF_016767955	GC1	1.4	1.4.10	GC1	1.4	1.4.10	PASS
GCF_016767975	GC1	1.4	1.4.10	GC1	1.4	1.4.10	PASS
SRR3218390	GC1	1.4	1.4.10	GC1	1.4	1.4.10	PASS
GCF_014531025	GC1	1.4	1.4.10	GC1	1.4	1.4.10	PASS
GCF_014531115	GC1	1.4	1.4.10	GC1	1.4	1.4.10	PASS
SRR3944215	GC1	1.4	1.4.10	GC1	1.4	1.4.10	PASS
GCF_001612435	GC1	1.4	1.4.10	GC1	1.4	1.4.10	PASS
SRR3944243	GC1	1.4	1.4.10	GC1	1.4	1.4.10	PASS
SRR3943743	GC1	1.4	1.4.10	GC1	1.4	1.4.10	PASS
SRR3944081	GC1	1.4	1.4.10	GC1	1.4	1.4.10	PASS
SRR3944007	GC1	1.4	1.4.10	GC1	1.4	1.4.10	PASS
SRR3943745	GC1	1.4	1.4.10	GC1	1.4	1.4.10	PASS
SRR3944008	GC1	1.4	1.4.10	GC1	1.4	1.4.10	PASS
SRR3944055	GC1	1.4	1.4.10	GC1	1.4	1.4.10	PASS
GCF_001612255	GC1	1.4	1.4.10	GC1	1.4	1.4.10	PASS
GCF_001612275	GC1	1.4	1.4.10	GC1	1.4	1.4.10	PASS
GCF_000304655	GC1	1.4	1.4.10	GC1	1.4	1.4.10	PASS
SRR3131239	GC1	1.4	1.4.10	GC1	1.4	1.4.10	PASS
SRR3170739	GC1	1.4	1.4.10	GC1	1.4	1.4.10	PASS
ERR4674873	GC1	1.4	1.4.10	GC1	1.4	1.4.10	PASS
SRR10544842	GC1	1.4	1.4.10	GC1	1.4	1.4.10	PASS
GCF_006491985	GC1	1.4	1.4.10	GC1	1.4	1.4.10	PASS
SRR10544899	GC1	1.4	1.4.10	GC1	1.4	1.4.10	PASS
SRR12949958	GC1	1.4	1.4.10	GC1	1.4	1.4.10	PASS
SRR10544879	GC1	1.4	1.4.10	GC1	1.4	1.4.10	PASS
GCF_000963815	GC1	1.4	1.4.10	GC1	1.4	1.4.10	PASS
SRR10544883	GC1	1.4	1.4.10	GC1	1.4	1.4.10	PASS
SRR10544900	GC1	1.4	1.4.10	GC1	1.4	1.4.10	PASS
SRR13700037	GC1	1.4	1.4.10	GC1	1.4	1.4.10	PASS
ERR4674869	GC1	1.4	1.4.10	GC1	1.4	1.4.10	PASS
SRR10544886	GC1	1.4	1.4.10	GC1	1.4	1.4.10	PASS
ERR4674870	GC1	1.4	1.4.10	GC1	1.4	1.4.10	PASS
ERR4674872	GC1	1.4	1.4.10	GC1	1.4	1.4.10	PASS
ERR4674871	GC1	1.4	1.4.10	GC1	1.4	1.4.10	PASS
SRR1640765	GC1	1.4	1.4.10	GC1	1.4	1.4.10	PASS
SRR10544895	GC1	1.4	1.4.10	GC1	1.4	1.4.10	PASS
SRR10544885	GC1	1.4	1.4.10	GC1	1.4	1.4.10	PASS
SRR10544898	GC1	1.4	1.4.10	GC1	1.4	1.4.10	PASS
SRR10544878	GC1	1.4	1.4.10	GC1	1.4	1.4.10	PASS
SRR12949959	GC1	1.4	1.4.10	GC1	1.4	1.4.10	PASS
SRR10544887	GC1	1.4	1.4.10	GC1	1.4	1.4.10	PASS
SRR10544847	GC1	1.4	1.4.10	GC1	1.4	1.4.10	PASS
SRR12949960	GC1	1.4	1.4.10	GC1	1.4	1.4.10	PASS
SRR10544843	GC1	1.4	1.4.10	GC1	1.4	1.4.10	PASS
SRR10544881	GC1	1.4	1.4.10	GC1	1.4	1.4.10	PASS
SRR12949961	GC1	1.4	1.4.10	GC1	1.4	1.4.10	PASS
GCF_016919505	GC1	1.4	1.4.10	GC1	1.4	1.4.10	PASS
SRR10544897	GC1	1.4	1.4.10	GC1	1.4	1.4.10	PASS
SRR10544884	GC1	1.4	1.4.10	GC1	1.4	1.4.10	PASS
SRR10544844	GC1	1.4	1.4.10	GC1	1.4	1.4.10	PASS
GCF_020215695	GC1	1.4	1.4.10	GC1	1.4	1.4.10	PASS
SRR10544882	GC1	1.4	1.4.10	GC1	1.4	1.4.10	PASS
GCF_000770605	GC1	1.4	1.4.10	GC1	1.4	1.4.10	PASS
SRR10544901	GC1	1.4	1.4.10	GC1	1.4	1.4.10	PASS
GCF_000304695	GC1	1.4	1.4.10	GC1	1.4	1.4.10	PASS
GCF_000297595	GC1	1.4	1.4.10	GC1	1.4	1.4.10	PASS
SRR3131172	GC1	1.4	1.4.10	GC1	1.4	1.4.10	PASS
ERR4999562	GC1	1.4	1.4.10	GC1	1.4	1.4.10	PASS
ERR4999561	GC1	1.4	1.4.10	GC1	1.4	1.4.10	PASS
ERR4999567	GC1	1.4	1.4.10	GC1	1.4	1.4.10	PASS
GCF_014531085	GC1	1.4	1.4.10	GC1	1.4	1.4.10	PASS
GCF_014531135	GC1	1.4	1.4.10	GC1	1.4	1.4.10	PASS
GCF_000369365	GC1	1.4	1.4.10	GC1	1.4	1.4.10	PASS
GCF_014531695	GC1	1.4	1.4.10	GC1	1.4	1.4.10	PASS
GCF_000623035	GC1	1.4	1.4.10	GC1	1.4	1.4.10	PASS
GCF_014530695	GC1	1.4	1.4.10	GC1	1.4	1.4.10	PASS
GCF_014531535	GC1	1.4	1.4.10	GC1	1.4	1.4.10	PASS
GCF_014531705	GC1	1.4	1.4.10	GC1	1.4	1.4.10	PASS
GCF_014531735	GC1	1.4	1.4.10	GC1	1.4	1.4.10	PASS
GCF_001511915	GC1	1.4	1.4.10	GC1	1.4	1.4.10	PASS
GCF_001511995	GC1	1.4	1.4.10	GC1	1.4	1.4.10	PASS
GCF_904886905	GC1	1.4	1.4.10	GC1	1.4	1.4.10	PASS
GCF_018445185	GC1	1.4	1.4.10	GC1	1.4	1.4.10	PASS
GCF_020255185	GC1	1.4	1.4.10	GC1	1.4	1.4.10	PASS
GCF_018445625	GC1	1.4	1.4.10	GC1	1.4	1.4.10	PASS
GCF_018788655	GC1	1.4	1.4.10	GC1	1.4	1.4.10	PASS
GCF_018788755	GC1	1.4	1.4.10	GC1	1.4	1.4.10	PASS
GCF_018788735	GC1	1.4	1.4.10	GC1	1.4	1.4.10	PASS
GCF_020255045	GC1	1.4	1.4.10	GC1	1.4	1.4.10	PASS
GCF_020443755	GC1	1.4	1.4.10	GC1	1.4	1.4.10	PASS
SRR2075881	GC1	1.4	1.4.10	GC1	1.4	1.4.10	PASS
ERR4437599	GC1	1.4	1.4.8	GC1	1.4	1.4.8	PASS
ERR4437831	GC1	1.4	1.4.8	GC1	1.4	1.4.8	PASS
GCF_001704695	GC1	1.4	1.4.8	GC1	1.4	1.4.8	PASS
GCF_009887905	GC1	1.4	1.4.8	GC1	1.4	1.4.8	PASS
SRR11589199	GC1	1.4	1.4.8	GC1	1.4	1.4.8	PASS
GCF_002999195	GC1	1.4	NA	GC1	1.4	NA	UNRESOLVED
SRR11589184	GC1	1.4	NA	GC1	1.4	NA	UNRESOLVED
SRR11589135	GC1	1.4	NA	GC1	1.4	NA	UNRESOLVED
ERR474026	GC1	1.4	1.4.6	GC1	1.4	1.4.6	PASS
ERR486691	GC1	1.4	1.4.6	GC1	1.4	1.4.6	PASS
GCF_000763365	GC1	1.4	1.4.6	GC1	1.4	1.4.6	PASS
GCF_000836625	GC1	1.4	1.4.6	GC1	1.4	1.4.6	PASS
SRR11589125	GC1	1.4	1.4.6	GC1	1.4	1.4.6	PASS
GCF_002119265	GC1	1.4	1.4.6	GC1	1.4	1.4.6	PASS
GCF_002119355	GC1	1.4	1.4.6	GC1	1.4	1.4.6	PASS
ERR1417336	GC1	1.4	1.4.5	GC1	1.4	1.4.5	PASS
ERR1417338	GC1	1.4	1.4.5	GC1	1.4	1.4.5	PASS
GCF_015537755	GC1	1.4	1.4.5	GC1	1.4	1.4.5	PASS
GCF_015537025	GC1	1.4	1.4.5	GC1	1.4	1.4.5	PASS
GCF_015538355	GC1	1.4	1.4.5	GC1	1.4	1.4.5	PASS
GCF_015536975	GC1	1.4	1.4.5	GC1	1.4	1.4.5	PASS
GCF_015537575	GC1	1.4	1.4.5	GC1	1.4	1.4.5	PASS
GCF_015537905	GC1	1.4	1.4.5	GC1	1.4	1.4.5	PASS
GCF_015538055	GC1	1.4	1.4.5	GC1	1.4	1.4.5	PASS
GCF_015538335	GC1	1.4	1.4.5	GC1	1.4	1.4.5	PASS
GCF_015537865	GC1	1.4	1.4.5	GC1	1.4	1.4.5	PASS
GCF_015537975	GC1	1.4	1.4.5	GC1	1.4	1.4.5	PASS
ERR1417316	GC1	1.4	1.4.5	GC1	1.4	1.4.5	PASS
ERR1417306	GC1	1.4	1.4.5	GC1	1.4	1.4.5	PASS
ERR1417310	GC1	1.4	1.4.5	GC1	1.4	1.4.5	PASS
ERR1417341	GC1	1.4	1.4.5	GC1	1.4	1.4.5	PASS
GCF_015537225	GC1	1.4	1.4.5	GC1	1.4	1.4.5	PASS
GCF_015537445	GC1	1.4	1.4.5	GC1	1.4	1.4.5	PASS
GCF_002245595	GC1	1.4	1.4.5	GC1	1.4	1.4.5	PASS
GCF_015537945	GC1	1.4	1.4.5	GC1	1.4	1.4.5	PASS
GCF_009754965	GC1	1.4	1.4.5	GC1	1.4	1.4.5	PASS
GCF_016055945	GC1	1.4	1.4.5	GC1	1.4	1.4.5	PASS
GCF_013138415	GC1	1.4	1.4.5	GC1	1.4	1.4.5	PASS
GCF_013138475	GC1	1.4	1.4.5	GC1	1.4	1.4.5	PASS
GCF_016056005	GC1	1.4	1.4.5	GC1	1.4	1.4.5	PASS
GCF_013138435	GC1	1.4	1.4.5	GC1	1.4	1.4.5	PASS
GCF_018156665	GC1	1.4	1.4.5	GC1	1.4	1.4.5	PASS
GCF_018156705	GC1	1.4	1.4.5	GC1	1.4	1.4.5	PASS
GCF_018156725	GC1	1.4	1.4.5	GC1	1.4	1.4.5	PASS
GCF_002245665	GC1	1.4	1.4.5	GC1	1.4	1.4.5	PASS
GCF_004347305	GC1	1.4	1.4.5	GC1	1.4	1.4.5	PASS
GCF_009829545	GC1	1.4	1.4.5	GC1	1.4	1.4.5	PASS
GCF_015537675	GC1	1.4	1.4.5	GC1	1.4	1.4.5	PASS
GCF_015537505	GC1	1.4	1.4.5	GC1	1.4	1.4.5	PASS
GCF_015537915	GC1	1.4	1.4.5	GC1	1.4	1.4.5	PASS
GCF_015537965	GC1	1.4	1.4.5	GC1	1.4	1.4.5	PASS
GCF_016055715	GC1	1.4	1.4.5	GC1	1.4	1.4.5	PASS
GCF_003325635	GC1	1.4	1.4.5	GC1	1.4	1.4.5	PASS
ERR1417313	GC1	1.4	1.4.5	GC1	1.4	1.4.5	PASS
SRR11792720	GC1	1.4	1.4.5	GC1	1.4	1.4.5	PASS
GCF_003325665	GC1	1.4	1.4.5	GC1	1.4	1.4.5	PASS
GCF_003325575	GC1	1.4	1.4.5	GC1	1.4	1.4.5	PASS
GCF_016056125	GC1	1.4	1.4.5	GC1	1.4	1.4.5	PASS
ERR2712385	GC1	1.4	1.4.5	GC1	1.4	1.4.5	PASS
ERR2712299	GC1	1.4	1.4.5	GC1	1.4	1.4.5	PASS
ERR2712300	GC1	1.4	1.4.5	GC1	1.4	1.4.5	PASS
ERR2712146	GC1	1.4	1.4.5	GC1	1.4	1.4.5	PASS
ERR2712386	GC1	1.4	1.4.5	GC1	1.4	1.4.5	PASS
ERR2712304	GC1	1.4	1.4.5	GC1	1.4	1.4.5	PASS
ERR2712305	GC1	1.4	1.4.5	GC1	1.4	1.4.5	PASS
ERR2712388	GC1	1.4	1.4.5	GC1	1.4	1.4.5	PASS
GCF_012276735	GC1	1.4	1.4.5	GC1	1.4	1.4.5	PASS
GCF_016416045	GC1	1.4	1.4.5	GC1	1.4	1.4.5	PASS
GCF_015666515	GC1	1.4	1.4.5	GC1	1.4	1.4.5	PASS
GCF_017909475	GC1	1.4	1.4.5	GC1	1.4	1.4.5	PASS
GCF_017960395	GC1	1.4	1.4.5	GC1	1.4	1.4.5	PASS
GCF_015538235	GC1	1.4	1.4.5	GC1	1.4	1.4.5	PASS
ERR2712365	GC1	1.4	1.4.5	GC1	1.4	1.4.5	PASS
GCF_015538275	GC1	1.4	1.4.5	GC1	1.4	1.4.5	PASS
GCF_015537285	GC1	1.4	1.4.5	GC1	1.4	1.4.5	PASS
GCF_015538125	GC1	1.4	1.4.5	GC1	1.4	1.4.5	PASS
ERR110077	GC1	1.4	NA	GC1	1.4	NA	UNRESOLVED
GCF_000830055	GC1	1.4	NA	GC1	1.4	NA	UNRESOLVED
SRR12352254	GC1	1.4	NA	GC1	1.4	NA	UNRESOLVED
SRR3223164	GC1	1.4	NA	GC1	1.4	NA	UNRESOLVED
GCF_001549575	GC1	1.4	NA	GC1	1.4	NA	UNRESOLVED
GCF_003522845	GC1	1.4	NA	GC1	1.4	NA	UNRESOLVED
GCF_018831465	GC1	1.4	NA	GC1	1.4	NA	UNRESOLVED
SRR3224993	GC1	1.4	NA	GC1	1.4	NA	UNRESOLVED
GCF_000021145	GC1	1.4	NA	GC1	1.4	NA	UNRESOLVED
GCF_002803025	GC1	1.4	NA	GC1	1.4	NA	UNRESOLVED
GCF_018831485	GC1	1.4	NA	GC1	1.4	NA	UNRESOLVED
ERR3653773	GC1	1.2	1.2.1	GC1	1.2	1.2.1	PASS
ERR7225788	GC1	1.2	1.2.1	GC1	1.2	1.2.1	PASS
GCF_006492065	GC1	1.2	1.2.1	GC1	1.2	1.2.1	PASS
GCF_017169335	GC1	1.2	1.2.1	GC1	1.2	1.2.1	PASS
GCF_017168975	GC1	1.2	1.2.1	GC1	1.2	1.2.1	PASS
GCF_017168955	GC1	1.2	1.2.1	GC1	1.2	1.2.1	PASS
GCF_017169355	GC1	1.2	1.2.1	GC1	1.2	1.2.1	PASS
GCF_017168855	GC1	1.2	1.2.1	GC1	1.2	1.2.1	PASS
GCF_017168935	GC1	1.2	1.2.1	GC1	1.2	1.2.1	PASS
GCF_017169025	GC1	1.2	1.2.1	GC1	1.2	1.2.1	PASS
SRR17931144	GC1	1.2	1.2.1	GC1	1.2	1.2.1	PASS
SRR17931145	GC1	1.2	1.2.1	GC1	1.2	1.2.1	PASS
SRR3170734	GC1	1.3	1.3.2	GC1	1.3	1.3.2	PASS
SRR3943987	GC1	1.3	1.3.2	GC1	1.3	1.3.2	PASS
SRR3944015	GC1	1.3	1.3.2	GC1	1.3	1.3.2	PASS
SRR3944047	GC1	1.3	1.3.2	GC1	1.3	1.3.2	PASS
SRR3943174	GC1	1.3	1.3.2	GC1	1.3	1.3.2	PASS
GCF_001028325	GC1	1.3	1.3.2	GC1	1.3	1.3.2	PASS
SRR3943750	GC1	1.3	1.3.2	GC1	1.3	1.3.2	PASS
SRR3131163	GC1	1.3	1.3.2	GC1	1.3	1.3.2	PASS
SRR3152500	GC1	1.3	1.3.2	GC1	1.3	1.3.2	PASS
SRR3944005	GC1	1.3	1.3.2	GC1	1.3	1.3.2	PASS
SRR3943179	GC1	1.3	1.3.2	GC1	1.3	1.3.2	PASS
SRR3944013	GC1	1.3	1.3.2	GC1	1.3	1.3.2	PASS
SRR3131167	GC1	1.3	1.3.2	GC1	1.3	1.3.2	PASS
SRR3944246	GC1	1.3	1.3.2	GC1	1.3	1.3.2	PASS
SRR3944084	GC1	1.3	1.3.2	GC1	1.3	1.3.2	PASS
SRR3131159	GC1	1.3	1.3.2	GC1	1.3	1.3.2	PASS
SRR3939698	GC1	1.3	1.3.2	GC1	1.3	1.3.2	PASS
SRR3943173	GC1	1.3	1.3.2	GC1	1.3	1.3.2	PASS
SRR3944016	GC1	1.3	1.3.2	GC1	1.3	1.3.2	PASS
SRR3944201	GC1	1.3	1.3.2	GC1	1.3	1.3.2	PASS
SRR3131158	GC1	1.3	1.3.2	GC1	1.3	1.3.2	PASS
SRR3131165	GC1	1.3	1.3.2	GC1	1.3	1.3.2	PASS
SRR3943176	GC1	1.3	1.3.2	GC1	1.3	1.3.2	PASS
SRR3943749	GC1	1.3	1.3.2	GC1	1.3	1.3.2	PASS
SRR3944052	GC1	1.3	1.3.2	GC1	1.3	1.3.2	PASS
SRR3943171	GC1	1.3	1.3.2	GC1	1.3	1.3.2	PASS
SRR3943781	GC1	1.3	1.3.2	GC1	1.3	1.3.2	PASS
SRR3944197	GC1	1.3	1.3.2	GC1	1.3	1.3.2	PASS
SRR3943175	GC1	1.3	1.3.2	GC1	1.3	1.3.2	PASS
SRR3943177	GC1	1.3	1.3.2	GC1	1.3	1.3.2	PASS
SRR3943172	GC1	1.3	1.3.2	GC1	1.3	1.3.2	PASS
SRR3943178	GC1	1.3	1.3.2	GC1	1.3	1.3.2	PASS
SRR3131157	GC1	1.3	1.3.2	GC1	1.3	1.3.2	PASS
SRR3943754	GC1	1.3	1.3.2	GC1	1.3	1.3.2	PASS
GCF_009497435	GC1	1.3	1.3.2	GC1	1.3	1.3.2	PASS
GCF_009497575	GC1	1.3	1.3.2	GC1	1.3	1.3.2	PASS
GCF_009497495	GC1	1.3	1.3.2	GC1	1.3	1.3.2	PASS
GCF_009497595	GC1	1.3	1.3.2	GC1	1.3	1.3.2	PASS
GCF_009497505	GC1	1.3	1.3.2	GC1	1.3	1.3.2	PASS
GCF_009497515	GC1	1.3	1.3.2	GC1	1.3	1.3.2	PASS
GCF_009497535	GC1	1.3	1.3.2	GC1	1.3	1.3.2	PASS
GCF_009497615	GC1	1.3	1.3.2	GC1	1.3	1.3.2	PASS
SRR3216436	GC1	1.3	1.3.2	GC1	1.3	1.3.2	PASS
GCF_000163375	GC1	1.3	1.3.2	GC1	1.3	1.3.2	PASS
SRR3131217	GC1	1.3	1.3.2	GC1	1.3	1.3.2	PASS
SRR3943748	GC1	1.3	1.3.2	GC1	1.3	1.3.2	PASS
ERR5173506	GC1	1.3	1.3.2	GC1	1.3	1.3.2	PASS
ERR5173527	GC1	1.3	1.3.2	GC1	1.3	1.3.2	PASS
ERR2711685	GC1	1.3	1.3.2	GC1	1.3	1.3.2	PASS
SRR5739092	GC1	1.3	1.3.2	GC1	1.3	1.3.2	PASS
GCF_000163355	GC1	1.3	1.3.2	GC1	1.3	1.3.2	PASS
ERR5173538	GC1	1.3	1.3.2	GC1	1.3	1.3.2	PASS
SRR3943780	GC1	1.3	1.3.2	GC1	1.3	1.3.2	PASS
ERR5173517	GC1	1.3	1.3.2	GC1	1.3	1.3.2	PASS
ERR119658	GC1	1.3	1.3.2	GC1	1.3	1.3.2	PASS
GCF_001399655	GC1	1.3	1.3.2	GC1	1.3	1.3.2	PASS
SRR3225246	GC1	1.3	1.3.2	GC1	1.3	1.3.2	PASS
GCF_002137655	GC1	1.3	1.3.2	GC1	1.3	1.3.2	PASS
GCF_006492575	GC1	1.3	1.3.2	GC1	1.3	1.3.2	PASS
SRR3944020	GC1	1.3	1.3.2	GC1	1.3	1.3.2	PASS
SRR3242044	GC1	1.3	1.3.2	GC1	1.3	1.3.2	PASS
GCF_020255225	GC1	1.3	NA	GC1	1.3	NA	UNRESOLVED
SRR3217387	GC1	1.3	NA	GC1	1.3	NA	UNRESOLVED
SRR3170229	GC1	1.3	NA	GC1	1.3	NA	UNRESOLVED
SRR3228536	GC1	1.3	NA	GC1	1.3	NA	UNRESOLVED
GCF_000302275	GC1	1.3	NA	GC1	1.3	NA	UNRESOLVED
ERR6739280	GC1	1.3	1.3.1	GC1	1.3	1.3.1	PASS
ERR6733198	GC1	1.3	1.3.1	GC1	1.3	1.3.1	PASS
ERR6734255	GC1	1.3	1.3.1	GC1	1.3	1.3.1	PASS
ERR6730873	GC1	1.3	1.3.1	GC1	1.3	1.3.1	PASS
ERR6735697	GC1	1.3	1.3.1	GC1	1.3	1.3.1	PASS
ERR356333	GC1	1.3	1.3.1	GC1	1.3	1.3.1	PASS
ERR356347	GC1	1.3	1.3.1	GC1	1.3	1.3.1	PASS
ERR2712229	GC1	1.3	1.3.1	GC1	1.3	1.3.1	PASS
ERR2712234	GC1	1.3	1.3.1	GC1	1.3	1.3.1	PASS
ERR6728246	GC1	1.3	1.3.1	GC1	1.3	1.3.1	PASS
SRR3131230	GC1	1.3	1.3.1	GC1	1.3	1.3.1	PASS
SRR3944219	GC1	1.3	1.3.1	GC1	1.3	1.3.1	PASS
SRR3944019	GC1	1.3	1.3.1	GC1	1.3	1.3.1	PASS
ERR355980	GC1	1.3	1.3.1	GC1	1.3	1.3.1	PASS
ERR356334	GC1	1.3	1.3.1	GC1	1.3	1.3.1	PASS
ERR356349	GC1	1.3	1.3.1	GC1	1.3	1.3.1	PASS
GCF_001444265	GC1	1.3	1.3.1	GC1	1.3	1.3.1	PASS
ERR356278	GC1	1.3	1.3.1	GC1	1.3	1.3.1	PASS
ERR356335	GC1	1.3	1.3.1	GC1	1.3	1.3.1	PASS
GCF_001444215	GC1	1.3	1.3.1	GC1	1.3	1.3.1	PASS
GCF_000731975	GC1	1.3	1.3.1	GC1	1.3	1.3.1	PASS
SRR3131240	GC1	1.3	1.3.1	GC1	1.3	1.3.1	PASS
GCF_001028385	GC1	1.3	1.3.1	GC1	1.3	1.3.1	PASS
ERR3218239	GC1	1.3	1.3.1	GC1	1.3	1.3.1	PASS
ERR356028	GC1	1.3	1.3.1	GC1	1.3	1.3.1	PASS
ERR356030	GC1	1.3	1.3.1	GC1	1.3	1.3.1	PASS
GCF_001443265	GC1	1.3	1.3.1	GC1	1.3	1.3.1	PASS
ERR355787	GC1	1.3	1.3.1	GC1	1.3	1.3.1	PASS
SRR3944222	GC1	1.3	1.3.1	GC1	1.3	1.3.1	PASS
GCF_001444255	GC1	1.3	1.3.1	GC1	1.3	1.3.1	PASS
ERR356276	GC1	1.3	1.3.1	GC1	1.3	1.3.1	PASS
GCF_001028335	GC1	1.3	1.3.1	GC1	1.3	1.3.1	PASS
GCF_001444225	GC1	1.3	1.3.1	GC1	1.3	1.3.1	PASS
ERR356339	GC1	1.3	1.3.1	GC1	1.3	1.3.1	PASS
GCF_000750855	GC1	1.3	1.3.1	GC1	1.3	1.3.1	PASS
SRR3170736	GC1	1.3	1.3.1	GC1	1.3	1.3.1	PASS
ERR355785	GC1	1.3	1.3.1	GC1	1.3	1.3.1	PASS
ERR356029	GC1	1.3	1.3.1	GC1	1.3	1.3.1	PASS
ERR356295	GC1	1.3	1.3.1	GC1	1.3	1.3.1	PASS
SRR3944088	GC1	1.3	1.3.1	GC1	1.3	1.3.1	PASS
ERR1227509	GC1	1.3	1.3.1	GC1	1.3	1.3.1	PASS
ERR1227508	GC1	1.3	1.3.1	GC1	1.3	1.3.1	PASS
ERR1227510	GC1	1.3	1.3.1	GC1	1.3	1.3.1	PASS
GCF_001028305	GC1	1.3	1.3.1	GC1	1.3	1.3.1	PASS
SRR3131162	GC1	1.3	1.3.1	GC1	1.3	1.3.1	PASS
ERR356348	GC1	1.3	1.3.1	GC1	1.3	1.3.1	PASS
SRR3944018	GC1	1.3	1.3.1	GC1	1.3	1.3.1	PASS
ERR355983	GC1	1.3	1.3.1	GC1	1.3	1.3.1	PASS
ERR356011	GC1	1.3	1.3.1	GC1	1.3	1.3.1	PASS
ERR356301	GC1	1.3	1.3.1	GC1	1.3	1.3.1	PASS
ERR356336	GC1	1.3	1.3.1	GC1	1.3	1.3.1	PASS
ERR356010	GC1	1.3	1.3.1	GC1	1.3	1.3.1	PASS
ERR355788	GC1	1.3	1.3.1	GC1	1.3	1.3.1	PASS
ERR356009	GC1	1.3	1.3.1	GC1	1.3	1.3.1	PASS
ERR356287	GC1	1.3	1.3.1	GC1	1.3	1.3.1	PASS
ERR356317	GC1	1.3	1.3.1	GC1	1.3	1.3.1	PASS
ERR356241	GC1	1.3	1.3.1	GC1	1.3	1.3.1	PASS
ERR356330	GC1	1.3	1.3.1	GC1	1.3	1.3.1	PASS
ERR356331	GC1	1.3	1.3.1	GC1	1.3	1.3.1	PASS
ERR356263	GC1	1.3	1.3.1	GC1	1.3	1.3.1	PASS
ERR356320	GC1	1.3	1.3.1	GC1	1.3	1.3.1	PASS
ERR356036	GC1	1.3	1.3.1	GC1	1.3	1.3.1	PASS
ERR356025	GC1	1.3	1.3.1	GC1	1.3	1.3.1	PASS
ERR356322	GC1	1.3	1.3.1	GC1	1.3	1.3.1	PASS
ERR356338	GC1	1.3	1.3.1	GC1	1.3	1.3.1	PASS
ERR356354	GC1	1.3	1.3.1	GC1	1.3	1.3.1	PASS
ERR355985	GC1	1.3	1.3.1	GC1	1.3	1.3.1	PASS
ERR356019	GC1	1.3	1.3.1	GC1	1.3	1.3.1	PASS
ERR355982	GC1	1.3	1.3.1	GC1	1.3	1.3.1	PASS
ERR355984	GC1	1.3	1.3.1	GC1	1.3	1.3.1	PASS
ERR356340	GC1	1.3	1.3.1	GC1	1.3	1.3.1	PASS
ERR356298	GC1	1.3	1.3.1	GC1	1.3	1.3.1	PASS
ERR356018	GC1	1.3	1.3.1	GC1	1.3	1.3.1	PASS
ERR356318	GC1	1.3	1.3.1	GC1	1.3	1.3.1	PASS
ERR356264	GC1	1.3	1.3.1	GC1	1.3	1.3.1	PASS
ERR356016	GC1	1.3	1.3.1	GC1	1.3	1.3.1	PASS
ERR356280	GC1	1.3	1.3.1	GC1	1.3	1.3.1	PASS
ERR356297	GC1	1.3	1.3.1	GC1	1.3	1.3.1	PASS
ERR356323	GC1	1.3	1.3.1	GC1	1.3	1.3.1	PASS
ERR356273	GC1	1.3	1.3.1	GC1	1.3	1.3.1	PASS
ERR356303	GC1	1.3	1.3.1	GC1	1.3	1.3.1	PASS
ERR356342	GC1	1.3	1.3.1	GC1	1.3	1.3.1	PASS
ERR356326	GC1	1.3	1.3.1	GC1	1.3	1.3.1	PASS
ERR356344	GC1	1.3	1.3.1	GC1	1.3	1.3.1	PASS
ERR356341	GC1	1.3	1.3.1	GC1	1.3	1.3.1	PASS
ERR355786	GC1	1.3	1.3.1	GC1	1.3	1.3.1	PASS
ERR356319	GC1	1.3	1.3.1	GC1	1.3	1.3.1	PASS
ERR356274	GC1	1.3	1.3.1	GC1	1.3	1.3.1	PASS
ERR356005	GC1	1.3	1.3.1	GC1	1.3	1.3.1	PASS
ERR356355	GC1	1.3	1.3.1	GC1	1.3	1.3.1	PASS
ERR356246	GC1	1.3	1.3.1	GC1	1.3	1.3.1	PASS
ERR356350	GC1	1.3	1.3.1	GC1	1.3	1.3.1	PASS
ERR356345	GC1	1.3	1.3.1	GC1	1.3	1.3.1	PASS
ERR356269	GC1	1.3	1.3.1	GC1	1.3	1.3.1	PASS
ERR356006	GC1	1.3	1.3.1	GC1	1.3	1.3.1	PASS
ERR356012	GC1	1.3	1.3.1	GC1	1.3	1.3.1	PASS
ERR356237	GC1	1.3	1.3.1	GC1	1.3	1.3.1	PASS
ERR356271	GC1	1.3	1.3.1	GC1	1.3	1.3.1	PASS
ERR356013	GC1	1.3	1.3.1	GC1	1.3	1.3.1	PASS
ERR356014	GC1	1.3	1.3.1	GC1	1.3	1.3.1	PASS
ERR356035	GC1	1.3	1.3.1	GC1	1.3	1.3.1	PASS
ERR356244	GC1	1.3	1.3.1	GC1	1.3	1.3.1	PASS
ERR356245	GC1	1.3	1.3.1	GC1	1.3	1.3.1	PASS
ERR356265	GC1	1.3	1.3.1	GC1	1.3	1.3.1	PASS
ERR356267	GC1	1.3	1.3.1	GC1	1.3	1.3.1	PASS
ERR356007	GC1	1.3	1.3.1	GC1	1.3	1.3.1	PASS
ERR356357	GC1	1.3	1.3.1	GC1	1.3	1.3.1	PASS
ERR356361	GC1	1.3	1.3.1	GC1	1.3	1.3.1	PASS
ERR356242	GC1	1.3	1.3.1	GC1	1.3	1.3.1	PASS
ERR356259	GC1	1.3	1.3.1	GC1	1.3	1.3.1	PASS
ERR356362	GC1	1.3	1.3.1	GC1	1.3	1.3.1	PASS
ERR356021	GC1	1.3	1.3.1	GC1	1.3	1.3.1	PASS
ERR356358	GC1	1.3	1.3.1	GC1	1.3	1.3.1	PASS
ERR356004	GC1	1.3	1.3.1	GC1	1.3	1.3.1	PASS
ERR356360	GC1	1.3	1.3.1	GC1	1.3	1.3.1	PASS
ERR355791	GC1	1.3	1.3.1	GC1	1.3	1.3.1	PASS
ERR355981	GC1	1.3	1.3.1	GC1	1.3	1.3.1	PASS
ERR356020	GC1	1.3	1.3.1	GC1	1.3	1.3.1	PASS
ERR356351	GC1	1.3	1.3.1	GC1	1.3	1.3.1	PASS
ERR356247	GC1	1.3	1.3.1	GC1	1.3	1.3.1	PASS
ERR356288	GC1	1.3	1.3.1	GC1	1.3	1.3.1	PASS
ERR356032	GC1	1.3	1.3.1	GC1	1.3	1.3.1	PASS
ERR355790	GC1	1.3	1.3.1	GC1	1.3	1.3.1	PASS
ERR356031	GC1	1.3	1.3.1	GC1	1.3	1.3.1	PASS
ERR3194778	GC1	1.3	1.3.1	GC1	1.3	1.3.1	PASS
GCF_006492735	GC1	1.3	1.3.1	GC1	1.3	1.3.1	PASS
SRR3137579	GC1	1.3	1.3.1	GC1	1.3	1.3.1	PASS
SRR5739096	GC1	1.3	1.3.1	GC1	1.3	1.3.1	PASS
ERR356277	GC1	1.3	1.3.1	GC1	1.3	1.3.1	PASS
GCF_902713735	GC1	1.3	1.3.1	GC1	1.3	1.3.1	PASS
ERR2711670	GC1	1.3	1.3.1	GC1	1.3	1.3.1	PASS
GCF_018422645	GC1	1.3	1.3.1	GC1	1.3	1.3.1	PASS
GCF_020255205	GC1	1.3	1.3.1	GC1	1.3	1.3.1	PASS
GCF_005819735	GC1	1.3	1.3.1	GC1	1.3	1.3.1	PASS
GCF_014531335	GC1	1.3	1.3.1	GC1	1.3	1.3.1	PASS
SRR13430623	GC1	1.3	1.3.1	GC1	1.3	1.3.1	PASS
GCF_019188985	GC1	1.3	1.3.1	GC1	1.3	1.3.1	PASS
GCF_019188995	GC1	1.3	1.3.1	GC1	1.3	1.3.1	PASS
SRR13438993	GC1	1.3	1.3.1	GC1	1.3	1.3.1	PASS
SRR3217392	GC1	1.3	1.3.1	GC1	1.3	1.3.1	PASS
SRR3222489	GC1	1.3	1.3.1	GC1	1.3	1.3.1	PASS
SRR3226999	GC1	1.3	1.3.1	GC1	1.3	1.3.1	PASS
SRR3242038	GC1	1.3	1.3.1	GC1	1.3	1.3.1	PASS
SRR3227012	GC1	1.3	1.3.1	GC1	1.3	1.3.1	PASS
SRR3227043	GC1	1.3	1.3.1	GC1	1.3	1.3.1	PASS
GCF_000309195	GC1	1.3	1.3.1	GC1	1.3	1.3.1	PASS
SRR3225058	GC1	1.3	1.3.1	GC1	1.3	1.3.1	PASS
SRR3137580	GC1	1.3	1.3.1	GC1	1.3	1.3.1	PASS
SRR3137581	GC1	1.3	1.3.1	GC1	1.3	1.3.1	PASS
SRR3197608	GC1	1.3	1.3.1	GC1	1.3	1.3.1	PASS
SRR3224811	GC1	1.3	1.3.1	GC1	1.3	1.3.1	PASS
SRR3224244	GC1	1.3	1.3.1	GC1	1.3	1.3.1	PASS
SRR3225250	GC1	1.3	1.3.1	GC1	1.3	1.3.1	PASS
SRR3222492	GC1	1.3	1.3.1	GC1	1.3	1.3.1	PASS
SRR3228483	GC1	1.3	1.3.1	GC1	1.3	1.3.1	PASS
SRR3170263	GC1	1.3	1.3.1	GC1	1.3	1.3.1	PASS
SRR3224985	GC1	1.3	1.3.1	GC1	1.3	1.3.1	PASS
SRR3170589	GC1	1.3	1.3.1	GC1	1.3	1.3.1	PASS
SRR4417607	GC1	1.3	1.3.1	GC1	1.3	1.3.1	PASS
GCF_000305215	GC1	1.3	1.3.1	GC1	1.3	1.3.1	PASS
SRR3216439	GC1	1.3	1.3.1	GC1	1.3	1.3.1	PASS
SRR3197590	GC1	1.3	1.3.1	GC1	1.3	1.3.1	PASS
SRR3228565	GC1	1.3	1.3.1	GC1	1.3	1.3.1	PASS
SRR3227013	GC1	1.3	1.3.1	GC1	1.3	1.3.1	PASS
SRR3222490	GC1	1.3	1.3.1	GC1	1.3	1.3.1	PASS
SRR3228488	GC1	1.3	1.3.1	GC1	1.3	1.3.1	PASS
GCF_006492055	GC1	1.3	1.3.1	GC1	1.3	1.3.1	PASS
GCF_009901705	GC1	1.3	1.3.1	GC1	1.3	1.3.1	PASS
SRR11589205	GC1	1.3	1.3.1	GC1	1.3	1.3.1	PASS
GCF_009445405	GC1	1.3	1.3.1	GC1	1.3	1.3.1	PASS
GCF_009901675	GC1	1.3	1.3.1	GC1	1.3	1.3.1	PASS
GCF_009887785	GC1	1.3	1.3.1	GC1	1.3	1.3.1	PASS
GCF_904885795	GC1	1.3	1.3.1	GC1	1.3	1.3.1	PASS
GCF_009268055	GC1	1.3	1.3.1	GC1	1.3	1.3.1	PASS
GCF_006492195	GC1	1.3	NA	GC1	1.3	NA	UNRESOLVED
SRR12903862	GC1	1.1	1.1.1	GC1	1.1	1.1.1	PASS
SRR12903861	GC1	1.1	1.1.1	GC1	1.1	1.1.1	PASS
SRR12903859	GC1	1.1	1.1.1	GC1	1.1	1.1.1	PASS
SRR12903860	GC1	1.1	1.1.1	GC1	1.1	1.1.1	PASS
SRR13619228	GC1	1.1	1.1.2	GC1	1.1	1.1.2	PASS
GCF_005819505	GC2	2.1	NA	GC2	2.1	NA	UNRESOLVED
ERR3218244	GC2	2.1	NA	GC2	2.1	NA	UNRESOLVED
GCF_901484905	GC2	2.1	NA	GC2	2.1	NA	UNRESOLVED
ERR4436750	GC2	2.1	NA	GC2	2.1	NA	UNRESOLVED
GCF_018789235	GC2	2.1	2.1.4	GC2	2.1	2.1.4	PASS
GCF_018423485	GC2	2.1	2.1.4	GC2	2.1	2.1.4	PASS
ERR2711666	GC2	2.1	2.1.4	GC2	2.1	2.1.4	PASS
GCF_006492395	GC2	2.1	2.1.4	GC2	2.1	2.1.4	PASS
SRR12889319	GC2	2.1	2.1.4	GC2	2.1	2.1.4	PASS
SRR12889320	GC2	2.1	2.1.4	GC2	2.1	2.1.4	PASS
SRR12889318	GC2	2.1	2.1.4	GC2	2.1	2.1.4	PASS
SRR17898061	GC2	2.1	2.1.4	GC2	2.1	2.1.4	PASS
SRR12889322	GC2	2.1	2.1.4	GC2	2.1	2.1.4	PASS
SRR12889314	GC2	2.1	2.1.4	GC2	2.1	2.1.4	PASS
SRR12889313	GC2	2.1	2.1.4	GC2	2.1	2.1.4	PASS
SRR12889327	GC2	2.1	2.1.4	GC2	2.1	2.1.4	PASS
SRR17898052	GC2	2.1	2.1.4	GC2	2.1	2.1.4	PASS
SRR12889315	GC2	2.1	2.1.4	GC2	2.1	2.1.4	PASS
SRR17898058	GC2	2.1	2.1.4	GC2	2.1	2.1.4	PASS
SRR12889317	GC2	2.1	2.1.4	GC2	2.1	2.1.4	PASS
SRR17898053	GC2	2.1	2.1.4	GC2	2.1	2.1.4	PASS
SRR17898060	GC2	2.1	2.1.4	GC2	2.1	2.1.4	PASS
SRR17898049	GC2	2.1	2.1.4	GC2	2.1	2.1.4	PASS
SRR17898059	GC2	2.1	2.1.4	GC2	2.1	2.1.4	PASS
SRR17898057	GC2	2.1	2.1.4	GC2	2.1	2.1.4	PASS
SRR17898050	GC2	2.1	2.1.4	GC2	2.1	2.1.4	PASS
SRR17898051	GC2	2.1	2.1.4	GC2	2.1	2.1.4	PASS
GCF_009710715	GC2	2.1	2.1.4	GC2	2.1	2.1.4	PASS
GCF_013185115	GC2	2.1	2.1.4	GC2	2.1	2.1.4	PASS
GCF_018789355	GC2	2.1	2.1.4	GC2	2.1	2.1.4	PASS
GCF_003039295	GC2	2.1	2.1.1	GC2	2.1	2.1.1	PASS
GCF_003039155	GC2	2.1	2.1.1	GC2	2.1	2.1.1	PASS
GCF_003039415	GC2	2.1	2.1.1	GC2	2.1	2.1.1	PASS
GCF_003038935	GC2	2.1	2.1.1	GC2	2.1	2.1.1	PASS
GCF_003039345	GC2	2.1	2.1.1	GC2	2.1	2.1.1	PASS
GCF_003039215	GC2	2.1	2.1.1	GC2	2.1	2.1.1	PASS
GCF_003347295	GC2	2.1	2.1.1	GC2	2.1	2.1.1	PASS
GCF_003039315	GC2	2.1	2.1.1	GC2	2.1	2.1.1	PASS
GCF_003012695	GC2	2.1	2.1.1	GC2	2.1	2.1.1	PASS
GCF_003039255	GC2	2.1	2.1.1	GC2	2.1	2.1.1	PASS
GCF_003039395	GC2	2.1	2.1.1	GC2	2.1	2.1.1	PASS
GCF_003038965	GC2	2.1	2.1.1	GC2	2.1	2.1.1	PASS
GCF_003039055	GC2	2.1	2.1.1	GC2	2.1	2.1.1	PASS
GCF_003039135	GC2	2.1	2.1.1	GC2	2.1	2.1.1	PASS
GCF_003039335	GC2	2.1	2.1.1	GC2	2.1	2.1.1	PASS
GCF_003039115	GC2	2.1	2.1.1	GC2	2.1	2.1.1	PASS
GCF_003039195	GC2	2.1	2.1.1	GC2	2.1	2.1.1	PASS
GCF_003039175	GC2	2.1	2.1.1	GC2	2.1	2.1.1	PASS
GCF_003347435	GC2	2.1	2.1.1	GC2	2.1	2.1.1	PASS
GCF_018789595	GC2	2.1	2.1.3	GC2	2.1	2.1.3	PASS
GCF_018789475	GC2	2.1	2.1.3	GC2	2.1	2.1.3	PASS
GCF_018789615	GC2	2.1	2.1.3	GC2	2.1	2.1.3	PASS
GCF_018791845	GC2	2.1	2.1.3	GC2	2.1	2.1.3	PASS
SRR2075951	GC2	2.1	2.1.3	GC2	2.1	2.1.3	PASS
GCF_018444525	GC2	2.1	2.1.2	GC2	2.1	2.1.2	PASS
GCF_018443775	GC2	2.1	2.1.2	GC2	2.1	2.1.2	PASS
GCF_018422255	GC2	2.1	2.1.2	GC2	2.1	2.1.2	PASS
GCF_018422325	GC2	2.1	2.1.2	GC2	2.1	2.1.2	PASS
GCF_018443825	GC2	2.1	2.1.2	GC2	2.1	2.1.2	PASS
GCF_018443975	GC2	2.1	2.1.2	GC2	2.1	2.1.2	PASS
GCF_018443945	GC2	2.1	2.1.2	GC2	2.1	2.1.2	PASS
GCF_018444405	GC2	2.1	2.1.2	GC2	2.1	2.1.2	PASS
GCF_018444305	GC2	2.1	2.1.2	GC2	2.1	2.1.2	PASS
GCF_018443625	GC2	2.1	2.1.2	GC2	2.1	2.1.2	PASS
GCF_018443875	GC2	2.1	2.1.2	GC2	2.1	2.1.2	PASS
GCF_020254485	GC2	2.1	2.1.2	GC2	2.1	2.1.2	PASS
SRR2075880	GC2	2.1	NA	GC2	2.1	NA	UNRESOLVED
GCF_005819225	GC2	2.1	NA	GC2	2.1	NA	UNRESOLVED
GCF_017584105	GC2	2.2	2.2.1	GC2	2.2	2.2.1	PASS
ERR2711936	GC2	2.2	2.2.1	GC2	2.2	2.2.1	PASS
GCF_016654215	GC2	2.2	2.2.1	GC2	2.2	2.2.1	PASS
GCF_016654365	GC2	2.2	2.2.1	GC2	2.2	2.2.1	PASS
GCF_904884615	GC2	2.2	2.2.1	GC2	2.2	2.2.1	PASS
GCF_904885785	GC2	2.2	2.2.1	GC2	2.2	2.2.1	PASS
SRR10012083	GC2	2.2	2.2.1	GC2	2.2	2.2.1	PASS
GCF_016654335	GC2	2.2	2.2.1	GC2	2.2	2.2.1	PASS
GCF_904884575	GC2	2.2	2.2.1	GC2	2.2	2.2.1	PASS
ERR4436685	GC2	2.2	2.2.1	GC2	2.2	2.2.1	PASS
GCF_904884545	GC2	2.2	2.2.1	GC2	2.2	2.2.1	PASS
GCF_006492075	GC2	2.2	2.2.1	GC2	2.2	2.2.1	PASS
GCF_020255405	GC2	2.2	NA	NA	NA	NA	UNRESOLVED
GCF_904886845	GC2	2.2	NA	NA	NA	NA	UNRESOLVED
GCF_018447265	GC2	2.2	NA	NA	NA	NA	UNRESOLVED
SRR3242036	GC2	2.2	2.2.3	GC2	2.2	2.2.3	PASS
SRR3170232	GC2	2.2	2.2.3	GC2	2.2	2.2.3	PASS
GCF_000297515	GC2	2.2	2.2.3	GC2	2.2	2.2.3	PASS
SRR3224793	GC2	2.2	2.2.3	GC2	2.2	2.2.3	PASS
SRR3242046	GC2	2.2	2.2.3	GC2	2.2	2.2.3	PASS
SRR3217398	GC2	2.2	2.2.3	GC2	2.2	2.2.3	PASS
SRR3242045	GC2	2.2	2.2.3	GC2	2.2	2.2.3	PASS
SRR3223912	GC2	2.2	2.2.3	GC2	2.2	2.2.3	PASS
SRR3226997	GC2	2.2	2.2.3	GC2	2.2	2.2.3	PASS
GCF_900444765	GC2	2.2	2.2.2	GC2	2.2	2.2.2	PASS
ERR1226980	GC2	2.2	2.2.2	GC2	2.2	2.2.2	PASS
ERR1227001	GC2	2.2	2.2.2	GC2	2.2	2.2.2	PASS
ERR2518358	GC2	2.2	2.2.2	GC2	2.2	2.2.2	PASS
ERR2455414	GC2	2.2	2.2.2	GC2	2.2	2.2.2	PASS
SRR6513755	GC2	2.2	2.2.2	GC2	2.2	2.2.2	PASS
SRR6513761	GC2	2.2	2.2.2	GC2	2.2	2.2.2	PASS
ERR2518391	GC2	2.2	2.2.2	GC2	2.2	2.2.2	PASS
ERR2518363	GC2	2.2	2.2.2	GC2	2.2	2.2.2	PASS
ERR2455413	GC2	2.2	2.2.2	GC2	2.2	2.2.2	PASS
ERR2518392	GC2	2.2	2.2.2	GC2	2.2	2.2.2	PASS
GCF_020254445	GC2	2.2	2.2.2	GC2	2.2	2.2.2	PASS
GCF_000189675	GC2	2.2	2.2.2	GC2	2.2	2.2.2	PASS
GCF_000018445	GC2	2.2	2.2.2	GC2	2.2	2.2.2	PASS
GCF_005519135	GC2	2.2	2.2.2	GC2	2.2	2.2.2	PASS
GCF_904890285	GC2	2.2	2.2.2	GC2	2.2	2.2.2	PASS
SRR11589208	GC2	2.2	2.2.2	GC2	2.2	2.2.2	PASS
SRR11589206	GC2	2.2	2.2.2	GC2	2.2	2.2.2	PASS
GCF_001420515	GC2	2.2	2.2.2	GC2	2.2	2.2.2	PASS
GCF_904890275	GC2	2.2	2.2.2	GC2	2.2	2.2.2	PASS
SRR12889311	GC2	2.2	2.2.2	GC2	2.2	2.2.2	PASS
SRR12889312	GC2	2.2	2.2.2	GC2	2.2	2.2.2	PASS
SRR17898064	GC2	2.2	2.2.2	GC2	2.2	2.2.2	PASS
ERR4438930	GC2	2.2	NA	NA	NA	NA	UNRESOLVED
SRR11589202	GC2	2.2	NA	NA	NA	NA	UNRESOLVED
ERR486685	GC2	2.2	NA	NA	NA	NA	UNRESOLVED
GCF_000368125	GC2	2.2	NA	NA	NA	NA	UNRESOLVED
SRR3131132	GC2	2.2	2.2.4	GC2	2.2	2.2.4	PASS
GCF_001415695	GC2	2.2	2.2.4	GC2	2.2	2.2.4	PASS
GCF_001433205	GC2	2.2	2.2.4	GC2	2.2	2.2.4	PASS
SRR11589240	GC2	2.2	2.2.4	GC2	2.2	2.2.4	PASS
GCF_000453325	GC2	2.2	2.2.4	GC2	2.2	2.2.4	PASS
GCF_000453805	GC2	2.2	2.2.4	GC2	2.2	2.2.4	PASS
SRR1030454	GC2	2.2	2.2.4	GC2	2.2	2.2.4	PASS
SRR3131161	GC2	2.2	2.2.4	GC2	2.2	2.2.4	PASS
SRR3227006	GC2	2.2	2.2.4	GC2	2.2	2.2.4	PASS
GCF_000335675	GC2	2.2	2.2.4	GC2	2.2	2.2.4	PASS
SRR3228575	GC2	2.2	2.2.4	GC2	2.2	2.2.4	PASS
GCF_000222225	GC2	2.2	2.2.4	GC2	2.2	2.2.4	PASS
GCF_000353915	GC2	2.2	2.2.4	GC2	2.2	2.2.4	PASS
GCF_000354115	GC2	2.2	2.2.4	GC2	2.2	2.2.4	PASS
GCF_016888585	GC2	2.2	2.2.4	GC2	2.2	2.2.4	PASS
SRR3170241	GC2	2.2	2.2.4	GC2	2.2	2.2.4	PASS
SRR11725232	GC2	2.2	2.2.4	GC2	2.2	2.2.4	PASS
GCF_018789185	GC2	2.2	2.2.4	GC2	2.2	2.2.4	PASS
ERR2711813	GC2	2.2	2.2.4	GC2	2.2	2.2.4	PASS
SRR6762183	GC2	2.2	2.2.4	GC2	2.2	2.2.4	PASS
ERR2712058	GC2	2.2	2.2.4	GC2	2.2	2.2.4	PASS
SRR6762182	GC2	2.2	2.2.4	GC2	2.2	2.2.4	PASS
SRR6762180	GC2	2.2	2.2.4	GC2	2.2	2.2.4	PASS
SRR6762181	GC2	2.2	2.2.4	GC2	2.2	2.2.4	PASS
ERR2455380	GC2	2.2	2.2.4	GC2	2.2	2.2.4	PASS
ERR2451918	GC2	2.2	2.2.4	GC2	2.2	2.2.4	PASS
SRR6513797	GC2	2.2	2.2.4	GC2	2.2	2.2.4	PASS
ERR2452101	GC2	2.2	2.2.4	GC2	2.2	2.2.4	PASS
SRR6513766	GC2	2.2	2.2.4	GC2	2.2	2.2.4	PASS
ERR2452099	GC2	2.2	2.2.4	GC2	2.2	2.2.4	PASS
SRR6513751	GC2	2.2	2.2.4	GC2	2.2	2.2.4	PASS
ERR2712298	GC2	2.2	2.2.4	GC2	2.2	2.2.4	PASS
ERR4436619	GC2	2.2	2.2.4	GC2	2.2	2.2.4	PASS
SRR6436001	GC2	2.2	2.2.4	GC2	2.2	2.2.4	PASS
SRR6436002	GC2	2.2	2.2.4	GC2	2.2	2.2.4	PASS
ERR4436748	GC2	2.2	2.2.4	GC2	2.2	2.2.4	PASS
GCF_904885805	GC2	2.2	2.2.4	GC2	2.2	2.2.4	PASS
GCF_904885685	GC2	2.2	2.2.4	GC2	2.2	2.2.4	PASS
GCF_904885765	GC2	2.2	2.2.4	GC2	2.2	2.2.4	PASS
GCF_904885775	GC2	2.2	2.2.4	GC2	2.2	2.2.4	PASS
GCF_904885855	GC2	2.2	2.2.4	GC2	2.2	2.2.4	PASS
GCF_904885825	GC2	2.2	2.2.4	GC2	2.2	2.2.4	PASS
GCF_904885755	GC2	2.2	2.2.4	GC2	2.2	2.2.4	PASS
GCF_904886875	GC2	2.2	2.2.4	GC2	2.2	2.2.4	PASS
GCF_904887035	GC2	2.2	2.2.4	GC2	2.2	2.2.4	PASS
GCF_904885705	GC2	2.2	2.2.4	GC2	2.2	2.2.4	PASS
GCF_904887655	GC2	2.2	2.2.4	GC2	2.2	2.2.4	PASS
GCF_904885665	GC2	2.2	2.2.4	GC2	2.2	2.2.4	PASS
GCF_904887005	GC2	2.2	2.2.4	GC2	2.2	2.2.4	PASS
SRR6762176	GC2	2.2	2.2.4	GC2	2.2	2.2.4	PASS
SRR6762179	GC2	2.2	2.2.4	GC2	2.2	2.2.4	PASS
SRR6762177	GC2	2.2	2.2.4	GC2	2.2	2.2.4	PASS
SRR6762178	GC2	2.2	2.2.4	GC2	2.2	2.2.4	PASS
GCF_018444555	GC2	2.2	2.2.4	GC2	2.2	2.2.4	PASS
GCF_018789395	GC2	2.2	2.2.4	GC2	2.2	2.2.4	PASS
GCF_000333715	GC2	2.2	2.2.4	GC2	2.2	2.2.4	PASS
GCF_000333735	GC2	2.2	2.2.4	GC2	2.2	2.2.4	PASS
GCF_002183595	GC2	2.2	2.2.4	GC2	2.2	2.2.4	PASS
GCF_001668645	GC2	2.2	2.2.4	GC2	2.2	2.2.4	PASS
GCF_002137035	GC2	2.2	2.2.4	GC2	2.2	2.2.4	PASS
GCF_002017205	GC2	2.2	2.2.4	GC2	2.2	2.2.4	PASS
GCF_002182445	GC2	2.2	2.2.4	GC2	2.2	2.2.4	PASS
GCF_002183115	GC2	2.2	2.2.4	GC2	2.2	2.2.4	PASS
GCF_000809085	GC2	2.2	2.2.4	GC2	2.2	2.2.4	PASS
GCF_002144975	GC2	2.2	2.2.4	GC2	2.2	2.2.4	PASS
GCF_002183265	GC2	2.2	2.2.4	GC2	2.2	2.2.4	PASS
GCF_002017065	GC2	2.2	2.2.4	GC2	2.2	2.2.4	PASS
GCF_002017615	GC2	2.2	2.2.4	GC2	2.2	2.2.4	PASS
GCF_000811085	GC2	2.2	2.2.4	GC2	2.2	2.2.4	PASS
GCF_001669365	GC2	2.2	2.2.4	GC2	2.2	2.2.4	PASS
GCF_002138295	GC2	2.2	2.2.4	GC2	2.2	2.2.4	PASS
GCF_002137715	GC2	2.2	2.2.4	GC2	2.2	2.2.4	PASS
GCF_002017095	GC2	2.2	2.2.4	GC2	2.2	2.2.4	PASS
GCF_002183285	GC2	2.2	2.2.4	GC2	2.2	2.2.4	PASS
GCF_001666175	GC2	2.2	2.2.4	GC2	2.2	2.2.4	PASS
GCF_001666715	GC2	2.2	2.2.4	GC2	2.2	2.2.4	PASS
GCF_014880935	GC2	2.2	2.2.4	GC2	2.2	2.2.4	PASS
GCF_014880955	GC2	2.2	2.2.4	GC2	2.2	2.2.4	PASS
GCF_002183955	GC2	2.2	2.2.4	GC2	2.2	2.2.4	PASS
SRR14748921	GC2	2.2	2.2.4	GC2	2.2	2.2.4	PASS
GCF_000939485	GC2	2.2	2.2.4	GC2	2.2	2.2.4	PASS
GCF_001669645	GC2	2.2	2.2.4	GC2	2.2	2.2.4	PASS
GCF_001666645	GC2	2.2	2.2.4	GC2	2.2	2.2.4	PASS
GCF_001668585	GC2	2.2	2.2.4	GC2	2.2	2.2.4	PASS
GCF_001668835	GC2	2.2	2.2.4	GC2	2.2	2.2.4	PASS
GCF_001674215	GC2	2.2	2.2.4	GC2	2.2	2.2.4	PASS
GCF_002017395	GC2	2.2	2.2.4	GC2	2.2	2.2.4	PASS
GCF_001665045	GC2	2.2	2.2.4	GC2	2.2	2.2.4	PASS
GCF_001668515	GC2	2.2	2.2.4	GC2	2.2	2.2.4	PASS
GCF_001666515	GC2	2.2	2.2.4	GC2	2.2	2.2.4	PASS
GCF_001673825	GC2	2.2	2.2.4	GC2	2.2	2.2.4	PASS
GCF_001674415	GC2	2.2	2.2.4	GC2	2.2	2.2.4	PASS
GCF_001674295	GC2	2.2	2.2.4	GC2	2.2	2.2.4	PASS
GCF_001674435	GC2	2.2	2.2.4	GC2	2.2	2.2.4	PASS
GCF_001666105	GC2	2.2	2.2.4	GC2	2.2	2.2.4	PASS
GCF_001674765	GC2	2.2	2.2.4	GC2	2.2	2.2.4	PASS
GCF_001674785	GC2	2.2	2.2.4	GC2	2.2	2.2.4	PASS
GCF_001674845	GC2	2.2	2.2.4	GC2	2.2	2.2.4	PASS
GCF_014880845	GC2	2.2	2.2.4	GC2	2.2	2.2.4	PASS
GCF_014881945	GC2	2.2	2.2.4	GC2	2.2	2.2.4	PASS
SRR14154237	GC2	2.2	2.2.4	GC2	2.2	2.2.4	PASS
GCF_014881195	GC2	2.2	2.2.4	GC2	2.2	2.2.4	PASS
GCF_001674655	GC2	2.2	2.2.4	GC2	2.2	2.2.4	PASS
GCF_001674395	GC2	2.2	2.2.4	GC2	2.2	2.2.4	PASS
GCF_001674735	GC2	2.2	2.2.4	GC2	2.2	2.2.4	PASS
GCF_001666625	GC2	2.2	2.2.4	GC2	2.2	2.2.4	PASS
GCF_002014245	GC2	2.2	2.2.4	GC2	2.2	2.2.4	PASS
GCF_002137995	GC2	2.2	2.2.4	GC2	2.2	2.2.4	PASS
GCF_001666065	GC2	2.2	2.2.4	GC2	2.2	2.2.4	PASS
GCF_001666155	GC2	2.2	2.2.4	GC2	2.2	2.2.4	PASS
GCF_001666275	GC2	2.2	2.2.4	GC2	2.2	2.2.4	PASS
GCF_014882095	GC2	2.2	2.2.4	GC2	2.2	2.2.4	PASS
GCF_000811015	GC2	2.2	2.2.4	GC2	2.2	2.2.4	PASS
GCF_001665205	GC2	2.2	2.2.4	GC2	2.2	2.2.4	PASS
GCF_002016815	GC2	2.2	2.2.4	GC2	2.2	2.2.4	PASS
GCF_002184035	GC2	2.2	2.2.4	GC2	2.2	2.2.4	PASS
GCF_014881855	GC2	2.2	2.2.4	GC2	2.2	2.2.4	PASS
GCF_014882485	GC2	2.2	2.2.4	GC2	2.2	2.2.4	PASS
GCF_001664665	GC2	2.2	2.2.4	GC2	2.2	2.2.4	PASS
GCF_014880555	GC2	2.2	2.2.4	GC2	2.2	2.2.4	PASS
GCF_010604855	GC2	2.2	2.2.4	GC2	2.2	2.2.4	PASS
GCF_001664855	GC2	2.2	2.2.4	GC2	2.2	2.2.4	PASS
GCF_001674485	GC2	2.2	2.2.4	GC2	2.2	2.2.4	PASS
GCF_001666405	GC2	2.2	2.2.4	GC2	2.2	2.2.4	PASS
GCF_001664585	GC2	2.2	2.2.4	GC2	2.2	2.2.4	PASS
GCF_001665155	GC2	2.2	2.2.4	GC2	2.2	2.2.4	PASS
GCF_001666255	GC2	2.2	2.2.4	GC2	2.2	2.2.4	PASS
GCF_001669705	GC2	2.2	2.2.4	GC2	2.2	2.2.4	PASS
GCF_001664725	GC2	2.2	2.2.4	GC2	2.2	2.2.4	PASS
GCF_001664575	GC2	2.2	2.2.4	GC2	2.2	2.2.4	PASS
GCF_014882655	GC2	2.2	2.2.4	GC2	2.2	2.2.4	PASS
ERR2711690	GC2	2.2	2.2.4	GC2	2.2	2.2.4	PASS
SRR17849653	GC2	2.2	2.2.4	GC2	2.2	2.2.4	PASS
SRR17849658	GC2	2.2	2.2.4	GC2	2.2	2.2.4	PASS
GCF_001664885	GC2	2.2	2.2.4	GC2	2.2	2.2.4	PASS
GCF_001666145	GC2	2.2	2.2.4	GC2	2.2	2.2.4	PASS
GCF_001674835	GC2	2.2	2.2.4	GC2	2.2	2.2.4	PASS
GCF_014880195	GC2	2.2	2.2.4	GC2	2.2	2.2.4	PASS
GCF_001665125	GC2	2.2	2.2.4	GC2	2.2	2.2.4	PASS
GCF_001668935	GC2	2.2	2.2.4	GC2	2.2	2.2.4	PASS
GCF_001669095	GC2	2.2	2.2.4	GC2	2.2	2.2.4	PASS
GCF_014883155	GC2	2.2	2.2.4	GC2	2.2	2.2.4	PASS
GCF_001673795	GC2	2.2	2.2.4	GC2	2.2	2.2.4	PASS
GCF_001674255	GC2	2.2	2.2.4	GC2	2.2	2.2.4	PASS
GCF_002016735	GC2	2.2	2.2.4	GC2	2.2	2.2.4	PASS
GCF_002183085	GC2	2.2	2.2.4	GC2	2.2	2.2.4	PASS
ERR2712281	GC2	2.2	2.2.4	GC2	2.2	2.2.4	PASS
GCF_001666465	GC2	2.2	2.2.4	GC2	2.2	2.2.4	PASS
GCF_001669595	GC2	2.2	2.2.4	GC2	2.2	2.2.4	PASS
GCF_001674155	GC2	2.2	2.2.4	GC2	2.2	2.2.4	PASS
GCF_001666635	GC2	2.2	2.2.4	GC2	2.2	2.2.4	PASS
GCF_001674015	GC2	2.2	2.2.4	GC2	2.2	2.2.4	PASS
GCF_001668995	GC2	2.2	2.2.4	GC2	2.2	2.2.4	PASS
GCF_001669435	GC2	2.2	2.2.4	GC2	2.2	2.2.4	PASS
GCF_001668915	GC2	2.2	2.2.4	GC2	2.2	2.2.4	PASS
GCF_001669295	GC2	2.2	2.2.4	GC2	2.2	2.2.4	PASS
GCF_001668555	GC2	2.2	2.2.4	GC2	2.2	2.2.4	PASS
GCF_001669195	GC2	2.2	2.2.4	GC2	2.2	2.2.4	PASS
GCF_001674315	GC2	2.2	2.2.4	GC2	2.2	2.2.4	PASS
GCF_001668775	GC2	2.2	2.2.4	GC2	2.2	2.2.4	PASS
GCF_001669175	GC2	2.2	2.2.4	GC2	2.2	2.2.4	PASS
GCF_001674805	GC2	2.2	2.2.4	GC2	2.2	2.2.4	PASS
GCF_001669455	GC2	2.2	2.2.4	GC2	2.2	2.2.4	PASS
GCF_001669695	GC2	2.2	2.2.4	GC2	2.2	2.2.4	PASS
GCF_001674245	GC2	2.2	2.2.4	GC2	2.2	2.2.4	PASS
GCF_001669225	GC2	2.2	2.2.4	GC2	2.2	2.2.4	PASS
GCF_001665055	GC2	2.2	2.2.4	GC2	2.2	2.2.4	PASS
GCF_001674915	GC2	2.2	2.2.4	GC2	2.2	2.2.4	PASS
GCF_001668865	GC2	2.2	2.2.4	GC2	2.2	2.2.4	PASS
GCF_001673915	GC2	2.2	2.2.4	GC2	2.2	2.2.4	PASS
GCF_001664965	GC2	2.2	2.2.4	GC2	2.2	2.2.4	PASS
GCF_001664975	GC2	2.2	2.2.4	GC2	2.2	2.2.4	PASS
GCF_001669675	GC2	2.2	2.2.4	GC2	2.2	2.2.4	PASS
GCF_001673985	GC2	2.2	2.2.4	GC2	2.2	2.2.4	PASS
GCF_010604915	GC2	2.2	2.2.4	GC2	2.2	2.2.4	PASS
GCF_001666315	GC2	2.2	2.2.4	GC2	2.2	2.2.4	PASS
GCF_014882295	GC2	2.2	2.2.4	GC2	2.2	2.2.4	PASS
GCF_014880115	GC2	2.2	2.2.4	GC2	2.2	2.2.4	PASS
GCF_014880685	GC2	2.2	2.2.4	GC2	2.2	2.2.4	PASS
GCF_014882325	GC2	2.2	2.2.4	GC2	2.2	2.2.4	PASS
GCF_014882365	GC2	2.2	2.2.4	GC2	2.2	2.2.4	PASS
GCF_016506335	GC2	2.2	2.2.4	GC2	2.2	2.2.4	PASS
SRR15845993	GC2	2.2	2.2.4	GC2	2.2	2.2.4	PASS
GCF_001669495	GC2	2.2	2.2.4	GC2	2.2	2.2.4	PASS
GCF_001674115	GC2	2.2	2.2.4	GC2	2.2	2.2.4	PASS
GCF_001674635	GC2	2.2	2.2.4	GC2	2.2	2.2.4	PASS
GCF_001674585	GC2	2.2	2.2.4	GC2	2.2	2.2.4	PASS
GCF_001674605	GC2	2.2	2.2.4	GC2	2.2	2.2.4	PASS
GCF_016506655	GC2	2.2	2.2.4	GC2	2.2	2.2.4	PASS
GCF_014882765	GC2	2.2	2.2.4	GC2	2.2	2.2.4	PASS
GCF_014882755	GC2	2.2	2.2.4	GC2	2.2	2.2.4	PASS
GCF_014883095	GC2	2.2	2.2.4	GC2	2.2	2.2.4	PASS
GCF_001674035	GC2	2.2	2.2.4	GC2	2.2	2.2.4	PASS
GCF_014882575	GC2	2.2	2.2.4	GC2	2.2	2.2.4	PASS
GCF_014882665	GC2	2.2	2.2.4	GC2	2.2	2.2.4	PASS
GCF_014882805	GC2	2.2	2.2.4	GC2	2.2	2.2.4	PASS
GCF_002137565	GC2	2.2	2.2.4	GC2	2.2	2.2.4	PASS
GCF_001669635	GC2	2.2	2.2.4	GC2	2.2	2.2.4	PASS
GCF_014880205	GC2	2.2	2.2.4	GC2	2.2	2.2.4	PASS
GCF_014882195	GC2	2.2	2.2.4	GC2	2.2	2.2.4	PASS
GCF_014882235	GC2	2.2	2.2.4	GC2	2.2	2.2.4	PASS
GCF_014882245	GC2	2.2	2.2.4	GC2	2.2	2.2.4	PASS
SRR11589118	GC2	2.2	2.2.4	GC2	2.2	2.2.4	PASS
GCF_014882895	GC2	2.2	2.2.4	GC2	2.2	2.2.4	PASS
GCF_014881155	GC2	2.2	2.2.4	GC2	2.2	2.2.4	PASS
GCF_014882625	GC2	2.2	2.2.4	GC2	2.2	2.2.4	PASS
GCF_014883045	GC2	2.2	2.2.4	GC2	2.2	2.2.4	PASS
GCF_014882835	GC2	2.2	2.2.4	GC2	2.2	2.2.4	PASS
GCF_014882925	GC2	2.2	2.2.4	GC2	2.2	2.2.4	PASS
GCF_014882735	GC2	2.2	2.2.4	GC2	2.2	2.2.4	PASS
GCF_014882605	GC2	2.2	2.2.4	GC2	2.2	2.2.4	PASS
GCF_014882965	GC2	2.2	2.2.4	GC2	2.2	2.2.4	PASS
GCF_014881895	GC2	2.2	2.2.4	GC2	2.2	2.2.4	PASS
GCF_014882555	GC2	2.2	2.2.4	GC2	2.2	2.2.4	PASS
GCF_001668855	GC2	2.2	2.2.4	GC2	2.2	2.2.4	PASS
GCF_001674865	GC2	2.2	2.2.4	GC2	2.2	2.2.4	PASS
GCF_001669005	GC2	2.2	2.2.4	GC2	2.2	2.2.4	PASS
GCF_002137225	GC2	2.2	2.2.4	GC2	2.2	2.2.4	PASS
GCF_001666555	GC2	2.2	2.2.4	GC2	2.2	2.2.4	PASS
ERR2711658	GC2	2.2	2.2.4	GC2	2.2	2.2.4	PASS
GCF_001673805	GC2	2.2	2.2.4	GC2	2.2	2.2.4	PASS
GCF_001674075	GC2	2.2	2.2.4	GC2	2.2	2.2.4	PASS
GCF_014882975	GC2	2.2	2.2.4	GC2	2.2	2.2.4	PASS
SRR15845991	GC2	2.2	2.2.4	GC2	2.2	2.2.4	PASS
GCF_001668475	GC2	2.2	2.2.4	GC2	2.2	2.2.4	PASS
GCF_001674345	GC2	2.2	2.2.4	GC2	2.2	2.2.4	PASS
GCF_001668815	GC2	2.2	2.2.4	GC2	2.2	2.2.4	PASS
GCF_001669575	GC2	2.2	2.2.4	GC2	2.2	2.2.4	PASS
GCF_010604795	GC2	2.2	2.2.4	GC2	2.2	2.2.4	PASS
GCF_002017355	GC2	2.2	2.2.4	GC2	2.2	2.2.4	PASS
SRR11589129	GC2	2.2	2.2.4	GC2	2.2	2.2.4	PASS
GCF_014880445	GC2	2.2	2.2.4	GC2	2.2	2.2.4	PASS
GCF_014882215	GC2	2.2	2.2.4	GC2	2.2	2.2.4	PASS
GCF_001664735	GC2	2.2	2.2.4	GC2	2.2	2.2.4	PASS
GCF_001666395	GC2	2.2	2.2.4	GC2	2.2	2.2.4	PASS
GCF_001666575	GC2	2.2	2.2.4	GC2	2.2	2.2.4	PASS
GCF_001666235	GC2	2.2	2.2.4	GC2	2.2	2.2.4	PASS
GCF_001674085	GC2	2.2	2.2.4	GC2	2.2	2.2.4	PASS
GCF_001664755	GC2	2.2	2.2.4	GC2	2.2	2.2.4	PASS
GCF_001666305	GC2	2.2	2.2.4	GC2	2.2	2.2.4	PASS
GCF_001674705	GC2	2.2	2.2.4	GC2	2.2	2.2.4	PASS
GCF_001673905	GC2	2.2	2.2.4	GC2	2.2	2.2.4	PASS
GCF_001674235	GC2	2.2	2.2.4	GC2	2.2	2.2.4	PASS
SRR14701498	GC2	2.2	2.2.4	GC2	2.2	2.2.4	PASS
SRR14701499	GC2	2.2	2.2.4	GC2	2.2	2.2.4	PASS
GCF_001669265	GC2	2.2	2.2.4	GC2	2.2	2.2.4	PASS
GCF_001674165	GC2	2.2	2.2.4	GC2	2.2	2.2.4	PASS
GCF_001668445	GC2	2.2	2.2.4	GC2	2.2	2.2.4	PASS
GCF_001668945	GC2	2.2	2.2.4	GC2	2.2	2.2.4	PASS
GCF_001669025	GC2	2.2	2.2.4	GC2	2.2	2.2.4	PASS
GCF_001669425	GC2	2.2	2.2.4	GC2	2.2	2.2.4	PASS
GCF_014881905	GC2	2.2	2.2.4	GC2	2.2	2.2.4	PASS
GCF_001666075	GC2	2.2	2.2.4	GC2	2.2	2.2.4	PASS
GCF_001668765	GC2	2.2	2.2.4	GC2	2.2	2.2.4	PASS
GCF_001666565	GC2	2.2	2.2.4	GC2	2.2	2.2.4	PASS
GCF_001668755	GC2	2.2	2.2.4	GC2	2.2	2.2.4	PASS
GCF_014880915	GC2	2.2	2.2.4	GC2	2.2	2.2.4	PASS
GCF_014882435	GC2	2.2	2.2.4	GC2	2.2	2.2.4	PASS
GCF_014882705	GC2	2.2	2.2.4	GC2	2.2	2.2.4	PASS
GCF_014880785	GC2	2.2	2.2.4	GC2	2.2	2.2.4	PASS
GCF_014880815	GC2	2.2	2.2.4	GC2	2.2	2.2.4	PASS
GCF_014881985	GC2	2.2	2.2.4	GC2	2.2	2.2.4	PASS
GCF_001665285	GC2	2.2	2.2.4	GC2	2.2	2.2.4	PASS
GCF_001664835	GC2	2.2	2.2.4	GC2	2.2	2.2.4	PASS
GCF_001674325	GC2	2.2	2.2.4	GC2	2.2	2.2.4	PASS
SRR16492506	GC2	2.2	2.2.4	GC2	2.2	2.2.4	PASS
SRR12766357	GC2	2.2	2.2.4	GC2	2.2	2.2.4	PASS
GCF_014881055	GC2	2.2	2.2.4	GC2	2.2	2.2.4	PASS
GCF_014881865	GC2	2.2	2.2.4	GC2	2.2	2.2.4	PASS
GCF_014882025	GC2	2.2	2.2.4	GC2	2.2	2.2.4	PASS
GCF_014882515	GC2	2.2	2.2.4	GC2	2.2	2.2.4	PASS
GCF_014881935	GC2	2.2	2.2.4	GC2	2.2	2.2.4	PASS
GCF_014880465	GC2	2.2	2.2.4	GC2	2.2	2.2.4	PASS
GCF_014882275	GC2	2.2	2.2.4	GC2	2.2	2.2.4	PASS
GCF_014882015	GC2	2.2	2.2.4	GC2	2.2	2.2.4	PASS
GCF_001673975	GC2	2.2	2.2.4	GC2	2.2	2.2.4	PASS
GCF_001666485	GC2	2.2	2.2.4	GC2	2.2	2.2.4	PASS
GCF_014882475	GC2	2.2	2.2.4	GC2	2.2	2.2.4	PASS
GCF_014882795	GC2	2.2	2.2.4	GC2	2.2	2.2.4	PASS
GCF_014882145	GC2	2.2	2.2.4	GC2	2.2	2.2.4	PASS
GCF_001668955	GC2	2.2	2.2.4	GC2	2.2	2.2.4	PASS
SRR15845990	GC2	2.2	2.2.4	GC2	2.2	2.2.4	PASS
GCF_001674885	GC2	2.2	2.2.4	GC2	2.2	2.2.4	PASS
GCF_014881045	GC2	2.2	2.2.4	GC2	2.2	2.2.4	PASS
GCF_014882395	GC2	2.2	2.2.4	GC2	2.2	2.2.4	PASS
GCF_014880835	GC2	2.2	2.2.4	GC2	2.2	2.2.4	PASS
GCF_014882855	GC2	2.2	2.2.4	GC2	2.2	2.2.4	PASS
GCF_014880475	GC2	2.2	2.2.4	GC2	2.2	2.2.4	PASS
GCF_014882075	GC2	2.2	2.2.4	GC2	2.2	2.2.4	PASS
GCF_014880435	GC2	2.2	2.2.4	GC2	2.2	2.2.4	PASS
GCF_014880855	GC2	2.2	2.2.4	GC2	2.2	2.2.4	PASS
GCF_014881085	GC2	2.2	2.2.4	GC2	2.2	2.2.4	PASS
GCF_014882685	GC2	2.2	2.2.4	GC2	2.2	2.2.4	PASS
GCF_014882285	GC2	2.2	2.2.4	GC2	2.2	2.2.4	PASS
GCF_001669255	GC2	2.2	2.2.4	GC2	2.2	2.2.4	PASS
GCF_001674365	GC2	2.2	2.2.4	GC2	2.2	2.2.4	PASS
GCF_002183165	GC2	2.2	2.2.4	GC2	2.2	2.2.4	PASS
GCF_001665215	GC2	2.2	2.2.4	GC2	2.2	2.2.4	PASS
GCF_001665985	GC2	2.2	2.2.4	GC2	2.2	2.2.4	PASS
GCF_001674515	GC2	2.2	2.2.4	GC2	2.2	2.2.4	PASS
GCF_001674755	GC2	2.2	2.2.4	GC2	2.2	2.2.4	PASS
GCF_001673895	GC2	2.2	2.2.4	GC2	2.2	2.2.4	PASS
GCF_001669415	GC2	2.2	2.2.4	GC2	2.2	2.2.4	PASS
GCF_001666425	GC2	2.2	2.2.4	GC2	2.2	2.2.4	PASS
GCF_001674575	GC2	2.2	2.2.4	GC2	2.2	2.2.4	PASS
GCF_001666385	GC2	2.2	2.2.4	GC2	2.2	2.2.4	PASS
GCF_001674135	GC2	2.2	2.2.4	GC2	2.2	2.2.4	PASS
GCF_014882955	GC2	2.2	2.2.4	GC2	2.2	2.2.4	PASS
SRR11725316	GC2	2.2	2.2.4	GC2	2.2	2.2.4	PASS
SRR14311557	GC2	2.2	2.2.4	GC2	2.2	2.2.4	PASS
SRR14311553	GC2	2.2	2.2.4	GC2	2.2	2.2.4	PASS
SRR14311556	GC2	2.2	2.2.4	GC2	2.2	2.2.4	PASS
SRR14311554	GC2	2.2	2.2.4	GC2	2.2	2.2.4	PASS
SRR16610149	GC2	2.2	2.2.4	GC2	2.2	2.2.4	PASS
SRR16610079	GC2	2.2	2.2.4	GC2	2.2	2.2.4	PASS
SRR16610081	GC2	2.2	2.2.4	GC2	2.2	2.2.4	PASS
SRR16610191	GC2	2.2	2.2.4	GC2	2.2	2.2.4	PASS
SRR16610117	GC2	2.2	2.2.4	GC2	2.2	2.2.4	PASS
SRR16212281	GC2	2.2	2.2.4	GC2	2.2	2.2.4	PASS
GCF_010609075	GC2	2.2	2.2.4	GC2	2.2	2.2.4	PASS
SRR11521755	GC2	2.2	2.2.4	GC2	2.2	2.2.4	PASS
GCF_010608825	GC2	2.2	2.2.4	GC2	2.2	2.2.4	PASS
GCF_001666085	GC2	2.2	2.2.4	GC2	2.2	2.2.4	PASS
GCF_001674505	GC2	2.2	2.2.4	GC2	2.2	2.2.4	PASS
SRR16610107	GC2	2.2	2.2.4	GC2	2.2	2.2.4	PASS
SRR16492565	GC2	2.2	2.2.4	GC2	2.2	2.2.4	PASS
SRR16610203	GC2	2.2	2.2.4	GC2	2.2	2.2.4	PASS
SRR16610204	GC2	2.2	2.2.4	GC2	2.2	2.2.4	PASS
SRR16610161	GC2	2.2	2.2.4	GC2	2.2	2.2.4	PASS
SRR16610163	GC2	2.2	2.2.4	GC2	2.2	2.2.4	PASS
SRR16610073	GC2	2.2	2.2.4	GC2	2.2	2.2.4	PASS
GCF_001666545	GC2	2.2	2.2.4	GC2	2.2	2.2.4	PASS
GCF_001669145	GC2	2.2	2.2.4	GC2	2.2	2.2.4	PASS
GCF_001674475	GC2	2.2	2.2.4	GC2	2.2	2.2.4	PASS
SRR18145521	GC2	2.2	2.2.4	GC2	2.2	2.2.4	PASS
SRR18145522	GC2	2.2	2.2.4	GC2	2.2	2.2.4	PASS
GCF_010608885	GC2	2.2	2.2.4	GC2	2.2	2.2.4	PASS
SRR14748916	GC2	2.2	2.2.4	GC2	2.2	2.2.4	PASS
GCF_001664905	GC2	2.2	2.2.4	GC2	2.2	2.2.4	PASS
ERR2711659	GC2	2.2	2.2.4	GC2	2.2	2.2.4	PASS
GCF_001673875	GC2	2.2	2.2.4	GC2	2.2	2.2.4	PASS
GCF_010604785	GC2	2.2	2.2.4	GC2	2.2	2.2.4	PASS
GCF_001668535	GC2	2.2	2.2.4	GC2	2.2	2.2.4	PASS
GCF_002017115	GC2	2.2	2.2.4	GC2	2.2	2.2.4	PASS
GCF_002138315	GC2	2.2	2.2.4	GC2	2.2	2.2.4	PASS
GCF_014882125	GC2	2.2	2.2.4	GC2	2.2	2.2.4	PASS
ERR2712307	GC2	2.2	2.2.4	GC2	2.2	2.2.4	PASS
GCF_002183435	GC2	2.2	2.2.4	GC2	2.2	2.2.4	PASS
SRR11521735	GC2	2.2	2.2.4	GC2	2.2	2.2.4	PASS
SRR11521736	GC2	2.2	2.2.4	GC2	2.2	2.2.4	PASS
SRR11521757	GC2	2.2	2.2.4	GC2	2.2	2.2.4	PASS
SRR11521737	GC2	2.2	2.2.4	GC2	2.2	2.2.4	PASS
SRR11521758	GC2	2.2	2.2.4	GC2	2.2	2.2.4	PASS
GCF_001669305	GC2	2.2	2.2.4	GC2	2.2	2.2.4	PASS
GCF_001669525	GC2	2.2	2.2.4	GC2	2.2	2.2.4	PASS
GCF_002951345	GC2	2.2	2.2.4	GC2	2.2	2.2.4	PASS
GCF_002950895	GC2	2.2	2.2.4	GC2	2.2	2.2.4	PASS
GCF_002950925	GC2	2.2	2.2.4	GC2	2.2	2.2.4	PASS
GCF_002950455	GC2	2.2	2.2.4	GC2	2.2	2.2.4	PASS
GCF_002951255	GC2	2.2	2.2.4	GC2	2.2	2.2.4	PASS
SRR18197333	GC2	2.2	2.2.4	GC2	2.2	2.2.4	PASS
SRR18197335	GC2	2.2	2.2.4	GC2	2.2	2.2.4	PASS
SRR18197337	GC2	2.2	2.2.4	GC2	2.2	2.2.4	PASS
GCF_016507015	GC2	2.2	2.2.4	GC2	2.2	2.2.4	PASS
GCF_016507035	GC2	2.2	2.2.4	GC2	2.2	2.2.4	PASS
GCF_014880635	GC2	2.2	2.2.4	GC2	2.2	2.2.4	PASS
GCF_014880745	GC2	2.2	2.2.4	GC2	2.2	2.2.4	PASS
GCF_014881465	GC2	2.2	2.2.4	GC2	2.2	2.2.4	PASS
GCF_016506665	GC2	2.2	2.2.4	GC2	2.2	2.2.4	PASS
GCF_002951215	GC2	2.2	2.2.4	GC2	2.2	2.2.4	PASS
SRR2047581	GC2	2.2	2.2.4	GC2	2.2	2.2.4	PASS
SRR2047582	GC2	2.2	2.2.4	GC2	2.2	2.2.4	PASS
GCF_016506685	GC2	2.2	2.2.4	GC2	2.2	2.2.4	PASS
GCF_014883035	GC2	2.2	2.2.4	GC2	2.2	2.2.4	PASS
GCF_016506725	GC2	2.2	2.2.4	GC2	2.2	2.2.4	PASS
SRR11589144	GC2	2.2	2.2.4	GC2	2.2	2.2.4	PASS
GCF_000297955	GC2	2.2	2.2.4	GC2	2.2	2.2.4	PASS
SRR475450	GC2	2.2	2.2.4	GC2	2.2	2.2.4	PASS
SRR475471	GC2	2.2	2.2.4	GC2	2.2	2.2.4	PASS
SRR529981	GC2	2.2	2.2.4	GC2	2.2	2.2.4	PASS
SRR475454	GC2	2.2	2.2.4	GC2	2.2	2.2.4	PASS
SRR475449	GC2	2.2	2.2.4	GC2	2.2	2.2.4	PASS
SRR475452	GC2	2.2	2.2.4	GC2	2.2	2.2.4	PASS
SRR11589119	GC2	2.2	2.2.4	GC2	2.2	2.2.4	PASS
SRR13182839	GC2	2.2	2.2.4	GC2	2.2	2.2.4	PASS
SRR15845955	GC2	2.2	2.2.4	GC2	2.2	2.2.4	PASS
SRR15845959	GC2	2.2	2.2.4	GC2	2.2	2.2.4	PASS
GCF_014882035	GC2	2.2	2.2.4	GC2	2.2	2.2.4	PASS
SRR15845982	GC2	2.2	2.2.4	GC2	2.2	2.2.4	PASS
ERR2711673	GC2	2.2	2.2.4	GC2	2.2	2.2.4	PASS
ERR2712319	GC2	2.2	2.2.4	GC2	2.2	2.2.4	PASS
GCF_014880365	GC2	2.2	2.2.4	GC2	2.2	2.2.4	PASS
GCF_014881975	GC2	2.2	2.2.4	GC2	2.2	2.2.4	PASS
GCF_014880345	GC2	2.2	2.2.4	GC2	2.2	2.2.4	PASS
GCF_014882875	GC2	2.2	2.2.4	GC2	2.2	2.2.4	PASS
SRR14154245	GC2	2.2	2.2.4	GC2	2.2	2.2.4	PASS
SRR14634865	GC2	2.2	2.2.4	GC2	2.2	2.2.4	PASS
SRR16479881	GC2	2.2	2.2.4	GC2	2.2	2.2.4	PASS
SRR6165819	GC2	2.2	2.2.4	GC2	2.2	2.2.4	PASS
GCF_000516295	GC2	2.2	2.2.4	GC2	2.2	2.2.4	PASS
SRR13228552	GC2	2.2	2.2.4	GC2	2.2	2.2.4	PASS
SRR13228570	GC2	2.2	2.2.4	GC2	2.2	2.2.4	PASS
SRR14154219	GC2	2.2	2.2.4	GC2	2.2	2.2.4	PASS
SRR13362822	GC2	2.2	2.2.4	GC2	2.2	2.2.4	PASS
SRR14436866	GC2	2.2	2.2.4	GC2	2.2	2.2.4	PASS
GCF_013346545	GC2	2.2	2.2.4	GC2	2.2	2.2.4	PASS
GCF_013346675	GC2	2.2	2.2.4	GC2	2.2	2.2.4	PASS
SRR15845971	GC2	2.2	2.2.4	GC2	2.2	2.2.4	PASS
SRR17084766	GC2	2.2	2.2.4	GC2	2.2	2.2.4	PASS
SRR3944086	GC2	2.2	2.2.4	GC2	2.2	2.2.4	PASS
GCF_008033255	GC2	2.2	2.2.4	GC2	2.2	2.2.4	PASS
GCF_000453785	GC2	2.2	2.2.4	GC2	2.2	2.2.4	PASS
GCF_000453305	GC2	2.2	2.2.4	GC2	2.2	2.2.4	PASS
GCF_000453905	GC2	2.2	2.2.4	GC2	2.2	2.2.4	PASS
GCF_000453765	GC2	2.2	2.2.4	GC2	2.2	2.2.4	PASS
SRR15845961	GC2	2.2	2.2.4	GC2	2.2	2.2.4	PASS
SRR1200546	GC2	2.2	2.2.4	GC2	2.2	2.2.4	PASS
SRR1200547	GC2	2.2	2.2.4	GC2	2.2	2.2.4	PASS
SRR13619178	GC2	2.2	2.2.4	GC2	2.2	2.2.4	PASS
SRR12009578	GC2	2.2	2.2.4	GC2	2.2	2.2.4	PASS
SRR13057513	GC2	2.2	2.2.4	GC2	2.2	2.2.4	PASS
SRR13228369	GC2	2.2	2.2.4	GC2	2.2	2.2.4	PASS
SRR17001157	GC2	2.2	2.2.4	GC2	2.2	2.2.4	PASS
SRR13069017	GC2	2.2	2.2.4	GC2	2.2	2.2.4	PASS
SRR17861237	GC2	2.2	2.2.4	GC2	2.2	2.2.4	PASS
SRR17861238	GC2	2.2	2.2.4	GC2	2.2	2.2.4	PASS
SRR15845918	GC2	2.2	2.2.4	GC2	2.2	2.2.4	PASS
SRR15845962	GC2	2.2	2.2.4	GC2	2.2	2.2.4	PASS
SRR15845987	GC2	2.2	2.2.4	GC2	2.2	2.2.4	PASS
GCF_000184475	GC2	2.2	2.2.4	GC2	2.2	2.2.4	PASS
GCF_003949365	GC2	2.2	2.2.4	GC2	2.2	2.2.4	PASS
GCF_000301915	GC2	2.2	2.2.4	GC2	2.2	2.2.4	PASS
GCF_000453585	GC2	2.2	2.2.4	GC2	2.2	2.2.4	PASS
SRR12903813	GC2	2.2	2.2.4	GC2	2.2	2.2.4	PASS
SRR13619204	GC2	2.2	2.2.4	GC2	2.2	2.2.4	PASS
GCF_006492625	GC2	2.2	2.2.4	GC2	2.2	2.2.4	PASS
SRR12903870	GC2	2.2	2.2.4	GC2	2.2	2.2.4	PASS
SRR12903878	GC2	2.2	2.2.4	GC2	2.2	2.2.4	PASS
SRR14433832	GC2	2.2	2.2.4	GC2	2.2	2.2.4	PASS
SRR14433833	GC2	2.2	2.2.4	GC2	2.2	2.2.4	PASS
SRR12903814	GC2	2.2	2.2.4	GC2	2.2	2.2.4	PASS
SRR13619158	GC2	2.2	2.2.4	GC2	2.2	2.2.4	PASS
SRR13619230	GC2	2.2	2.2.4	GC2	2.2	2.2.4	PASS
SRR12903823	GC2	2.2	2.2.4	GC2	2.2	2.2.4	PASS
SRR12903865	GC2	2.2	2.2.4	GC2	2.2	2.2.4	PASS
SRR12903872	GC2	2.2	2.2.4	GC2	2.2	2.2.4	PASS
SRR12903873	GC2	2.2	2.2.4	GC2	2.2	2.2.4	PASS
SRR12903864	GC2	2.2	2.2.4	GC2	2.2	2.2.4	PASS
SRR12903815	GC2	2.2	2.2.4	GC2	2.2	2.2.4	PASS
SRR16506217	GC2	2.2	2.2.4	GC2	2.2	2.2.4	PASS
SRR16506228	GC2	2.2	2.2.4	GC2	2.2	2.2.4	PASS
SRR12903883	GC2	2.2	2.2.4	GC2	2.2	2.2.4	PASS
SRR13619231	GC2	2.2	2.2.4	GC2	2.2	2.2.4	PASS
SRR3944242	GC2	2.2	2.2.4	GC2	2.2	2.2.4	PASS
SRR1200537	GC2	2.2	2.2.4	GC2	2.2	2.2.4	PASS
SRR1200539	GC2	2.2	2.2.4	GC2	2.2	2.2.4	PASS
SRR15845928	GC2	2.2	2.2.4	GC2	2.2	2.2.4	PASS
SRR15845941	GC2	2.2	2.2.4	GC2	2.2	2.2.4	PASS
GCF_001674045	GC2	2.2	2.2.4	GC2	2.2	2.2.4	PASS
GCF_001669105	GC2	2.2	2.2.4	GC2	2.2	2.2.4	PASS
GCF_001673955	GC2	2.2	2.2.4	GC2	2.2	2.2.4	PASS
GCF_001669115	GC2	2.2	2.2.4	GC2	2.2	2.2.4	PASS
GCF_001668465	GC2	2.2	2.2.4	GC2	2.2	2.2.4	PASS
GCF_001669605	GC2	2.2	2.2.4	GC2	2.2	2.2.4	PASS
GCF_001674555	GC2	2.2	2.2.4	GC2	2.2	2.2.4	PASS
GCF_001673815	GC2	2.2	2.2.4	GC2	2.2	2.2.4	PASS
GCF_001674425	GC2	2.2	2.2.4	GC2	2.2	2.2.4	PASS
SRR18192504	GC2	2.2	2.2.4	GC2	2.2	2.2.4	PASS
SRR13088917	GC2	2.2	2.2.4	GC2	2.2	2.2.4	PASS
SRR18192503	GC2	2.2	2.2.4	GC2	2.2	2.2.4	PASS
SRR13088901	GC2	2.2	2.2.4	GC2	2.2	2.2.4	PASS
SRR13088918	GC2	2.2	2.2.4	GC2	2.2	2.2.4	PASS
SRR13088492	GC2	2.2	2.2.4	GC2	2.2	2.2.4	PASS
SRR13156849	GC2	2.2	2.2.4	GC2	2.2	2.2.4	PASS
SRR13156856	GC2	2.2	2.2.4	GC2	2.2	2.2.4	PASS
SRR18192430	GC2	2.2	2.2.4	GC2	2.2	2.2.4	PASS
SRR18192513	GC2	2.2	2.2.4	GC2	2.2	2.2.4	PASS
SRR15845919	GC2	2.2	2.2.4	GC2	2.2	2.2.4	PASS
SRR15845981	GC2	2.2	2.2.4	GC2	2.2	2.2.4	PASS
SRR13158529	GC2	2.2	2.2.4	GC2	2.2	2.2.4	PASS
SRR13158586	GC2	2.2	2.2.4	GC2	2.2	2.2.4	PASS
SRR13086328	GC2	2.2	2.2.4	GC2	2.2	2.2.4	PASS
SRR13158629	GC2	2.2	2.2.4	GC2	2.2	2.2.4	PASS
SRR13158500	GC2	2.2	2.2.4	GC2	2.2	2.2.4	PASS
SRR18192507	GC2	2.2	2.2.4	GC2	2.2	2.2.4	PASS
SRR15845921	GC2	2.2	2.2.4	GC2	2.2	2.2.4	PASS
SRR18192522	GC2	2.2	2.2.4	GC2	2.2	2.2.4	PASS
SRR15845935	GC2	2.2	2.2.4	GC2	2.2	2.2.4	PASS
SRR15845976	GC2	2.2	2.2.4	GC2	2.2	2.2.4	PASS
SRR11637849	GC2	2.2	2.2.4	GC2	2.2	2.2.4	PASS
SRR11637840	GC2	2.2	2.2.4	GC2	2.2	2.2.4	PASS
SRR11637833	GC2	2.2	2.2.4	GC2	2.2	2.2.4	PASS
SRR11637843	GC2	2.2	2.2.4	GC2	2.2	2.2.4	PASS
SRR11637835	GC2	2.2	2.2.4	GC2	2.2	2.2.4	PASS
GCF_001518715	GC2	2.2	2.2.4	GC2	2.2	2.2.4	PASS
SRR11637853	GC2	2.2	2.2.4	GC2	2.2	2.2.4	PASS
SRR11637839	GC2	2.2	2.2.4	GC2	2.2	2.2.4	PASS
SRR11637842	GC2	2.2	2.2.4	GC2	2.2	2.2.4	PASS
SRR11637845	GC2	2.2	2.2.4	GC2	2.2	2.2.4	PASS
SRR11637836	GC2	2.2	2.2.4	GC2	2.2	2.2.4	PASS
SRR11637852	GC2	2.2	2.2.4	GC2	2.2	2.2.4	PASS
SRR11637846	GC2	2.2	2.2.4	GC2	2.2	2.2.4	PASS
SRR11637848	GC2	2.2	2.2.4	GC2	2.2	2.2.4	PASS
SRR11637850	GC2	2.2	2.2.4	GC2	2.2	2.2.4	PASS
SRR11637838	GC2	2.2	2.2.4	GC2	2.2	2.2.4	PASS
SRR11637844	GC2	2.2	2.2.4	GC2	2.2	2.2.4	PASS
SRR11637837	GC2	2.2	2.2.4	GC2	2.2	2.2.4	PASS
SRR11637832	GC2	2.2	2.2.4	GC2	2.2	2.2.4	PASS
SRR11637834	GC2	2.2	2.2.4	GC2	2.2	2.2.4	PASS
SRR11637841	GC2	2.2	2.2.4	GC2	2.2	2.2.4	PASS
SRR11637847	GC2	2.2	2.2.4	GC2	2.2	2.2.4	PASS
SRR11637851	GC2	2.2	2.2.4	GC2	2.2	2.2.4	PASS
GCF_010605285	GC2	2.2	2.2.4	GC2	2.2	2.2.4	PASS
SRR18215756	GC2	2.2	2.2.4	GC2	2.2	2.2.4	PASS
SRR16292910	GC2	2.2	2.2.4	GC2	2.2	2.2.4	PASS
SRR18215744	GC2	2.2	2.2.4	GC2	2.2	2.2.4	PASS
SRR17311746	GC2	2.2	2.2.4	GC2	2.2	2.2.4	PASS
SRR18215755	GC2	2.2	2.2.4	GC2	2.2	2.2.4	PASS
SRR18215760	GC2	2.2	2.2.4	GC2	2.2	2.2.4	PASS
SRR13158545	GC2	2.2	2.2.4	GC2	2.2	2.2.4	PASS
SRR13158631	GC2	2.2	2.2.4	GC2	2.2	2.2.4	PASS
SRR18192433	GC2	2.2	2.2.4	GC2	2.2	2.2.4	PASS
SRR13158667	GC2	2.2	2.2.4	GC2	2.2	2.2.4	PASS
SRR15845958	GC2	2.2	2.2.4	GC2	2.2	2.2.4	PASS
SRR11725252	GC2	2.2	2.2.4	GC2	2.2	2.2.4	PASS
SRR12519167	GC2	2.2	2.2.4	GC2	2.2	2.2.4	PASS
SRR18346083	GC2	2.2	2.2.4	GC2	2.2	2.2.4	PASS
SRR14436860	GC2	2.2	2.2.4	GC2	2.2	2.2.4	PASS
SRR16520580	GC2	2.2	2.2.4	GC2	2.2	2.2.4	PASS
SRR17943986	GC2	2.2	2.2.4	GC2	2.2	2.2.4	PASS
SRR11725253	GC2	2.2	2.2.4	GC2	2.2	2.2.4	PASS
SRR11725249	GC2	2.2	2.2.4	GC2	2.2	2.2.4	PASS
SRR11725335	GC2	2.2	2.2.4	GC2	2.2	2.2.4	PASS
SRR11725246	GC2	2.2	2.2.4	GC2	2.2	2.2.4	PASS
SRR14634839	GC2	2.2	2.2.4	GC2	2.2	2.2.4	PASS
SRR14634859	GC2	2.2	2.2.4	GC2	2.2	2.2.4	PASS
SRR15377022	GC2	2.2	2.2.4	GC2	2.2	2.2.4	PASS
SRR17685483	GC2	2.2	2.2.4	GC2	2.2	2.2.4	PASS
SRR13228575	GC2	2.2	2.2.4	GC2	2.2	2.2.4	PASS
SRR14436836	GC2	2.2	2.2.4	GC2	2.2	2.2.4	PASS
SRR14154210	GC2	2.2	2.2.4	GC2	2.2	2.2.4	PASS
SRR14792826	GC2	2.2	2.2.4	GC2	2.2	2.2.4	PASS
SRR14154200	GC2	2.2	2.2.4	GC2	2.2	2.2.4	PASS
SRR14634860	GC2	2.2	2.2.4	GC2	2.2	2.2.4	PASS
SRR14792843	GC2	2.2	2.2.4	GC2	2.2	2.2.4	PASS
SRR14154203	GC2	2.2	2.2.4	GC2	2.2	2.2.4	PASS
SRR13362825	GC2	2.2	2.2.4	GC2	2.2	2.2.4	PASS
SRR13362872	GC2	2.2	2.2.4	GC2	2.2	2.2.4	PASS
SRR13362830	GC2	2.2	2.2.4	GC2	2.2	2.2.4	PASS
SRR14154199	GC2	2.2	2.2.4	GC2	2.2	2.2.4	PASS
SRR13362831	GC2	2.2	2.2.4	GC2	2.2	2.2.4	PASS
SRR14996230	GC2	2.2	2.2.4	GC2	2.2	2.2.4	PASS
SRR13643282	GC2	2.2	2.2.4	GC2	2.2	2.2.4	PASS
SRR13965539	GC2	2.2	2.2.4	GC2	2.2	2.2.4	PASS
SRR14436850	GC2	2.2	2.2.4	GC2	2.2	2.2.4	PASS
SRR14154206	GC2	2.2	2.2.4	GC2	2.2	2.2.4	PASS
SRR14154207	GC2	2.2	2.2.4	GC2	2.2	2.2.4	PASS
SRR14436841	GC2	2.2	2.2.4	GC2	2.2	2.2.4	PASS
SRR14154212	GC2	2.2	2.2.4	GC2	2.2	2.2.4	PASS
SRR13965506	GC2	2.2	2.2.4	GC2	2.2	2.2.4	PASS
SRR14436835	GC2	2.2	2.2.4	GC2	2.2	2.2.4	PASS
SRR14634856	GC2	2.2	2.2.4	GC2	2.2	2.2.4	PASS
SRR14436881	GC2	2.2	2.2.4	GC2	2.2	2.2.4	PASS
SRR13965524	GC2	2.2	2.2.4	GC2	2.2	2.2.4	PASS
SRR14436859	GC2	2.2	2.2.4	GC2	2.2	2.2.4	PASS
SRR14996229	GC2	2.2	2.2.4	GC2	2.2	2.2.4	PASS
SRR14154196	GC2	2.2	2.2.4	GC2	2.2	2.2.4	PASS
SRR14154198	GC2	2.2	2.2.4	GC2	2.2	2.2.4	PASS
SRR14154209	GC2	2.2	2.2.4	GC2	2.2	2.2.4	PASS
SRR14436861	GC2	2.2	2.2.4	GC2	2.2	2.2.4	PASS
SRR14436849	GC2	2.2	2.2.4	GC2	2.2	2.2.4	PASS
SRR14436906	GC2	2.2	2.2.4	GC2	2.2	2.2.4	PASS
SRR14436824	GC2	2.2	2.2.4	GC2	2.2	2.2.4	PASS
SRR14436837	GC2	2.2	2.2.4	GC2	2.2	2.2.4	PASS
SRR14634840	GC2	2.2	2.2.4	GC2	2.2	2.2.4	PASS
SRR14154195	GC2	2.2	2.2.4	GC2	2.2	2.2.4	PASS
SRR14792828	GC2	2.2	2.2.4	GC2	2.2	2.2.4	PASS
SRR14154201	GC2	2.2	2.2.4	GC2	2.2	2.2.4	PASS
SRR14436823	GC2	2.2	2.2.4	GC2	2.2	2.2.4	PASS
SRR15377017	GC2	2.2	2.2.4	GC2	2.2	2.2.4	PASS
SRR18346082	GC2	2.2	2.2.4	GC2	2.2	2.2.4	PASS
SRR17250611	GC2	2.2	2.2.4	GC2	2.2	2.2.4	PASS
SRR17611304	GC2	2.2	2.2.4	GC2	2.2	2.2.4	PASS
SRR14634807	GC2	2.2	2.2.4	GC2	2.2	2.2.4	PASS
SRR14634857	GC2	2.2	2.2.4	GC2	2.2	2.2.4	PASS
SRR13965532	GC2	2.2	2.2.4	GC2	2.2	2.2.4	PASS
SRR14436905	GC2	2.2	2.2.4	GC2	2.2	2.2.4	PASS
SRR17611302	GC2	2.2	2.2.4	GC2	2.2	2.2.4	PASS
SRR11725301	GC2	2.2	2.2.4	GC2	2.2	2.2.4	PASS
SRR12519093	GC2	2.2	2.2.4	GC2	2.2	2.2.4	PASS
SRR12519155	GC2	2.2	2.2.4	GC2	2.2	2.2.4	PASS
SRR12865194	GC2	2.2	2.2.4	GC2	2.2	2.2.4	PASS
SRR11725300	GC2	2.2	2.2.4	GC2	2.2	2.2.4	PASS
SRR11725332	GC2	2.2	2.2.4	GC2	2.2	2.2.4	PASS
SRR12519193	GC2	2.2	2.2.4	GC2	2.2	2.2.4	PASS
SRR12743862	GC2	2.2	2.2.4	GC2	2.2	2.2.4	PASS
SRR11725308	GC2	2.2	2.2.4	GC2	2.2	2.2.4	PASS
SRR11725333	GC2	2.2	2.2.4	GC2	2.2	2.2.4	PASS
SRR12519094	GC2	2.2	2.2.4	GC2	2.2	2.2.4	PASS
SRR13748179	GC2	2.2	2.2.4	GC2	2.2	2.2.4	PASS
SRR16132275	GC2	2.2	2.2.4	GC2	2.2	2.2.4	PASS
SRR13075500	GC2	2.2	2.2.4	GC2	2.2	2.2.4	PASS
SRR13362840	GC2	2.2	2.2.4	GC2	2.2	2.2.4	PASS
SRR17250655	GC2	2.2	2.2.4	GC2	2.2	2.2.4	PASS
SRR17944021	GC2	2.2	2.2.4	GC2	2.2	2.2.4	PASS
SRR17250612	GC2	2.2	2.2.4	GC2	2.2	2.2.4	PASS
SRR11725283	GC2	2.2	2.2.4	GC2	2.2	2.2.4	PASS
SRR16520623	GC2	2.2	2.2.4	GC2	2.2	2.2.4	PASS
SRR4417595	GC2	2.2	2.2.4	GC2	2.2	2.2.4	PASS
SRR4417604	GC2	2.2	2.2.4	GC2	2.2	2.2.4	PASS
SRR4417605	GC2	2.2	2.2.4	GC2	2.2	2.2.4	PASS
GCF_000222285	GC2	2.2	2.2.4	GC2	2.2	2.2.4	PASS
GCF_000309175	GC2	2.2	2.2.4	GC2	2.2	2.2.4	PASS
GCF_006493655	GC2	2.2	2.2.4	GC2	2.2	2.2.4	PASS
ERR2712952	GC2	2.2	2.2.4	GC2	2.2	2.2.4	PASS
GCF_002154155	GC2	2.2	2.2.4	GC2	2.2	2.2.4	PASS
GCF_002154215	GC2	2.2	2.2.4	GC2	2.2	2.2.4	PASS
SRR5739029	GC2	2.2	2.2.4	GC2	2.2	2.2.4	PASS
GCF_002143235	GC2	2.2	2.2.4	GC2	2.2	2.2.4	PASS
GCF_013346525	GC2	2.2	2.2.4	GC2	2.2	2.2.4	PASS
GCF_001432445	GC2	2.2	2.2.4	GC2	2.2	2.2.4	PASS
GCF_007221455	GC2	2.2	NA	NA	NA	NA	UNRESOLVED
GCF_000369285	GC2	2.2	NA	NA	NA	NA	UNRESOLVED
GCF_900476575	GC2	2.2	NA	NA	NA	NA	UNRESOLVED
GCF_003052285	GC2	2.2	2.2.5	NA	NA	NA	UNRESOLVED
SRR11589133	GC2	2.2	2.2.5	NA	NA	NA	UNRESOLVED
SRR3943760	GC2	2.2	2.2.5	NA	NA	NA	UNRESOLVED
SRR3228571	GC2	2.2	2.2.5	NA	NA	NA	UNRESOLVED
GCF_000335655	GC2	2.2	2.2.5	NA	NA	NA	UNRESOLVED
SRR3223915	GC2	2.2	2.2.5	NA	NA	NA	UNRESOLVED
SRR3228573	GC2	2.2	2.2.5	NA	NA	NA	UNRESOLVED
SRR3227021	GC2	2.2	2.2.5	NA	NA	NA	UNRESOLVED
SRR3228548	GC2	2.2	2.2.5	NA	NA	NA	UNRESOLVED
SRR3222495	GC2	2.2	2.2.5	NA	NA	NA	UNRESOLVED
SRR3228551	GC2	2.2	2.2.5	NA	NA	NA	UNRESOLVED
SRR3170592	GC2	2.2	2.2.5	NA	NA	NA	UNRESOLVED
SRR11589182	GC2	2.2	2.2.5	NA	NA	NA	UNRESOLVED
GCF_900476565	GC2	2.2	2.2.5	NA	NA	NA	UNRESOLVED
GCF_900476585	GC2	2.2	2.2.5	NA	NA	NA	UNRESOLVED
SRR11589229	GC2	2.2	2.2.5	NA	NA	NA	UNRESOLVED
DRR033181	GC2	2.2	2.2.5	NA	NA	NA	UNRESOLVED
DRR033182	GC2	2.2	2.2.5	NA	NA	NA	UNRESOLVED
DRR033185	GC2	2.2	2.2.5	NA	NA	NA	UNRESOLVED
DRR033183	GC2	2.2	2.2.5	NA	NA	NA	UNRESOLVED
DRR033191	GC2	2.2	2.2.5	NA	NA	NA	UNRESOLVED
DRR033187	GC2	2.2	2.2.5	NA	NA	NA	UNRESOLVED
DRR033188	GC2	2.2	2.2.5	NA	NA	NA	UNRESOLVED
DRR033194	GC2	2.2	2.2.5	NA	NA	NA	UNRESOLVED
DRR033198	GC2	2.2	2.2.5	NA	NA	NA	UNRESOLVED
DRR033190	GC2	2.2	2.2.5	NA	NA	NA	UNRESOLVED
DRR033196	GC2	2.2	2.2.5	NA	NA	NA	UNRESOLVED
DRR033197	GC2	2.2	2.2.5	NA	NA	NA	UNRESOLVED
ERR2711680	GC2	2.2	2.2.5	NA	NA	NA	UNRESOLVED
GCF_002182385	GC2	2.2	2.2.5	NA	NA	NA	UNRESOLVED
GCF_000810325	GC2	2.2	2.2.5	NA	NA	NA	UNRESOLVED
GCF_000515535	GC2	2.2	2.2.5	NA	NA	NA	UNRESOLVED
GCF_002136825	GC2	2.2	2.2.5	NA	NA	NA	UNRESOLVED
GCF_002014155	GC2	2.2	2.2.5	NA	NA	NA	UNRESOLVED
GCF_002017605	GC2	2.2	2.2.5	NA	NA	NA	UNRESOLVED
SRR17153374	GC2	2.2	2.2.5	NA	NA	NA	UNRESOLVED
GCF_002017195	GC2	2.2	2.2.5	NA	NA	NA	UNRESOLVED
GCF_002143405	GC2	2.2	2.2.5	NA	NA	NA	UNRESOLVED
GCF_002014355	GC2	2.2	2.2.5	NA	NA	NA	UNRESOLVED
GCF_002014265	GC2	2.2	2.2.5	NA	NA	NA	UNRESOLVED
GCF_002014175	GC2	2.2	2.2.5	NA	NA	NA	UNRESOLVED
GCF_002183725	GC2	2.2	2.2.5	NA	NA	NA	UNRESOLVED
GCF_002017735	GC2	2.2	2.2.5	NA	NA	NA	UNRESOLVED
GCF_002182795	GC2	2.2	2.2.5	NA	NA	NA	UNRESOLVED
GCF_002183805	GC2	2.2	2.2.5	NA	NA	NA	UNRESOLVED
GCF_000809945	GC2	2.2	2.2.5	NA	NA	NA	UNRESOLVED
GCF_002143035	GC2	2.2	2.2.5	NA	NA	NA	UNRESOLVED
GCF_002182625	GC2	2.2	2.2.5	NA	NA	NA	UNRESOLVED
GCF_002182845	GC2	2.2	2.2.5	NA	NA	NA	UNRESOLVED
GCF_000810935	GC2	2.2	2.2.5	NA	NA	NA	UNRESOLVED
GCF_002145435	GC2	2.2	2.2.5	NA	NA	NA	UNRESOLVED
GCF_000811845	GC2	2.2	2.2.5	NA	NA	NA	UNRESOLVED
GCF_002016935	GC2	2.2	2.2.5	NA	NA	NA	UNRESOLVED
GCF_000811825	GC2	2.2	2.2.5	NA	NA	NA	UNRESOLVED
GCF_002136615	GC2	2.2	2.2.5	NA	NA	NA	UNRESOLVED
GCF_002017705	GC2	2.2	2.2.5	NA	NA	NA	UNRESOLVED
GCF_002143095	GC2	2.2	2.2.5	NA	NA	NA	UNRESOLVED
GCF_000949045	GC2	2.2	2.2.5	NA	NA	NA	UNRESOLVED
GCF_002137695	GC2	2.2	2.2.5	NA	NA	NA	UNRESOLVED
GCF_002183405	GC2	2.2	2.2.5	NA	NA	NA	UNRESOLVED
GCF_002184385	GC2	2.2	2.2.5	NA	NA	NA	UNRESOLVED
GCF_000811545	GC2	2.2	2.2.5	NA	NA	NA	UNRESOLVED
GCF_002142935	GC2	2.2	2.2.5	NA	NA	NA	UNRESOLVED
GCF_002017255	GC2	2.2	2.2.5	NA	NA	NA	UNRESOLVED
GCF_002138035	GC2	2.2	2.2.5	NA	NA	NA	UNRESOLVED
GCF_000810025	GC2	2.2	2.2.5	NA	NA	NA	UNRESOLVED
GCF_000811525	GC2	2.2	2.2.5	NA	NA	NA	UNRESOLVED
GCF_002143045	GC2	2.2	2.2.5	NA	NA	NA	UNRESOLVED
GCF_002947415	GC2	2.2	2.2.5	NA	NA	NA	UNRESOLVED
GCF_000810045	GC2	2.2	2.2.5	NA	NA	NA	UNRESOLVED
GCF_000810065	GC2	2.2	2.2.5	NA	NA	NA	UNRESOLVED
GCF_002017335	GC2	2.2	2.2.5	NA	NA	NA	UNRESOLVED
GCF_002016775	GC2	2.2	2.2.5	NA	NA	NA	UNRESOLVED
GCF_002184025	GC2	2.2	2.2.5	NA	NA	NA	UNRESOLVED
GCF_000811005	GC2	2.2	2.2.5	NA	NA	NA	UNRESOLVED
GCF_000949115	GC2	2.2	2.2.5	NA	NA	NA	UNRESOLVED
GCF_001666325	GC2	2.2	2.2.5	NA	NA	NA	UNRESOLVED
GCF_001666705	GC2	2.2	2.2.5	NA	NA	NA	UNRESOLVED
GCF_000949065	GC2	2.2	2.2.5	NA	NA	NA	UNRESOLVED
GCF_002183035	GC2	2.2	2.2.5	NA	NA	NA	UNRESOLVED
GCF_002145175	GC2	2.2	2.2.5	NA	NA	NA	UNRESOLVED
GCF_002184005	GC2	2.2	2.2.5	NA	NA	NA	UNRESOLVED
GCF_002144685	GC2	2.2	2.2.5	NA	NA	NA	UNRESOLVED
GCF_002017105	GC2	2.2	2.2.5	NA	NA	NA	UNRESOLVED
GCF_002183625	GC2	2.2	2.2.5	NA	NA	NA	UNRESOLVED
GCF_002182705	GC2	2.2	2.2.5	NA	NA	NA	UNRESOLVED
GCF_002182725	GC2	2.2	2.2.5	NA	NA	NA	UNRESOLVED
GCF_002182785	GC2	2.2	2.2.5	NA	NA	NA	UNRESOLVED
GCF_000811785	GC2	2.2	2.2.5	NA	NA	NA	UNRESOLVED
GCF_002143335	GC2	2.2	2.2.5	NA	NA	NA	UNRESOLVED
GCF_002017745	GC2	2.2	2.2.5	NA	NA	NA	UNRESOLVED
GCF_002143015	GC2	2.2	2.2.5	NA	NA	NA	UNRESOLVED
GCF_002143675	GC2	2.2	2.2.5	NA	NA	NA	UNRESOLVED
GCF_002182805	GC2	2.2	2.2.5	NA	NA	NA	UNRESOLVED
GCF_000811685	GC2	2.2	2.2.5	NA	NA	NA	UNRESOLVED
GCF_002138245	GC2	2.2	2.2.5	NA	NA	NA	UNRESOLVED
GCF_002142955	GC2	2.2	2.2.5	NA	NA	NA	UNRESOLVED
GCF_000811665	GC2	2.2	2.2.5	NA	NA	NA	UNRESOLVED
GCF_002184565	GC2	2.2	2.2.5	NA	NA	NA	UNRESOLVED
GCF_000811585	GC2	2.2	2.2.5	NA	NA	NA	UNRESOLVED
GCF_000811725	GC2	2.2	2.2.5	NA	NA	NA	UNRESOLVED
GCF_000811625	GC2	2.2	2.2.5	NA	NA	NA	UNRESOLVED
GCF_000811705	GC2	2.2	2.2.5	NA	NA	NA	UNRESOLVED
GCF_002143105	GC2	2.2	2.2.5	NA	NA	NA	UNRESOLVED
GCF_001664655	GC2	2.2	2.2.5	NA	NA	NA	UNRESOLVED
GCF_002017285	GC2	2.2	2.2.5	NA	NA	NA	UNRESOLVED
GCF_002183855	GC2	2.2	2.2.5	NA	NA	NA	UNRESOLVED
GCF_002017795	GC2	2.2	2.2.5	NA	NA	NA	UNRESOLVED
GCF_002017265	GC2	2.2	2.2.5	NA	NA	NA	UNRESOLVED
GCF_002138165	GC2	2.2	2.2.5	NA	NA	NA	UNRESOLVED
GCF_002017515	GC2	2.2	2.2.5	NA	NA	NA	UNRESOLVED
GCF_002183705	GC2	2.2	2.2.5	NA	NA	NA	UNRESOLVED
GCF_001665175	GC2	2.2	2.2.5	NA	NA	NA	UNRESOLVED
GCF_002016955	GC2	2.2	2.2.5	NA	NA	NA	UNRESOLVED
GCF_002143785	GC2	2.2	2.2.5	NA	NA	NA	UNRESOLVED
GCF_002182695	GC2	2.2	2.2.5	NA	NA	NA	UNRESOLVED
GCF_000809425	GC2	2.2	2.2.5	NA	NA	NA	UNRESOLVED
GCF_000515495	GC2	2.2	2.2.5	NA	NA	NA	UNRESOLVED
SRR1685882	GC2	2.2	2.2.5	NA	NA	NA	UNRESOLVED
SRR1685883	GC2	2.2	2.2.5	NA	NA	NA	UNRESOLVED
GCF_000516055	GC2	2.2	2.2.5	NA	NA	NA	UNRESOLVED
GCF_000516075	GC2	2.2	2.2.5	NA	NA	NA	UNRESOLVED
GCF_000809235	GC2	2.2	2.2.5	NA	NA	NA	UNRESOLVED
GCF_000810605	GC2	2.2	2.2.5	NA	NA	NA	UNRESOLVED
SRR1685826	GC2	2.2	2.2.5	NA	NA	NA	UNRESOLVED
SRR1685881	GC2	2.2	2.2.5	NA	NA	NA	UNRESOLVED
GCF_000809405	GC2	2.2	2.2.5	NA	NA	NA	UNRESOLVED
GCF_000515435	GC2	2.2	2.2.5	NA	NA	NA	UNRESOLVED
GCF_000516335	GC2	2.2	2.2.5	NA	NA	NA	UNRESOLVED
GCF_000810225	GC2	2.2	2.2.5	NA	NA	NA	UNRESOLVED
GCF_002137555	GC2	2.2	2.2.5	NA	NA	NA	UNRESOLVED
GCF_000811385	GC2	2.2	2.2.5	NA	NA	NA	UNRESOLVED
SRR1685958	GC2	2.2	2.2.5	NA	NA	NA	UNRESOLVED
SRR1685960	GC2	2.2	2.2.5	NA	NA	NA	UNRESOLVED
SRR1685827	GC2	2.2	2.2.5	NA	NA	NA	UNRESOLVED
GCF_000810305	GC2	2.2	2.2.5	NA	NA	NA	UNRESOLVED
GCF_002143625	GC2	2.2	2.2.5	NA	NA	NA	UNRESOLVED
GCF_000810345	GC2	2.2	2.2.5	NA	NA	NA	UNRESOLVED
GCF_002137475	GC2	2.2	2.2.5	NA	NA	NA	UNRESOLVED
SRR1685800	GC2	2.2	2.2.5	NA	NA	NA	UNRESOLVED
SRR1685815	GC2	2.2	2.2.5	NA	NA	NA	UNRESOLVED
GCF_002182925	GC2	2.2	2.2.5	NA	NA	NA	UNRESOLVED
SRR11589218	GC2	2.2	2.2.5	NA	NA	NA	UNRESOLVED
GCF_002136885	GC2	2.2	2.2.5	NA	NA	NA	UNRESOLVED
GCF_000810085	GC2	2.2	2.2.5	NA	NA	NA	UNRESOLVED
GCF_000811265	GC2	2.2	2.2.5	NA	NA	NA	UNRESOLVED
GCF_002017035	GC2	2.2	2.2.5	NA	NA	NA	UNRESOLVED
GCF_014882865	GC2	2.2	2.2.5	NA	NA	NA	UNRESOLVED
GCF_003949485	GC2	2.2	2.2.5	NA	NA	NA	UNRESOLVED
GCF_003948425	GC2	2.2	2.2.5	NA	NA	NA	UNRESOLVED
SRR11589251	GC2	2.2	2.2.5	NA	NA	NA	UNRESOLVED
SRR4417569	GC2	2.2	2.2.5	NA	NA	NA	UNRESOLVED
GCF_001541685	GC2	2.2	2.2.5	NA	NA	NA	UNRESOLVED
GCF_015627285	GC2	2.2	2.2.5	NA	NA	NA	UNRESOLVED
GCF_001541525	GC2	2.2	2.2.5	NA	NA	NA	UNRESOLVED
GCF_001541695	GC2	2.2	2.2.5	NA	NA	NA	UNRESOLVED
GCF_001949935	GC2	2.2	2.2.5	NA	NA	NA	UNRESOLVED
GCF_001950195	GC2	2.2	2.2.5	NA	NA	NA	UNRESOLVED
GCF_001949945	GC2	2.2	2.2.5	NA	NA	NA	UNRESOLVED
GCF_001950295	GC2	2.2	2.2.5	NA	NA	NA	UNRESOLVED
GCF_001707985	GC2	2.2	2.2.5	NA	NA	NA	UNRESOLVED
GCF_001949965	GC2	2.2	2.2.5	NA	NA	NA	UNRESOLVED
GCF_001949955	GC2	2.2	2.2.5	NA	NA	NA	UNRESOLVED
GCF_001950035	GC2	2.2	2.2.5	NA	NA	NA	UNRESOLVED
GCF_001950215	GC2	2.2	2.2.5	NA	NA	NA	UNRESOLVED
GCF_001708025	GC2	2.2	2.2.5	NA	NA	NA	UNRESOLVED
GCF_003863935	GC2	2.2	2.2.5	NA	NA	NA	UNRESOLVED
GCF_001950085	GC2	2.2	2.2.5	NA	NA	NA	UNRESOLVED
GCF_001950285	GC2	2.2	2.2.5	NA	NA	NA	UNRESOLVED
GCF_001950065	GC2	2.2	2.2.5	NA	NA	NA	UNRESOLVED
GCF_001950155	GC2	2.2	2.2.5	NA	NA	NA	UNRESOLVED
GCF_014893575	GC2	2.2	2.2.5	NA	NA	NA	UNRESOLVED
GCF_014893595	GC2	2.2	2.2.5	NA	NA	NA	UNRESOLVED
GCF_003181015	GC2	2.2	2.2.5	NA	NA	NA	UNRESOLVED
GCF_900444735	GC2	2.2	2.2.5	NA	NA	NA	UNRESOLVED
GCF_001950265	GC2	2.2	2.2.5	NA	NA	NA	UNRESOLVED
SRR11676271	GC2	2.2	2.2.5	NA	NA	NA	UNRESOLVED
ERR3218238	GC2	2.2	2.2.5	NA	NA	NA	UNRESOLVED
GCF_001420505	GC2	2.2	2.2.5	NA	NA	NA	UNRESOLVED
GCF_000981405	GC2	2.2	2.2.6	NA	NA	NA	UNRESOLVED
ERR1805267	GC2	2.2	2.2.6	NA	NA	NA	UNRESOLVED
ERR1805266	GC2	2.2	2.2.6	NA	NA	NA	UNRESOLVED
ERR1805268	GC2	2.2	2.2.6	NA	NA	NA	UNRESOLVED
ERR1805269	GC2	2.2	2.2.6	NA	NA	NA	UNRESOLVED
GCF_002634345	GC2	2.2	2.2.6	NA	NA	NA	UNRESOLVED
GCF_002238075	GC2	2.2	2.2.6	NA	NA	NA	UNRESOLVED
GCF_002634325	GC2	2.2	2.2.6	NA	NA	NA	UNRESOLVED
ERR110061	GC2	2.2	2.2.6	NA	NA	NA	UNRESOLVED
SRR11589186	GC2	2.2	2.2.6	NA	NA	NA	UNRESOLVED
GCF_000188215	GC2	2.2	2.2.6	NA	NA	NA	UNRESOLVED
GCF_000302055	GC2	2.2	2.2.6	NA	NA	NA	UNRESOLVED
GCF_003948225	GC2	2.2	2.2.6	NA	NA	NA	UNRESOLVED
GCF_000498375	GC2	2.2	2.2.6	NA	NA	NA	UNRESOLVED
GCF_006492165	GC2	2.2	2.2.6	NA	NA	NA	UNRESOLVED
SRR3197602	GC2	2.2	2.2.6	NA	NA	NA	UNRESOLVED
GCF_000222265	GC2	2.2	2.2.6	NA	NA	NA	UNRESOLVED
GCF_003948915	GC2	2.2	2.2.6	NA	NA	NA	UNRESOLVED
GCF_000301315	GC2	2.2	2.2.6	NA	NA	NA	UNRESOLVED
GCF_003949575	GC2	2.2	2.2.6	NA	NA	NA	UNRESOLVED
GCF_000301955	GC2	2.2	2.2.6	NA	NA	NA	UNRESOLVED
SRR1200598	GC2	2.2	2.2.6	NA	NA	NA	UNRESOLVED
SRR3242054	GC2	2.2	2.2.6	NA	NA	NA	UNRESOLVED
ERR246905	GC2	2.2	2.2.6	NA	NA	NA	UNRESOLVED
ERR246873	GC2	2.2	2.2.6	NA	NA	NA	UNRESOLVED
ERR246960	GC2	2.2	2.2.6	NA	NA	NA	UNRESOLVED
ERR486687	GC2	2.2	2.2.6	NA	NA	NA	UNRESOLVED
SRR1314606	GC2	2.2	2.2.6	NA	NA	NA	UNRESOLVED
SRR1314607	GC2	2.2	2.2.6	NA	NA	NA	UNRESOLVED
SRR1314622	GC2	2.2	2.2.6	NA	NA	NA	UNRESOLVED
SRR1314623	GC2	2.2	2.2.6	NA	NA	NA	UNRESOLVED
SRR3225234	GC2	2.2	2.2.6	NA	NA	NA	UNRESOLVED
SRR3228478	GC2	2.2	2.2.6	NA	NA	NA	UNRESOLVED
DRR039879	GC2	2.2	2.2.6	NA	NA	NA	UNRESOLVED
ERR263704	GC2	2.2	2.2.6	NA	NA	NA	UNRESOLVED
ERR110060	GC2	2.2	2.2.6	NA	NA	NA	UNRESOLVED
ERR110062	GC2	2.2	2.2.6	NA	NA	NA	UNRESOLVED
ERR110063	GC2	2.2	2.2.6	NA	NA	NA	UNRESOLVED
SRR11746233	GC2	2.2	2.2.6	NA	NA	NA	UNRESOLVED
GCF_904884475	GC2	2.2	2.2.6	NA	NA	NA	UNRESOLVED
GCF_904884465	GC2	2.2	2.2.6	NA	NA	NA	UNRESOLVED
GCF_904884515	GC2	2.2	2.2.6	NA	NA	NA	UNRESOLVED
GCF_904884535	GC2	2.2	2.2.6	NA	NA	NA	UNRESOLVED
GCF_904884565	GC2	2.2	2.2.6	NA	NA	NA	UNRESOLVED
SRR3944000	GC2	2.2	2.2.6	NA	NA	NA	UNRESOLVED
SRR3944032	GC2	2.2	2.2.6	NA	NA	NA	UNRESOLVED
GCF_001433675	GC2	2.2	2.2.6	NA	NA	NA	UNRESOLVED
GCF_001414865	GC2	2.2	2.2.6	NA	NA	NA	UNRESOLVED
SRR3944104	GC2	2.2	2.2.6	NA	NA	NA	UNRESOLVED
GCF_001612235	GC2	2.2	2.2.6	NA	NA	NA	UNRESOLVED
SRR3944054	GC2	2.2	2.2.6	NA	NA	NA	UNRESOLVED
SRR3170740	GC2	2.2	2.2.6	NA	NA	NA	UNRESOLVED
SRR3944010	GC2	2.2	2.2.6	NA	NA	NA	UNRESOLVED
SRR3944257	GC2	2.2	2.2.6	NA	NA	NA	UNRESOLVED
SRR3944103	GC2	2.2	2.2.6	NA	NA	NA	UNRESOLVED
SRR3152492	GC2	2.2	2.2.6	NA	NA	NA	UNRESOLVED
GCF_000241725	GC2	2.2	2.2.6	NA	NA	NA	UNRESOLVED
SRR3131218	GC2	2.2	2.2.6	NA	NA	NA	UNRESOLVED
SRR3943984	GC2	2.2	2.2.6	NA	NA	NA	UNRESOLVED
SRR3944196	GC2	2.2	2.2.6	NA	NA	NA	UNRESOLVED
SRR3944258	GC2	2.2	2.2.6	NA	NA	NA	UNRESOLVED
SRR3944034	GC2	2.2	2.2.6	NA	NA	NA	UNRESOLVED
SRR3944237	GC2	2.2	2.2.6	NA	NA	NA	UNRESOLVED
SRR3943793	GC2	2.2	2.2.6	NA	NA	NA	UNRESOLVED
GCF_015687185	GC2	2.2	2.2.6	NA	NA	NA	UNRESOLVED
SRR11435804	GC2	2.2	2.2.6	NA	NA	NA	UNRESOLVED
SRR3944106	GC2	2.2	2.2.6	NA	NA	NA	UNRESOLVED
SRR3944199	GC2	2.2	2.2.6	NA	NA	NA	UNRESOLVED
SRR11435809	GC2	2.2	2.2.6	NA	NA	NA	UNRESOLVED
SRR3131169	GC2	2.2	2.2.6	NA	NA	NA	UNRESOLVED
SRR11435805	GC2	2.2	2.2.6	NA	NA	NA	UNRESOLVED
SRR3943763	GC2	2.2	2.2.6	NA	NA	NA	UNRESOLVED
SRR3944236	GC2	2.2	2.2.6	NA	NA	NA	UNRESOLVED
GCF_001612355	GC2	2.2	2.2.6	NA	NA	NA	UNRESOLVED
SRR11435803	GC2	2.2	2.2.6	NA	NA	NA	UNRESOLVED
SRR3944033	GC2	2.2	2.2.6	NA	NA	NA	UNRESOLVED
SRR3944214	GC2	2.2	2.2.6	NA	NA	NA	UNRESOLVED
GCF_001612395	GC2	2.2	2.2.6	NA	NA	NA	UNRESOLVED
SRR11435807	GC2	2.2	2.2.6	NA	NA	NA	UNRESOLVED
SRR11435808	GC2	2.2	2.2.6	NA	NA	NA	UNRESOLVED
SRR3943794	GC2	2.2	2.2.6	NA	NA	NA	UNRESOLVED
SRR3944105	GC2	2.2	2.2.6	NA	NA	NA	UNRESOLVED
SRR3943764	GC2	2.2	2.2.6	NA	NA	NA	UNRESOLVED
SRR3944082	GC2	2.2	2.2.6	NA	NA	NA	UNRESOLVED
GCF_001612335	GC2	2.2	2.2.6	NA	NA	NA	UNRESOLVED
GCF_001612365	GC2	2.2	2.2.6	NA	NA	NA	UNRESOLVED
SRR3131233	GC2	2.2	2.2.6	NA	NA	NA	UNRESOLVED
SRR3943765	GC2	2.2	2.2.6	NA	NA	NA	UNRESOLVED
SRR3944001	GC2	2.2	2.2.6	NA	NA	NA	UNRESOLVED
SRR3944002	GC2	2.2	2.2.6	NA	NA	NA	UNRESOLVED
SRR3131229	GC2	2.2	2.2.6	NA	NA	NA	UNRESOLVED
SRR3944221	GC2	2.2	2.2.6	NA	NA	NA	UNRESOLVED
SRR3944259	GC2	2.2	2.2.6	NA	NA	NA	UNRESOLVED
SRR3943744	GC2	2.2	2.2.6	NA	NA	NA	UNRESOLVED
SRR3944217	GC2	2.2	2.2.6	NA	NA	NA	UNRESOLVED
SRR3943795	GC2	2.2	2.2.6	NA	NA	NA	UNRESOLVED
SRR3944036	GC2	2.2	2.2.6	NA	NA	NA	UNRESOLVED
GCF_002753915	GC2	2.2	2.2.6	NA	NA	NA	UNRESOLVED
GCF_003345995	GC2	2.2	2.2.6	NA	NA	NA	UNRESOLVED
GCF_004357295	GC2	2.2	2.2.6	NA	NA	NA	UNRESOLVED
SRR3944213	GC2	2.2	2.2.6	NA	NA	NA	UNRESOLVED
SRR3152158	GC2	2.2	2.2.6	NA	NA	NA	UNRESOLVED
ERR1946973	GC2	2.2	2.2.6	NA	NA	NA	UNRESOLVED
ERR1946974	GC2	2.2	2.2.6	NA	NA	NA	UNRESOLVED
GCF_006493745	GC2	2.2	2.2.6	NA	NA	NA	UNRESOLVED
ERR2712210	GC2	2.2	2.2.6	NA	NA	NA	UNRESOLVED
GCF_016903135	GC2	2.2	2.2.6	NA	NA	NA	UNRESOLVED
GCF_003345855	GC2	2.2	2.2.6	NA	NA	NA	UNRESOLVED
GCF_003345915	GC2	2.2	2.2.6	NA	NA	NA	UNRESOLVED
GCF_004357095	GC2	2.2	2.2.6	NA	NA	NA	UNRESOLVED
ERR2712355	GC2	2.2	2.2.6	NA	NA	NA	UNRESOLVED
ERR2712231	GC2	2.2	2.2.6	NA	NA	NA	UNRESOLVED
GCF_003941735	GC2	2.2	2.2.6	NA	NA	NA	UNRESOLVED
GCF_003939415	GC2	2.2	2.2.6	NA	NA	NA	UNRESOLVED
GCF_003940005	GC2	2.2	2.2.6	NA	NA	NA	UNRESOLVED
GCF_003941485	GC2	2.2	2.2.6	NA	NA	NA	UNRESOLVED
GCF_003345835	GC2	2.2	2.2.6	NA	NA	NA	UNRESOLVED
GCF_003939475	GC2	2.2	2.2.6	NA	NA	NA	UNRESOLVED
GCF_003939445	GC2	2.2	2.2.6	NA	NA	NA	UNRESOLVED
GCF_003940015	GC2	2.2	2.2.6	NA	NA	NA	UNRESOLVED
GCF_003939935	GC2	2.2	2.2.6	NA	NA	NA	UNRESOLVED
GCF_003939545	GC2	2.2	2.2.6	NA	NA	NA	UNRESOLVED
GCF_003939955	GC2	2.2	2.2.6	NA	NA	NA	UNRESOLVED
GCF_003939525	GC2	2.2	2.2.6	NA	NA	NA	UNRESOLVED
ERR2712992	GC2	2.2	2.2.6	NA	NA	NA	UNRESOLVED
GCF_014531245	GC2	2.2	2.2.6	NA	NA	NA	UNRESOLVED
GCF_014530815	GC2	2.2	2.2.6	NA	NA	NA	UNRESOLVED
GCF_014530705	GC2	2.2	2.2.6	NA	NA	NA	UNRESOLVED
GCF_014531635	GC2	2.2	2.2.6	NA	NA	NA	UNRESOLVED
GCF_900477855	GC2	2.2	2.2.6	NA	NA	NA	UNRESOLVED
GCF_900477725	GC2	2.2	2.2.6	NA	NA	NA	UNRESOLVED
GCF_900477745	GC2	2.2	2.2.6	NA	NA	NA	UNRESOLVED
GCF_002992605	GC2	2.2	2.2.6	NA	NA	NA	UNRESOLVED
GCF_002992905	GC2	2.2	2.2.6	NA	NA	NA	UNRESOLVED
GCF_002992685	GC2	2.2	2.2.6	NA	NA	NA	UNRESOLVED
GCF_904886915	GC2	2.2	2.2.6	NA	NA	NA	UNRESOLVED
ERR5928264	GC2	2.2	2.2.6	NA	NA	NA	UNRESOLVED
GCF_018789075	GC2	2.2	2.2.6	NA	NA	NA	UNRESOLVED
SRR3228535	GC2	2.2	2.2.6	NA	NA	NA	UNRESOLVED
SRR3228558	GC2	2.2	2.2.6	NA	NA	NA	UNRESOLVED
GCF_006492305	GC2	2.2	2.2.6	NA	NA	NA	UNRESOLVED
SRR3170244	GC2	2.2	2.2.6	NA	NA	NA	UNRESOLVED
SRR3223556	GC2	2.2	2.2.6	NA	NA	NA	UNRESOLVED
GCF_006492675	GC2	2.2	2.2.6	NA	NA	NA	UNRESOLVED
ERR1805270	GC2	2.2	2.2.6	NA	NA	NA	UNRESOLVED
ERR1805271	GC2	2.2	2.2.6	NA	NA	NA	UNRESOLVED
ERR1805272	GC2	2.2	2.2.6	NA	NA	NA	UNRESOLVED
GCF_000367885	GC2	2.2	2.2.6	NA	NA	NA	UNRESOLVED
ERR6938099	GC2	2.2	NA	NA	NA	NA	UNRESOLVED
ERR7226612	GC2	2.2	NA	NA	NA	NA	UNRESOLVED
GCF_000805035	GC2	2.3	NA	NA	NA	NA	UNRESOLVED
GCF_003336035	GC2	2.3	NA	NA	NA	NA	UNRESOLVED
GCF_020255255	GC2	2.3	2.3.2	GC2	2.3	2.3.2	PASS
ERR2711315	GC2	2.3	2.3.2	GC2	2.3	2.3.2	PASS
GCF_005819165	GC2	2.3	2.3.2	GC2	2.3	2.3.2	PASS
GCF_005819265	GC2	2.3	2.3.2	GC2	2.3	2.3.2	PASS
ERR2711661	GC2	2.3	2.3.2	GC2	2.3	2.3.2	PASS
ERR2712394	GC2	2.3	2.3.2	GC2	2.3	2.3.2	PASS
SRR11589170	GC2	2.3	2.3.2	GC2	2.3	2.3.2	PASS
ERR2711677	GC2	2.3	2.3.2	GC2	2.3	2.3.2	PASS
SRR11589115	GC2	2.3	2.3.2	GC2	2.3	2.3.2	PASS
GCF_001400975	GC2	2.3	2.3.2	GC2	2.3	2.3.2	PASS
GCF_013185155	GC2	2.3	2.3.2	GC2	2.3	2.3.2	PASS
SRR17898055	GC2	2.3	2.3.2	GC2	2.3	2.3.2	PASS
SRR12889325	GC2	2.3	2.3.2	GC2	2.3	2.3.2	PASS
SRR12889321	GC2	2.3	2.3.2	GC2	2.3	2.3.2	PASS
SRR17898054	GC2	2.3	2.3.2	GC2	2.3	2.3.2	PASS
GCF_018928145	GC2	2.3	2.3.2	GC2	2.3	2.3.2	PASS
GCF_018789335	GC2	2.3	2.3.2	GC2	2.3	2.3.2	PASS
SRR3222498	GC2	2.3	2.3.2	GC2	2.3	2.3.2	PASS
SRR3228554	GC2	2.3	2.3.2	GC2	2.3	2.3.2	PASS
GCF_000314655	GC2	2.3	2.3.2	GC2	2.3	2.3.2	PASS
GCF_000516595	GC2	2.3	2.3.2	GC2	2.3	2.3.2	PASS
GCF_014705885	GC2	2.3	2.3.2	GC2	2.3	2.3.2	PASS
SRR13711009	GC2	2.3	2.3.2	GC2	2.3	2.3.2	PASS
SRR13711010	GC2	2.3	2.3.2	GC2	2.3	2.3.2	PASS
ERR1125119	GC2	2.3	2.3.2	GC2	2.3	2.3.2	PASS
ERR2711313	GC2	2.3	2.3.2	GC2	2.3	2.3.2	PASS
SRR13711006	GC2	2.3	2.3.2	GC2	2.3	2.3.2	PASS
SRR13711007	GC2	2.3	2.3.2	GC2	2.3	2.3.2	PASS
SRR13711018	GC2	2.3	2.3.2	GC2	2.3	2.3.2	PASS
SRR13711019	GC2	2.3	2.3.2	GC2	2.3	2.3.2	PASS
ERR628389	GC2	2.3	2.3.2	GC2	2.3	2.3.2	PASS
ERR1125118	GC2	2.3	2.3.2	GC2	2.3	2.3.2	PASS
ERR2711314	GC2	2.3	2.3.2	GC2	2.3	2.3.2	PASS
ERR4436586	GC2	2.3	2.3.2	GC2	2.3	2.3.2	PASS
ERR2711312	GC2	2.3	2.3.2	GC2	2.3	2.3.2	PASS
ERR628390	GC2	2.3	2.3.2	GC2	2.3	2.3.2	PASS
ERR2712320	GC2	2.3	2.3.2	GC2	2.3	2.3.2	PASS
SRR11589180	GC2	2.3	2.3.2	GC2	2.3	2.3.2	PASS
SRR11676269	GC2	2.3	2.3.2	GC2	2.3	2.3.2	PASS
ERR628398	GC2	2.3	2.3.2	GC2	2.3	2.3.2	PASS
ERR628396	GC2	2.3	2.3.2	GC2	2.3	2.3.2	PASS
ERR628399	GC2	2.3	2.3.2	GC2	2.3	2.3.2	PASS
ERR628394	GC2	2.3	2.3.2	GC2	2.3	2.3.2	PASS
ERR628392	GC2	2.3	2.3.2	GC2	2.3	2.3.2	PASS
ERR628414	GC2	2.3	2.3.2	GC2	2.3	2.3.2	PASS
ERR628391	GC2	2.3	2.3.2	GC2	2.3	2.3.2	PASS
ERR628418	GC2	2.3	2.3.2	GC2	2.3	2.3.2	PASS
ERR628413	GC2	2.3	2.3.2	GC2	2.3	2.3.2	PASS
ERR628388	GC2	2.3	2.3.2	GC2	2.3	2.3.2	PASS
ERR628393	GC2	2.3	2.3.2	GC2	2.3	2.3.2	PASS
GCF_020255865	GC2	2.3	2.3.2	GC2	2.3	2.3.2	PASS
ERR4999572	GC2	2.3	2.3.2	GC2	2.3	2.3.2	PASS
ERR5000114	GC2	2.3	2.3.2	GC2	2.3	2.3.2	PASS
ERR4999571	GC2	2.3	2.3.2	GC2	2.3	2.3.2	PASS
SRR12905338	GC2	2.3	2.3.2	GC2	2.3	2.3.2	PASS
ERR5205866	GC2	2.3	2.3.2	GC2	2.3	2.3.2	PASS
ERR5205868	GC2	2.3	2.3.2	GC2	2.3	2.3.2	PASS
GCF_002119285	GC2	2.3	2.3.2	GC2	2.3	2.3.2	PASS
GCF_002119275	GC2	2.3	2.3.2	GC2	2.3	2.3.2	PASS
GCF_002119295	GC2	2.3	2.3.2	GC2	2.3	2.3.2	PASS
SRR11589137	GC2	2.3	2.3.2	GC2	2.3	2.3.2	PASS
SRR11589139	GC2	2.3	2.3.2	GC2	2.3	2.3.2	PASS
ERR246877	GC2	2.3	2.3.2	GC2	2.3	2.3.2	PASS
ERR246964	GC2	2.3	2.3.2	GC2	2.3	2.3.2	PASS
DRR039834	GC2	2.3	2.3.2	GC2	2.3	2.3.2	PASS
SRR3130311	GC2	2.3	2.3.2	GC2	2.3	2.3.2	PASS
GCF_001862385	GC2	2.3	2.3.2	GC2	2.3	2.3.2	PASS
SRR3381538	GC2	2.3	2.3.2	GC2	2.3	2.3.2	PASS
SRR3225047	GC2	2.3	2.3.2	GC2	2.3	2.3.2	PASS
SRR3228564	GC2	2.3	2.3.2	GC2	2.3	2.3.2	PASS
GCF_017582285	GC2	2.3	2.3.2	GC2	2.3	2.3.2	PASS
ERR4919991	GC2	2.3	2.3.2	GC2	2.3	2.3.2	PASS
ERR7226592	GC2	2.3	2.3.2	GC2	2.3	2.3.2	PASS
ERR7226590	GC2	2.3	2.3.2	GC2	2.3	2.3.2	PASS
ERR7226594	GC2	2.3	2.3.2	GC2	2.3	2.3.2	PASS
ERR5000189	GC2	2.3	2.3.2	GC2	2.3	2.3.2	PASS
SRR2047556	GC2	2.3	2.3.2	GC2	2.3	2.3.2	PASS
SRR2047561	GC2	2.3	2.3.2	GC2	2.3	2.3.2	PASS
GCF_000332855	GC2	2.3	2.3.2	GC2	2.3	2.3.2	PASS
GCF_000359725	GC2	2.3	2.3.2	GC2	2.3	2.3.2	PASS
GCF_020255795	GC2	2.3	2.3.2	GC2	2.3	2.3.2	PASS
GCF_002416425	GC2	2.3	2.3.2	GC2	2.3	2.3.2	PASS
GCF_002416395	GC2	2.3	2.3.2	GC2	2.3	2.3.2	PASS
GCF_002416435	GC2	2.3	2.3.2	GC2	2.3	2.3.2	PASS
ERR2455372	GC2	2.3	2.3.2	GC2	2.3	2.3.2	PASS
SRR6513731	GC2	2.3	2.3.2	GC2	2.3	2.3.2	PASS
SRR6513763	GC2	2.3	2.3.2	GC2	2.3	2.3.2	PASS
ERR2455394	GC2	2.3	2.3.2	GC2	2.3	2.3.2	PASS
ERR2451534	GC2	2.3	2.3.2	GC2	2.3	2.3.2	PASS
SRR6513752	GC2	2.3	2.3.2	GC2	2.3	2.3.2	PASS
ERR2455422	GC2	2.3	2.3.2	GC2	2.3	2.3.2	PASS
ERR2455368	GC2	2.3	2.3.2	GC2	2.3	2.3.2	PASS
SRR6513785	GC2	2.3	2.3.2	GC2	2.3	2.3.2	PASS
GCF_001541765	GC2	2.3	2.3.2	GC2	2.3	2.3.2	PASS
GCF_001541875	GC2	2.3	2.3.2	GC2	2.3	2.3.2	PASS
GCF_001541425	GC2	2.3	2.3.2	GC2	2.3	2.3.2	PASS
GCF_015627265	GC2	2.3	2.3.2	GC2	2.3	2.3.2	PASS
GCF_001541725	GC2	2.3	2.3.2	GC2	2.3	2.3.2	PASS
GCF_001541795	GC2	2.3	2.3.2	GC2	2.3	2.3.2	PASS
GCF_001541705	GC2	2.3	2.3.2	GC2	2.3	2.3.2	PASS
GCF_015627295	GC2	2.3	2.3.2	GC2	2.3	2.3.2	PASS
GCF_015627365	GC2	2.3	2.3.2	GC2	2.3	2.3.2	PASS
ERR2455434	GC2	2.3	2.3.2	GC2	2.3	2.3.2	PASS
SRR6513748	GC2	2.3	2.3.2	GC2	2.3	2.3.2	PASS
ERR2455367	GC2	2.3	2.3.2	GC2	2.3	2.3.2	PASS
SRR6513781	GC2	2.3	2.3.2	GC2	2.3	2.3.2	PASS
SRR6513783	GC2	2.3	2.3.2	GC2	2.3	2.3.2	PASS
ERR2455469	GC2	2.3	2.3.2	GC2	2.3	2.3.2	PASS
ERR2455392	GC2	2.3	2.3.2	GC2	2.3	2.3.2	PASS
SRR11589281	GC2	2.3	2.3.2	GC2	2.3	2.3.2	PASS
SRR6513780	GC2	2.3	2.3.2	GC2	2.3	2.3.2	PASS
SRR6513782	GC2	2.3	2.3.2	GC2	2.3	2.3.2	PASS
SRR7591081	GC2	2.3	2.3.2	GC2	2.3	2.3.2	PASS
ERR2455470	GC2	2.3	2.3.2	GC2	2.3	2.3.2	PASS
ERR2455361	GC2	2.3	2.3.2	GC2	2.3	2.3.2	PASS
SRR6513776	GC2	2.3	2.3.2	GC2	2.3	2.3.2	PASS
SRR6513774	GC2	2.3	2.3.2	GC2	2.3	2.3.2	PASS
ERR2455382	GC2	2.3	2.3.2	GC2	2.3	2.3.2	PASS
ERR2455371	GC2	2.3	2.3.2	GC2	2.3	2.3.2	PASS
ERR2455471	GC2	2.3	2.3.2	GC2	2.3	2.3.2	PASS
GCF_001541775	GC2	2.3	2.3.2	GC2	2.3	2.3.2	PASS
GCF_015627315	GC2	2.3	2.3.2	GC2	2.3	2.3.2	PASS
GCF_001541455	GC2	2.3	2.3.2	GC2	2.3	2.3.2	PASS
GCF_015627385	GC2	2.3	2.3.2	GC2	2.3	2.3.2	PASS
GCF_001950165	GC2	2.3	2.3.2	GC2	2.3	2.3.2	PASS
GCF_018789555	GC2	2.3	2.3.2	GC2	2.3	2.3.2	PASS
GCF_904886885	GC2	2.3	2.3.2	GC2	2.3	2.3.2	PASS
SRR3223927	GC2	2.3	2.3.2	GC2	2.3	2.3.2	PASS
SRR353952	GC2	2.3	2.3.2	GC2	2.3	2.3.2	PASS
SRR3218382	GC2	2.3	2.3.2	GC2	2.3	2.3.2	PASS
SRR3228545	GC2	2.3	2.3.2	GC2	2.3	2.3.2	PASS
GCF_002143935	GC2	2.3	2.3.2	GC2	2.3	2.3.2	PASS
SRR3227025	GC2	2.3	2.3.2	GC2	2.3	2.3.2	PASS
SRR3137583	GC2	2.3	2.3.2	GC2	2.3	2.3.2	PASS
SRR3227016	GC2	2.3	2.3.2	GC2	2.3	2.3.2	PASS
SRR3224986	GC2	2.3	2.3.2	GC2	2.3	2.3.2	PASS
SRR3227023	GC2	2.3	2.3.2	GC2	2.3	2.3.2	PASS
SRR3228489	GC2	2.3	2.3.2	GC2	2.3	2.3.2	PASS
SRR3228540	GC2	2.3	2.3.2	GC2	2.3	2.3.2	PASS
SRR3223163	GC2	2.3	2.3.2	GC2	2.3	2.3.2	PASS
SRR3217404	GC2	2.3	2.3.2	GC2	2.3	2.3.2	PASS
SRR3227039	GC2	2.3	2.3.2	GC2	2.3	2.3.2	PASS
SRR3216442	GC2	2.3	2.3.2	GC2	2.3	2.3.2	PASS
SRR3226992	GC2	2.3	2.3.2	GC2	2.3	2.3.2	PASS
SRR3217402	GC2	2.3	2.3.2	GC2	2.3	2.3.2	PASS
SRR3224796	GC2	2.3	2.3.2	GC2	2.3	2.3.2	PASS
GCF_014705865	GC2	2.3	2.3.2	GC2	2.3	2.3.2	PASS
SRR3225232	GC2	2.3	2.3.2	GC2	2.3	2.3.2	PASS
SRR3228492	GC2	2.3	2.3.2	GC2	2.3	2.3.2	PASS
SRR3227036	GC2	2.3	2.3.2	GC2	2.3	2.3.2	PASS
SRR3242052	GC2	2.3	2.3.2	GC2	2.3	2.3.2	PASS
SRR3218402	GC2	2.3	2.3.2	GC2	2.3	2.3.2	PASS
SRR3228541	GC2	2.3	2.3.2	GC2	2.3	2.3.2	PASS
GCF_000278685	GC2	2.3	2.3.2	GC2	2.3	2.3.2	PASS
SRR3228479	GC2	2.3	2.3.2	GC2	2.3	2.3.2	PASS
SRR5891469	GC2	2.3	2.3.2	GC2	2.3	2.3.2	PASS
SRR5891475	GC2	2.3	2.3.2	GC2	2.3	2.3.2	PASS
SRR5891490	GC2	2.3	2.3.2	GC2	2.3	2.3.2	PASS
SRR5891471	GC2	2.3	2.3.2	GC2	2.3	2.3.2	PASS
SRR5891479	GC2	2.3	2.3.2	GC2	2.3	2.3.2	PASS
SRR5891488	GC2	2.3	2.3.2	GC2	2.3	2.3.2	PASS
SRR5891486	GC2	2.3	2.3.2	GC2	2.3	2.3.2	PASS
SRR5891476	GC2	2.3	2.3.2	GC2	2.3	2.3.2	PASS
SRR5891485	GC2	2.3	2.3.2	GC2	2.3	2.3.2	PASS
SRR5891478	GC2	2.3	2.3.2	GC2	2.3	2.3.2	PASS
SRR5891472	GC2	2.3	2.3.2	GC2	2.3	2.3.2	PASS
SRR5891492	GC2	2.3	2.3.2	GC2	2.3	2.3.2	PASS
SRR5891483	GC2	2.3	2.3.2	GC2	2.3	2.3.2	PASS
SRR5891491	GC2	2.3	2.3.2	GC2	2.3	2.3.2	PASS
SRR5891484	GC2	2.3	2.3.2	GC2	2.3	2.3.2	PASS
SRR5891482	GC2	2.3	2.3.2	GC2	2.3	2.3.2	PASS
SRR5891473	GC2	2.3	2.3.2	GC2	2.3	2.3.2	PASS
SRR5891500	GC2	2.3	2.3.2	GC2	2.3	2.3.2	PASS
GCF_002761575	GC2	2.3	2.3.2	GC2	2.3	2.3.2	PASS
SRR5891497	GC2	2.3	2.3.2	GC2	2.3	2.3.2	PASS
SRR3223175	GC2	2.3	2.3.2	GC2	2.3	2.3.2	PASS
GCF_010587005	GC2	2.3	2.3.2	GC2	2.3	2.3.2	PASS
SRR12903886	GC2	2.3	2.3.2	GC2	2.3	2.3.2	PASS
GCF_014705825	GC2	2.3	2.3.2	GC2	2.3	2.3.2	PASS
SRR3152507	GC2	2.3	2.3.2	GC2	2.3	2.3.2	PASS
SRR3223168	GC2	2.3	2.3.2	GC2	2.3	2.3.2	PASS
GCF_014705805	GC2	2.3	2.3.2	GC2	2.3	2.3.2	PASS
SRR3225050	GC2	2.3	2.3.2	GC2	2.3	2.3.2	PASS
GCF_014705845	GC2	2.3	2.3.2	GC2	2.3	2.3.2	PASS
SRR3223469	GC2	2.3	2.3.2	GC2	2.3	2.3.2	PASS
SRR13228558	GC2	2.3	2.3.2	GC2	2.3	2.3.2	PASS
SRR17250570	GC2	2.3	2.3.2	GC2	2.3	2.3.2	PASS
SRR12743931	GC2	2.3	2.3.2	GC2	2.3	2.3.2	PASS
GCF_019375495	GC2	2.3	2.3.2	GC2	2.3	2.3.2	PASS
SRR12743914	GC2	2.3	2.3.2	GC2	2.3	2.3.2	PASS
SRR12743882	GC2	2.3	2.3.2	GC2	2.3	2.3.2	PASS
SRR13228563	GC2	2.3	2.3.2	GC2	2.3	2.3.2	PASS
SRR13228549	GC2	2.3	2.3.2	GC2	2.3	2.3.2	PASS
SRR13362881	GC2	2.3	2.3.2	GC2	2.3	2.3.2	PASS
SRR13965553	GC2	2.3	2.3.2	GC2	2.3	2.3.2	PASS
SRR12743916	GC2	2.3	2.3.2	GC2	2.3	2.3.2	PASS
SRR12743896	GC2	2.3	2.3.2	GC2	2.3	2.3.2	PASS
SRR12743915	GC2	2.3	2.3.2	GC2	2.3	2.3.2	PASS
SRR12743926	GC2	2.3	2.3.2	GC2	2.3	2.3.2	PASS
SRR15210550	GC2	2.3	2.3.2	GC2	2.3	2.3.2	PASS
SRR12743918	GC2	2.3	2.3.2	GC2	2.3	2.3.2	PASS
SRR12743932	GC2	2.3	2.3.2	GC2	2.3	2.3.2	PASS
SRR12743909	GC2	2.3	2.3.2	GC2	2.3	2.3.2	PASS
SRR12743908	GC2	2.3	2.3.2	GC2	2.3	2.3.2	PASS
SRR12743904	GC2	2.3	2.3.2	GC2	2.3	2.3.2	PASS
SRR12743921	GC2	2.3	2.3.2	GC2	2.3	2.3.2	PASS
SRR12743930	GC2	2.3	2.3.2	GC2	2.3	2.3.2	PASS
SRR12743927	GC2	2.3	2.3.2	GC2	2.3	2.3.2	PASS
SRR12743897	GC2	2.3	2.3.2	GC2	2.3	2.3.2	PASS
SRR12743907	GC2	2.3	2.3.2	GC2	2.3	2.3.2	PASS
SRR12743922	GC2	2.3	2.3.2	GC2	2.3	2.3.2	PASS
SRR12743928	GC2	2.3	2.3.2	GC2	2.3	2.3.2	PASS
SRR12743901	GC2	2.3	2.3.2	GC2	2.3	2.3.2	PASS
SRR12743925	GC2	2.3	2.3.2	GC2	2.3	2.3.2	PASS
SRR12743923	GC2	2.3	2.3.2	GC2	2.3	2.3.2	PASS
SRR12743906	GC2	2.3	2.3.2	GC2	2.3	2.3.2	PASS
SRR12743894	GC2	2.3	2.3.2	GC2	2.3	2.3.2	PASS
SRR12743920	GC2	2.3	2.3.2	GC2	2.3	2.3.2	PASS
SRR12743869	GC2	2.3	2.3.2	GC2	2.3	2.3.2	PASS
SRR16520635	GC2	2.3	2.3.2	GC2	2.3	2.3.2	PASS
SRR16520631	GC2	2.3	2.3.2	GC2	2.3	2.3.2	PASS
SRR16520637	GC2	2.3	2.3.2	GC2	2.3	2.3.2	PASS
SRR16520630	GC2	2.3	2.3.2	GC2	2.3	2.3.2	PASS
SRR16520636	GC2	2.3	2.3.2	GC2	2.3	2.3.2	PASS
SRR16520638	GC2	2.3	2.3.2	GC2	2.3	2.3.2	PASS
SRR16520620	GC2	2.3	2.3.2	GC2	2.3	2.3.2	PASS
SRR14436903	GC2	2.3	2.3.2	GC2	2.3	2.3.2	PASS
SRR13965544	GC2	2.3	2.3.2	GC2	2.3	2.3.2	PASS
SRR16526559	GC2	2.3	2.3.2	GC2	2.3	2.3.2	PASS
SRR14436902	GC2	2.3	2.3.2	GC2	2.3	2.3.2	PASS
SRR11725313	GC2	2.3	2.3.2	GC2	2.3	2.3.2	PASS
SRR12743855	GC2	2.3	2.3.2	GC2	2.3	2.3.2	PASS
SRR13965535	GC2	2.3	2.3.2	GC2	2.3	2.3.2	PASS
SRR14154268	GC2	2.3	2.3.2	GC2	2.3	2.3.2	PASS
SRR13228556	GC2	2.3	2.3.2	GC2	2.3	2.3.2	PASS
SRR14634816	GC2	2.3	2.3.2	GC2	2.3	2.3.2	PASS
SRR16132270	GC2	2.3	2.3.2	GC2	2.3	2.3.2	PASS
SRR13748177	GC2	2.3	2.3.2	GC2	2.3	2.3.2	PASS
SRR14996251	GC2	2.3	2.3.2	GC2	2.3	2.3.2	PASS
SRR17944041	GC2	2.3	2.3.2	GC2	2.3	2.3.2	PASS
SRR14154191	GC2	2.3	2.3.2	GC2	2.3	2.3.2	PASS
SRR14792806	GC2	2.3	2.3.2	GC2	2.3	2.3.2	PASS
SRR3227005	GC2	2.3	2.3.2	GC2	2.3	2.3.2	PASS
SRR3227003	GC2	2.3	2.3.2	GC2	2.3	2.3.2	PASS
SRR3228556	GC2	2.3	2.3.2	GC2	2.3	2.3.2	PASS
SRR3197609	GC2	2.3	2.3.2	GC2	2.3	2.3.2	PASS
SRR3225055	GC2	2.3	2.3.2	GC2	2.3	2.3.2	PASS
SRR3223552	GC2	2.3	2.3.2	GC2	2.3	2.3.2	PASS
SRR3170598	GC2	2.3	2.3.2	GC2	2.3	2.3.2	PASS
SRR3217273	GC2	2.3	2.3.2	GC2	2.3	2.3.2	PASS
SRR3223561	GC2	2.3	2.3.2	GC2	2.3	2.3.2	PASS
SRR3228542	GC2	2.3	2.3.2	GC2	2.3	2.3.2	PASS
SRR3223478	GC2	2.3	2.3.2	GC2	2.3	2.3.2	PASS
SRR3227001	GC2	2.3	2.3.2	GC2	2.3	2.3.2	PASS
SRR3218386	GC2	2.3	2.3.2	GC2	2.3	2.3.2	PASS
SRR3228562	GC2	2.3	2.3.2	GC2	2.3	2.3.2	PASS
SRR3170602	GC2	2.3	2.3.2	GC2	2.3	2.3.2	PASS
SRR3228574	GC2	2.3	2.3.2	GC2	2.3	2.3.2	PASS
SRR3223167	GC2	2.3	2.3.2	GC2	2.3	2.3.2	PASS
GCF_014705785	GC2	2.3	2.3.2	GC2	2.3	2.3.2	PASS
SRR3170233	GC2	2.3	2.3.2	GC2	2.3	2.3.2	PASS
GCF_900477805	GC2	2.3	2.3.2	GC2	2.3	2.3.2	PASS
GCF_900477755	GC2	2.3	2.3.2	GC2	2.3	2.3.2	PASS
GCF_900477825	GC2	2.3	2.3.2	GC2	2.3	2.3.2	PASS
GCF_900477795	GC2	2.3	2.3.2	GC2	2.3	2.3.2	PASS
GCF_900477775	GC2	2.3	2.3.2	GC2	2.3	2.3.2	PASS
GCF_900118095	GC2	2.3	2.3.2	GC2	2.3	2.3.2	PASS
ERR246932	GC2	2.3	2.3.2	GC2	2.3	2.3.2	PASS
ERR246947	GC2	2.3	2.3.2	GC2	2.3	2.3.2	PASS
GCF_003020545	GC2	2.3	2.3.2	GC2	2.3	2.3.2	PASS
ERR246959	GC2	2.3	2.3.2	GC2	2.3	2.3.2	PASS
ERR246967	GC2	2.3	2.3.2	GC2	2.3	2.3.2	PASS
GCF_900477835	GC2	2.3	2.3.2	GC2	2.3	2.3.2	PASS
GCF_900477645	GC2	2.3	2.3.2	GC2	2.3	2.3.2	PASS
GCF_900477705	GC2	2.3	2.3.2	GC2	2.3	2.3.2	PASS
GCF_900477635	GC2	2.3	2.3.2	GC2	2.3	2.3.2	PASS
GCF_900477735	GC2	2.3	2.3.2	GC2	2.3	2.3.2	PASS
GCF_900477675	GC2	2.3	2.3.2	GC2	2.3	2.3.2	PASS
GCF_900477785	GC2	2.3	2.3.2	GC2	2.3	2.3.2	PASS
GCF_900477865	GC2	2.3	2.3.2	GC2	2.3	2.3.2	PASS
GCF_900477845	GC2	2.3	2.3.2	GC2	2.3	2.3.2	PASS
GCF_900478005	GC2	2.3	2.3.2	GC2	2.3	2.3.2	PASS
GCF_900477665	GC2	2.3	2.3.2	GC2	2.3	2.3.2	PASS
GCF_900477815	GC2	2.3	2.3.2	GC2	2.3	2.3.2	PASS
GCF_000966525	GC2	2.3	2.3.2	GC2	2.3	2.3.2	PASS
GCF_900118075	GC2	2.3	2.3.2	GC2	2.3	2.3.2	PASS
ERR246899	GC2	2.3	2.3.2	GC2	2.3	2.3.2	PASS
ERR246900	GC2	2.3	2.3.2	GC2	2.3	2.3.2	PASS
ERR246892	GC2	2.3	2.3.2	GC2	2.3	2.3.2	PASS
SRR11589262	GC2	2.3	2.3.2	GC2	2.3	2.3.2	PASS
ERR246883	GC2	2.3	2.3.2	GC2	2.3	2.3.2	PASS
SRR11589273	GC2	2.3	2.3.2	GC2	2.3	2.3.2	PASS
GCF_018789525	GC2	2.3	2.3.2	GC2	2.3	2.3.2	PASS
GCF_017838165	GC2	2.3	2.3.2	GC2	2.3	2.3.2	PASS
GCF_017302955	GC2	2.3	2.3.2	GC2	2.3	2.3.2	PASS
GCF_017838055	GC2	2.3	2.3.2	GC2	2.3	2.3.2	PASS
GCF_017287975	GC2	2.3	2.3.2	GC2	2.3	2.3.2	PASS
GCF_017581665	GC2	2.3	2.3.2	GC2	2.3	2.3.2	PASS
GCF_017838085	GC2	2.3	2.3.2	GC2	2.3	2.3.2	PASS
ERR4783203	GC2	2.3	2.3.2	GC2	2.3	2.3.2	PASS
ERR4783188	GC2	2.3	2.3.2	GC2	2.3	2.3.2	PASS
ERR4783252	GC2	2.3	2.3.2	GC2	2.3	2.3.2	PASS
ERR4783231	GC2	2.3	2.3.2	GC2	2.3	2.3.2	PASS
ERR4783195	GC2	2.3	2.3.2	GC2	2.3	2.3.2	PASS
ERR4783216	GC2	2.3	2.3.2	GC2	2.3	2.3.2	PASS
ERR4783186	GC2	2.3	2.3.2	GC2	2.3	2.3.2	PASS
ERR4783391	GC2	2.3	2.3.2	GC2	2.3	2.3.2	PASS
ERR4783223	GC2	2.3	2.3.2	GC2	2.3	2.3.2	PASS
ERR4783239	GC2	2.3	2.3.2	GC2	2.3	2.3.2	PASS
GCF_005819445	GC2	2.3	2.3.2	GC2	2.3	2.3.2	PASS
GCF_006493645	GC2	2.3	2.3.2	GC2	2.3	2.3.2	PASS
ERR6738135	GC2	2.3	2.3.2	GC2	2.3	2.3.2	PASS
ERR2712236	GC2	2.3	2.3.2	GC2	2.3	2.3.2	PASS
GCF_003939985	GC2	2.3	2.3.2	GC2	2.3	2.3.2	PASS
GCF_003940335	GC2	2.3	2.3.2	GC2	2.3	2.3.2	PASS
ERR6737055	GC2	2.3	2.3.2	GC2	2.3	2.3.2	PASS
ERR356285	GC2	2.3	2.3.2	GC2	2.3	2.3.2	PASS
ERR356258	GC2	2.3	2.3.2	GC2	2.3	2.3.2	PASS
ERR356310	GC2	2.3	2.3.2	GC2	2.3	2.3.2	PASS
GCF_003345805	GC2	2.3	2.3.2	GC2	2.3	2.3.2	PASS
GCF_019457735	GC2	2.3	2.3.2	GC2	2.3	2.3.2	PASS
SRR5739108	GC2	2.3	2.3.2	GC2	2.3	2.3.2	PASS
ERR356248	GC2	2.3	2.3.2	GC2	2.3	2.3.2	PASS
ERR356270	GC2	2.3	2.3.2	GC2	2.3	2.3.2	PASS
GCF_904887575	GC2	2.3	2.3.2	GC2	2.3	2.3.2	PASS
GCF_017169105	GC2	2.3	2.3.2	GC2	2.3	2.3.2	PASS
GCF_019920385	GC2	2.3	2.3.2	GC2	2.3	2.3.2	PASS
GCF_019920425	GC2	2.3	2.3.2	GC2	2.3	2.3.2	PASS
SRR5739059	GC2	2.3	2.3.2	GC2	2.3	2.3.2	PASS
SRR12903882	GC2	2.3	2.3.2	GC2	2.3	2.3.2	PASS
SRR2047567	GC2	2.3	2.3.2	GC2	2.3	2.3.2	PASS
SRR2047562	GC2	2.3	2.3.2	GC2	2.3	2.3.2	PASS
SRR11589122	GC2	2.3	2.3.2	GC2	2.3	2.3.2	PASS
SRR4417575	GC2	2.3	2.3.2	GC2	2.3	2.3.2	PASS
ERR1227002	GC2	2.3	2.3.2	GC2	2.3	2.3.2	PASS
SRR11589278	GC2	2.3	2.3.2	GC2	2.3	2.3.2	PASS
SRR13711015	GC2	2.3	2.3.2	GC2	2.3	2.3.2	PASS
SRR4417578	GC2	2.3	2.3.2	GC2	2.3	2.3.2	PASS
ERR2712983	GC2	2.3	2.3.2	GC2	2.3	2.3.2	PASS
GCF_020255025	GC2	2.3	2.3.2	GC2	2.3	2.3.2	PASS
SRR3131127	GC2	2.3	2.3.2	GC2	2.3	2.3.2	PASS
ERR2712984	GC2	2.3	2.3.2	GC2	2.3	2.3.2	PASS
GCF_002014405	GC2	2.3	2.3.2	GC2	2.3	2.3.2	PASS
GCF_004136355	GC2	2.3	2.3.2	GC2	2.3	2.3.2	PASS
SRR13711016	GC2	2.3	2.3.2	GC2	2.3	2.3.2	PASS
GCF_002014395	GC2	2.3	2.3.2	GC2	2.3	2.3.2	PASS
GCF_002137425	GC2	2.3	2.3.2	GC2	2.3	2.3.2	PASS
GCF_002950415	GC2	2.3	2.3.2	GC2	2.3	2.3.2	PASS
GCF_006492245	GC2	2.3	2.3.2	GC2	2.3	2.3.2	PASS
GCF_000453665	GC2	2.3	2.3.2	GC2	2.3	2.3.2	PASS
GCF_000453565	GC2	2.3	2.3.2	GC2	2.3	2.3.2	PASS
GCF_000453705	GC2	2.3	2.3.2	GC2	2.3	2.3.2	PASS
GCF_000453645	GC2	2.3	2.3.2	GC2	2.3	2.3.2	PASS
SRR13711012	GC2	2.3	2.3.2	GC2	2.3	2.3.2	PASS
SRR13088898	GC2	2.3	2.3.2	GC2	2.3	2.3.2	PASS
SRR13158593	GC2	2.3	2.3.2	GC2	2.3	2.3.2	PASS
SRR13439511	GC2	2.3	2.3.2	GC2	2.3	2.3.2	PASS
ERR2711662	GC2	2.3	2.3.2	GC2	2.3	2.3.2	PASS
ERR2711681	GC2	2.3	2.3.2	GC2	2.3	2.3.2	PASS
SRR13156791	GC2	2.3	2.3.2	GC2	2.3	2.3.2	PASS
SRR3131130	GC2	2.3	2.3.2	GC2	2.3	2.3.2	PASS
SRR3131131	GC2	2.3	2.3.2	GC2	2.3	2.3.2	PASS
SRR11589171	GC2	2.3	2.3.2	GC2	2.3	2.3.2	PASS
SRR4417582	GC2	2.3	2.3.2	GC2	2.3	2.3.2	PASS
SRR4417585	GC2	2.3	2.3.2	GC2	2.3	2.3.2	PASS
GCF_000354155	GC2	2.3	2.3.2	GC2	2.3	2.3.2	PASS
GCF_000353815	GC2	2.3	2.3.2	GC2	2.3	2.3.2	PASS
GCF_000353795	GC2	2.3	2.3.2	GC2	2.3	2.3.2	PASS
GCF_000354135	GC2	2.3	2.3.2	GC2	2.3	2.3.2	PASS
GCF_000353895	GC2	2.3	2.3.2	GC2	2.3	2.3.2	PASS
GCF_000354075	GC2	2.3	2.3.2	GC2	2.3	2.3.2	PASS
GCF_000354095	GC2	2.3	2.3.2	GC2	2.3	2.3.2	PASS
GCF_000354035	GC2	2.3	2.3.2	GC2	2.3	2.3.2	PASS
GCF_000354055	GC2	2.3	2.3.2	GC2	2.3	2.3.2	PASS
GCF_000222245	GC2	2.3	2.3.2	GC2	2.3	2.3.2	PASS
GCF_000353855	GC2	2.3	2.3.2	GC2	2.3	2.3.2	PASS
SRR13130532	GC2	2.3	2.3.2	GC2	2.3	2.3.2	PASS
SRR13158518	GC2	2.3	2.3.2	GC2	2.3	2.3.2	PASS
SRR13158544	GC2	2.3	2.3.2	GC2	2.3	2.3.2	PASS
SRR13156981	GC2	2.3	2.3.2	GC2	2.3	2.3.2	PASS
GCF_904887625	GC2	2.3	2.3.2	GC2	2.3	2.3.2	PASS
ERR4095972	GC2	2.3	2.3.2	GC2	2.3	2.3.2	PASS
SRR11589134	GC2	2.3	2.3.2	GC2	2.3	2.3.2	PASS
SRR11589150	GC2	2.3	2.3.2	GC2	2.3	2.3.2	PASS
SRR10012082	GC2	2.3	2.3.2	GC2	2.3	2.3.2	PASS
GCF_005819205	GC2	2.3	2.3.2	GC2	2.3	2.3.2	PASS
SRR6896117	GC2	2.3	2.3.2	GC2	2.3	2.3.2	PASS
GCF_004136925	GC2	2.3	2.3.2	GC2	2.3	2.3.2	PASS
ERR2712283	GC2	2.3	2.3.2	GC2	2.3	2.3.2	PASS
GCF_020255325	GC2	2.3	2.3.2	GC2	2.3	2.3.2	PASS
GCF_004168615	GC2	2.3	2.3.2	GC2	2.3	2.3.2	PASS
GCF_004136905	GC2	2.3	2.3.2	GC2	2.3	2.3.2	PASS
GCF_004152945	GC2	2.3	2.3.2	GC2	2.3	2.3.2	PASS
SRR11589143	GC2	2.3	2.3.2	GC2	2.3	2.3.2	PASS
SRR11589277	GC2	2.3	2.3.2	GC2	2.3	2.3.2	PASS
SRR4417599	GC2	2.3	2.3.2	GC2	2.3	2.3.2	PASS
GCF_001907125	GC2	2.3	2.3.2	GC2	2.3	2.3.2	PASS
SRR12903843	GC2	2.3	2.3.2	GC2	2.3	2.3.2	PASS
SRR13619155	GC2	2.3	2.3.2	GC2	2.3	2.3.2	PASS
SRR14832341	GC2	2.3	2.3.2	GC2	2.3	2.3.2	PASS
SRR12903856	GC2	2.3	2.3.2	GC2	2.3	2.3.2	PASS
SRR13088653	GC2	2.3	2.3.2	GC2	2.3	2.3.2	PASS
SRR13088660	GC2	2.3	2.3.2	GC2	2.3	2.3.2	PASS
SRR14613701	GC2	2.3	2.3.2	GC2	2.3	2.3.2	PASS
SRR14701501	GC2	2.3	2.3.2	GC2	2.3	2.3.2	PASS
GCF_003194535	GC2	2.3	2.3.2	GC2	2.3	2.3.2	PASS
SRR1200559	GC2	2.3	2.3.2	GC2	2.3	2.3.2	PASS
SRR1200560	GC2	2.3	2.3.2	GC2	2.3	2.3.2	PASS
GCF_002212155	GC2	2.3	2.3.2	GC2	2.3	2.3.2	PASS
SRR18499959	GC2	2.3	2.3.2	GC2	2.3	2.3.2	PASS
GCF_002212165	GC2	2.3	2.3.2	GC2	2.3	2.3.2	PASS
GCF_002212105	GC2	2.3	2.3.2	GC2	2.3	2.3.2	PASS
SRR18499919	GC2	2.3	2.3.2	GC2	2.3	2.3.2	PASS
SRR18499975	GC2	2.3	2.3.2	GC2	2.3	2.3.2	PASS
SRR18499969	GC2	2.3	2.3.2	GC2	2.3	2.3.2	PASS
SRR18499977	GC2	2.3	2.3.2	GC2	2.3	2.3.2	PASS
SRR18499984	GC2	2.3	2.3.2	GC2	2.3	2.3.2	PASS
ERR2712338	GC2	2.3	2.3.2	GC2	2.3	2.3.2	PASS
ERR2712358	GC2	2.3	2.3.2	GC2	2.3	2.3.2	PASS
GCF_002212115	GC2	2.3	2.3.2	GC2	2.3	2.3.2	PASS
ERR2712352	GC2	2.3	2.3.2	GC2	2.3	2.3.2	PASS
ERR2712357	GC2	2.3	2.3.2	GC2	2.3	2.3.2	PASS
ERR2712360	GC2	2.3	2.3.2	GC2	2.3	2.3.2	PASS
GCF_002212145	GC2	2.3	2.3.2	GC2	2.3	2.3.2	PASS
SRR13711011	GC2	2.3	2.3.2	GC2	2.3	2.3.2	PASS
SRR13711014	GC2	2.3	2.3.2	GC2	2.3	2.3.2	PASS
GCF_005819325	GC2	2.3	2.3.2	GC2	2.3	2.3.2	PASS
ERR5386376	GC2	2.3	2.3.2	GC2	2.3	2.3.2	PASS
GCF_005819625	GC2	2.3	2.3.2	GC2	2.3	2.3.2	PASS
SRR11096079	GC2	2.3	2.3.2	GC2	2.3	2.3.2	PASS
SRR11096094	GC2	2.3	2.3.2	GC2	2.3	2.3.2	PASS
SRR11096101	GC2	2.3	2.3.2	GC2	2.3	2.3.2	PASS
SRR16610066	GC2	2.3	2.3.2	GC2	2.3	2.3.2	PASS
SRR17849661	GC2	2.3	2.3.2	GC2	2.3	2.3.2	PASS
GCF_014880675	GC2	2.3	2.3.2	GC2	2.3	2.3.2	PASS
SRR17849604	GC2	2.3	2.3.2	GC2	2.3	2.3.2	PASS
SRR11096073	GC2	2.3	2.3.2	GC2	2.3	2.3.2	PASS
SRR17849622	GC2	2.3	2.3.2	GC2	2.3	2.3.2	PASS
SRR18214931	GC2	2.3	2.3.2	GC2	2.3	2.3.2	PASS
SRR12009574	GC2	2.3	2.3.2	GC2	2.3	2.3.2	PASS
SRR11096092	GC2	2.3	2.3.2	GC2	2.3	2.3.2	PASS
SRR17849612	GC2	2.3	2.3.2	GC2	2.3	2.3.2	PASS
SRR13439512	GC2	2.3	2.3.2	GC2	2.3	2.3.2	PASS
SRR17849655	GC2	2.3	2.3.2	GC2	2.3	2.3.2	PASS
SRR13748132	GC2	2.3	2.3.2	GC2	2.3	2.3.2	PASS
SRR17250657	GC2	2.3	2.3.2	GC2	2.3	2.3.2	PASS
SRR15210562	GC2	2.3	2.3.2	GC2	2.3	2.3.2	PASS
SRR17849626	GC2	2.3	2.3.2	GC2	2.3	2.3.2	PASS
SRR11725334	GC2	2.3	2.3.2	GC2	2.3	2.3.2	PASS
SRR13228371	GC2	2.3	2.3.2	GC2	2.3	2.3.2	PASS
SRR17861240	GC2	2.3	2.3.2	GC2	2.3	2.3.2	PASS
SRR14154231	GC2	2.3	2.3.2	GC2	2.3	2.3.2	PASS
SRR16132301	GC2	2.3	2.3.2	GC2	2.3	2.3.2	PASS
SRR16132307	GC2	2.3	2.3.2	GC2	2.3	2.3.2	PASS
SRR14792838	GC2	2.3	2.3.2	GC2	2.3	2.3.2	PASS
SRR14792839	GC2	2.3	2.3.2	GC2	2.3	2.3.2	PASS
SRR11096071	GC2	2.3	2.3.2	GC2	2.3	2.3.2	PASS
SRR11096096	GC2	2.3	2.3.2	GC2	2.3	2.3.2	PASS
SRR11096086	GC2	2.3	2.3.2	GC2	2.3	2.3.2	PASS
SRR11096104	GC2	2.3	2.3.2	GC2	2.3	2.3.2	PASS
SRR12009586	GC2	2.3	2.3.2	GC2	2.3	2.3.2	PASS
SRR13619160	GC2	2.3	2.3.2	GC2	2.3	2.3.2	PASS
SRR14083917	GC2	2.3	2.3.2	GC2	2.3	2.3.2	PASS
SRR14083978	GC2	2.3	2.3.2	GC2	2.3	2.3.2	PASS
SRR11096091	GC2	2.3	2.3.2	GC2	2.3	2.3.2	PASS
SRR17849592	GC2	2.3	2.3.2	GC2	2.3	2.3.2	PASS
SRR11096093	GC2	2.3	2.3.2	GC2	2.3	2.3.2	PASS
SRR17849594	GC2	2.3	2.3.2	GC2	2.3	2.3.2	PASS
SRR17849602	GC2	2.3	2.3.2	GC2	2.3	2.3.2	PASS
SRR17849595	GC2	2.3	2.3.2	GC2	2.3	2.3.2	PASS
SRR17849599	GC2	2.3	2.3.2	GC2	2.3	2.3.2	PASS
SRR17849601	GC2	2.3	2.3.2	GC2	2.3	2.3.2	PASS
SRR17849603	GC2	2.3	2.3.2	GC2	2.3	2.3.2	PASS
SRR17849654	GC2	2.3	2.3.2	GC2	2.3	2.3.2	PASS
SRR14083981	GC2	2.3	2.3.2	GC2	2.3	2.3.2	PASS
SRR11096105	GC2	2.3	2.3.2	GC2	2.3	2.3.2	PASS
SRR14083906	GC2	2.3	2.3.2	GC2	2.3	2.3.2	PASS
SRR13965474	GC2	2.3	2.3.2	GC2	2.3	2.3.2	PASS
SRR14083928	GC2	2.3	2.3.2	GC2	2.3	2.3.2	PASS
SRR11096076	GC2	2.3	2.3.2	GC2	2.3	2.3.2	PASS
SRR11096090	GC2	2.3	2.3.2	GC2	2.3	2.3.2	PASS
SRR13228378	GC2	2.3	2.3.2	GC2	2.3	2.3.2	PASS
SRR18170981	GC2	2.3	2.3.2	GC2	2.3	2.3.2	PASS
SRR17861241	GC2	2.3	2.3.2	GC2	2.3	2.3.2	PASS
SRR18170986	GC2	2.3	2.3.2	GC2	2.3	2.3.2	PASS
SRR18015723	GC2	2.3	2.3.2	GC2	2.3	2.3.2	PASS
SRR18503124	GC2	2.3	2.3.2	GC2	2.3	2.3.2	PASS
SRR17849609	GC2	2.3	2.3.2	GC2	2.3	2.3.2	PASS
SRR17849597	GC2	2.3	2.3.2	GC2	2.3	2.3.2	PASS
SRR17849613	GC2	2.3	2.3.2	GC2	2.3	2.3.2	PASS
SRR14083895	GC2	2.3	2.3.2	GC2	2.3	2.3.2	PASS
SRR14083912	GC2	2.3	2.3.2	GC2	2.3	2.3.2	PASS
SRR17849598	GC2	2.3	2.3.2	GC2	2.3	2.3.2	PASS
SRR17849600	GC2	2.3	2.3.2	GC2	2.3	2.3.2	PASS
SRR17849633	GC2	2.3	2.3.2	GC2	2.3	2.3.2	PASS
SRR17849644	GC2	2.3	2.3.2	GC2	2.3	2.3.2	PASS
SRR13228376	GC2	2.3	2.3.2	GC2	2.3	2.3.2	PASS
SRR13965489	GC2	2.3	2.3.2	GC2	2.3	2.3.2	PASS
SRR15376993	GC2	2.3	2.3.2	GC2	2.3	2.3.2	PASS
SRR17250587	GC2	2.3	2.3.2	GC2	2.3	2.3.2	PASS
SRR15210567	GC2	2.3	2.3.2	GC2	2.3	2.3.2	PASS
SRR17250572	GC2	2.3	2.3.2	GC2	2.3	2.3.2	PASS
SRR17849610	GC2	2.3	2.3.2	GC2	2.3	2.3.2	PASS
SRR17849596	GC2	2.3	2.3.2	GC2	2.3	2.3.2	PASS
SRR17849634	GC2	2.3	2.3.2	GC2	2.3	2.3.2	PASS
SRR17849625	GC2	2.3	2.3.2	GC2	2.3	2.3.2	PASS
SRR14083913	GC2	2.3	2.3.2	GC2	2.3	2.3.2	PASS
SRR17849629	GC2	2.3	2.3.2	GC2	2.3	2.3.2	PASS
SRR17849618	GC2	2.3	2.3.2	GC2	2.3	2.3.2	PASS
SRR17849632	GC2	2.3	2.3.2	GC2	2.3	2.3.2	PASS
SRR14083982	GC2	2.3	2.3.2	GC2	2.3	2.3.2	PASS
SRR14083983	GC2	2.3	2.3.2	GC2	2.3	2.3.2	PASS
SRR14083984	GC2	2.3	2.3.2	GC2	2.3	2.3.2	PASS
SRR13748164	GC2	2.3	2.3.2	GC2	2.3	2.3.2	PASS
SRR14154255	GC2	2.3	2.3.2	GC2	2.3	2.3.2	PASS
SRR16520584	GC2	2.3	2.3.2	GC2	2.3	2.3.2	PASS
SRR17611315	GC2	2.3	2.3.2	GC2	2.3	2.3.2	PASS
SRR17383798	GC2	2.3	2.3.2	GC2	2.3	2.3.2	PASS
SRR17250662	GC2	2.3	2.3.2	GC2	2.3	2.3.2	PASS
SRR13965477	GC2	2.3	2.3.2	GC2	2.3	2.3.2	PASS
SRR17250663	GC2	2.3	2.3.2	GC2	2.3	2.3.2	PASS
SRR13228573	GC2	2.3	2.3.2	GC2	2.3	2.3.2	PASS
SRR13362876	GC2	2.3	2.3.2	GC2	2.3	2.3.2	PASS
SRR18214932	GC2	2.3	2.3.2	GC2	2.3	2.3.2	PASS
SRR13748168	GC2	2.3	2.3.2	GC2	2.3	2.3.2	PASS
SRR14436873	GC2	2.3	2.3.2	GC2	2.3	2.3.2	PASS
SRR13748154	GC2	2.3	2.3.2	GC2	2.3	2.3.2	PASS
SRR16132271	GC2	2.3	2.3.2	GC2	2.3	2.3.2	PASS
GCF_014880595	GC2	2.3	2.3.2	GC2	2.3	2.3.2	PASS
SRR12519086	GC2	2.3	2.3.2	GC2	2.3	2.3.2	PASS
SRR15210546	GC2	2.3	2.3.2	GC2	2.3	2.3.2	PASS
SRR12519113	GC2	2.3	2.3.2	GC2	2.3	2.3.2	PASS
SRR17250629	GC2	2.3	2.3.2	GC2	2.3	2.3.2	PASS
SRR15210556	GC2	2.3	2.3.2	GC2	2.3	2.3.2	PASS
SRR14154227	GC2	2.3	2.3.2	GC2	2.3	2.3.2	PASS
SRR14792800	GC2	2.3	2.3.2	GC2	2.3	2.3.2	PASS
SRR15210545	GC2	2.3	2.3.2	GC2	2.3	2.3.2	PASS
SRR12519172	GC2	2.3	2.3.2	GC2	2.3	2.3.2	PASS
SRR12519085	GC2	2.3	2.3.2	GC2	2.3	2.3.2	PASS
SRR17250596	GC2	2.3	2.3.2	GC2	2.3	2.3.2	PASS
SRR15210520	GC2	2.3	2.3.2	GC2	2.3	2.3.2	PASS
SRR15377008	GC2	2.3	2.3.2	GC2	2.3	2.3.2	PASS
SRR12519103	GC2	2.3	2.3.2	GC2	2.3	2.3.2	PASS
SRR12519171	GC2	2.3	2.3.2	GC2	2.3	2.3.2	PASS
SRR12519080	GC2	2.3	2.3.2	GC2	2.3	2.3.2	PASS
SRR12519118	GC2	2.3	2.3.2	GC2	2.3	2.3.2	PASS
SRR14083939	GC2	2.3	2.3.2	GC2	2.3	2.3.2	PASS
SRR11725225	GC2	2.3	2.3.2	GC2	2.3	2.3.2	PASS
SRR12865208	GC2	2.3	2.3.2	GC2	2.3	2.3.2	PASS
SRR13362870	GC2	2.3	2.3.2	GC2	2.3	2.3.2	PASS
SRR13362858	GC2	2.3	2.3.2	GC2	2.3	2.3.2	PASS
SRR13362864	GC2	2.3	2.3.2	GC2	2.3	2.3.2	PASS
SRR11725229	GC2	2.3	2.3.2	GC2	2.3	2.3.2	PASS
SRR13643274	GC2	2.3	2.3.2	GC2	2.3	2.3.2	PASS
SRR11725226	GC2	2.3	2.3.2	GC2	2.3	2.3.2	PASS
SRR11725227	GC2	2.3	2.3.2	GC2	2.3	2.3.2	PASS
SRR15377036	GC2	2.3	2.3.2	GC2	2.3	2.3.2	PASS
SRR15376995	GC2	2.3	2.3.2	GC2	2.3	2.3.2	PASS
SRR16520643	GC2	2.3	2.3.2	GC2	2.3	2.3.2	PASS
SRR17849605	GC2	2.3	2.3.2	GC2	2.3	2.3.2	PASS
SRR17849593	GC2	2.3	2.3.2	GC2	2.3	2.3.2	PASS
SRR14613708	GC2	2.3	2.3.2	GC2	2.3	2.3.2	PASS
SRR18115378	GC2	2.3	2.3.2	GC2	2.3	2.3.2	PASS
SRR17157338	GC2	2.3	2.3.2	GC2	2.3	2.3.2	PASS
SRR17988909	GC2	2.3	2.3.2	GC2	2.3	2.3.2	PASS
SRR17657476	GC2	2.3	2.3.2	GC2	2.3	2.3.2	PASS
SRR11096103	GC2	2.3	2.3.2	GC2	2.3	2.3.2	PASS
SRR14613508	GC2	2.3	2.3.2	GC2	2.3	2.3.2	PASS
SRR14613707	GC2	2.3	2.3.2	GC2	2.3	2.3.2	PASS
SRR13748129	GC2	2.3	2.3.2	GC2	2.3	2.3.2	PASS
SRR13965486	GC2	2.3	2.3.2	GC2	2.3	2.3.2	PASS
SRR13965487	GC2	2.3	2.3.2	GC2	2.3	2.3.2	PASS
SRR14154230	GC2	2.3	2.3.2	GC2	2.3	2.3.2	PASS
SRR13965533	GC2	2.3	2.3.2	GC2	2.3	2.3.2	PASS
SRR15377000	GC2	2.3	2.3.2	GC2	2.3	2.3.2	PASS
SRR15597988	GC2	2.3	2.3.2	GC2	2.3	2.3.2	PASS
SRR14154240	GC2	2.3	2.3.2	GC2	2.3	2.3.2	PASS
SRR14436901	GC2	2.3	2.3.2	GC2	2.3	2.3.2	PASS
SRR13748124	GC2	2.3	2.3.2	GC2	2.3	2.3.2	PASS
SRR14154220	GC2	2.3	2.3.2	GC2	2.3	2.3.2	PASS
SRR15210560	GC2	2.3	2.3.2	GC2	2.3	2.3.2	PASS
SRR17449094	GC2	2.3	2.3.2	GC2	2.3	2.3.2	PASS
SRR18015722	GC2	2.3	2.3.2	GC2	2.3	2.3.2	PASS
SRR17861239	GC2	2.3	2.3.2	GC2	2.3	2.3.2	PASS
SRR15376999	GC2	2.3	2.3.2	GC2	2.3	2.3.2	PASS
SRR17157336	GC2	2.3	2.3.2	GC2	2.3	2.3.2	PASS
SRR17157335	GC2	2.3	2.3.2	GC2	2.3	2.3.2	PASS
SRR17157393	GC2	2.3	2.3.2	GC2	2.3	2.3.2	PASS
SRR17157337	GC2	2.3	2.3.2	GC2	2.3	2.3.2	PASS
SRR14436858	GC2	2.3	2.3.2	GC2	2.3	2.3.2	PASS
SRR14083950	GC2	2.3	2.3.2	GC2	2.3	2.3.2	PASS
SRR17849614	GC2	2.3	2.3.2	GC2	2.3	2.3.2	PASS
SRR13965541	GC2	2.3	2.3.2	GC2	2.3	2.3.2	PASS
SRR14154228	GC2	2.3	2.3.2	GC2	2.3	2.3.2	PASS
SRR17157333	GC2	2.3	2.3.2	GC2	2.3	2.3.2	PASS
SRR14568713	GC2	2.3	2.3.2	GC2	2.3	2.3.2	PASS
SRR14568708	GC2	2.3	2.3.2	GC2	2.3	2.3.2	PASS
SRR17988913	GC2	2.3	2.3.2	GC2	2.3	2.3.2	PASS
SRR11096075	GC2	2.3	2.3.2	GC2	2.3	2.3.2	PASS
SRR11096080	GC2	2.3	2.3.2	GC2	2.3	2.3.2	PASS
SRR11096083	GC2	2.3	2.3.2	GC2	2.3	2.3.2	PASS
SRR11096072	GC2	2.3	2.3.2	GC2	2.3	2.3.2	PASS
SRR11096074	GC2	2.3	2.3.2	GC2	2.3	2.3.2	PASS
SRR11096081	GC2	2.3	2.3.2	GC2	2.3	2.3.2	PASS
SRR11096095	GC2	2.3	2.3.2	GC2	2.3	2.3.2	PASS
SRR12865206	GC2	2.3	2.3.2	GC2	2.3	2.3.2	PASS
SRR13643255	GC2	2.3	2.3.2	GC2	2.3	2.3.2	PASS
SRR13362837	GC2	2.3	2.3.2	GC2	2.3	2.3.2	PASS
SRR13428243	GC2	2.3	2.3.2	GC2	2.3	2.3.2	PASS
SRR14154269	GC2	2.3	2.3.2	GC2	2.3	2.3.2	PASS
SRR16520610	GC2	2.3	2.3.2	GC2	2.3	2.3.2	PASS
SRR16520646	GC2	2.3	2.3.2	GC2	2.3	2.3.2	PASS
SRR17611335	GC2	2.3	2.3.2	GC2	2.3	2.3.2	PASS
SRR17383810	GC2	2.3	2.3.2	GC2	2.3	2.3.2	PASS
SRR13428239	GC2	2.3	2.3.2	GC2	2.3	2.3.2	PASS
SRR13643244	GC2	2.3	2.3.2	GC2	2.3	2.3.2	PASS
SRR14634820	GC2	2.3	2.3.2	GC2	2.3	2.3.2	PASS
SRR16132287	GC2	2.3	2.3.2	GC2	2.3	2.3.2	PASS
SRR16132306	GC2	2.3	2.3.2	GC2	2.3	2.3.2	PASS
SRR14634831	GC2	2.3	2.3.2	GC2	2.3	2.3.2	PASS
SRR15377005	GC2	2.3	2.3.2	GC2	2.3	2.3.2	PASS
SRR13428246	GC2	2.3	2.3.2	GC2	2.3	2.3.2	PASS
SRR15377042	GC2	2.3	2.3.2	GC2	2.3	2.3.2	PASS
SRR14634826	GC2	2.3	2.3.2	GC2	2.3	2.3.2	PASS
SRR14634830	GC2	2.3	2.3.2	GC2	2.3	2.3.2	PASS
SRR13643243	GC2	2.3	2.3.2	GC2	2.3	2.3.2	PASS
SRR14154260	GC2	2.3	2.3.2	GC2	2.3	2.3.2	PASS
SRR11725303	GC2	2.3	2.3.2	GC2	2.3	2.3.2	PASS
SRR13228572	GC2	2.3	2.3.2	GC2	2.3	2.3.2	PASS
SRR14634824	GC2	2.3	2.3.2	GC2	2.3	2.3.2	PASS
SRR16132289	GC2	2.3	2.3.2	GC2	2.3	2.3.2	PASS
SRR14154274	GC2	2.3	2.3.2	GC2	2.3	2.3.2	PASS
SRR17250620	GC2	2.3	2.3.2	GC2	2.3	2.3.2	PASS
SRR17944036	GC2	2.3	2.3.2	GC2	2.3	2.3.2	PASS
SRR17944032	GC2	2.3	2.3.2	GC2	2.3	2.3.2	PASS
SRR17250565	GC2	2.3	2.3.2	GC2	2.3	2.3.2	PASS
SRR17383784	GC2	2.3	2.3.2	GC2	2.3	2.3.2	PASS
SRR12903822	GC2	2.3	2.3.2	GC2	2.3	2.3.2	PASS
SRR13069023	GC2	2.3	2.3.2	GC2	2.3	2.3.2	PASS
SRR13439518	GC2	2.3	2.3.2	GC2	2.3	2.3.2	PASS
SRR13439519	GC2	2.3	2.3.2	GC2	2.3	2.3.2	PASS
SRR12009583	GC2	2.3	2.3.2	GC2	2.3	2.3.2	PASS
SRR12352151	GC2	2.3	2.3.2	GC2	2.3	2.3.2	PASS
SRR12352250	GC2	2.3	2.3.2	GC2	2.3	2.3.2	PASS
SRR12009594	GC2	2.3	2.3.2	GC2	2.3	2.3.2	PASS
SRR12009595	GC2	2.3	2.3.2	GC2	2.3	2.3.2	PASS
GCF_016654155	GC2	2.3	2.3.2	GC2	2.3	2.3.2	PASS
GCF_016654225	GC2	2.3	2.3.2	GC2	2.3	2.3.2	PASS
GCF_000301175	GC2	2.3	2.3.2	GC2	2.3	2.3.2	PASS
GCF_018221375	GC2	2.3	2.3.2	GC2	2.3	2.3.2	PASS
SRR11589121	GC2	2.3	2.3.2	GC2	2.3	2.3.2	PASS
SRR3168642	GC2	2.3	2.3.2	GC2	2.3	2.3.2	PASS
SRR15845940	GC2	2.3	2.3.2	GC2	2.3	2.3.2	PASS
SRR5237398	GC2	2.3	2.3.2	GC2	2.3	2.3.2	PASS
SRR16304221	GC2	2.3	2.3.2	GC2	2.3	2.3.2	PASS
GCF_000805615	GC2	2.3	2.3.2	GC2	2.3	2.3.2	PASS
GCF_000805635	GC2	2.3	2.3.2	GC2	2.3	2.3.2	PASS
SRR9137397	GC2	2.3	2.3.2	GC2	2.3	2.3.2	PASS
SRR8992452	GC2	2.3	2.3.2	GC2	2.3	2.3.2	PASS
GCF_009737785	GC2	2.3	2.3.2	GC2	2.3	2.3.2	PASS
GCF_009737985	GC2	2.3	2.3.2	GC2	2.3	2.3.2	PASS
GCF_006492925	GC2	2.3	2.3.2	GC2	2.3	2.3.2	PASS
ERR249259	GC2	2.3	2.3.2	GC2	2.3	2.3.2	PASS
ERR249267	GC2	2.3	2.3.2	GC2	2.3	2.3.2	PASS
GCF_000805525	GC2	2.3	2.3.2	GC2	2.3	2.3.2	PASS
GCF_012974845	GC2	2.3	2.3.2	GC2	2.3	2.3.2	PASS
GCF_900496775	GC2	2.3	2.3.2	GC2	2.3	2.3.2	PASS
GCF_900496955	GC2	2.3	2.3.2	GC2	2.3	2.3.2	PASS
GCF_005819425	GC2	2.3	2.3.2	GC2	2.3	2.3.2	PASS
GCF_904887515	GC2	2.3	2.3.2	GC2	2.3	2.3.2	PASS
GCF_005819645	GC2	2.3	2.3.2	GC2	2.3	2.3.2	PASS
GCF_900496695	GC2	2.3	2.3.2	GC2	2.3	2.3.2	PASS
GCF_900496755	GC2	2.3	2.3.2	GC2	2.3	2.3.2	PASS
GCF_900496845	GC2	2.3	2.3.2	GC2	2.3	2.3.2	PASS
GCF_000453745	GC2	2.3	2.3.2	GC2	2.3	2.3.2	PASS
ERR246898	GC2	2.3	2.3.2	GC2	2.3	2.3.2	PASS
GCF_000301655	GC2	2.3	2.3.2	GC2	2.3	2.3.2	PASS
GCF_003949275	GC2	2.3	2.3.2	GC2	2.3	2.3.2	PASS
GCF_003949205	GC2	2.3	2.3.2	GC2	2.3	2.3.2	PASS
GCF_000301455	GC2	2.3	2.3.2	GC2	2.3	2.3.2	PASS
GCF_000301475	GC2	2.3	2.3.2	GC2	2.3	2.3.2	PASS
GCF_003947815	GC2	2.3	2.3.2	GC2	2.3	2.3.2	PASS
GCF_003949655	GC2	2.3	2.3.2	GC2	2.3	2.3.2	PASS
GCF_003948805	GC2	2.3	2.3.2	GC2	2.3	2.3.2	PASS
GCF_000453185	GC2	2.3	2.3.2	GC2	2.3	2.3.2	PASS
GCF_003949935	GC2	2.3	2.3.2	GC2	2.3	2.3.2	PASS
GCF_003949075	GC2	2.3	2.3.2	GC2	2.3	2.3.2	PASS
SRR11725269	GC2	2.3	2.3.2	GC2	2.3	2.3.2	PASS
SRR13021248	GC2	2.3	2.3.2	GC2	2.3	2.3.2	PASS
SRR17943981	GC2	2.3	2.3.2	GC2	2.3	2.3.2	PASS
SRR17943982	GC2	2.3	2.3.2	GC2	2.3	2.3.2	PASS
SRR17944050	GC2	2.3	2.3.2	GC2	2.3	2.3.2	PASS
SRR14792817	GC2	2.3	2.3.2	GC2	2.3	2.3.2	PASS
SRR11725330	GC2	2.3	2.3.2	GC2	2.3	2.3.2	PASS
SRR11725331	GC2	2.3	2.3.2	GC2	2.3	2.3.2	PASS
SRR16526550	GC2	2.3	2.3.2	NA	NA	NA	UNRESOLVED
GCF_003947855	GC2	2.3	2.3.2	GC2	2.3	2.3.2	PASS
GCF_003948465	GC2	2.3	2.3.2	NA	NA	NA	UNRESOLVED
GCF_003949025	GC2	2.3	2.3.2	GC2	2.3	2.3.2	PASS
SRR17383802	GC2	2.3	2.3.2	GC2	2.3	2.3.2	PASS
GCF_003948605	GC2	2.3	2.3.2	GC2	2.3	2.3.2	PASS
GCF_000453925	GC2	2.3	2.3.2	GC2	2.3	2.3.2	PASS
GCF_003949425	GC2	2.3	2.3.2	GC2	2.3	2.3.2	PASS
GCF_000453825	GC2	2.3	2.3.2	GC2	2.3	2.3.2	PASS
GCF_000453065	GC2	2.3	2.3.2	GC2	2.3	2.3.2	PASS
ERR1946971	GC2	2.3	2.3.2	GC2	2.3	2.3.2	PASS
ERR246921	GC2	2.3	2.3.2	GC2	2.3	2.3.2	PASS
ERR246929	GC2	2.3	2.3.2	GC2	2.3	2.3.2	PASS
SRR3224231	GC2	2.3	2.3.2	GC2	2.3	2.3.2	PASS
GCF_900118125	GC2	2.3	2.3.2	GC2	2.3	2.3.2	PASS
GCF_001576615	GC2	2.3	2.3.2	GC2	2.3	2.3.2	PASS
ERR474020	GC2	2.3	2.3.2	GC2	2.3	2.3.2	PASS
ERR474021	GC2	2.3	2.3.2	GC2	2.3	2.3.2	PASS
SRR3227032	GC2	2.3	2.3.2	GC2	2.3	2.3.2	PASS
SRR3130307	GC2	2.3	2.3.2	GC2	2.3	2.3.2	PASS
SRR3170253	GC2	2.3	2.3.2	GC2	2.3	2.3.2	PASS
SRR3217389	GC2	2.3	2.3.2	GC2	2.3	2.3.2	PASS
SRR3225240	GC2	2.3	2.3.2	GC2	2.3	2.3.2	PASS
SRR3137571	GC2	2.3	2.3.2	GC2	2.3	2.3.2	PASS
SRR3170254	GC2	2.3	2.3.2	GC2	2.3	2.3.2	PASS
SRR3137570	GC2	2.3	2.3.2	GC2	2.3	2.3.2	PASS
SRR3223174	GC2	2.3	2.3.2	GC2	2.3	2.3.2	PASS
SRR3224227	GC2	2.3	2.3.2	GC2	2.3	2.3.2	PASS
GCF_001612315	GC2	2.3	2.3.2	GC2	2.3	2.3.2	PASS
SRR3226990	GC2	2.3	2.3.2	GC2	2.3	2.3.2	PASS
SRR3228477	GC2	2.3	2.3.2	GC2	2.3	2.3.2	PASS
ERR1227182	GC2	2.3	2.3.2	GC2	2.3	2.3.2	PASS
ERR1227181	GC2	2.3	2.3.2	GC2	2.3	2.3.2	PASS
ERR1227183	GC2	2.3	2.3.2	GC2	2.3	2.3.2	PASS
ERR4095949	GC2	2.3	2.3.2	GC2	2.3	2.3.2	PASS
GCF_018788905	GC2	2.3	2.3.2	GC2	2.3	2.3.2	PASS
ERR1227187	GC2	2.3	2.3.2	GC2	2.3	2.3.2	PASS
ERR1227185	GC2	2.3	2.3.2	GC2	2.3	2.3.2	PASS
ERR1227190	GC2	2.3	2.3.2	GC2	2.3	2.3.2	PASS
ERR5173553	GC2	2.3	2.3.2	GC2	2.3	2.3.2	PASS
GCF_019891055	GC2	2.3	2.3.2	GC2	2.3	2.3.2	PASS
GCF_014530805	GC2	2.3	2.3.2	GC2	2.3	2.3.2	PASS
GCF_014530935	GC2	2.3	2.3.2	GC2	2.3	2.3.2	PASS
SRR3216441	GC2	2.3	2.3.2	GC2	2.3	2.3.2	PASS
SRR3223563	GC2	2.3	2.3.2	GC2	2.3	2.3.2	PASS
SRR3224243	GC2	2.3	2.3.2	GC2	2.3	2.3.2	PASS
SRR3170599	GC2	2.3	2.3.2	GC2	2.3	2.3.2	PASS
SRR3170601	GC2	2.3	2.3.2	GC2	2.3	2.3.2	PASS
SRR3228552	GC2	2.3	2.3.2	GC2	2.3	2.3.2	PASS
SRR3227026	GC2	2.3	2.3.2	GC2	2.3	2.3.2	PASS
SRR3227024	GC2	2.3	2.3.2	GC2	2.3	2.3.2	PASS
SRR3218384	GC2	2.3	2.3.2	GC2	2.3	2.3.2	PASS
SRR3170600	GC2	2.3	2.3.2	GC2	2.3	2.3.2	PASS
SRR3228495	GC2	2.3	2.3.2	GC2	2.3	2.3.2	PASS
GCF_001027885	GC2	2.3	2.3.2	GC2	2.3	2.3.2	PASS
SRR3224806	GC2	2.3	2.3.2	GC2	2.3	2.3.2	PASS
SRR3225056	GC2	2.3	2.3.2	GC2	2.3	2.3.2	PASS
SRR3137569	GC2	2.3	2.3.2	GC2	2.3	2.3.2	PASS
SRR3170257	GC2	2.3	2.3.2	GC2	2.3	2.3.2	PASS
SRR3223474	GC2	2.3	2.3.2	GC2	2.3	2.3.2	PASS
SRR3225051	GC2	2.3	2.3.2	GC2	2.3	2.3.2	PASS
SRR3242049	GC2	2.3	2.3.2	GC2	2.3	2.3.2	PASS
SRR3217400	GC2	2.3	2.3.2	GC2	2.3	2.3.2	PASS
SRR3228569	GC2	2.3	2.3.2	GC2	2.3	2.3.2	PASS
SRR3224808	GC2	2.3	2.3.2	GC2	2.3	2.3.2	PASS
SRR3223166	GC2	2.3	2.3.2	GC2	2.3	2.3.2	PASS
SRR3224999	GC2	2.3	2.3.2	GC2	2.3	2.3.2	PASS
SRR3217328	GC2	2.3	2.3.2	GC2	2.3	2.3.2	PASS
SRR3223178	GC2	2.3	2.3.2	GC2	2.3	2.3.2	PASS
SRR3228563	GC2	2.3	2.3.2	GC2	2.3	2.3.2	PASS
SRR3225248	GC2	2.3	2.3.2	GC2	2.3	2.3.2	PASS
GCF_001612285	GC2	2.3	2.3.2	GC2	2.3	2.3.2	PASS
GCF_001612155	GC2	2.3	2.3.2	GC2	2.3	2.3.2	PASS
SRR3224991	GC2	2.3	2.3.2	GC2	2.3	2.3.2	PASS
GCF_006493925	GC2	2.3	2.3.2	GC2	2.3	2.3.2	PASS
SRR3224241	GC2	2.3	2.3.2	GC2	2.3	2.3.2	PASS
GCF_001612175	GC2	2.3	2.3.2	GC2	2.3	2.3.2	PASS
SRR3197600	GC2	2.3	2.3.2	GC2	2.3	2.3.2	PASS
SRR3224803	GC2	2.3	2.3.2	GC2	2.3	2.3.2	PASS
SRR3170235	GC2	2.3	2.3.2	GC2	2.3	2.3.2	PASS
GCF_000163395	GC2	2.3	2.3.2	GC2	2.3	2.3.2	PASS
GCF_900444755	GC2	2.3	2.3.2	GC2	2.3	2.3.2	PASS
SRR3223558	GC2	2.3	2.3.2	GC2	2.3	2.3.2	PASS
SRR3223179	GC2	2.3	2.3.2	GC2	2.3	2.3.2	PASS
SRR3197606	GC2	2.3	2.3.2	GC2	2.3	2.3.2	PASS
SRR3242033	GC2	2.3	2.3.2	GC2	2.3	2.3.2	PASS
SRR3170231	GC2	2.3	2.3.2	GC2	2.3	2.3.2	PASS
SRR3217321	GC2	2.3	2.3.2	GC2	2.3	2.3.2	PASS
SRR3223485	GC2	2.3	2.3.2	GC2	2.3	2.3.2	PASS
SRR3223568	GC2	2.3	2.3.2	GC2	2.3	2.3.2	PASS
GCF_001612075	GC2	2.3	2.3.2	GC2	2.3	2.3.2	PASS
SRR3228473	GC2	2.3	2.3.2	GC2	2.3	2.3.2	PASS
SRR3223565	GC2	2.3	2.3.2	GC2	2.3	2.3.2	PASS
SRR3224242	GC2	2.3	2.3.2	GC2	2.3	2.3.2	PASS
SRR3197605	GC2	2.3	2.3.2	GC2	2.3	2.3.2	PASS
SRR3224810	GC2	2.3	2.3.2	GC2	2.3	2.3.2	PASS
SRR3223176	GC2	2.3	2.3.2	GC2	2.3	2.3.2	PASS
SRR3151890	GC2	2.3	2.3.2	GC2	2.3	2.3.2	PASS
SRR3225041	GC2	2.3	2.3.2	GC2	2.3	2.3.2	PASS
SRR3218387	GC2	2.3	2.3.2	GC2	2.3	2.3.2	PASS
SRR3224804	GC2	2.3	2.3.2	GC2	2.3	2.3.2	PASS
SRR3218388	GC2	2.3	2.3.2	GC2	2.3	2.3.2	PASS
SRR3226988	GC2	2.3	2.3.2	GC2	2.3	2.3.2	PASS
SRR3224990	GC2	2.3	2.3.2	GC2	2.3	2.3.2	PASS
SRR3224812	GC2	2.3	2.3.2	GC2	2.3	2.3.2	PASS
SRR3218389	GC2	2.3	2.3.2	GC2	2.3	2.3.2	PASS
SRR3224992	GC2	2.3	2.3.2	GC2	2.3	2.3.2	PASS
SRR3218392	GC2	2.3	2.3.2	GC2	2.3	2.3.2	PASS
SRR3225242	GC2	2.3	2.3.2	GC2	2.3	2.3.2	PASS
SRR3217322	GC2	2.3	2.3.2	GC2	2.3	2.3.2	PASS
SRR3228474	GC2	2.3	2.3.2	GC2	2.3	2.3.2	PASS
SRR3225237	GC2	2.3	2.3.2	GC2	2.3	2.3.2	PASS
SRR3223564	GC2	2.3	2.3.2	GC2	2.3	2.3.2	PASS
SRR3223923	GC2	2.3	2.3.2	GC2	2.3	2.3.2	PASS
SRR3227008	GC2	2.3	2.3.2	GC2	2.3	2.3.2	PASS
SRR3223562	GC2	2.3	2.3.2	GC2	2.3	2.3.2	PASS
SRR3224802	GC2	2.3	2.3.2	GC2	2.3	2.3.2	PASS
SRR3151891	GC2	2.3	2.3.2	GC2	2.3	2.3.2	PASS
SRR3223479	GC2	2.3	2.3.2	GC2	2.3	2.3.2	PASS
GCF_001612185	GC2	2.3	2.3.2	GC2	2.3	2.3.2	PASS
SRR3224805	GC2	2.3	2.3.2	GC2	2.3	2.3.2	PASS
SRR3223476	GC2	2.3	2.3.2	GC2	2.3	2.3.2	PASS
SRR3225054	GC2	2.3	2.3.2	GC2	2.3	2.3.2	PASS
SRR3225052	GC2	2.3	2.3.2	GC2	2.3	2.3.2	PASS
SRR3218391	GC2	2.3	2.3.2	GC2	2.3	2.3.2	PASS
SRR3224809	GC2	2.3	2.3.2	GC2	2.3	2.3.2	PASS
SRR3224232	GC2	2.3	2.3.2	GC2	2.3	2.3.2	PASS
SRR3223922	GC2	2.3	2.3.2	GC2	2.3	2.3.2	PASS
SRR3228476	GC2	2.3	2.3.2	GC2	2.3	2.3.2	PASS
SRR3223557	GC2	2.3	2.3.2	GC2	2.3	2.3.2	PASS
SRR3218393	GC2	2.3	2.3.2	GC2	2.3	2.3.2	PASS
SRR3224238	GC2	2.3	2.3.2	GC2	2.3	2.3.2	PASS
SRR3218395	GC2	2.3	2.3.2	GC2	2.3	2.3.2	PASS
SRR3224996	GC2	2.3	2.3.2	GC2	2.3	2.3.2	PASS
GCF_000278605	GC2	2.3	2.3.2	GC2	2.3	2.3.2	PASS
SRR3170608	GC2	2.3	2.3.2	GC2	2.3	2.3.2	PASS
SRR3218398	GC2	2.3	2.3.2	GC2	2.3	2.3.2	PASS
SRR3225003	GC2	2.3	2.3.2	GC2	2.3	2.3.2	PASS
SRR3227018	GC2	2.3	2.3.2	GC2	2.3	2.3.2	PASS
SRR3225057	GC2	2.3	2.3.2	GC2	2.3	2.3.2	PASS
SRR3226998	GC2	2.3	2.3.2	GC2	2.3	2.3.2	PASS
SRR3225249	GC2	2.3	2.3.2	GC2	2.3	2.3.2	PASS
SRR3227040	GC2	2.3	2.3.2	GC2	2.3	2.3.2	PASS
SRR3228555	GC2	2.3	2.3.2	GC2	2.3	2.3.2	PASS
SRR3227038	GC2	2.3	2.3.2	GC2	2.3	2.3.2	PASS
SRR3223471	GC2	2.3	2.3.2	GC2	2.3	2.3.2	PASS
SRR3225245	GC2	2.3	2.3.2	GC2	2.3	2.3.2	PASS
GCF_002143835	GC2	2.3	2.3.2	GC2	2.3	2.3.2	PASS
SRR3228559	GC2	2.3	2.3.2	GC2	2.3	2.3.2	PASS
SRR3152496	GC2	2.3	2.3.2	GC2	2.3	2.3.2	PASS
SRR3944224	GC2	2.3	2.3.2	GC2	2.3	2.3.2	PASS
SRR5739072	GC2	2.3	2.3.2	GC2	2.3	2.3.2	PASS
DRR039825	GC2	2.3	2.3.2	GC2	2.3	2.3.2	PASS
SRR16479872	GC2	2.3	2.3.2	GC2	2.3	2.3.2	PASS
ERR4436588	GC2	2.3	2.3.2	GC2	2.3	2.3.2	PASS
ERR246876	GC2	2.3	2.3.2	GC2	2.3	2.3.2	PASS
ERR474022	GC2	2.3	2.3.2	GC2	2.3	2.3.2	PASS
SRR3170260	GC2	2.3	2.3.2	GC2	2.3	2.3.2	PASS
SRR4417613	GC2	2.3	2.3.2	GC2	2.3	2.3.2	PASS
GCF_005671375	GC2	2.3	2.3.2	GC2	2.3	2.3.2	PASS
ERR2712323	GC2	2.3	2.3.2	GC2	2.3	2.3.2	PASS
SRR13619168	GC2	2.3	2.3.2	GC2	2.3	2.3.2	PASS
SRR15377026	GC2	2.3	2.3.2	GC2	2.3	2.3.2	PASS
GCF_000297915	GC2	2.3	2.3.2	GC2	2.3	2.3.2	PASS
SRR475460	GC2	2.3	2.3.2	GC2	2.3	2.3.2	PASS
SRR475446	GC2	2.3	2.3.2	GC2	2.3	2.3.2	PASS
SRR475465	GC2	2.3	2.3.2	GC2	2.3	2.3.2	PASS
SRR529974	GC2	2.3	2.3.2	GC2	2.3	2.3.2	PASS
SRR475463	GC2	2.3	2.3.2	GC2	2.3	2.3.2	PASS
SRR475470	GC2	2.3	2.3.2	GC2	2.3	2.3.2	PASS
SRR13088667	GC2	2.3	2.3.2	GC2	2.3	2.3.2	PASS
SRR13158533	GC2	2.3	2.3.2	GC2	2.3	2.3.2	PASS
SRR13088483	GC2	2.3	2.3.2	GC2	2.3	2.3.2	PASS
SRR13088498	GC2	2.3	2.3.2	GC2	2.3	2.3.2	PASS
GCF_003949615	GC2	2.3	2.3.2	GC2	2.3	2.3.2	PASS
GCF_000301395	GC2	2.3	2.3.2	GC2	2.3	2.3.2	PASS
GCF_000302015	GC2	2.3	2.3.2	GC2	2.3	2.3.2	PASS
GCF_003948745	GC2	2.3	2.3.2	GC2	2.3	2.3.2	PASS
GCF_000692095	GC2	2.3	2.3.2	GC2	2.3	2.3.2	PASS
SRR4417603	GC2	2.3	2.3.2	GC2	2.3	2.3.2	PASS
GCF_012037635	GC2	2.3	2.3.2	GC2	2.3	2.3.2	PASS
SRR11458520	GC2	2.3	2.3.2	GC2	2.3	2.3.2	PASS
SRR3168640	GC2	2.3	2.3.2	GC2	2.3	2.3.2	PASS
SRR15167051	GC2	2.3	2.3.2	GC2	2.3	2.3.2	PASS
SRR15845992	GC2	2.3	2.3.2	GC2	2.3	2.3.2	PASS
SRR16479895	GC2	2.3	2.3.2	GC2	2.3	2.3.2	PASS
SRR3168648	GC2	2.3	2.3.2	GC2	2.3	2.3.2	PASS
SRR15167058	GC2	2.3	2.3.2	GC2	2.3	2.3.2	PASS
SRR16479897	GC2	2.3	2.3.2	GC2	2.3	2.3.2	PASS
SRR5862467	GC2	2.3	2.3.2	GC2	2.3	2.3.2	PASS
SRR13158551	GC2	2.3	2.3.2	GC2	2.3	2.3.2	PASS
SRR5862475	GC2	2.3	2.3.2	GC2	2.3	2.3.2	PASS
SRR5445925	GC2	2.3	2.3.2	GC2	2.3	2.3.2	PASS
SRR16479883	GC2	2.3	2.3.2	GC2	2.3	2.3.2	PASS
SRR15167033	GC2	2.3	2.3.2	GC2	2.3	2.3.2	PASS
SRR14319623	GC2	2.3	2.3.2	GC2	2.3	2.3.2	PASS
SRR15167048	GC2	2.3	2.3.2	GC2	2.3	2.3.2	PASS
SRR16479857	GC2	2.3	2.3.2	GC2	2.3	2.3.2	PASS
SRR16479894	GC2	2.3	2.3.2	GC2	2.3	2.3.2	PASS
SRR14319599	GC2	2.3	2.3.2	GC2	2.3	2.3.2	PASS
SRR14319595	GC2	2.3	2.3.2	GC2	2.3	2.3.2	PASS
SRR14319606	GC2	2.3	2.3.2	GC2	2.3	2.3.2	PASS
SRR15167046	GC2	2.3	2.3.2	GC2	2.3	2.3.2	PASS
SRR6165818	GC2	2.3	2.3.2	GC2	2.3	2.3.2	PASS
SRR5901132	GC2	2.3	2.3.2	GC2	2.3	2.3.2	PASS
SRR3168639	GC2	2.3	2.3.2	GC2	2.3	2.3.2	PASS
SRR5445923	GC2	2.3	2.3.2	GC2	2.3	2.3.2	PASS
SRR4417612	GC2	2.3	2.3.2	GC2	2.3	2.3.2	PASS
GCF_000811365	GC2	2.3	2.3.2	GC2	2.3	2.3.2	PASS
GCF_000811305	GC2	2.3	2.3.2	GC2	2.3	2.3.2	PASS
GCF_000811205	GC2	2.3	2.3.2	GC2	2.3	2.3.2	PASS
GCF_002182895	GC2	2.3	2.3.2	GC2	2.3	2.3.2	PASS
GCF_000515635	GC2	2.3	2.3.2	GC2	2.3	2.3.2	PASS
SRR4417570	GC2	2.3	2.3.2	GC2	2.3	2.3.2	PASS
DRR033195	GC2	2.3	2.3.2	GC2	2.3	2.3.2	PASS
DRR033216	GC2	2.3	2.3.2	GC2	2.3	2.3.2	PASS
GCF_014880945	GC2	2.3	2.3.2	GC2	2.3	2.3.2	PASS
GCF_014882115	GC2	2.3	2.3.2	GC2	2.3	2.3.2	PASS
GCF_000811345	GC2	2.3	2.3.2	GC2	2.3	2.3.2	PASS
GCF_000810365	GC2	2.3	2.3.2	GC2	2.3	2.3.2	PASS
GCF_002017765	GC2	2.3	2.3.2	GC2	2.3	2.3.2	PASS
SRR11521742	GC2	2.3	2.3.2	GC2	2.3	2.3.2	PASS
GCF_000515735	GC2	2.3	2.3.2	GC2	2.3	2.3.2	PASS
SRR11521751	GC2	2.3	2.3.2	GC2	2.3	2.3.2	PASS
SRR11521750	GC2	2.3	2.3.2	GC2	2.3	2.3.2	PASS
SRR11521752	GC2	2.3	2.3.2	GC2	2.3	2.3.2	PASS
SRR1685961	GC2	2.3	2.3.2	GC2	2.3	2.3.2	PASS
GCF_002183785	GC2	2.3	2.3.2	GC2	2.3	2.3.2	PASS
SRR2047504	GC2	2.3	2.3.2	GC2	2.3	2.3.2	PASS
SRR1685820	GC2	2.3	2.3.2	GC2	2.3	2.3.2	PASS
SRR2047476	GC2	2.3	2.3.2	GC2	2.3	2.3.2	PASS
SRR2047497	GC2	2.3	2.3.2	GC2	2.3	2.3.2	PASS
GCF_000515615	GC2	2.3	2.3.2	GC2	2.3	2.3.2	PASS
GCF_000809065	GC2	2.3	2.3.2	GC2	2.3	2.3.2	PASS
GCF_002028485	GC2	2.3	2.3.2	GC2	2.3	2.3.2	PASS
SRR2047498	GC2	2.3	2.3.2	GC2	2.3	2.3.2	PASS
SRR2047505	GC2	2.3	2.3.2	GC2	2.3	2.3.2	PASS
SRR1685819	GC2	2.3	2.3.2	GC2	2.3	2.3.2	PASS
SRR2047506	GC2	2.3	2.3.2	GC2	2.3	2.3.2	PASS
SRR2047507	GC2	2.3	2.3.2	GC2	2.3	2.3.2	PASS
SRR2047513	GC2	2.3	2.3.2	GC2	2.3	2.3.2	PASS
GCF_000515595	GC2	2.3	2.3.2	GC2	2.3	2.3.2	PASS
SRR2047499	GC2	2.3	2.3.2	GC2	2.3	2.3.2	PASS
GCF_000517485	GC2	2.3	2.3.2	GC2	2.3	2.3.2	PASS
SRR2047501	GC2	2.3	2.3.2	GC2	2.3	2.3.2	PASS
GCF_000515455	GC2	2.3	2.3.2	GC2	2.3	2.3.2	PASS
GCF_002183365	GC2	2.3	2.3.2	GC2	2.3	2.3.2	PASS
GCF_000515895	GC2	2.3	2.3.2	GC2	2.3	2.3.2	PASS
GCF_002144755	GC2	2.3	2.3.2	GC2	2.3	2.3.2	PASS
GCF_002183185	GC2	2.3	2.3.2	GC2	2.3	2.3.2	PASS
GCF_000810425	GC2	2.3	2.3.2	GC2	2.3	2.3.2	PASS
GCF_002017185	GC2	2.3	2.3.2	GC2	2.3	2.3.2	PASS
SRR4417594	GC2	2.3	2.3.2	GC2	2.3	2.3.2	PASS
GCF_002145035	GC2	2.3	2.3.2	GC2	2.3	2.3.2	PASS
GCF_000809105	GC2	2.3	2.3.2	NA	NA	NA	UNRESOLVED
GCF_002137895	GC2	2.3	2.3.2	GC2	2.3	2.3.2	PASS
GCF_002017555	GC2	2.3	2.3.2	GC2	2.3	2.3.2	PASS
GCF_002183345	GC2	2.3	2.3.2	GC2	2.3	2.3.2	PASS
GCF_001669075	GC2	2.3	2.3.2	GC2	2.3	2.3.2	PASS
GCF_002014475	GC2	2.3	2.3.2	GC2	2.3	2.3.2	PASS
GCF_000810985	GC2	2.3	2.3.2	GC2	2.3	2.3.2	PASS
GCF_000811065	GC2	2.3	2.3.2	GC2	2.3	2.3.2	PASS
GCF_001669035	GC2	2.3	2.3.2	GC2	2.3	2.3.2	PASS
GCF_002137395	GC2	2.3	2.3.2	GC2	2.3	2.3.2	PASS
GCF_001664565	GC2	2.3	2.3.2	GC2	2.3	2.3.2	PASS
GCF_002017625	GC2	2.3	2.3.2	GC2	2.3	2.3.2	PASS
GCF_002145115	GC2	2.3	2.3.2	GC2	2.3	2.3.2	PASS
GCF_002183445	GC2	2.3	2.3.2	GC2	2.3	2.3.2	PASS
GCF_002016745	GC2	2.3	2.3.2	GC2	2.3	2.3.2	PASS
GCF_002184605	GC2	2.3	2.3.2	GC2	2.3	2.3.2	PASS
GCF_002138305	GC2	2.3	2.3.2	GC2	2.3	2.3.2	PASS
GCF_014881525	GC2	2.3	2.3.2	GC2	2.3	2.3.2	PASS
GCF_014881545	GC2	2.3	2.3.2	GC2	2.3	2.3.2	PASS
GCF_014881575	GC2	2.3	2.3.2	GC2	2.3	2.3.2	PASS
SRR11589158	GC2	2.3	2.3.2	GC2	2.3	2.3.2	PASS
SRR16217709	GC2	2.3	2.3.2	GC2	2.3	2.3.2	PASS
SRR16217710	GC2	2.3	2.3.2	GC2	2.3	2.3.2	PASS
SRR16217708	GC2	2.3	2.3.2	GC2	2.3	2.3.2	PASS
SRR16217711	GC2	2.3	2.3.2	GC2	2.3	2.3.2	PASS
SRR16217707	GC2	2.3	2.3.2	GC2	2.3	2.3.2	PASS
SRR16217712	GC2	2.3	2.3.2	GC2	2.3	2.3.2	PASS
SRR16492570	GC2	2.3	2.3.2	GC2	2.3	2.3.2	PASS
SRR16610134	GC2	2.3	2.3.2	GC2	2.3	2.3.2	PASS
SRR16610067	GC2	2.3	2.3.2	GC2	2.3	2.3.2	PASS
SRR16610109	GC2	2.3	2.3.2	GC2	2.3	2.3.2	PASS
SRR11977868	GC2	2.3	2.3.2	GC2	2.3	2.3.2	PASS
SRR15263995	GC2	2.3	2.3.2	GC2	2.3	2.3.2	PASS
SRR11977867	GC2	2.3	2.3.2	GC2	2.3	2.3.2	PASS
SRR15263992	GC2	2.3	2.3.2	GC2	2.3	2.3.2	PASS
SRR16492476	GC2	2.3	2.3.2	GC2	2.3	2.3.2	PASS
SRR16492481	GC2	2.3	2.3.2	GC2	2.3	2.3.2	PASS
SRR14303696	GC2	2.3	2.3.2	GC2	2.3	2.3.2	PASS
SRR16492589	GC2	2.3	2.3.2	GC2	2.3	2.3.2	PASS
SRR18061864	GC2	2.3	2.3.2	GC2	2.3	2.3.2	PASS
SRR13964027	GC2	2.3	2.3.2	GC2	2.3	2.3.2	PASS
SRR16217713	GC2	2.3	2.3.2	GC2	2.3	2.3.2	PASS
SRR18061863	GC2	2.3	2.3.2	GC2	2.3	2.3.2	PASS
SRR16492477	GC2	2.3	2.3.2	GC2	2.3	2.3.2	PASS
SRR16492482	GC2	2.3	2.3.2	GC2	2.3	2.3.2	PASS
SRR16492484	GC2	2.3	2.3.2	GC2	2.3	2.3.2	PASS
SRR16241820	GC2	2.3	2.3.2	GC2	2.3	2.3.2	PASS
SRR16492505	GC2	2.3	2.3.2	GC2	2.3	2.3.2	PASS
SRR16492595	GC2	2.3	2.3.2	GC2	2.3	2.3.2	PASS
SRR18349581	GC2	2.3	2.3.2	GC2	2.3	2.3.2	PASS
SRR18460521	GC2	2.3	2.3.2	GC2	2.3	2.3.2	PASS
SRR16219305	GC2	2.3	2.3.2	GC2	2.3	2.3.2	PASS
SRR16492483	GC2	2.3	2.3.2	GC2	2.3	2.3.2	PASS
SRR16492491	GC2	2.3	2.3.2	GC2	2.3	2.3.2	PASS
SRR16492478	GC2	2.3	2.3.2	GC2	2.3	2.3.2	PASS
SRR16492593	GC2	2.3	2.3.2	GC2	2.3	2.3.2	PASS
SRR13964026	GC2	2.3	2.3.2	GC2	2.3	2.3.2	PASS
SRR16492575	GC2	2.3	2.3.2	GC2	2.3	2.3.2	PASS
SRR16241822	GC2	2.3	2.3.2	GC2	2.3	2.3.2	PASS
SRR16492479	GC2	2.3	2.3.2	GC2	2.3	2.3.2	PASS
SRR11977869	GC2	2.3	2.3.2	GC2	2.3	2.3.2	PASS
SRR16610070	GC2	2.3	2.3.2	GC2	2.3	2.3.2	PASS
SRR16610071	GC2	2.3	2.3.2	GC2	2.3	2.3.2	PASS
SRR16610072	GC2	2.3	2.3.2	GC2	2.3	2.3.2	PASS
SRR16610100	GC2	2.3	2.3.2	GC2	2.3	2.3.2	PASS
SRR16610074	GC2	2.3	2.3.2	GC2	2.3	2.3.2	PASS
SRR16610077	GC2	2.3	2.3.2	GC2	2.3	2.3.2	PASS
SRR16610084	GC2	2.3	2.3.2	GC2	2.3	2.3.2	PASS
SRR17944037	GC2	2.3	2.3.2	GC2	2.3	2.3.2	PASS
SRR13643284	GC2	2.3	2.3.2	GC2	2.3	2.3.2	PASS
SRR14792835	GC2	2.3	2.3.2	GC2	2.3	2.3.2	PASS
SRR16492594	GC2	2.3	2.3.2	GC2	2.3	2.3.2	PASS
SRR17157378	GC2	2.3	2.3.2	GC2	2.3	2.3.2	PASS
SRR17157379	GC2	2.3	2.3.2	GC2	2.3	2.3.2	PASS
SRR3170596	GC2	2.3	2.3.2	GC2	2.3	2.3.2	PASS
SRR2075890	GC2	2.3	2.3.2	GC2	2.3	2.3.2	PASS
ERR2455425	GC2	2.3	2.3.2	GC2	2.3	2.3.2	PASS
ERR2455432	GC2	2.3	2.3.2	GC2	2.3	2.3.2	PASS
ERR2455424	GC2	2.3	2.3.2	GC2	2.3	2.3.2	PASS
ERR2455433	GC2	2.3	2.3.2	GC2	2.3	2.3.2	PASS
ERR2455409	GC2	2.3	2.3.2	GC2	2.3	2.3.2	PASS
SRR6513777	GC2	2.3	2.3.2	GC2	2.3	2.3.2	PASS
ERR2455423	GC2	2.3	2.3.2	GC2	2.3	2.3.2	PASS
SRR7591080	GC2	2.3	2.3.2	GC2	2.3	2.3.2	PASS
ERR2455420	GC2	2.3	2.3.2	GC2	2.3	2.3.2	PASS
ERR2455419	GC2	2.3	2.3.2	GC2	2.3	2.3.2	PASS
ERR2518355	GC2	2.3	2.3.2	GC2	2.3	2.3.2	PASS
SRR6513730	GC2	2.3	2.3.2	GC2	2.3	2.3.2	PASS
SRR7591083	GC2	2.3	2.3.2	GC2	2.3	2.3.2	PASS
ERR2455370	GC2	2.3	2.3.2	GC2	2.3	2.3.2	PASS
ERR2518356	GC2	2.3	2.3.2	GC2	2.3	2.3.2	PASS
SRR11554750	GC2	2.3	2.3.2	GC2	2.3	2.3.2	PASS
SRR11554752	GC2	2.3	2.3.2	GC2	2.3	2.3.2	PASS
ERR2455429	GC2	2.3	2.3.2	GC2	2.3	2.3.2	PASS
ERR2518352	GC2	2.3	2.3.2	GC2	2.3	2.3.2	PASS
ERR2712057	GC2	2.3	2.3.2	GC2	2.3	2.3.2	PASS
GCF_018442385	GC2	2.3	2.3.2	GC2	2.3	2.3.2	PASS
GCF_002212685	GC2	2.3	2.3.2	GC2	2.3	2.3.2	PASS
GCF_002212715	GC2	2.3	2.3.2	GC2	2.3	2.3.2	PASS
GCF_003345955	GC2	2.3	2.3.2	GC2	2.3	2.3.2	PASS
GCF_004357175	GC2	2.3	2.3.2	GC2	2.3	2.3.2	PASS
GCF_004357275	GC2	2.3	2.3.2	GC2	2.3	2.3.2	PASS
ERR474005	GC2	2.3	2.3.2	GC2	2.3	2.3.2	PASS
ERR474006	GC2	2.3	2.3.2	GC2	2.3	2.3.2	PASS
ERR474007	GC2	2.3	2.3.2	GC2	2.3	2.3.2	PASS
ERR474023	GC2	2.3	2.3.2	GC2	2.3	2.3.2	PASS
GCF_900444785	GC2	2.3	2.3.2	GC2	2.3	2.3.2	PASS
GCF_000305255	GC2	2.3	2.3.2	GC2	2.3	2.3.2	PASS
GCF_002838015	GC2	2.3	2.3.2	GC2	2.3	2.3.2	PASS
ERR6132382	GC2	2.3	2.3.2	GC2	2.3	2.3.2	PASS
GCF_010179335	GC2	2.3	2.3.2	GC2	2.3	2.3.2	PASS
DRR039890	GC2	2.3	2.3.2	GC2	2.3	2.3.2	PASS
GCF_017600685	GC2	2.3	2.3.2	GC2	2.3	2.3.2	PASS
GCF_017600695	GC2	2.3	2.3.2	GC2	2.3	2.3.2	PASS
ERR6132383	GC2	2.3	2.3.2	GC2	2.3	2.3.2	PASS
GCF_010179285	GC2	2.3	2.3.2	GC2	2.3	2.3.2	PASS
ERR6132555	GC2	2.3	2.3.2	GC2	2.3	2.3.2	PASS
GCF_011603455	GC2	2.3	2.3.2	GC2	2.3	2.3.2	PASS
DRR039812	GC2	2.3	2.3.2	GC2	2.3	2.3.2	PASS
DRR039817	GC2	2.3	2.3.2	GC2	2.3	2.3.2	PASS
GCF_010178735	GC2	2.3	2.3.2	GC2	2.3	2.3.2	PASS
ERR6132430	GC2	2.3	2.3.2	GC2	2.3	2.3.2	PASS
GCF_010500075	GC2	2.3	2.3.2	GC2	2.3	2.3.2	PASS
GCF_018788895	GC2	2.3	2.3.2	GC2	2.3	2.3.2	PASS
GCF_018788965	GC2	2.3	2.3.2	GC2	2.3	2.3.2	PASS
ERR2497355	GC2	2.3	2.3.2	GC2	2.3	2.3.2	PASS
ERR4596707	GC2	2.3	2.3.2	GC2	2.3	2.3.2	PASS
GCF_900406685	GC2	2.3	2.3.2	GC2	2.3	2.3.2	PASS
ERR7123374	GC2	2.3	2.3.2	GC2	2.3	2.3.2	PASS
ERR7123433	GC2	2.3	2.3.2	GC2	2.3	2.3.2	PASS
SRR3170737	GC2	2.3	2.3.2	GC2	2.3	2.3.2	PASS
GCF_900476595	GC2	2.3	2.3.2	GC2	2.3	2.3.2	PASS
ERR356293	GC2	2.3	2.3.2	GC2	2.3	2.3.2	PASS
ERR356262	GC2	2.3	2.3.2	GC2	2.3	2.3.2	PASS
ERR356346	GC2	2.3	2.3.2	GC2	2.3	2.3.2	PASS
ERR356260	GC2	2.3	2.3.2	GC2	2.3	2.3.2	PASS
ERR356294	GC2	2.3	2.3.2	GC2	2.3	2.3.2	PASS
ERR356364	GC2	2.3	2.3.2	GC2	2.3	2.3.2	PASS
ERR356315	GC2	2.3	2.3.2	GC2	2.3	2.3.2	PASS
ERR356261	GC2	2.3	2.3.2	GC2	2.3	2.3.2	PASS
ERR356316	GC2	2.3	2.3.2	GC2	2.3	2.3.2	PASS
GCF_006492085	GC2	2.3	2.3.2	GC2	2.3	2.3.2	PASS
SRR3170768	GC2	2.3	2.3.2	GC2	2.3	2.3.2	PASS
SRR3943784	GC2	2.3	2.3.2	GC2	2.3	2.3.2	PASS
SRR3943753	GC2	2.3	2.3.2	GC2	2.3	2.3.2	PASS
SRR3944223	GC2	2.3	2.3.2	GC2	2.3	2.3.2	PASS
SRR3170588	GC2	2.3	2.3.2	GC2	2.3	2.3.2	PASS
ERR474019	GC2	2.3	2.3.2	GC2	2.3	2.3.2	PASS
SRR3217391	GC2	2.3	2.3.2	GC2	2.3	2.3.2	PASS
GCF_900117965	GC2	2.3	2.3.2	GC2	2.3	2.3.2	PASS
GCF_900117875	GC2	2.3	2.3.2	GC2	2.3	2.3.2	PASS
SRR11746241	GC2	2.3	2.3.2	GC2	2.3	2.3.2	PASS
GCF_900117675	GC2	2.3	2.3.2	GC2	2.3	2.3.2	PASS
GCF_900117995	GC2	2.3	2.3.2	GC2	2.3	2.3.2	PASS
ERR263715	GC2	2.3	2.3.2	GC2	2.3	2.3.2	PASS
SRR11746264	GC2	2.3	2.3.2	GC2	2.3	2.3.2	PASS
GCF_900117615	GC2	2.3	2.3.2	GC2	2.3	2.3.2	PASS
GCF_900117665	GC2	2.3	2.3.2	GC2	2.3	2.3.2	PASS
GCF_900117655	GC2	2.3	2.3.2	GC2	2.3	2.3.2	PASS
GCF_900117865	GC2	2.3	2.3.2	GC2	2.3	2.3.2	PASS
GCF_900117805	GC2	2.3	2.3.2	GC2	2.3	2.3.2	PASS
GCF_900117835	GC2	2.3	2.3.2	GC2	2.3	2.3.2	PASS
SRR11746231	GC2	2.3	2.3.2	GC2	2.3	2.3.2	PASS
SRR11746263	GC2	2.3	2.3.2	GC2	2.3	2.3.2	PASS
GCF_900489505	GC2	2.3	2.3.2	GC2	2.3	2.3.2	PASS
SRR11746240	GC2	2.3	2.3.2	GC2	2.3	2.3.2	PASS
GCF_900477045	GC2	2.3	2.3.2	GC2	2.3	2.3.2	PASS
GCF_900477465	GC2	2.3	2.3.2	GC2	2.3	2.3.2	PASS
GCF_900477625	GC2	2.3	2.3.2	GC2	2.3	2.3.2	PASS
GCF_900476835	GC2	2.3	2.3.2	GC2	2.3	2.3.2	PASS
GCF_900477195	GC2	2.3	2.3.2	GC2	2.3	2.3.2	PASS
GCF_900477605	GC2	2.3	2.3.2	GC2	2.3	2.3.2	PASS
GCF_900477095	GC2	2.3	2.3.2	GC2	2.3	2.3.2	PASS
GCF_900117745	GC2	2.3	2.3.2	GC2	2.3	2.3.2	PASS
GCF_900477685	GC2	2.3	2.3.2	GC2	2.3	2.3.2	PASS
GCF_900477965	GC2	2.3	2.3.2	GC2	2.3	2.3.2	PASS
GCF_900117855	GC2	2.3	2.3.2	GC2	2.3	2.3.2	PASS
GCF_900477695	GC2	2.3	2.3.2	GC2	2.3	2.3.2	PASS
GCF_900117485	GC2	2.3	2.3.2	GC2	2.3	2.3.2	PASS
GCF_900117575	GC2	2.3	2.3.2	GC2	2.3	2.3.2	PASS
SRR11746238	GC2	2.3	2.3.2	GC2	2.3	2.3.2	PASS
GCF_900117905	GC2	2.3	2.3.2	GC2	2.3	2.3.2	PASS
GCF_900477125	GC2	2.3	2.3.2	GC2	2.3	2.3.2	PASS
SRR11746235	GC2	2.3	2.3.2	GC2	2.3	2.3.2	PASS
GCF_900117735	GC2	2.3	2.3.2	GC2	2.3	2.3.2	PASS
GCF_900476975	GC2	2.3	2.3.2	GC2	2.3	2.3.2	PASS
SRR11746232	GC2	2.3	2.3.2	GC2	2.3	2.3.2	PASS
SRR11746239	GC2	2.3	2.3.2	GC2	2.3	2.3.2	PASS
ERR263709	GC2	2.3	2.3.2	GC2	2.3	2.3.2	PASS
GCF_018789575	GC2	2.3	2.3.2	GC2	2.3	2.3.2	PASS
ERR2712251	GC2	2.3	2.3.2	GC2	2.3	2.3.2	PASS
GCF_900117565	GC2	2.3	2.3.2	GC2	2.3	2.3.2	PASS
GCF_900117725	GC2	2.3	2.3.2	GC2	2.3	2.3.2	PASS
GCF_900477075	GC2	2.3	2.3.2	GC2	2.3	2.3.2	PASS
ERR4436587	GC2	2.3	2.3.2	GC2	2.3	2.3.2	PASS
SRR16617692	GC2	2.3	2.3.2	GC2	2.3	2.3.2	PASS
GCF_900476915	GC2	2.3	2.3.2	GC2	2.3	2.3.2	PASS
GCF_014889445	GC2	2.3	2.3.2	GC2	2.3	2.3.2	PASS
GCF_014893605	GC2	2.3	2.3.2	GC2	2.3	2.3.2	PASS
GCF_014889395	GC2	2.3	2.3.2	GC2	2.3	2.3.2	PASS
GCF_014889435	GC2	2.3	2.3.2	GC2	2.3	2.3.2	PASS
GCF_019903215	GC2	2.3	2.3.2	GC2	2.3	2.3.2	PASS
GCF_900117795	GC2	2.3	2.3.2	GC2	2.3	2.3.2	PASS
GCF_900117705	GC2	2.3	2.3.2	GC2	2.3	2.3.2	PASS
GCF_900117505	GC2	2.3	2.3.2	GC2	2.3	2.3.2	PASS
GCF_900117605	GC2	2.3	2.3.2	GC2	2.3	2.3.2	PASS
GCF_900117885	GC2	2.3	2.3.2	GC2	2.3	2.3.2	PASS
GCF_900117845	GC2	2.3	2.3.2	GC2	2.3	2.3.2	PASS
GCF_900117595	GC2	2.3	2.3.2	GC2	2.3	2.3.2	PASS
GCF_900117775	GC2	2.3	2.3.2	GC2	2.3	2.3.2	PASS
GCF_900477535	GC2	2.3	2.3.2	GC2	2.3	2.3.2	PASS
GCF_900117535	GC2	2.3	2.3.2	GC2	2.3	2.3.2	PASS
GCF_900117545	GC2	2.3	2.3.2	GC2	2.3	2.3.2	PASS
GCF_900477545	GC2	2.3	2.3.2	GC2	2.3	2.3.2	PASS
GCF_900117695	GC2	2.3	2.3.2	GC2	2.3	2.3.2	PASS
GCF_900117755	GC2	2.3	2.3.2	GC2	2.3	2.3.2	PASS
GCF_900477565	GC2	2.3	2.3.2	GC2	2.3	2.3.2	PASS
GCF_900477765	GC2	2.3	2.3.2	GC2	2.3	2.3.2	PASS
SRR11746237	GC2	2.3	2.3.2	GC2	2.3	2.3.2	PASS
GCF_900478085	GC2	2.3	2.3.2	GC2	2.3	2.3.2	PASS
GCF_900117895	GC2	2.3	2.3.2	GC2	2.3	2.3.2	PASS
GCF_900117645	GC2	2.3	2.3.2	GC2	2.3	2.3.2	PASS
ERR110014	GC2	2.3	2.3.2	GC2	2.3	2.3.2	PASS
GCF_900117785	GC2	2.3	2.3.2	GC2	2.3	2.3.2	PASS
GCF_900117585	GC2	2.3	2.3.2	GC2	2.3	2.3.2	PASS
GCF_900117515	GC2	2.3	2.3.2	GC2	2.3	2.3.2	PASS
GCF_900117815	GC2	2.3	2.3.2	GC2	2.3	2.3.2	PASS
GCF_900117475	GC2	2.3	2.3.2	GC2	2.3	2.3.2	PASS
GCF_900117685	GC2	2.3	2.3.2	GC2	2.3	2.3.2	PASS
GCF_900476855	GC2	2.3	2.3.2	GC2	2.3	2.3.2	PASS
GCF_900477615	GC2	2.3	2.3.2	GC2	2.3	2.3.2	PASS
GCF_900477715	GC2	2.3	2.3.2	GC2	2.3	2.3.2	PASS
SRR11746236	GC2	2.3	2.3.2	GC2	2.3	2.3.2	PASS
GCF_900477655	GC2	2.3	2.3.2	GC2	2.3	2.3.2	PASS
GCF_900477935	GC2	2.3	2.3.2	GC2	2.3	2.3.2	PASS
GCF_900477955	GC2	2.3	2.3.2	GC2	2.3	2.3.2	PASS
GCF_900117525	GC2	2.3	2.3.2	GC2	2.3	2.3.2	PASS
GCF_900117715	GC2	2.3	2.3.2	GC2	2.3	2.3.2	PASS
ERR246936	GC2	2.3	2.3.2	GC2	2.3	2.3.2	PASS
ERR246881	GC2	2.3	2.3.2	GC2	2.3	2.3.2	PASS
GCF_000966495	GC2	2.3	2.3.2	GC2	2.3	2.3.2	PASS
ERR246897	GC2	2.3	2.3.2	GC2	2.3	2.3.2	PASS
ERR246922	GC2	2.3	2.3.2	GC2	2.3	2.3.2	PASS
ERR246944	GC2	2.3	2.3.2	GC2	2.3	2.3.2	PASS
GCF_900117555	GC2	2.3	2.3.2	GC2	2.3	2.3.2	PASS
GCF_900117925	GC2	2.3	2.3.2	GC2	2.3	2.3.2	PASS
GCF_900117935	GC2	2.3	2.3.2	GC2	2.3	2.3.2	PASS
GCF_900477015	GC2	2.3	2.3.2	GC2	2.3	2.3.2	PASS
GCF_900477335	GC2	2.3	2.3.2	GC2	2.3	2.3.2	PASS
GCF_900477375	GC2	2.3	2.3.2	GC2	2.3	2.3.2	PASS
GCF_900477295	GC2	2.3	2.3.2	GC2	2.3	2.3.2	PASS
GCF_900477355	GC2	2.3	2.3.2	GC2	2.3	2.3.2	PASS
GCF_900477245	GC2	2.3	2.3.2	GC2	2.3	2.3.2	PASS
GCF_900477225	GC2	2.3	2.3.2	GC2	2.3	2.3.2	PASS
GCF_900477105	GC2	2.3	2.3.2	GC2	2.3	2.3.2	PASS
GCF_900477285	GC2	2.3	2.3.2	GC2	2.3	2.3.2	PASS
GCF_900477315	GC2	2.3	2.3.2	GC2	2.3	2.3.2	PASS
GCF_900477325	GC2	2.3	2.3.2	GC2	2.3	2.3.2	PASS
GCF_900477255	GC2	2.3	2.3.2	GC2	2.3	2.3.2	PASS
GCF_900118145	GC2	2.3	2.3.2	GC2	2.3	2.3.2	PASS
GCF_900477365	GC2	2.3	2.3.2	GC2	2.3	2.3.2	PASS
GCF_900477085	GC2	2.3	2.3.2	GC2	2.3	2.3.2	PASS
GCF_900477415	GC2	2.3	2.3.2	GC2	2.3	2.3.2	PASS
GCF_900477305	GC2	2.3	2.3.2	GC2	2.3	2.3.2	PASS
GCF_900117975	GC2	2.3	2.3.2	GC2	2.3	2.3.2	PASS
GCF_900117825	GC2	2.3	2.3.2	GC2	2.3	2.3.2	PASS
GCF_900118005	GC2	2.3	2.3.2	GC2	2.3	2.3.2	PASS
GCF_000186645	GC2	2.3	2.3.2	GC2	2.3	2.3.2	PASS
ERR249299	GC2	2.3	2.3.2	GC2	2.3	2.3.2	PASS
GCF_900117945	GC2	2.3	2.3.2	GC2	2.3	2.3.2	PASS
GCF_900118015	GC2	2.3	2.3.2	GC2	2.3	2.3.2	PASS
GCF_900477155	GC2	2.3	2.3.2	GC2	2.3	2.3.2	PASS
GCF_900477505	GC2	2.3	2.3.2	GC2	2.3	2.3.2	PASS
GCF_900477585	GC2	2.3	2.3.2	GC2	2.3	2.3.2	PASS
GCF_900477595	GC2	2.3	2.3.2	GC2	2.3	2.3.2	PASS
GCF_900477425	GC2	2.3	2.3.2	GC2	2.3	2.3.2	PASS
GCF_900476995	GC2	2.3	2.3.2	GC2	2.3	2.3.2	PASS
GCF_900477495	GC2	2.3	2.3.2	GC2	2.3	2.3.2	PASS
GCF_900477235	GC2	2.3	2.3.2	GC2	2.3	2.3.2	PASS
GCF_900477005	GC2	2.3	2.3.2	GC2	2.3	2.3.2	PASS
GCF_900477035	GC2	2.3	2.3.2	GC2	2.3	2.3.2	PASS
GCF_900477345	GC2	2.3	2.3.2	GC2	2.3	2.3.2	PASS
GCF_900117955	GC2	2.3	2.3.2	GC2	2.3	2.3.2	PASS
GCF_900477405	GC2	2.3	2.3.2	GC2	2.3	2.3.2	PASS
GCF_900477385	GC2	2.3	2.3.2	GC2	2.3	2.3.2	PASS
GCF_900117765	GC2	2.3	2.3.2	GC2	2.3	2.3.2	PASS
GCF_900477265	GC2	2.3	2.3.2	GC2	2.3	2.3.2	PASS
GCF_900117495	GC2	2.3	2.3.2	GC2	2.3	2.3.2	PASS
GCF_900117625	GC2	2.3	2.3.2	GC2	2.3	2.3.2	PASS
GCF_900477135	GC2	2.3	2.3.2	GC2	2.3	2.3.2	PASS
GCF_900477515	GC2	2.3	2.3.2	GC2	2.3	2.3.2	PASS
GCF_900117915	GC2	2.3	2.3.2	GC2	2.3	2.3.2	PASS
GCF_900118135	GC2	2.3	2.3.2	GC2	2.3	2.3.2	PASS
GCF_900476985	GC2	2.3	2.3.2	GC2	2.3	2.3.2	PASS
GCF_900477115	GC2	2.3	2.3.2	GC2	2.3	2.3.2	PASS
GCF_900477215	GC2	2.3	2.3.2	GC2	2.3	2.3.2	PASS
GCF_900490085	GC2	2.3	2.3.2	GC2	2.3	2.3.2	PASS
GCF_900477555	GC2	2.3	2.3.2	GC2	2.3	2.3.2	PASS
GCF_900477575	GC2	2.3	2.3.2	GC2	2.3	2.3.2	PASS
GCF_900118025	GC2	2.3	2.3.2	GC2	2.3	2.3.2	PASS
GCF_900477275	GC2	2.3	2.3.2	GC2	2.3	2.3.2	PASS
GCF_900477145	GC2	2.3	2.3.2	GC2	2.3	2.3.2	PASS
GCF_900477485	GC2	2.3	2.3.2	GC2	2.3	2.3.2	PASS
GCF_900477175	GC2	2.3	2.3.2	GC2	2.3	2.3.2	PASS
GCF_900477185	GC2	2.3	2.3.2	GC2	2.3	2.3.2	PASS
GCF_900118085	GC2	2.3	2.3.2	GC2	2.3	2.3.2	PASS
GCF_900477065	GC2	2.3	2.3.2	GC2	2.3	2.3.2	PASS
GCF_900118035	GC2	2.3	2.3.2	GC2	2.3	2.3.2	PASS
GCF_900477205	GC2	2.3	2.3.2	GC2	2.3	2.3.2	PASS
GCF_900118105	GC2	2.3	2.3.2	GC2	2.3	2.3.2	PASS
GCF_900477395	GC2	2.3	2.3.2	GC2	2.3	2.3.2	PASS
GCF_900477165	GC2	2.3	2.3.2	GC2	2.3	2.3.2	PASS
GCF_900117635	GC2	2.3	2.3.2	GC2	2.3	2.3.2	PASS
GCF_900118115	GC2	2.3	2.3.2	GC2	2.3	2.3.2	PASS
GCF_900476865	GC2	2.3	2.3.2	GC2	2.3	2.3.2	PASS
GCF_900117985	GC2	2.3	2.3.2	GC2	2.3	2.3.2	PASS
GCF_900476895	GC2	2.3	2.3.2	GC2	2.3	2.3.2	PASS
GCF_900476675	GC2	2.3	2.3.2	GC2	2.3	2.3.2	PASS
GCF_900476935	GC2	2.3	2.3.2	GC2	2.3	2.3.2	PASS
GCF_900476945	GC2	2.3	2.3.2	GC2	2.3	2.3.2	PASS
GCF_900476905	GC2	2.3	2.3.2	GC2	2.3	2.3.2	PASS
GCF_900476955	GC2	2.3	2.3.2	GC2	2.3	2.3.2	PASS
GCF_900476805	GC2	2.3	2.3.2	GC2	2.3	2.3.2	PASS
GCF_900476925	GC2	2.3	2.3.2	GC2	2.3	2.3.2	PASS
GCF_900477055	GC2	2.3	2.3.2	GC2	2.3	2.3.2	PASS
GCF_900476695	GC2	2.3	2.3.2	GC2	2.3	2.3.2	PASS
GCF_900477025	GC2	2.3	2.3.2	GC2	2.3	2.3.2	PASS
GCF_900476795	GC2	2.3	2.3.2	GC2	2.3	2.3.2	PASS
SRR11589174	GC2	2.3	2.3.2	GC2	2.3	2.3.2	PASS
ERR2712059	GC2	2.3	2.3.2	GC2	2.3	2.3.2	PASS
ERR2712062	GC2	2.3	2.3.2	GC2	2.3	2.3.2	PASS
ERR2712344	GC2	2.3	2.3.2	GC2	2.3	2.3.2	PASS
GCF_018789135	GC2	2.3	2.3.2	GC2	2.3	2.3.2	PASS
ERR2712061	GC2	2.3	2.3.2	GC2	2.3	2.3.2	PASS
ERR2712341	GC2	2.3	2.3.2	GC2	2.3	2.3.2	PASS
ERR2712342	GC2	2.3	2.3.2	GC2	2.3	2.3.2	PASS
ERR246952	GC2	2.3	2.3.2	GC2	2.3	2.3.2	PASS
GCF_000302075	GC2	2.3	2.3.2	GC2	2.3	2.3.2	PASS
GCF_003948095	GC2	2.3	2.3.2	GC2	2.3	2.3.2	PASS
GCF_000810625	GC2	2.3	2.3.2	GC2	2.3	2.3.2	PASS
GCF_000810685	GC2	2.3	2.3.2	GC2	2.3	2.3.2	PASS
GCF_000810765	GC2	2.3	2.3.2	GC2	2.3	2.3.2	PASS
GCF_002137295	GC2	2.3	2.3.2	GC2	2.3	2.3.2	PASS
ERR246889	GC2	2.3	2.3.2	GC2	2.3	2.3.2	PASS
ERR246913	GC2	2.3	2.3.2	GC2	2.3	2.3.2	PASS
GCF_900476615	GC2	2.3	2.3.2	GC2	2.3	2.3.2	PASS
GCF_900476745	GC2	2.3	2.3.2	GC2	2.3	2.3.2	PASS
GCF_900476765	GC2	2.3	2.3.2	GC2	2.3	2.3.2	PASS
GCF_003336155	GC2	2.3	2.3.2	GC2	2.3	2.3.2	PASS
GCF_900476635	GC2	2.3	2.3.2	GC2	2.3	2.3.2	PASS
GCF_900476555	GC2	2.3	2.3.2	GC2	2.3	2.3.2	PASS
GCF_900476545	GC2	2.3	2.3.2	GC2	2.3	2.3.2	PASS
GCF_900476725	GC2	2.3	2.3.2	GC2	2.3	2.3.2	PASS
GCF_900490075	GC2	2.3	2.3.2	GC2	2.3	2.3.2	PASS
GCF_900476645	GC2	2.3	2.3.2	GC2	2.3	2.3.2	PASS
GCF_900476655	GC2	2.3	2.3.2	GC2	2.3	2.3.2	PASS
ERR246928	GC2	2.3	2.3.2	GC2	2.3	2.3.2	PASS
SRR16359909	GC2	2.3	2.3.2	GC2	2.3	2.3.2	PASS
SRR16304226	GC2	2.3	2.3.2	GC2	2.3	2.3.2	PASS
SRR16267915	GC2	2.3	2.3.2	GC2	2.3	2.3.2	PASS
SRR16474322	GC2	2.3	2.3.2	GC2	2.3	2.3.2	PASS
SRR16359943	GC2	2.3	2.3.2	GC2	2.3	2.3.2	PASS
SRR16474314	GC2	2.3	2.3.2	GC2	2.3	2.3.2	PASS
SRR16267920	GC2	2.3	2.3.2	GC2	2.3	2.3.2	PASS
SRR16304289	GC2	2.3	2.3.2	GC2	2.3	2.3.2	PASS
SRR16359966	GC2	2.3	2.3.2	GC2	2.3	2.3.2	PASS
SRR16359965	GC2	2.3	2.3.2	GC2	2.3	2.3.2	PASS
SRR16267925	GC2	2.3	2.3.2	GC2	2.3	2.3.2	PASS
SRR16359932	GC2	2.3	2.3.2	GC2	2.3	2.3.2	PASS
ERR2711679	GC2	2.3	2.3.2	GC2	2.3	2.3.2	PASS
GCF_001541045	GC2	2.3	2.3.2	GC2	2.3	2.3.2	PASS
GCF_000810585	GC2	2.3	2.3.2	GC2	2.3	2.3.2	PASS
GCF_900444715	GC2	2.3	2.3.2	GC2	2.3	2.3.2	PASS
ERR3653743	GC2	2.2	NA	NA	NA	NA	UNRESOLVED
GCF_000342065	GC2	2.3	NA	NA	NA	NA	UNRESOLVED
SRR8992453	GC2	2.3	NA	NA	NA	NA	UNRESOLVED
SRR9137396	GC2	2.3	NA	NA	NA	NA	UNRESOLVED
GCF_000804905	GC2	2.3	NA	NA	NA	NA	UNRESOLVED
ERR246945	GC2	2.3	NA	NA	NA	NA	UNRESOLVED
SRR12008596	GC2	2.3	NA	NA	NA	NA	UNRESOLVED
ERR2712362	GC2	2.3	NA	NA	NA	NA	UNRESOLVED
GCF_003948535	GC2	2.3	2.3.1	GC2	2.3	2.3.1	PASS
SRR11725236	GC2	2.3	2.3.1	GC2	2.3	2.3.1	PASS
SRR15377009	GC2	2.3	2.3.1	GC2	2.3	2.3.1	PASS
ERR4436582	GC2	2.3	2.3.1	GC2	2.3	2.3.1	PASS
SRR16610096	GC2	2.3	2.3.1	GC2	2.3	2.3.1	PASS
ERR2711692	GC2	2.3	2.3.1	GC2	2.3	2.3.1	PASS
ERR2712310	GC2	2.3	2.3.1	GC2	2.3	2.3.1	PASS
SRR12743852	GC2	2.3	2.3.1	GC2	2.3	2.3.1	PASS
SRR12743853	GC2	2.3	2.3.1	GC2	2.3	2.3.1	PASS
SRR12743878	GC2	2.3	2.3.1	GC2	2.3	2.3.1	PASS
SRR12743879	GC2	2.3	2.3.1	GC2	2.3	2.3.1	PASS
SRR16610086	GC2	2.3	2.3.1	GC2	2.3	2.3.1	PASS
SRR16610138	GC2	2.3	2.3.1	GC2	2.3	2.3.1	PASS
SRR16610148	GC2	2.3	2.3.1	GC2	2.3	2.3.1	PASS
SRR12286248	GC2	2.3	2.3.1	GC2	2.3	2.3.1	PASS
SRR17311699	GC2	2.3	2.3.1	GC2	2.3	2.3.1	PASS
SRR12286368	GC2	2.3	2.3.1	GC2	2.3	2.3.1	PASS
SRR12286756	GC2	2.3	2.3.1	GC2	2.3	2.3.1	PASS
SRR12286423	GC2	2.3	2.3.1	GC2	2.3	2.3.1	PASS
SRR17311718	GC2	2.3	2.3.1	GC2	2.3	2.3.1	PASS
SRR16304273	GC2	2.3	2.3.1	GC2	2.3	2.3.1	PASS
SRR17311651	GC2	2.3	2.3.1	GC2	2.3	2.3.1	PASS
SRR17311742	GC2	2.3	2.3.1	GC2	2.3	2.3.1	PASS
SRR17311752	GC2	2.3	2.3.1	GC2	2.3	2.3.1	PASS
GCF_003949595	GC2	2.3	2.3.1	GC2	2.3	2.3.1	PASS
GCF_003949755	GC2	2.3	2.3.1	GC2	2.3	2.3.1	PASS
GCF_002950495	GC2	2.3	2.3.3	GC2	2.3	2.3.3	PASS
GCF_000787355	GC2	2.3	2.3.3	GC2	2.3	2.3.3	PASS
SRR10276635	GC2	2.3	2.3.3	GC2	2.3	2.3.3	PASS
GCF_000804735	GC2	2.3	2.3.3	GC2	2.3	2.3.3	PASS
SRR8756106	GC2	2.3	2.3.3	GC2	2.3	2.3.3	PASS
SRR10276630	GC2	2.3	2.3.3	GC2	2.3	2.3.3	PASS
GCF_001573085	GC2	2.3	2.3.3	GC2	2.3	2.3.3	PASS
SRR10276627	GC2	2.3	2.3.3	GC2	2.3	2.3.3	PASS
SRR10276628	GC2	2.3	2.3.3	GC2	2.3	2.3.3	PASS
GCF_001861745	GC2	2.3	2.3.3	GC2	2.3	2.3.3	PASS
SRR3381406	GC2	2.3	2.3.3	GC2	2.3	2.3.3	PASS
SRR3381358	GC2	2.3	2.3.3	GC2	2.3	2.3.3	PASS
SRR14852570	GC2	2.3	2.3.3	GC2	2.3	2.3.3	PASS
SRR14852169	GC2	2.3	2.3.3	GC2	2.3	2.3.3	PASS
SRR14862597	GC2	2.3	2.3.3	GC2	2.3	2.3.3	PASS
SRR14862497	GC2	2.3	2.3.3	GC2	2.3	2.3.3	PASS
SRR14852567	GC2	2.3	2.3.3	GC2	2.3	2.3.3	PASS
SRR14852564	GC2	2.3	2.3.3	GC2	2.3	2.3.3	PASS
SRR14862486	GC2	2.3	2.3.3	GC2	2.3	2.3.3	PASS
SRR14852568	GC2	2.3	2.3.3	GC2	2.3	2.3.3	PASS
SRR14862601	GC2	2.3	2.3.3	GC2	2.3	2.3.3	PASS
SRR14862602	GC2	2.3	2.3.3	GC2	2.3	2.3.3	PASS
SRR14852215	GC2	2.3	2.3.3	GC2	2.3	2.3.3	PASS
SRR14852569	GC2	2.3	2.3.3	GC2	2.3	2.3.3	PASS
SRR14862618	GC2	2.3	2.3.3	GC2	2.3	2.3.3	PASS
SRR14852286	GC2	2.3	2.3.3	GC2	2.3	2.3.3	PASS
SRR14862511	GC2	2.3	2.3.3	GC2	2.3	2.3.3	PASS
SRR14852288	GC2	2.3	2.3.3	GC2	2.3	2.3.3	PASS
SRR14852566	GC2	2.3	2.3.3	GC2	2.3	2.3.3	PASS
SRR14852158	GC2	2.3	2.3.3	GC2	2.3	2.3.3	PASS
SRR14852214	GC2	2.3	2.3.3	GC2	2.3	2.3.3	PASS
SRR10276622	GC2	2.3	2.3.3	GC2	2.3	2.3.3	PASS
GCF_003591615	GC2	2.3	2.3.3	GC2	2.3	2.3.3	PASS
GCF_006368165	GC2	2.3	2.3.3	GC2	2.3	2.3.3	PASS
GCF_000804655	GC2	2.3	2.3.3	GC2	2.3	2.3.3	PASS
GCF_000804745	GC2	2.3	2.3.3	GC2	2.3	2.3.3	PASS
GCF_000804715	GC2	2.3	2.3.3	GC2	2.3	2.3.3	PASS
SRR10276632	GC2	2.3	2.3.3	GC2	2.3	2.3.3	PASS
GCF_000804665	GC2	2.3	2.3.3	GC2	2.3	2.3.3	PASS
SRR10276633	GC2	2.3	2.3.3	GC2	2.3	2.3.3	PASS
SRR10276634	GC2	2.3	2.3.3	GC2	2.3	2.3.3	PASS
SRR10276631	GC2	2.3	2.3.3	GC2	2.3	2.3.3	PASS
GCF_002762155	GC2	2.3	2.3.3	GC2	2.3	2.3.3	PASS
GCF_003336075	GC2	2.4	NA	NA	NA	NA	UNRESOLVED
GCF_009736455	GC2	2.4	NA	NA	NA	NA	UNRESOLVED
GCF_009736485	GC2	2.4	NA	NA	NA	NA	UNRESOLVED
GCF_009737505	GC2	2.4	NA	NA	NA	NA	UNRESOLVED
GCF_003072095	GC2	2.4	2.4.1	GC2	2.4	2.4.1	PASS
GCF_003336045	GC2	2.4	2.4.1	GC2	2.4	2.4.1	PASS
GCF_003336125	GC2	2.4	2.4.1	GC2	2.4	2.4.1	PASS
SRR8186510	GC2	2.4	2.4.1	GC2	2.4	2.4.1	PASS
ERR2451538	GC2	2.4	2.4.1	GC2	2.4	2.4.1	PASS
SRR6513799	GC2	2.4	2.4.1	GC2	2.4	2.4.1	PASS
ERR2455426	GC2	2.4	2.4.1	GC2	2.4	2.4.1	PASS
ERR2455427	GC2	2.4	2.4.1	GC2	2.4	2.4.1	PASS
SRR6513743	GC2	2.4	2.4.1	GC2	2.4	2.4.1	PASS
ERR2455428	GC2	2.4	2.4.1	GC2	2.4	2.4.1	PASS
SRR6513771	GC2	2.4	2.4.1	GC2	2.4	2.4.1	PASS
SRR2075882	GC2	2.4	2.4.1	GC2	2.4	2.4.1	PASS
SRR2075895	GC2	2.4	2.4.1	GC2	2.4	2.4.1	PASS
GCF_020254825	GC2	2.4	2.4.1	GC2	2.4	2.4.1	PASS
SRR13965481	GC2	2.4	2.4.1	GC2	2.4	2.4.1	PASS
SRR11725233	GC2	2.4	2.4.1	GC2	2.4	2.4.1	PASS
SRR11725234	GC2	2.4	2.4.1	GC2	2.4	2.4.1	PASS
SRR11725290	GC2	2.4	2.4.1	GC2	2.4	2.4.1	PASS
SRR12743883	GC2	2.4	2.4.1	GC2	2.4	2.4.1	PASS
GCF_003948895	GC2	2.4	2.4.1	GC2	2.4	2.4.1	PASS
GCF_003949305	GC2	2.4	2.4.1	GC2	2.4	2.4.1	PASS
GCF_001432755	GC2	2.4	2.4.1	GC2	2.4	2.4.1	PASS
GCF_003940325	GC2	2.4	2.4.1	GC2	2.4	2.4.1	PASS
GCF_003939395	GC2	2.4	2.4.1	GC2	2.4	2.4.1	PASS
GCF_003939385	GC2	2.4	2.4.1	GC2	2.4	2.4.1	PASS
GCF_003939925	GC2	2.4	2.4.1	GC2	2.4	2.4.1	PASS
SRR17849648	GC2	2.4	2.4.1	GC2	2.4	2.4.1	PASS
SRR17849649	GC2	2.4	2.4.1	GC2	2.4	2.4.1	PASS
ERR474003	GC2	2.4	2.4.1	GC2	2.4	2.4.1	PASS
GCF_004799205	GC2	2.4	2.4.1	GC2	2.4	2.4.1	PASS
GCF_000368225	GC2	2.4	2.4.1	GC2	2.4	2.4.1	PASS
GCF_904886975	GC2	2.4	2.4.1	GC2	2.4	2.4.1	PASS
GCF_005819705	GC2	2.4	2.4.1	GC2	2.4	2.4.1	PASS
GCF_002212285	GC2	2.4	2.4.1	GC2	2.4	2.4.1	PASS
GCF_002212625	GC2	2.4	2.4.1	GC2	2.4	2.4.1	PASS
SRR18500007	GC2	2.4	2.4.1	GC2	2.4	2.4.1	PASS
SRR18499918	GC2	2.4	2.4.1	GC2	2.4	2.4.1	PASS
SRR18499945	GC2	2.4	2.4.1	GC2	2.4	2.4.1	PASS
SRR18499947	GC2	2.4	2.4.1	GC2	2.4	2.4.1	PASS
SRR18499950	GC2	2.4	2.4.1	GC2	2.4	2.4.1	PASS
SRR18499928	GC2	2.4	2.4.1	GC2	2.4	2.4.1	PASS
SRR18499932	GC2	2.4	2.4.1	GC2	2.4	2.4.1	PASS
SRR18499963	GC2	2.4	2.4.1	GC2	2.4	2.4.1	PASS
SRR18499999	GC2	2.4	2.4.1	GC2	2.4	2.4.1	PASS
SRR18499920	GC2	2.4	2.4.1	GC2	2.4	2.4.1	PASS
GCF_005819305	GC2	2.4	2.4.1	GC2	2.4	2.4.1	PASS
SRR5739035	GC2	2.4	2.4.1	GC2	2.4	2.4.1	PASS
SRR5739068	GC2	2.4	2.4.1	GC2	2.4	2.4.1	PASS
GCF_005819415	GC2	2.4	2.4.1	GC2	2.4	2.4.1	PASS
GCF_002212635	GC2	2.4	2.4.1	GC2	2.4	2.4.1	PASS
GCF_003020445	GC2	2.4	2.4.1	GC2	2.4	2.4.1	PASS
GCF_006492155	GC2	2.4	2.4.1	GC2	2.4	2.4.1	PASS
SRR3131171	GC2	2.4	2.4.1	GC2	2.4	2.4.1	PASS
SRR3170258	GC2	2.4	2.4.1	GC2	2.4	2.4.1	PASS
SRR3170597	GC2	2.4	2.4.1	GC2	2.4	2.4.1	PASS
GCF_014560615	GC2	2.4	NA	NA	NA	NA	UNRESOLVED
GCF_000187205	GC2	2.4	NA	NA	NA	NA	UNRESOLVED
GCF_003335945	GC2	2.4	NA	NA	NA	NA	UNRESOLVED
GCF_000805145	GC2	2.4	NA	NA	NA	NA	UNRESOLVED
GCF_003352615	GC2	2.4	NA	NA	NA	NA	UNRESOLVED
GCF_018986625	GC2	2.4	2.4.17	GC2	2.4	2.4.17	PASS
GCF_019323795	GC2	2.4	2.4.17	GC2	2.4	2.4.17	PASS
GCF_019323855	GC2	2.4	2.4.17	GC2	2.4	2.4.17	PASS
GCF_019323775	GC2	2.4	2.4.17	GC2	2.4	2.4.17	PASS
GCF_019323825	GC2	2.4	2.4.17	GC2	2.4	2.4.17	PASS
GCF_003352665	GC2	2.4	2.4.14	GC2	2.4	2.4.14	PASS
GCF_018986615	GC2	2.4	2.4.14	GC2	2.4	2.4.14	PASS
SRR11483043	GC2	2.4	2.4.14	GC2	2.4	2.4.14	PASS
SRR8992449	GC2	2.4	2.4.14	GC2	2.4	2.4.14	PASS
ERR246700	GC2	2.4	2.4.14	GC2	2.4	2.4.14	PASS
ERR246687	GC2	2.4	2.4.14	GC2	2.4	2.4.14	PASS
ERR246757	GC2	2.4	2.4.14	GC2	2.4	2.4.14	PASS
GCF_900496705	GC2	2.4	2.4.14	GC2	2.4	2.4.14	PASS
GCF_900496865	GC2	2.4	2.4.14	GC2	2.4	2.4.14	PASS
SRR9137401	GC2	2.4	2.4.14	GC2	2.4	2.4.14	PASS
GCF_900495595	GC2	2.4	2.4.14	GC2	2.4	2.4.14	PASS
ERR246682	GC2	2.4	2.4.14	GC2	2.4	2.4.14	PASS
GCF_900496935	GC2	2.4	2.4.14	GC2	2.4	2.4.14	PASS
SRR5739038	GC2	2.4	2.4.14	GC2	2.4	2.4.14	PASS
SRR5739032	GC2	2.4	2.4.14	GC2	2.4	2.4.14	PASS
SRR5739062	GC2	2.4	2.4.14	GC2	2.4	2.4.14	PASS
DRR035588	GC2	2.4	2.4.14	GC2	2.4	2.4.14	PASS
DRR035576	GC2	2.4	2.4.14	GC2	2.4	2.4.14	PASS
DRR035577	GC2	2.4	2.4.14	GC2	2.4	2.4.14	PASS
DRR035608	GC2	2.4	2.4.14	GC2	2.4	2.4.14	PASS
DRR035535	GC2	2.4	2.4.14	GC2	2.4	2.4.14	PASS
ERR1688977	GC2	2.4	2.4.14	GC2	2.4	2.4.14	PASS
ERR1688978	GC2	2.4	2.4.14	GC2	2.4	2.4.14	PASS
DRR035546	GC2	2.4	2.4.14	GC2	2.4	2.4.14	PASS
DRR035571	GC2	2.4	2.4.14	GC2	2.4	2.4.14	PASS
DRR035590	GC2	2.4	2.4.14	GC2	2.4	2.4.14	PASS
GCF_900495575	GC2	2.4	2.4.14	GC2	2.4	2.4.14	PASS
GCF_900496945	GC2	2.4	2.4.14	GC2	2.4	2.4.14	PASS
GCF_018788695	GC2	2.4	2.4.14	NA	NA	NA	UNRESOLVED
GCF_900496195	GC2	2.4	2.4.14	GC2	2.4	2.4.14	PASS
GCF_900496595	GC2	2.4	2.4.14	GC2	2.4	2.4.14	PASS
GCF_900496665	GC2	2.4	2.4.14	GC2	2.4	2.4.14	PASS
GCF_900496625	GC2	2.4	2.4.14	GC2	2.4	2.4.14	PASS
GCF_900496535	GC2	2.4	2.4.14	GC2	2.4	2.4.14	PASS
GCF_900496645	GC2	2.4	2.4.14	GC2	2.4	2.4.14	PASS
GCF_900495445	GC2	2.4	2.4.14	GC2	2.4	2.4.14	PASS
GCF_002249365	GC2	2.4	2.4.14	GC2	2.4	2.4.14	PASS
GCF_900494645	GC2	2.4	2.4.14	GC2	2.4	2.4.14	PASS
ERR246734	GC2	2.4	2.4.14	GC2	2.4	2.4.14	PASS
GCF_000805515	GC2	2.4	2.4.14	GC2	2.4	2.4.14	PASS
GCF_000417785	GC2	2.4	2.4.14	GC2	2.4	2.4.14	PASS
ERR1227003	GC2	2.4	2.4.14	GC2	2.4	2.4.14	PASS
ERR1226911	GC2	2.4	2.4.14	GC2	2.4	2.4.14	PASS
ERR1226906	GC2	2.4	2.4.14	GC2	2.4	2.4.14	PASS
ERR1226910	GC2	2.4	2.4.14	GC2	2.4	2.4.14	PASS
ERR1226979	GC2	2.4	2.4.14	GC2	2.4	2.4.14	PASS
ERR1226978	GC2	2.4	2.4.14	GC2	2.4	2.4.14	PASS
GCF_900495505	GC2	2.4	2.4.14	GC2	2.4	2.4.14	PASS
GCF_001573105	GC2	2.4	2.4.14	GC2	2.4	2.4.14	PASS
GCF_002249435	GC2	2.4	2.4.14	GC2	2.4	2.4.14	PASS
GCF_006492585	GC2	2.4	2.4.14	GC2	2.4	2.4.14	PASS
SRR5739028	GC2	2.4	2.4.14	GC2	2.4	2.4.14	PASS
GCF_000417805	GC2	2.4	2.4.14	GC2	2.4	2.4.14	PASS
SRR2075877	GC2	2.4	2.4.14	GC2	2.4	2.4.14	PASS
DRR039780	GC2	2.4	2.4.14	GC2	2.4	2.4.14	PASS
ERR6132461	GC2	2.4	2.4.14	GC2	2.4	2.4.14	PASS
GCF_010500015	GC2	2.4	2.4.14	GC2	2.4	2.4.14	PASS
GCF_008709565	GC2	2.4	2.4.14	GC2	2.4	2.4.14	PASS
GCF_008709745	GC2	2.4	2.4.14	GC2	2.4	2.4.14	PASS
GCF_020255945	GC2	2.4	2.4.14	GC2	2.4	2.4.14	PASS
SRR18499937	GC2	2.4	2.4.14	GC2	2.4	2.4.14	PASS
ERR6132377	GC2	2.4	2.4.14	GC2	2.4	2.4.14	PASS
GCF_010179395	GC2	2.4	2.4.14	GC2	2.4	2.4.14	PASS
ERR6132483	GC2	2.4	2.4.14	GC2	2.4	2.4.14	PASS
GCF_010499635	GC2	2.4	2.4.14	GC2	2.4	2.4.14	PASS
ERR6132394	GC2	2.4	2.4.14	GC2	2.4	2.4.14	PASS
GCF_011601475	GC2	2.4	2.4.14	GC2	2.4	2.4.14	PASS
GCF_011603945	GC2	2.4	2.4.14	GC2	2.4	2.4.14	PASS
ERR6132393	GC2	2.4	2.4.14	GC2	2.4	2.4.14	PASS
GCF_011601525	GC2	2.4	2.4.14	GC2	2.4	2.4.14	PASS
ERR6132557	GC2	2.4	2.4.14	GC2	2.4	2.4.14	PASS
GCF_010499805	GC2	2.4	2.4.14	GC2	2.4	2.4.14	PASS
ERR6415320	GC2	2.4	2.4.14	GC2	2.4	2.4.14	PASS
ERR6415346	GC2	2.4	2.4.14	GC2	2.4	2.4.14	PASS
SRR13619224	GC2	2.4	2.4.14	GC2	2.4	2.4.14	PASS
SRR18499983	GC2	2.4	2.4.14	GC2	2.4	2.4.14	PASS
SRR18500035	GC2	2.4	2.4.14	GC2	2.4	2.4.14	PASS
SRR5739057	GC2	2.4	2.4.14	GC2	2.4	2.4.14	PASS
SRR11746221	GC2	2.4	2.4.14	GC2	2.4	2.4.14	PASS
SRR5739054	GC2	2.4	2.4.14	GC2	2.4	2.4.14	PASS
ERR6132386	GC2	2.4	2.4.14	GC2	2.4	2.4.14	PASS
GCF_010179245	GC2	2.4	2.4.14	GC2	2.4	2.4.14	PASS
ERR6132521	GC2	2.4	2.4.14	GC2	2.4	2.4.14	PASS
GCF_017599935	GC2	2.4	2.4.14	GC2	2.4	2.4.14	PASS
GCF_017600005	GC2	2.4	2.4.14	GC2	2.4	2.4.14	PASS
GCF_017599765	GC2	2.4	2.4.14	GC2	2.4	2.4.14	PASS
GCF_017601045	GC2	2.4	2.4.14	GC2	2.4	2.4.14	PASS
SRR16304260	GC2	2.4	2.4.14	GC2	2.4	2.4.14	PASS
ERR6132406	GC2	2.4	2.4.14	GC2	2.4	2.4.14	PASS
GCF_017599585	GC2	2.4	2.4.14	GC2	2.4	2.4.14	PASS
ERR6132517	GC2	2.4	2.4.14	GC2	2.4	2.4.14	PASS
SRR16359921	GC2	2.4	2.4.14	GC2	2.4	2.4.14	PASS
SRR17311731	GC2	2.4	2.4.14	GC2	2.4	2.4.14	PASS
SRR17311668	GC2	2.4	2.4.14	GC2	2.4	2.4.14	PASS
SRR16304262	GC2	2.4	2.4.14	GC2	2.4	2.4.14	PASS
SRR16292949	GC2	2.4	2.4.14	GC2	2.4	2.4.14	PASS
SRR16304257	GC2	2.4	2.4.14	GC2	2.4	2.4.14	PASS
SRR16292948	GC2	2.4	2.4.14	GC2	2.4	2.4.14	PASS
SRR16304259	GC2	2.4	2.4.14	GC2	2.4	2.4.14	PASS
SRR16304244	GC2	2.4	2.4.14	GC2	2.4	2.4.14	PASS
ERR6132525	GC2	2.4	2.4.14	GC2	2.4	2.4.14	PASS
SRR14436863	GC2	2.4	2.4.14	GC2	2.4	2.4.14	PASS
SRR16359925	GC2	2.4	2.4.14	GC2	2.4	2.4.14	PASS
SRR17311757	GC2	2.4	2.4.14	GC2	2.4	2.4.14	PASS
GCF_011602645	GC2	2.4	2.4.14	GC2	2.4	2.4.14	PASS
ERR6132440	GC2	2.4	2.4.14	GC2	2.4	2.4.14	PASS
GCF_010179515	GC2	2.4	2.4.14	GC2	2.4	2.4.14	PASS
SRR16132295	GC2	2.4	2.4.14	GC2	2.4	2.4.14	PASS
SRR17383785	GC2	2.4	2.4.14	GC2	2.4	2.4.14	PASS
SRR17311725	GC2	2.4	2.4.14	GC2	2.4	2.4.14	PASS
SRR17311700	GC2	2.4	2.4.14	GC2	2.4	2.4.14	PASS
ERR6132408	GC2	2.4	2.4.14	GC2	2.4	2.4.14	PASS
GCF_010178945	GC2	2.4	2.4.14	GC2	2.4	2.4.14	PASS
SRR14402636	GC2	2.4	2.4.14	GC2	2.4	2.4.14	PASS
SRR14613694	GC2	2.4	2.4.14	GC2	2.4	2.4.14	PASS
SRR17157343	GC2	2.4	2.4.14	GC2	2.4	2.4.14	PASS
SRR16304254	GC2	2.4	2.4.14	GC2	2.4	2.4.14	PASS
GCF_017600085	GC2	2.4	2.4.14	GC2	2.4	2.4.14	PASS
GCF_017599665	GC2	2.4	2.4.14	GC2	2.4	2.4.14	PASS
GCF_017600465	GC2	2.4	2.4.14	GC2	2.4	2.4.14	PASS
GCF_017600355	GC2	2.4	2.4.14	GC2	2.4	2.4.14	PASS
GCF_017600945	GC2	2.4	2.4.14	GC2	2.4	2.4.14	PASS
SRR17311656	GC2	2.4	2.4.14	GC2	2.4	2.4.14	PASS
GCF_010178915	GC2	2.4	2.4.14	GC2	2.4	2.4.14	PASS
SRR16267923	GC2	2.4	2.4.14	GC2	2.4	2.4.14	PASS
SRR17311729	GC2	2.4	2.4.14	GC2	2.4	2.4.14	PASS
SRR16304255	GC2	2.4	2.4.14	GC2	2.4	2.4.14	PASS
SRR16474312	GC2	2.4	2.4.14	GC2	2.4	2.4.14	PASS
SRR16359954	GC2	2.4	2.4.14	GC2	2.4	2.4.14	PASS
SRR17311696	GC2	2.4	2.4.14	GC2	2.4	2.4.14	PASS
SRR16267914	GC2	2.4	2.4.14	GC2	2.4	2.4.14	PASS
SRR16359952	GC2	2.4	2.4.14	GC2	2.4	2.4.14	PASS
SRR16359953	GC2	2.4	2.4.14	GC2	2.4	2.4.14	PASS
SRR17311613	GC2	2.4	2.4.14	GC2	2.4	2.4.14	PASS
SRR16292922	GC2	2.4	2.4.14	GC2	2.4	2.4.14	PASS
SRR17311664	GC2	2.4	2.4.14	GC2	2.4	2.4.14	PASS
SRR16267916	GC2	2.4	2.4.14	GC2	2.4	2.4.14	PASS
SRR16292927	GC2	2.4	2.4.14	GC2	2.4	2.4.14	PASS
SRR16359915	GC2	2.4	2.4.14	GC2	2.4	2.4.14	PASS
SRR17311663	GC2	2.4	2.4.14	GC2	2.4	2.4.14	PASS
SRR16292923	GC2	2.4	2.4.14	GC2	2.4	2.4.14	PASS
SRR17311662	GC2	2.4	2.4.14	GC2	2.4	2.4.14	PASS
SRR16292926	GC2	2.4	2.4.14	GC2	2.4	2.4.14	PASS
SRR17311672	GC2	2.4	2.4.14	GC2	2.4	2.4.14	PASS
SRR16304246	GC2	2.4	2.4.14	GC2	2.4	2.4.14	PASS
SRR16292925	GC2	2.4	2.4.14	GC2	2.4	2.4.14	PASS
SRR17311616	GC2	2.4	2.4.14	GC2	2.4	2.4.14	PASS
SRR16292950	GC2	2.4	2.4.14	GC2	2.4	2.4.14	PASS
SRR17311625	GC2	2.4	2.4.14	GC2	2.4	2.4.14	PASS
SRR16304218	GC2	2.4	2.4.14	GC2	2.4	2.4.14	PASS
SRR16304242	GC2	2.4	2.4.14	GC2	2.4	2.4.14	PASS
SRR16304248	GC2	2.4	2.4.14	GC2	2.4	2.4.14	PASS
SRR16359919	GC2	2.4	2.4.14	GC2	2.4	2.4.14	PASS
SRR16359951	GC2	2.4	2.4.14	GC2	2.4	2.4.14	PASS
SRR16292924	GC2	2.4	2.4.14	GC2	2.4	2.4.14	PASS
SRR16292921	GC2	2.4	2.4.14	GC2	2.4	2.4.14	PASS
SRR16304250	GC2	2.4	2.4.14	GC2	2.4	2.4.14	PASS
ERR6132412	GC2	2.4	2.4.14	GC2	2.4	2.4.14	PASS
SRR16292919	GC2	2.4	2.4.14	GC2	2.4	2.4.14	PASS
SRR16304240	GC2	2.4	2.4.14	GC2	2.4	2.4.14	PASS
SRR16304243	GC2	2.4	2.4.14	GC2	2.4	2.4.14	PASS
SRR17311730	GC2	2.4	2.4.14	GC2	2.4	2.4.14	PASS
GCF_011603735	GC2	2.4	2.4.14	GC2	2.4	2.4.14	PASS
SRR17311647	GC2	2.4	2.4.14	GC2	2.4	2.4.14	PASS
SRR17311659	GC2	2.4	2.4.14	GC2	2.4	2.4.14	PASS
SRR16292918	GC2	2.4	2.4.14	GC2	2.4	2.4.14	PASS
SRR16292943	GC2	2.4	2.4.14	GC2	2.4	2.4.14	PASS
SRR16359924	GC2	2.4	2.4.14	GC2	2.4	2.4.14	PASS
SRR16304249	GC2	2.4	2.4.14	GC2	2.4	2.4.14	PASS
SRR16304290	GC2	2.4	2.4.14	GC2	2.4	2.4.14	PASS
SRR17311727	GC2	2.4	2.4.14	GC2	2.4	2.4.14	PASS
SRR17311658	GC2	2.4	2.4.14	GC2	2.4	2.4.14	PASS
SRR16359916	GC2	2.4	2.4.14	GC2	2.4	2.4.14	PASS
SRR16304251	GC2	2.4	2.4.14	GC2	2.4	2.4.14	PASS
SRR16304288	GC2	2.4	2.4.14	GC2	2.4	2.4.14	PASS
SRR16292917	GC2	2.4	2.4.14	GC2	2.4	2.4.14	PASS
SRR16292945	GC2	2.4	2.4.14	GC2	2.4	2.4.14	PASS
GCF_011601645	GC2	2.4	2.4.14	GC2	2.4	2.4.14	PASS
ERR6132422	GC2	2.4	2.4.14	GC2	2.4	2.4.14	PASS
ERR6132416	GC2	2.4	2.4.14	GC2	2.4	2.4.14	PASS
ERR6132407	GC2	2.4	2.4.14	GC2	2.4	2.4.14	PASS
GCF_011602045	GC2	2.4	2.4.14	GC2	2.4	2.4.14	PASS
GCF_010178615	GC2	2.4	2.4.14	GC2	2.4	2.4.14	PASS
ERR6132500	GC2	2.4	2.4.14	GC2	2.4	2.4.14	PASS
ERR6132420	GC2	2.4	2.4.14	GC2	2.4	2.4.14	PASS
GCF_011601625	GC2	2.4	2.4.14	GC2	2.4	2.4.14	PASS
GCF_011602725	GC2	2.4	2.4.14	GC2	2.4	2.4.14	PASS
GCF_011601585	GC2	2.4	2.4.14	GC2	2.4	2.4.14	PASS
GCF_010179105	GC2	2.4	2.4.14	GC2	2.4	2.4.14	PASS
GCF_011601445	GC2	2.4	2.4.14	GC2	2.4	2.4.14	PASS
ERR6132413	GC2	2.4	2.4.14	GC2	2.4	2.4.14	PASS
ERR6132398	GC2	2.4	2.4.14	GC2	2.4	2.4.14	PASS
GCF_011603855	GC2	2.4	2.4.14	GC2	2.4	2.4.14	PASS
GCF_011601385	GC2	2.4	2.4.14	GC2	2.4	2.4.14	PASS
ERR6132526	GC2	2.4	2.4.14	GC2	2.4	2.4.14	PASS
ERR6132418	GC2	2.4	2.4.14	GC2	2.4	2.4.14	PASS
ERR6132441	GC2	2.4	2.4.14	GC2	2.4	2.4.14	PASS
ERR6132392	GC2	2.4	2.4.14	GC2	2.4	2.4.14	PASS
GCF_011601665	GC2	2.4	2.4.14	GC2	2.4	2.4.14	PASS
ERR6132516	GC2	2.4	2.4.14	GC2	2.4	2.4.14	PASS
GCF_011603965	GC2	2.4	2.4.14	GC2	2.4	2.4.14	PASS
ERR6132520	GC2	2.4	2.4.14	GC2	2.4	2.4.14	PASS
GCF_011603685	GC2	2.4	2.4.14	GC2	2.4	2.4.14	PASS
SRR17311667	GC2	2.4	2.4.14	GC2	2.4	2.4.14	PASS
SRR16304261	GC2	2.4	2.4.14	GC2	2.4	2.4.14	PASS
SRR16267917	GC2	2.4	2.4.14	GC2	2.4	2.4.14	PASS
SRR17311660	GC2	2.4	2.4.14	GC2	2.4	2.4.14	PASS
SRR16267919	GC2	2.4	2.4.14	GC2	2.4	2.4.14	PASS
SRR16359917	GC2	2.4	2.4.14	GC2	2.4	2.4.14	PASS
SRR16267918	GC2	2.4	2.4.14	GC2	2.4	2.4.14	PASS
SRR16359918	GC2	2.4	2.4.14	GC2	2.4	2.4.14	PASS
SRR17311657	GC2	2.4	2.4.14	GC2	2.4	2.4.14	PASS
SRR17311636	GC2	2.4	2.4.14	GC2	2.4	2.4.14	PASS
SRR16359948	GC2	2.4	2.4.14	GC2	2.4	2.4.14	PASS
SRR16292944	GC2	2.4	2.4.14	GC2	2.4	2.4.14	PASS
SRR16359928	GC2	2.4	2.4.14	GC2	2.4	2.4.14	PASS
SRR16359913	GC2	2.4	2.4.14	GC2	2.4	2.4.14	PASS
SRR16359947	GC2	2.4	2.4.14	GC2	2.4	2.4.14	PASS
SRR17311673	GC2	2.4	2.4.14	GC2	2.4	2.4.14	PASS
SRR17311674	GC2	2.4	2.4.14	GC2	2.4	2.4.14	PASS
SRR17311733	GC2	2.4	2.4.14	GC2	2.4	2.4.14	PASS
SRR17311734	GC2	2.4	2.4.14	GC2	2.4	2.4.14	PASS
SRR16359914	GC2	2.4	2.4.14	GC2	2.4	2.4.14	PASS
SRR17311744	GC2	2.4	2.4.14	GC2	2.4	2.4.14	PASS
SRR16359944	GC2	2.4	2.4.14	GC2	2.4	2.4.14	PASS
SRR16359946	GC2	2.4	2.4.14	GC2	2.4	2.4.14	PASS
SRR17311722	GC2	2.4	2.4.14	GC2	2.4	2.4.14	PASS
SRR16292941	GC2	2.4	2.4.14	GC2	2.4	2.4.14	PASS
SRR16359945	GC2	2.4	2.4.14	GC2	2.4	2.4.14	PASS
SRR16292946	GC2	2.4	2.4.14	GC2	2.4	2.4.14	PASS
SRR16359926	GC2	2.4	2.4.14	GC2	2.4	2.4.14	PASS
SRR16304241	GC2	2.4	2.4.14	GC2	2.4	2.4.14	PASS
SRR16304256	GC2	2.4	2.4.14	GC2	2.4	2.4.14	PASS
SRR17311661	GC2	2.4	2.4.14	GC2	2.4	2.4.14	PASS
SRR16474315	GC2	2.4	2.4.14	GC2	2.4	2.4.14	PASS
SRR16304271	GC2	2.4	2.4.14	GC2	2.4	2.4.14	PASS
SRR16304264	GC2	2.4	2.4.14	GC2	2.4	2.4.14	PASS
SRR16292947	GC2	2.4	2.4.14	GC2	2.4	2.4.14	PASS
SRR16304253	GC2	2.4	2.4.14	GC2	2.4	2.4.14	PASS
SRR16304245	GC2	2.4	2.4.14	GC2	2.4	2.4.14	PASS
SRR17311726	GC2	2.4	2.4.14	GC2	2.4	2.4.14	PASS
ERR6132434	GC2	2.4	2.4.14	GC2	2.4	2.4.14	PASS
GCF_010178725	GC2	2.4	2.4.14	GC2	2.4	2.4.14	PASS
GCF_010500085	GC2	2.4	2.4.14	GC2	2.4	2.4.14	PASS
ERR6132561	GC2	2.4	2.4.14	GC2	2.4	2.4.14	PASS
ERR6132387	GC2	2.4	2.4.14	GC2	2.4	2.4.14	PASS
GCF_010179235	GC2	2.4	2.4.14	GC2	2.4	2.4.14	PASS
GCF_010499975	GC2	2.4	2.4.14	GC2	2.4	2.4.14	PASS
GCF_003711985	GC2	2.4	2.4.14	GC2	2.4	2.4.14	PASS
ERR6132399	GC2	2.4	2.4.14	GC2	2.4	2.4.14	PASS
GCF_010179055	GC2	2.4	2.4.14	GC2	2.4	2.4.14	PASS
GCF_010500355	GC2	2.4	2.4.14	GC2	2.4	2.4.14	PASS
GCF_003627455	GC2	2.4	2.4.14	GC2	2.4	2.4.14	PASS
GCF_003711855	GC2	2.4	2.4.14	GC2	2.4	2.4.14	PASS
GCF_017600325	GC2	2.4	2.4.14	GC2	2.4	2.4.14	PASS
GCF_017600565	GC2	2.4	2.4.14	GC2	2.4	2.4.14	PASS
GCF_017600205	GC2	2.4	2.4.14	GC2	2.4	2.4.14	PASS
GCF_017599865	GC2	2.4	2.4.14	GC2	2.4	2.4.14	PASS
GCF_017600525	GC2	2.4	2.4.14	GC2	2.4	2.4.14	PASS
GCF_017599825	GC2	2.4	2.4.14	GC2	2.4	2.4.14	PASS
GCF_017599925	GC2	2.4	2.4.14	GC2	2.4	2.4.14	PASS
GCF_017599615	GC2	2.4	2.4.14	GC2	2.4	2.4.14	PASS
GCF_017600495	GC2	2.4	2.4.14	GC2	2.4	2.4.14	PASS
GCF_017599605	GC2	2.4	2.4.14	GC2	2.4	2.4.14	PASS
GCF_017600855	GC2	2.4	2.4.14	GC2	2.4	2.4.14	PASS
GCF_017600795	GC2	2.4	2.4.14	GC2	2.4	2.4.14	PASS
GCF_017600985	GC2	2.4	2.4.14	GC2	2.4	2.4.14	PASS
GCF_017600865	GC2	2.4	2.4.14	GC2	2.4	2.4.14	PASS
GCF_017600925	GC2	2.4	2.4.14	GC2	2.4	2.4.14	PASS
GCF_017599445	GC2	2.4	2.4.14	GC2	2.4	2.4.14	PASS
GCF_017600775	GC2	2.4	2.4.14	GC2	2.4	2.4.14	PASS
GCF_017600335	GC2	2.4	2.4.14	GC2	2.4	2.4.14	PASS
GCF_017600625	GC2	2.4	2.4.14	GC2	2.4	2.4.14	PASS
GCF_017599795	GC2	2.4	2.4.14	GC2	2.4	2.4.14	PASS
GCF_017600825	GC2	2.4	2.4.14	GC2	2.4	2.4.14	PASS
GCF_017600485	GC2	2.4	2.4.14	GC2	2.4	2.4.14	PASS
GCF_017600595	GC2	2.4	2.4.14	GC2	2.4	2.4.14	PASS
GCF_017600415	GC2	2.4	2.4.14	GC2	2.4	2.4.14	PASS
GCF_017600255	GC2	2.4	2.4.14	GC2	2.4	2.4.14	PASS
GCF_017601025	GC2	2.4	2.4.14	GC2	2.4	2.4.14	PASS
GCF_017600665	GC2	2.4	2.4.14	GC2	2.4	2.4.14	PASS
GCF_017600165	GC2	2.4	2.4.14	GC2	2.4	2.4.14	PASS
GCF_017599565	GC2	2.4	2.4.14	GC2	2.4	2.4.14	PASS
GCF_017600875	GC2	2.4	2.4.14	GC2	2.4	2.4.14	PASS
GCF_010178825	GC2	2.4	2.4.14	GC2	2.4	2.4.14	PASS
SRR17311687	GC2	2.4	2.4.14	GC2	2.4	2.4.14	PASS
GCF_011602745	GC2	2.4	2.4.14	GC2	2.4	2.4.14	PASS
SRR17311755	GC2	2.4	2.4.14	GC2	2.4	2.4.14	PASS
SRR17311756	GC2	2.4	2.4.14	GC2	2.4	2.4.14	PASS
SRR16304263	GC2	2.4	2.4.14	GC2	2.4	2.4.14	PASS
SRR17311670	GC2	2.4	2.4.14	GC2	2.4	2.4.14	PASS
SRR16359949	GC2	2.4	2.4.14	GC2	2.4	2.4.14	PASS
SRR16359922	GC2	2.4	2.4.14	GC2	2.4	2.4.14	PASS
SRR17311669	GC2	2.4	2.4.14	GC2	2.4	2.4.14	PASS
GCF_010500125	GC2	2.4	2.4.14	GC2	2.4	2.4.14	PASS
SRR17311614	GC2	2.4	2.4.14	GC2	2.4	2.4.14	PASS
SRR17311665	GC2	2.4	2.4.14	GC2	2.4	2.4.14	PASS
SRR16474311	GC2	2.4	2.4.14	GC2	2.4	2.4.14	PASS
SRR17311666	GC2	2.4	2.4.14	GC2	2.4	2.4.14	PASS
SRR17311728	GC2	2.4	2.4.14	GC2	2.4	2.4.14	PASS
SRR17311732	GC2	2.4	2.4.14	GC2	2.4	2.4.14	PASS
SRR17311724	GC2	2.4	2.4.14	GC2	2.4	2.4.14	PASS
SRR16304252	GC2	2.4	2.4.14	GC2	2.4	2.4.14	PASS
SRR16304281	GC2	2.4	2.4.14	GC2	2.4	2.4.14	PASS
SRR16359927	GC2	2.4	2.4.14	GC2	2.4	2.4.14	PASS
SRR16292916	GC2	2.4	2.4.14	GC2	2.4	2.4.14	PASS
SRR16474313	GC2	2.4	2.4.14	GC2	2.4	2.4.14	PASS
GCF_010179015	GC2	2.4	2.4.14	GC2	2.4	2.4.14	PASS
SRR17311615	GC2	2.4	2.4.14	GC2	2.4	2.4.14	PASS
SRR16359923	GC2	2.4	2.4.14	GC2	2.4	2.4.14	PASS
SRR16474323	GC2	2.4	2.4.14	GC2	2.4	2.4.14	PASS
SRR17311671	GC2	2.4	2.4.14	GC2	2.4	2.4.14	PASS
SRR17311655	GC2	2.4	2.4.14	GC2	2.4	2.4.14	PASS
ERR6132404	GC2	2.4	2.4.14	GC2	2.4	2.4.14	PASS
SRR17311695	GC2	2.4	2.4.14	GC2	2.4	2.4.14	PASS
GCF_017600745	GC2	2.4	2.4.14	GC2	2.4	2.4.14	PASS
GCF_017600765	GC2	2.4	2.4.14	GC2	2.4	2.4.14	PASS
ERR6132507	GC2	2.4	2.4.14	GC2	2.4	2.4.14	PASS
GCF_010178895	GC2	2.4	2.4.14	GC2	2.4	2.4.14	PASS
ERR6132409	GC2	2.4	2.4.14	GC2	2.4	2.4.14	PASS
GCF_011603765	GC2	2.4	2.4.14	GC2	2.4	2.4.14	PASS
GCF_003711945	GC2	2.4	2.4.14	GC2	2.4	2.4.14	PASS
GCF_005280715	GC2	2.4	2.4.14	GC2	2.4	2.4.14	PASS
GCF_003627405	GC2	2.4	2.4.14	GC2	2.4	2.4.14	PASS
GCF_003627515	GC2	2.4	2.4.14	GC2	2.4	2.4.14	PASS
GCF_016506605	GC2	2.4	2.4.14	GC2	2.4	2.4.14	PASS
GCF_014880105	GC2	2.4	2.4.14	GC2	2.4	2.4.14	PASS
GCF_002950425	GC2	2.4	2.4.14	GC2	2.4	2.4.14	PASS
GCF_016506455	GC2	2.4	2.4.14	GC2	2.4	2.4.14	PASS
GCF_014881235	GC2	2.4	2.4.14	GC2	2.4	2.4.14	PASS
GCF_014880165	GC2	2.4	2.4.14	GC2	2.4	2.4.14	PASS
GCF_016506405	GC2	2.4	2.4.14	GC2	2.4	2.4.14	PASS
GCF_016506425	GC2	2.4	2.4.14	GC2	2.4	2.4.14	PASS
GCF_016508295	GC2	2.4	2.4.14	GC2	2.4	2.4.14	PASS
GCF_002950515	GC2	2.4	2.4.14	GC2	2.4	2.4.14	PASS
GCF_002950525	GC2	2.4	2.4.14	GC2	2.4	2.4.14	PASS
GCF_016506875	GC2	2.4	2.4.14	GC2	2.4	2.4.14	PASS
GCF_014880655	GC2	2.4	2.4.14	GC2	2.4	2.4.14	PASS
GCF_014881305	GC2	2.4	2.4.14	GC2	2.4	2.4.14	PASS
GCF_014883075	GC2	2.4	2.4.14	GC2	2.4	2.4.14	PASS
GCF_016506945	GC2	2.4	2.4.14	GC2	2.4	2.4.14	PASS
GCF_016506955	GC2	2.4	2.4.14	GC2	2.4	2.4.14	PASS
GCF_014880385	GC2	2.4	2.4.14	GC2	2.4	2.4.14	PASS
SRR17084750	GC2	2.4	2.4.14	GC2	2.4	2.4.14	PASS
GCF_014880755	GC2	2.4	2.4.14	GC2	2.4	2.4.14	PASS
GCF_014880415	GC2	2.4	2.4.14	GC2	2.4	2.4.14	PASS
GCF_016506225	GC2	2.4	2.4.14	GC2	2.4	2.4.14	PASS
GCF_016506435	GC2	2.4	2.4.14	GC2	2.4	2.4.14	PASS
GCF_014880605	GC2	2.4	2.4.14	GC2	2.4	2.4.14	PASS
GCF_014881395	GC2	2.4	2.4.14	GC2	2.4	2.4.14	PASS
GCF_014881315	GC2	2.4	2.4.14	GC2	2.4	2.4.14	PASS
SRR14436865	GC2	2.4	2.4.14	GC2	2.4	2.4.14	PASS
GCF_016506195	GC2	2.4	2.4.14	GC2	2.4	2.4.14	PASS
SRR14436845	GC2	2.4	2.4.14	GC2	2.4	2.4.14	PASS
SRR14634838	GC2	2.4	2.4.14	GC2	2.4	2.4.14	PASS
SRR14634863	GC2	2.4	2.4.14	GC2	2.4	2.4.14	PASS
SRR15210554	GC2	2.4	2.4.14	GC2	2.4	2.4.14	PASS
SRR14154242	GC2	2.4	2.4.14	GC2	2.4	2.4.14	PASS
SRR14436864	GC2	2.4	2.4.14	GC2	2.4	2.4.14	PASS
SRR14832336	GC2	2.4	2.4.14	GC2	2.4	2.4.14	PASS
GCF_016506925	GC2	2.4	2.4.14	GC2	2.4	2.4.14	PASS
GCF_016506545	GC2	2.4	2.4.14	GC2	2.4	2.4.14	PASS
SRR14433870	GC2	2.4	2.4.14	GC2	2.4	2.4.14	PASS
GCF_014881325	GC2	2.4	2.4.14	GC2	2.4	2.4.14	PASS
GCF_014881375	GC2	2.4	2.4.14	GC2	2.4	2.4.14	PASS
GCF_014882455	GC2	2.4	2.4.14	GC2	2.4	2.4.14	PASS
GCF_014881405	GC2	2.4	2.4.14	GC2	2.4	2.4.14	PASS
GCF_016506775	GC2	2.4	2.4.14	GC2	2.4	2.4.14	PASS
GCF_014881415	GC2	2.4	2.4.14	GC2	2.4	2.4.14	PASS
GCF_014881495	GC2	2.4	2.4.14	GC2	2.4	2.4.14	PASS
GCF_014881505	GC2	2.4	2.4.14	GC2	2.4	2.4.14	PASS
GCF_014881445	GC2	2.4	2.4.14	GC2	2.4	2.4.14	PASS
GCF_016506735	GC2	2.4	2.4.14	GC2	2.4	2.4.14	PASS
GCF_002951095	GC2	2.4	2.4.14	GC2	2.4	2.4.14	PASS
GCF_016506645	GC2	2.4	2.4.14	GC2	2.4	2.4.14	PASS
SRR11746225	GC2	2.4	2.4.14	GC2	2.4	2.4.14	PASS
SRR11746294	GC2	2.4	2.4.14	GC2	2.4	2.4.14	PASS
SRR11746299	GC2	2.4	2.4.14	GC2	2.4	2.4.14	PASS
SRR11746219	GC2	2.4	2.4.14	GC2	2.4	2.4.14	PASS
SRR11746258	GC2	2.4	2.4.14	GC2	2.4	2.4.14	PASS
SRR11746269	GC2	2.4	2.4.14	GC2	2.4	2.4.14	PASS
SRR11746292	GC2	2.4	2.4.14	GC2	2.4	2.4.14	PASS
SRR11746293	GC2	2.4	2.4.14	GC2	2.4	2.4.14	PASS
SRR11746277	GC2	2.4	2.4.14	GC2	2.4	2.4.14	PASS
SRR11746274	GC2	2.4	2.4.14	GC2	2.4	2.4.14	PASS
SRR11746281	GC2	2.4	2.4.14	GC2	2.4	2.4.14	PASS
SRR11746268	GC2	2.4	2.4.14	GC2	2.4	2.4.14	PASS
SRR11746273	GC2	2.4	2.4.14	GC2	2.4	2.4.14	PASS
SRR11746270	GC2	2.4	2.4.14	GC2	2.4	2.4.14	PASS
SRR11746244	GC2	2.4	2.4.14	GC2	2.4	2.4.14	PASS
SRR11746272	GC2	2.4	2.4.14	GC2	2.4	2.4.14	PASS
SRR11746220	GC2	2.4	2.4.14	GC2	2.4	2.4.14	PASS
SRR11746227	GC2	2.4	2.4.14	GC2	2.4	2.4.14	PASS
SRR11746217	GC2	2.4	2.4.14	GC2	2.4	2.4.14	PASS
SRR11746243	GC2	2.4	2.4.14	GC2	2.4	2.4.14	PASS
SRR11746304	GC2	2.4	2.4.14	GC2	2.4	2.4.14	PASS
SRR11746287	GC2	2.4	2.4.14	GC2	2.4	2.4.14	PASS
SRR11746222	GC2	2.4	2.4.14	GC2	2.4	2.4.14	PASS
SRR11746265	GC2	2.4	2.4.14	GC2	2.4	2.4.14	PASS
SRR11746242	GC2	2.4	2.4.14	GC2	2.4	2.4.14	PASS
SRR11746289	GC2	2.4	2.4.14	GC2	2.4	2.4.14	PASS
SRR12123480	GC2	2.4	2.4.14	GC2	2.4	2.4.14	PASS
SRR11746216	GC2	2.4	2.4.14	GC2	2.4	2.4.14	PASS
SRR12123481	GC2	2.4	2.4.14	GC2	2.4	2.4.14	PASS
SRR11746261	GC2	2.4	2.4.14	GC2	2.4	2.4.14	PASS
SRR11746280	GC2	2.4	2.4.14	GC2	2.4	2.4.14	PASS
SRR11746252	GC2	2.4	2.4.14	GC2	2.4	2.4.14	PASS
SRR11746259	GC2	2.4	2.4.14	GC2	2.4	2.4.14	PASS
SRR11746271	GC2	2.4	2.4.14	GC2	2.4	2.4.14	PASS
SRR11746278	GC2	2.4	2.4.14	GC2	2.4	2.4.14	PASS
SRR11746300	GC2	2.4	2.4.14	GC2	2.4	2.4.14	PASS
SRR11746248	GC2	2.4	2.4.14	GC2	2.4	2.4.14	PASS
SRR11746279	GC2	2.4	2.4.14	GC2	2.4	2.4.14	PASS
GCF_013305465	GC2	2.4	2.4.14	GC2	2.4	2.4.14	PASS
SRR11746288	GC2	2.4	2.4.14	GC2	2.4	2.4.14	PASS
SRR11746218	GC2	2.4	2.4.14	GC2	2.4	2.4.14	PASS
SRR11746223	GC2	2.4	2.4.14	GC2	2.4	2.4.14	PASS
SRR11746245	GC2	2.4	2.4.14	GC2	2.4	2.4.14	PASS
SRR11746234	GC2	2.4	2.4.14	GC2	2.4	2.4.14	PASS
SRR11746256	GC2	2.4	2.4.14	GC2	2.4	2.4.14	PASS
SRR11746267	GC2	2.4	2.4.14	GC2	2.4	2.4.14	PASS
SRR11746249	GC2	2.4	2.4.14	GC2	2.4	2.4.14	PASS
GCF_019189225	GC2	2.4	2.4.14	GC2	2.4	2.4.14	PASS
GCF_019188895	GC2	2.4	2.4.14	GC2	2.4	2.4.14	PASS
GCF_019188905	GC2	2.4	2.4.14	GC2	2.4	2.4.14	PASS
GCF_019921085	GC2	2.4	2.4.14	GC2	2.4	2.4.14	PASS
GCF_019920785	GC2	2.4	2.4.14	GC2	2.4	2.4.14	PASS
GCF_019921065	GC2	2.4	2.4.14	GC2	2.4	2.4.14	PASS
DRR039883	GC2	2.4	2.4.14	GC2	2.4	2.4.14	PASS
DRR039826	GC2	2.4	2.4.14	GC2	2.4	2.4.14	PASS
DRR039878	GC2	2.4	2.4.14	GC2	2.4	2.4.14	PASS
DRR039846	GC2	2.4	2.4.14	GC2	2.4	2.4.14	PASS
DRR039802	GC2	2.4	2.4.14	GC2	2.4	2.4.14	PASS
DRR039801	GC2	2.4	2.4.14	GC2	2.4	2.4.14	PASS
DRR039813	GC2	2.4	2.4.14	GC2	2.4	2.4.14	PASS
DRR039807	GC2	2.4	2.4.14	GC2	2.4	2.4.14	PASS
DRR039815	GC2	2.4	2.4.14	GC2	2.4	2.4.14	PASS
GCF_020255365	GC2	2.4	2.4.14	GC2	2.4	2.4.14	PASS
ERR6132389	GC2	2.4	2.4.14	GC2	2.4	2.4.14	PASS
ERR6132391	GC2	2.4	2.4.14	GC2	2.4	2.4.14	PASS
GCF_002762545	GC2	2.4	2.4.14	GC2	2.4	2.4.14	PASS
ERR6132462	GC2	2.4	2.4.14	GC2	2.4	2.4.14	PASS
GCF_002762505	GC2	2.4	2.4.14	GC2	2.4	2.4.14	PASS
GCF_001939595	GC2	2.4	2.4.14	GC2	2.4	2.4.14	PASS
GCF_002762535	GC2	2.4	2.4.14	GC2	2.4	2.4.14	PASS
GCF_010179035	GC2	2.4	2.4.14	GC2	2.4	2.4.14	PASS
ERR6132385	GC2	2.4	2.4.14	GC2	2.4	2.4.14	PASS
GCF_010179185	GC2	2.4	2.4.14	GC2	2.4	2.4.14	PASS
GCF_001939665	GC2	2.4	2.4.14	GC2	2.4	2.4.14	PASS
GCF_002762495	GC2	2.4	2.4.14	GC2	2.4	2.4.14	PASS
GCF_010178985	GC2	2.4	2.4.14	GC2	2.4	2.4.14	PASS
ERR6132400	GC2	2.4	2.4.14	GC2	2.4	2.4.14	PASS
GCF_010179135	GC2	2.4	2.4.14	GC2	2.4	2.4.14	PASS
ERR6132414	GC2	2.4	2.4.14	GC2	2.4	2.4.14	PASS
GCF_010178835	GC2	2.4	2.4.14	GC2	2.4	2.4.14	PASS
GCF_011601785	GC2	2.4	2.4.14	GC2	2.4	2.4.14	PASS
GCF_010179175	GC2	2.4	2.4.14	GC2	2.4	2.4.14	PASS
ERR6132384	GC2	2.4	2.4.14	GC2	2.4	2.4.14	PASS
GCF_010179065	GC2	2.4	2.4.14	GC2	2.4	2.4.14	PASS
GCF_014530755	GC2	2.4	2.4.14	GC2	2.4	2.4.14	PASS
GCF_019800435	GC2	2.4	2.4.14	GC2	2.4	2.4.14	PASS
GCF_018789275	GC2	2.4	2.4.14	GC2	2.4	2.4.14	PASS
GCF_904885735	GC2	2.4	2.4.14	GC2	2.4	2.4.14	PASS
GCF_904885695	GC2	2.4	2.4.14	GC2	2.4	2.4.14	PASS
GCF_904885745	GC2	2.4	2.4.14	GC2	2.4	2.4.14	PASS
SRR15846005	GC2	2.4	2.4.14	GC2	2.4	2.4.14	PASS
SRR13158530	GC2	2.4	2.4.14	GC2	2.4	2.4.14	PASS
SRR13158531	GC2	2.4	2.4.14	GC2	2.4	2.4.14	PASS
SRR13158576	GC2	2.4	2.4.14	GC2	2.4	2.4.14	PASS
SRR13158620	GC2	2.4	2.4.14	GC2	2.4	2.4.14	PASS
SRR13158630	GC2	2.4	2.4.14	GC2	2.4	2.4.14	PASS
SRR13088649	GC2	2.4	2.4.14	GC2	2.4	2.4.14	PASS
SRR13088652	GC2	2.4	2.4.14	GC2	2.4	2.4.14	PASS
SRR13158589	GC2	2.4	2.4.14	GC2	2.4	2.4.14	PASS
SRR13158588	GC2	2.4	2.4.14	GC2	2.4	2.4.14	PASS
SRR13088648	GC2	2.4	2.4.14	GC2	2.4	2.4.14	PASS
SRR13158575	GC2	2.4	2.4.14	GC2	2.4	2.4.14	PASS
DRR039887	GC2	2.4	2.4.14	GC2	2.4	2.4.14	PASS
DRR039872	GC2	2.4	2.4.14	GC2	2.4	2.4.14	PASS
GCF_020254535	GC2	2.4	2.4.14	GC2	2.4	2.4.14	PASS
ERR6132445	GC2	2.4	2.4.14	GC2	2.4	2.4.14	PASS
GCF_010499885	GC2	2.4	2.4.14	GC2	2.4	2.4.14	PASS
ERR6132447	GC2	2.4	2.4.14	GC2	2.4	2.4.14	PASS
GCF_010500315	GC2	2.4	2.4.14	GC2	2.4	2.4.14	PASS
SRR18192512	GC2	2.4	2.4.14	GC2	2.4	2.4.14	PASS
ERR6132515	GC2	2.4	2.4.14	GC2	2.4	2.4.14	PASS
GCF_010500645	GC2	2.4	2.4.14	GC2	2.4	2.4.14	PASS
GCF_016654375	GC2	2.4	2.4.14	GC2	2.4	2.4.14	PASS
GCF_018069945	GC2	2.4	2.4.14	GC2	2.4	2.4.14	PASS
GCF_018069965	GC2	2.4	2.4.14	GC2	2.4	2.4.14	PASS
ERR7123470	GC2	2.4	2.4.14	GC2	2.4	2.4.14	PASS
ERR7123482	GC2	2.4	2.4.14	GC2	2.4	2.4.14	PASS
ERR7123485	GC2	2.4	2.4.14	GC2	2.4	2.4.14	PASS
ERR4919968	GC2	2.4	2.4.14	GC2	2.4	2.4.14	PASS
ERR4919971	GC2	2.4	2.4.14	GC2	2.4	2.4.14	PASS
ERR6132431	GC2	2.4	2.4.14	GC2	2.4	2.4.14	PASS
GCF_010178765	GC2	2.4	2.4.14	GC2	2.4	2.4.14	PASS
ERR6132536	GC2	2.4	2.4.14	GC2	2.4	2.4.14	PASS
ERR6132537	GC2	2.4	2.4.14	GC2	2.4	2.4.14	PASS
GCF_011602255	GC2	2.4	2.4.14	GC2	2.4	2.4.14	PASS
GCF_011603525	GC2	2.4	2.4.14	GC2	2.4	2.4.14	PASS
ERR6132472	GC2	2.4	2.4.14	GC2	2.4	2.4.14	PASS
GCF_011602755	GC2	2.4	2.4.14	GC2	2.4	2.4.14	PASS
SRR11483049	GC2	2.4	2.4.14	GC2	2.4	2.4.14	PASS
SRR18499916	GC2	2.4	2.4.14	GC2	2.4	2.4.14	PASS
SRR15845996	GC2	2.4	2.4.14	GC2	2.4	2.4.14	PASS
SRR15845989	GC2	2.4	2.4.14	GC2	2.4	2.4.14	PASS
SRR15845998	GC2	2.4	2.4.14	GC2	2.4	2.4.14	PASS
SRR17931033	GC2	2.4	2.4.14	GC2	2.4	2.4.14	PASS
ERR6132454	GC2	2.4	2.4.14	GC2	2.4	2.4.14	PASS
GCF_010500265	GC2	2.4	2.4.14	GC2	2.4	2.4.14	PASS
DRR039859	GC2	2.4	2.4.14	GC2	2.4	2.4.14	PASS
DRR039870	GC2	2.4	2.4.14	GC2	2.4	2.4.14	PASS
DRR039891	GC2	2.4	2.4.14	GC2	2.4	2.4.14	PASS
DRR039860	GC2	2.4	2.4.14	GC2	2.4	2.4.14	PASS
ERR2712349	GC2	2.4	2.4.14	GC2	2.4	2.4.14	PASS
SRR13129372	GC2	2.4	2.4.14	GC2	2.4	2.4.14	PASS
SRR13129373	GC2	2.4	2.4.14	GC2	2.4	2.4.14	PASS
SRR13087634	GC2	2.4	2.4.14	GC2	2.4	2.4.14	PASS
SRR18192423	GC2	2.4	2.4.14	GC2	2.4	2.4.14	PASS
SRR13088489	GC2	2.4	2.4.14	GC2	2.4	2.4.14	PASS
SRR18192422	GC2	2.4	2.4.14	GC2	2.4	2.4.14	PASS
SRR13087639	GC2	2.4	2.4.14	GC2	2.4	2.4.14	PASS
SRR13088882	GC2	2.4	2.4.14	GC2	2.4	2.4.14	PASS
SRR13088899	GC2	2.4	2.4.14	GC2	2.4	2.4.14	PASS
SRR13088889	GC2	2.4	2.4.14	GC2	2.4	2.4.14	PASS
SRR13088900	GC2	2.4	2.4.14	GC2	2.4	2.4.14	PASS
DRR039840	GC2	2.4	2.4.14	GC2	2.4	2.4.14	PASS
DRR039861	GC2	2.4	2.4.14	GC2	2.4	2.4.14	PASS
DRR039869	GC2	2.4	2.4.14	GC2	2.4	2.4.14	PASS
ERR2712230	GC2	2.4	2.4.14	GC2	2.4	2.4.14	PASS
DRR039830	GC2	2.4	2.4.14	GC2	2.4	2.4.14	PASS
DRR039844	GC2	2.4	2.4.14	GC2	2.4	2.4.14	PASS
ERR6132401	GC2	2.4	2.4.14	GC2	2.4	2.4.14	PASS
DRR039855	GC2	2.4	2.4.14	GC2	2.4	2.4.14	PASS
DRR039852	GC2	2.4	2.4.14	GC2	2.4	2.4.14	PASS
DRR039835	GC2	2.4	2.4.14	GC2	2.4	2.4.14	PASS
DRR039836	GC2	2.4	2.4.14	GC2	2.4	2.4.14	PASS
GCF_002803655	GC2	2.4	2.4.14	GC2	2.4	2.4.14	PASS
GCF_002837985	GC2	2.4	2.4.14	GC2	2.4	2.4.14	PASS
GCF_005280695	GC2	2.4	2.4.14	GC2	2.4	2.4.14	PASS
ERR6132419	GC2	2.4	2.4.14	GC2	2.4	2.4.14	PASS
GCF_010179575	GC2	2.4	2.4.14	GC2	2.4	2.4.14	PASS
ERR6132415	GC2	2.4	2.4.14	GC2	2.4	2.4.14	PASS
GCF_010178855	GC2	2.4	2.4.14	GC2	2.4	2.4.14	PASS
GCF_010500625	GC2	2.4	2.4.14	GC2	2.4	2.4.14	PASS
ERR6132457	GC2	2.4	2.4.14	GC2	2.4	2.4.14	PASS
GCF_010500635	GC2	2.4	2.4.14	GC2	2.4	2.4.14	PASS
GCF_008709665	GC2	2.4	2.4.14	GC2	2.4	2.4.14	PASS
GCF_009455505	GC2	2.4	2.4.14	GC2	2.4	2.4.14	PASS
GCF_000828795	GC2	2.4	2.4.14	GC2	2.4	2.4.14	PASS
GCF_003352675	GC2	2.4	2.4.14	GC2	2.4	2.4.14	PASS
GCF_003352525	GC2	2.4	2.4.14	GC2	2.4	2.4.14	PASS
GCF_003352535	GC2	2.4	2.4.14	GC2	2.4	2.4.14	PASS
SRR12008583	GC2	2.4	2.4.14	GC2	2.4	2.4.14	PASS
GCF_000770785	GC2	2.4	2.4.14	GC2	2.4	2.4.14	PASS
GCF_000770885	GC2	2.4	2.4.14	GC2	2.4	2.4.14	PASS
GCF_000966515	GC2	2.4	2.4.14	GC2	2.4	2.4.14	PASS
GCF_003352485	GC2	2.4	NA	NA	NA	NA	UNRESOLVED
GCF_003352735	GC2	2.4	NA	NA	NA	NA	UNRESOLVED
DRR035602	GC2	2.4	2.4.15	GC2	2.4	2.4.15	PASS
ERR190494	GC2	2.4	2.4.15	GC2	2.4	2.4.15	PASS
DRR035551	GC2	2.4	2.4.15	GC2	2.4	2.4.15	PASS
DRR035550	GC2	2.4	2.4.15	GC2	2.4	2.4.15	PASS
DRR035572	GC2	2.4	2.4.15	GC2	2.4	2.4.15	PASS
DRR035587	GC2	2.4	2.4.15	GC2	2.4	2.4.15	PASS
ERR4689465	GC2	2.4	2.4.15	GC2	2.4	2.4.15	PASS
ERR4689456	GC2	2.4	2.4.15	GC2	2.4	2.4.15	PASS
ERR4689457	GC2	2.4	2.4.15	GC2	2.4	2.4.15	PASS
ERR4689459	GC2	2.4	2.4.15	GC2	2.4	2.4.15	PASS
ERR4689452	GC2	2.4	2.4.15	GC2	2.4	2.4.15	PASS
ERR4689460	GC2	2.4	2.4.15	GC2	2.4	2.4.15	PASS
ERR4689453	GC2	2.4	2.4.15	GC2	2.4	2.4.15	PASS
ERR4689455	GC2	2.4	2.4.15	GC2	2.4	2.4.15	PASS
ERR4689454	GC2	2.4	2.4.15	GC2	2.4	2.4.15	PASS
ERR4689458	GC2	2.4	2.4.15	GC2	2.4	2.4.15	PASS
ERR4689466	GC2	2.4	2.4.15	GC2	2.4	2.4.15	PASS
GCF_003991295	GC2	2.4	2.4.15	GC2	2.4	2.4.15	PASS
DRR035534	GC2	2.4	2.4.15	GC2	2.4	2.4.15	PASS
DRR035538	GC2	2.4	2.4.15	GC2	2.4	2.4.15	PASS
DRR035553	GC2	2.4	2.4.15	GC2	2.4	2.4.15	PASS
DRR035539	GC2	2.4	2.4.15	GC2	2.4	2.4.15	PASS
DRR035532	GC2	2.4	2.4.15	GC2	2.4	2.4.15	PASS
DRR035536	GC2	2.4	2.4.15	GC2	2.4	2.4.15	PASS
DRR035563	GC2	2.4	2.4.15	GC2	2.4	2.4.15	PASS
DRR035561	GC2	2.4	2.4.15	GC2	2.4	2.4.15	PASS
DRR035562	GC2	2.4	2.4.15	GC2	2.4	2.4.15	PASS
DRR035564	GC2	2.4	2.4.15	GC2	2.4	2.4.15	PASS
DRR035531	GC2	2.4	2.4.15	GC2	2.4	2.4.15	PASS
DRR035552	GC2	2.4	2.4.15	GC2	2.4	2.4.15	PASS
DRR035547	GC2	2.4	2.4.15	GC2	2.4	2.4.15	PASS
GCF_002249475	GC2	2.4	2.4.15	GC2	2.4	2.4.15	PASS
DRR035567	GC2	2.4	2.4.15	GC2	2.4	2.4.15	PASS
DRR035611	GC2	2.4	2.4.15	GC2	2.4	2.4.15	PASS
GCF_020254875	GC2	2.4	2.4.15	GC2	2.4	2.4.15	PASS
DRR035613	GC2	2.4	2.4.15	GC2	2.4	2.4.15	PASS
DRR035554	GC2	2.4	2.4.15	GC2	2.4	2.4.15	PASS
DRR035609	GC2	2.4	2.4.15	GC2	2.4	2.4.15	PASS
DRR035616	GC2	2.4	2.4.15	GC2	2.4	2.4.15	PASS
DRR035570	GC2	2.4	2.4.15	GC2	2.4	2.4.15	PASS
DRR035606	GC2	2.4	2.4.15	GC2	2.4	2.4.15	PASS
DRR035618	GC2	2.4	2.4.15	GC2	2.4	2.4.15	PASS
DRR035568	GC2	2.4	2.4.15	GC2	2.4	2.4.15	PASS
DRR035607	GC2	2.4	2.4.15	GC2	2.4	2.4.15	PASS
DRR035594	GC2	2.4	2.4.15	GC2	2.4	2.4.15	PASS
DRR035598	GC2	2.4	2.4.15	GC2	2.4	2.4.15	PASS
DRR035597	GC2	2.4	2.4.15	GC2	2.4	2.4.15	PASS
ERR4046384	GC2	2.4	2.4.15	GC2	2.4	2.4.15	PASS
ERR4046368	GC2	2.4	2.4.15	GC2	2.4	2.4.15	PASS
ERR5770807	GC2	2.4	2.4.15	GC2	2.4	2.4.15	PASS
GCF_904890265	GC2	2.4	2.4.15	GC2	2.4	2.4.15	PASS
ERR3584879	GC2	2.4	2.4.15	GC2	2.4	2.4.15	PASS
ERR3584895	GC2	2.4	2.4.15	GC2	2.4	2.4.15	PASS
ERR3584882	GC2	2.4	2.4.15	GC2	2.4	2.4.15	PASS
ERR3584898	GC2	2.4	2.4.15	GC2	2.4	2.4.15	PASS
ERR3585221	GC2	2.4	2.4.15	GC2	2.4	2.4.15	PASS
ERR4023916	GC2	2.4	2.4.15	GC2	2.4	2.4.15	PASS
ERR3655900	GC2	2.4	2.4.15	GC2	2.4	2.4.15	PASS
ERR3655973	GC2	2.4	2.4.15	GC2	2.4	2.4.15	PASS
ERR3655907	GC2	2.4	2.4.15	GC2	2.4	2.4.15	PASS
ERR3655931	GC2	2.4	2.4.15	GC2	2.4	2.4.15	PASS
ERR4023809	GC2	2.4	2.4.15	GC2	2.4	2.4.15	PASS
ERR3655899	GC2	2.4	2.4.15	GC2	2.4	2.4.15	PASS
ERR3655977	GC2	2.4	2.4.15	GC2	2.4	2.4.15	PASS
ERR3585102	GC2	2.4	2.4.15	GC2	2.4	2.4.15	PASS
ERR3585098	GC2	2.4	2.4.15	GC2	2.4	2.4.15	PASS
ERR4045929	GC2	2.4	2.4.15	GC2	2.4	2.4.15	PASS
ERR4045942	GC2	2.4	2.4.15	GC2	2.4	2.4.15	PASS
ERR4023830	GC2	2.4	2.4.15	GC2	2.4	2.4.15	PASS
ERR4046072	GC2	2.4	2.4.15	GC2	2.4	2.4.15	PASS
ERR4024050	GC2	2.4	2.4.15	GC2	2.4	2.4.15	PASS
ERR4046036	GC2	2.4	2.4.15	GC2	2.4	2.4.15	PASS
ERR4045790	GC2	2.4	2.4.15	GC2	2.4	2.4.15	PASS
ERR4046057	GC2	2.4	2.4.15	GC2	2.4	2.4.15	PASS
ERR3655876	GC2	2.4	2.4.15	GC2	2.4	2.4.15	PASS
ERR3584931	GC2	2.4	2.4.15	GC2	2.4	2.4.15	PASS
ERR3655939	GC2	2.4	2.4.15	GC2	2.4	2.4.15	PASS
ERR3655937	GC2	2.4	2.4.15	GC2	2.4	2.4.15	PASS
ERR4046241	GC2	2.4	2.4.15	GC2	2.4	2.4.15	PASS
ERR3585273	GC2	2.4	2.4.15	GC2	2.4	2.4.15	PASS
ERR3655985	GC2	2.4	2.4.15	GC2	2.4	2.4.15	PASS
ERR3585238	GC2	2.4	2.4.15	GC2	2.4	2.4.15	PASS
ERR3655981	GC2	2.4	2.4.15	GC2	2.4	2.4.15	PASS
ERR3585308	GC2	2.4	2.4.15	GC2	2.4	2.4.15	PASS
ERR3585160	GC2	2.4	2.4.15	GC2	2.4	2.4.15	PASS
ERR3585287	GC2	2.4	2.4.15	GC2	2.4	2.4.15	PASS
ERR3585048	GC2	2.4	2.4.15	GC2	2.4	2.4.15	PASS
ERR3655884	GC2	2.4	2.4.15	GC2	2.4	2.4.15	PASS
ERR3585129	GC2	2.4	2.4.15	GC2	2.4	2.4.15	PASS
ERR3585135	GC2	2.4	2.4.15	GC2	2.4	2.4.15	PASS
ERR3585128	GC2	2.4	2.4.15	GC2	2.4	2.4.15	PASS
ERR3585134	GC2	2.4	2.4.15	GC2	2.4	2.4.15	PASS
ERR3585309	GC2	2.4	2.4.15	GC2	2.4	2.4.15	PASS
ERR4046354	GC2	2.4	2.4.15	GC2	2.4	2.4.15	PASS
ERR3585285	GC2	2.4	2.4.15	GC2	2.4	2.4.15	PASS
ERR4139275	GC2	2.4	2.4.15	GC2	2.4	2.4.15	PASS
ERR4139356	GC2	2.4	2.4.15	GC2	2.4	2.4.15	PASS
ERR4046362	GC2	2.4	2.4.15	GC2	2.4	2.4.15	PASS
ERR3585158	GC2	2.4	2.4.15	GC2	2.4	2.4.15	PASS
ERR3585421	GC2	2.4	2.4.15	GC2	2.4	2.4.15	PASS
ERR4045832	GC2	2.4	2.4.15	GC2	2.4	2.4.15	PASS
ERR4046257	GC2	2.4	2.4.15	GC2	2.4	2.4.15	PASS
ERR4046396	GC2	2.4	2.4.15	GC2	2.4	2.4.15	PASS
ERR4046408	GC2	2.4	2.4.15	GC2	2.4	2.4.15	PASS
ERR4023888	GC2	2.4	2.4.15	GC2	2.4	2.4.15	PASS
ERR4139471	GC2	2.4	2.4.15	GC2	2.4	2.4.15	PASS
ERR3656012	GC2	2.4	2.4.15	GC2	2.4	2.4.15	PASS
ERR4024098	GC2	2.4	2.4.15	GC2	2.4	2.4.15	PASS
ERR4024059	GC2	2.4	2.4.15	GC2	2.4	2.4.15	PASS
ERR4023795	GC2	2.4	2.4.15	GC2	2.4	2.4.15	PASS
ERR4023897	GC2	2.4	2.4.15	GC2	2.4	2.4.15	PASS
ERR4024066	GC2	2.4	2.4.15	GC2	2.4	2.4.15	PASS
ERR4046591	GC2	2.4	2.4.15	GC2	2.4	2.4.15	PASS
ERR4045761	GC2	2.4	2.4.15	GC2	2.4	2.4.15	PASS
ERR4023977	GC2	2.4	2.4.15	GC2	2.4	2.4.15	PASS
ERR4024062	GC2	2.4	2.4.15	GC2	2.4	2.4.15	PASS
ERR4023910	GC2	2.4	2.4.15	GC2	2.4	2.4.15	PASS
ERR3656010	GC2	2.4	2.4.15	GC2	2.4	2.4.15	PASS
ERR4024086	GC2	2.4	2.4.15	GC2	2.4	2.4.15	PASS
ERR4139310	GC2	2.4	2.4.15	GC2	2.4	2.4.15	PASS
ERR4024032	GC2	2.4	2.4.15	GC2	2.4	2.4.15	PASS
ERR4024035	GC2	2.4	2.4.15	GC2	2.4	2.4.15	PASS
ERR3584923	GC2	2.4	2.4.15	GC2	2.4	2.4.15	PASS
ERR3584925	GC2	2.4	2.4.15	GC2	2.4	2.4.15	PASS
ERR3584926	GC2	2.4	2.4.15	GC2	2.4	2.4.15	PASS
ERR3642041	GC2	2.4	2.4.15	GC2	2.4	2.4.15	PASS
ERR3642330	GC2	2.4	2.4.15	GC2	2.4	2.4.15	PASS
ERR3642334	GC2	2.4	2.4.15	GC2	2.4	2.4.15	PASS
ERR3584956	GC2	2.4	2.4.15	GC2	2.4	2.4.15	PASS
ERR3585041	GC2	2.4	2.4.15	GC2	2.4	2.4.15	PASS
ERR3642254	GC2	2.4	2.4.15	GC2	2.4	2.4.15	PASS
ERR3642132	GC2	2.4	2.4.15	GC2	2.4	2.4.15	PASS
ERR3642206	GC2	2.4	2.4.15	GC2	2.4	2.4.15	PASS
ERR3642038	GC2	2.4	2.4.15	GC2	2.4	2.4.15	PASS
ERR3642274	GC2	2.4	2.4.15	GC2	2.4	2.4.15	PASS
ERR3656015	GC2	2.4	2.4.15	GC2	2.4	2.4.15	PASS
ERR3642220	GC2	2.4	2.4.15	GC2	2.4	2.4.15	PASS
ERR3642214	GC2	2.4	2.4.15	GC2	2.4	2.4.15	PASS
ERR4046644	GC2	2.4	2.4.15	GC2	2.4	2.4.15	PASS
ERR4045697	GC2	2.4	2.4.15	GC2	2.4	2.4.15	PASS
ERR4045985	GC2	2.4	2.4.15	GC2	2.4	2.4.15	PASS
ERR4046008	GC2	2.4	2.4.15	GC2	2.4	2.4.15	PASS
ERR4045973	GC2	2.4	2.4.15	GC2	2.4	2.4.15	PASS
ERR4046020	GC2	2.4	2.4.15	GC2	2.4	2.4.15	PASS
ERR4046169	GC2	2.4	2.4.15	GC2	2.4	2.4.15	PASS
ERR4046334	GC2	2.4	2.4.15	GC2	2.4	2.4.15	PASS
ERR4046208	GC2	2.4	2.4.15	GC2	2.4	2.4.15	PASS
ERR4046356	GC2	2.4	2.4.15	GC2	2.4	2.4.15	PASS
ERR4046326	GC2	2.4	2.4.15	GC2	2.4	2.4.15	PASS
ERR4046330	GC2	2.4	2.4.15	GC2	2.4	2.4.15	PASS
ERR4046206	GC2	2.4	2.4.15	GC2	2.4	2.4.15	PASS
ERR4046198	GC2	2.4	2.4.15	GC2	2.4	2.4.15	PASS
ERR4046213	GC2	2.4	2.4.15	GC2	2.4	2.4.15	PASS
ERR4046322	GC2	2.4	2.4.15	GC2	2.4	2.4.15	PASS
ERR4046347	GC2	2.4	2.4.15	GC2	2.4	2.4.15	PASS
ERR4046541	GC2	2.4	2.4.15	GC2	2.4	2.4.15	PASS
ERR4046165	GC2	2.4	2.4.15	GC2	2.4	2.4.15	PASS
ERR4046545	GC2	2.4	2.4.15	GC2	2.4	2.4.15	PASS
ERR3655929	GC2	2.4	2.4.15	GC2	2.4	2.4.15	PASS
ERR3585249	GC2	2.4	2.4.15	GC2	2.4	2.4.15	PASS
ERR3585223	GC2	2.4	2.4.15	GC2	2.4	2.4.15	PASS
ERR3585252	GC2	2.4	2.4.15	GC2	2.4	2.4.15	PASS
ERR3642371	GC2	2.4	2.4.15	GC2	2.4	2.4.15	PASS
ERR3655914	GC2	2.4	2.4.15	GC2	2.4	2.4.15	PASS
ERR3655910	GC2	2.4	2.4.15	GC2	2.4	2.4.15	PASS
ERR5770799	GC2	2.4	2.4.15	GC2	2.4	2.4.15	PASS
ERR3656013	GC2	2.4	2.4.15	GC2	2.4	2.4.15	PASS
ERR3642277	GC2	2.4	2.4.15	GC2	2.4	2.4.15	PASS
ERR3655845	GC2	2.4	2.4.15	GC2	2.4	2.4.15	PASS
ERR3642363	GC2	2.4	2.4.15	GC2	2.4	2.4.15	PASS
ERR3642395	GC2	2.4	2.4.15	GC2	2.4	2.4.15	PASS
ERR4023922	GC2	2.4	2.4.15	GC2	2.4	2.4.15	PASS
ERR3585211	GC2	2.4	2.4.15	GC2	2.4	2.4.15	PASS
ERR4023875	GC2	2.4	2.4.15	GC2	2.4	2.4.15	PASS
DRR035593	GC2	2.4	2.4.15	GC2	2.4	2.4.15	PASS
DRR035595	GC2	2.4	2.4.15	GC2	2.4	2.4.15	PASS
DRR035591	GC2	2.4	2.4.15	GC2	2.4	2.4.15	PASS
DRR035603	GC2	2.4	2.4.15	GC2	2.4	2.4.15	PASS
GCF_020254985	GC2	2.4	2.4.15	GC2	2.4	2.4.15	PASS
ERR3585042	GC2	2.4	2.4.15	GC2	2.4	2.4.15	PASS
ERR3655925	GC2	2.4	2.4.15	GC2	2.4	2.4.15	PASS
ERR4139376	GC2	2.4	2.4.15	GC2	2.4	2.4.15	PASS
ERR3642255	GC2	2.4	2.4.15	GC2	2.4	2.4.15	PASS
ERR4139389	GC2	2.4	2.4.15	GC2	2.4	2.4.15	PASS
ERR3585080	GC2	2.4	2.4.15	GC2	2.4	2.4.15	PASS
ERR3585084	GC2	2.4	2.4.15	GC2	2.4	2.4.15	PASS
ERR3585073	GC2	2.4	2.4.15	GC2	2.4	2.4.15	PASS
ERR3585414	GC2	2.4	2.4.15	GC2	2.4	2.4.15	PASS
DRR035557	GC2	2.4	2.4.15	GC2	2.4	2.4.15	PASS
ERR190488	GC2	2.4	2.4.15	GC2	2.4	2.4.15	PASS
ERR4139458	GC2	2.4	2.4.15	GC2	2.4	2.4.15	PASS
ERR4139377	GC2	2.4	2.4.15	GC2	2.4	2.4.15	PASS
ERR4139405	GC2	2.4	2.4.15	GC2	2.4	2.4.15	PASS
ERR4139374	GC2	2.4	2.4.15	GC2	2.4	2.4.15	PASS
ERR4139402	GC2	2.4	2.4.15	GC2	2.4	2.4.15	PASS
ERR3642252	GC2	2.4	2.4.15	GC2	2.4	2.4.15	PASS
DRR035620	GC2	2.4	2.4.15	GC2	2.4	2.4.15	PASS
ERR2712287	GC2	2.4	2.4.15	GC2	2.4	2.4.15	PASS
ERR2712297	GC2	2.4	2.4.15	GC2	2.4	2.4.15	PASS
GCF_006538225	GC2	2.4	2.4.15	GC2	2.4	2.4.15	PASS
DRR035617	GC2	2.4	2.4.15	GC2	2.4	2.4.15	PASS
DRR035596	GC2	2.4	2.4.15	GC2	2.4	2.4.15	PASS
DRR035566	GC2	2.4	2.4.15	GC2	2.4	2.4.15	PASS
DRR035585	GC2	2.4	2.4.15	GC2	2.4	2.4.15	PASS
DRR035582	GC2	2.4	2.4.15	GC2	2.4	2.4.15	PASS
DRR035581	GC2	2.4	2.4.15	GC2	2.4	2.4.15	PASS
DRR035580	GC2	2.4	2.4.15	GC2	2.4	2.4.15	PASS
DRR035586	GC2	2.4	2.4.15	GC2	2.4	2.4.15	PASS
ERR3584913	GC2	2.4	2.4.15	GC2	2.4	2.4.15	PASS
ERR3585014	GC2	2.4	2.4.15	GC2	2.4	2.4.15	PASS
ERR4139303	GC2	2.4	2.4.15	GC2	2.4	2.4.15	PASS
ERR4046007	GC2	2.4	2.4.15	GC2	2.4	2.4.15	PASS
ERR4045999	GC2	2.4	2.4.15	GC2	2.4	2.4.15	PASS
ERR4045868	GC2	2.4	2.4.15	GC2	2.4	2.4.15	PASS
ERR4045864	GC2	2.4	2.4.15	GC2	2.4	2.4.15	PASS
ERR4046458	GC2	2.4	2.4.15	GC2	2.4	2.4.15	PASS
ERR4046112	GC2	2.4	2.4.15	GC2	2.4	2.4.15	PASS
ERR4046116	GC2	2.4	2.4.15	GC2	2.4	2.4.15	PASS
ERR3584910	GC2	2.4	2.4.15	GC2	2.4	2.4.15	PASS
ERR4046462	GC2	2.4	2.4.15	GC2	2.4	2.4.15	PASS
ERR3585208	GC2	2.4	2.4.15	GC2	2.4	2.4.15	PASS
ERR3585209	GC2	2.4	2.4.15	GC2	2.4	2.4.15	PASS
ERR3585163	GC2	2.4	2.4.15	GC2	2.4	2.4.15	PASS
ERR3585154	GC2	2.4	2.4.15	GC2	2.4	2.4.15	PASS
ERR3585165	GC2	2.4	2.4.15	GC2	2.4	2.4.15	PASS
ERR190495	GC2	2.4	2.4.15	GC2	2.4	2.4.15	PASS
ERR190496	GC2	2.4	2.4.15	GC2	2.4	2.4.15	PASS
ERR4046160	GC2	2.4	2.4.15	GC2	2.4	2.4.15	PASS
ERR3585049	GC2	2.4	2.4.15	GC2	2.4	2.4.15	PASS
ERR3585261	GC2	2.4	2.4.15	GC2	2.4	2.4.15	PASS
ERR3585258	GC2	2.4	2.4.15	GC2	2.4	2.4.15	PASS
ERR3585218	GC2	2.4	2.4.15	GC2	2.4	2.4.15	PASS
ERR4046632	GC2	2.4	2.4.15	GC2	2.4	2.4.15	PASS
ERR4046914	GC2	2.4	2.4.15	GC2	2.4	2.4.15	PASS
ERR3585396	GC2	2.4	2.4.15	GC2	2.4	2.4.15	PASS
ERR3585394	GC2	2.4	2.4.15	GC2	2.4	2.4.15	PASS
ERR3585020	GC2	2.4	2.4.15	GC2	2.4	2.4.15	PASS
ERR3585215	GC2	2.4	2.4.15	GC2	2.4	2.4.15	PASS
ERR190438	GC2	2.4	2.4.15	GC2	2.4	2.4.15	PASS
DRR035537	GC2	2.4	2.4.15	GC2	2.4	2.4.15	PASS
ERR190444	GC2	2.4	2.4.15	GC2	2.4	2.4.15	PASS
ERR190436	GC2	2.4	2.4.15	GC2	2.4	2.4.15	PASS
ERR190433	GC2	2.4	2.4.15	GC2	2.4	2.4.15	PASS
ERR1012791	GC2	2.4	2.4.15	GC2	2.4	2.4.15	PASS
ERR190451	GC2	2.4	2.4.15	GC2	2.4	2.4.15	PASS
ERR190430	GC2	2.4	2.4.15	GC2	2.4	2.4.15	PASS
ERR190440	GC2	2.4	2.4.15	GC2	2.4	2.4.15	PASS
ERR190461	GC2	2.4	2.4.15	GC2	2.4	2.4.15	PASS
ERR190459	GC2	2.4	2.4.15	GC2	2.4	2.4.15	PASS
ERR1012792	GC2	2.4	2.4.15	GC2	2.4	2.4.15	PASS
ERR1012794	GC2	2.4	2.4.15	GC2	2.4	2.4.15	PASS
ERR564202	GC2	2.4	2.4.15	GC2	2.4	2.4.15	PASS
ERR1012793	GC2	2.4	2.4.15	GC2	2.4	2.4.15	PASS
ERR564203	GC2	2.4	2.4.15	GC2	2.4	2.4.15	PASS
GCF_900010325	GC2	2.4	2.4.15	GC2	2.4	2.4.15	PASS
ERR564198	GC2	2.4	2.4.15	GC2	2.4	2.4.15	PASS
ERR190456	GC2	2.4	2.4.15	GC2	2.4	2.4.15	PASS
ERR190462	GC2	2.4	2.4.15	GC2	2.4	2.4.15	PASS
ERR190434	GC2	2.4	2.4.15	GC2	2.4	2.4.15	PASS
ERR190435	GC2	2.4	2.4.15	GC2	2.4	2.4.15	PASS
ERR190466	GC2	2.4	2.4.15	GC2	2.4	2.4.15	PASS
ERR564200	GC2	2.4	2.4.15	GC2	2.4	2.4.15	PASS
ERR190432	GC2	2.4	2.4.15	GC2	2.4	2.4.15	PASS
ERR564201	GC2	2.4	2.4.15	GC2	2.4	2.4.15	PASS
DRR035573	GC2	2.4	2.4.15	GC2	2.4	2.4.15	PASS
ERR190415	GC2	2.4	2.4.15	GC2	2.4	2.4.15	PASS
ERR263728	GC2	2.4	2.4.15	GC2	2.4	2.4.15	PASS
DRR035578	GC2	2.4	2.4.15	GC2	2.4	2.4.15	PASS
DRR035569	GC2	2.4	2.4.15	GC2	2.4	2.4.15	PASS
DRR035560	GC2	2.4	2.4.15	GC2	2.4	2.4.15	PASS
DRR035600	GC2	2.4	2.4.15	GC2	2.4	2.4.15	PASS
DRR035621	GC2	2.4	2.4.15	GC2	2.4	2.4.15	PASS
DRR035601	GC2	2.4	2.4.15	GC2	2.4	2.4.15	PASS
DRR035622	GC2	2.4	2.4.15	GC2	2.4	2.4.15	PASS
DRR035556	GC2	2.4	2.4.15	GC2	2.4	2.4.15	PASS
DRR035558	GC2	2.4	2.4.15	GC2	2.4	2.4.15	PASS
DRR035559	GC2	2.4	2.4.15	GC2	2.4	2.4.15	PASS
ERR190489	GC2	2.4	2.4.15	GC2	2.4	2.4.15	PASS
ERR190490	GC2	2.4	2.4.15	GC2	2.4	2.4.15	PASS
ERR190491	GC2	2.4	2.4.15	GC2	2.4	2.4.15	PASS
ERR190493	GC2	2.4	2.4.15	GC2	2.4	2.4.15	PASS
ERR190497	GC2	2.4	2.4.15	GC2	2.4	2.4.15	PASS
ERR190499	GC2	2.4	2.4.15	GC2	2.4	2.4.15	PASS
ERR190501	GC2	2.4	2.4.15	GC2	2.4	2.4.15	PASS
ERR190498	GC2	2.4	2.4.15	GC2	2.4	2.4.15	PASS
ERR190500	GC2	2.4	2.4.15	GC2	2.4	2.4.15	PASS
ERR190486	GC2	2.4	2.4.15	GC2	2.4	2.4.15	PASS
ERR190425	GC2	2.4	2.4.15	GC2	2.4	2.4.15	PASS
ERR190452	GC2	2.4	2.4.15	GC2	2.4	2.4.15	PASS
ERR190454	GC2	2.4	2.4.15	GC2	2.4	2.4.15	PASS
ERR190457	GC2	2.4	2.4.15	GC2	2.4	2.4.15	PASS
ERR190473	GC2	2.4	2.4.15	GC2	2.4	2.4.15	PASS
ERR190448	GC2	2.4	2.4.15	GC2	2.4	2.4.15	PASS
ERR190450	GC2	2.4	2.4.15	GC2	2.4	2.4.15	PASS
ERR190474	GC2	2.4	2.4.15	GC2	2.4	2.4.15	PASS
ERR190478	GC2	2.4	2.4.15	GC2	2.4	2.4.15	PASS
ERR2712293	GC2	2.4	2.4.15	GC2	2.4	2.4.15	PASS
ERR3585172	GC2	2.4	2.4.15	GC2	2.4	2.4.15	PASS
ERR3642320	GC2	2.4	2.4.15	GC2	2.4	2.4.15	PASS
ERR4046542	GC2	2.4	2.4.15	GC2	2.4	2.4.15	PASS
ERR3642143	GC2	2.4	2.4.15	GC2	2.4	2.4.15	PASS
ERR4139380	GC2	2.4	2.4.15	GC2	2.4	2.4.15	PASS
SRR14748913	GC2	2.4	2.4.15	GC2	2.4	2.4.15	PASS
ERR4139337	GC2	2.4	2.4.15	GC2	2.4	2.4.15	PASS
ERR3584930	GC2	2.4	2.4.15	GC2	2.4	2.4.15	PASS
ERR3584915	GC2	2.4	2.4.15	GC2	2.4	2.4.15	PASS
ERR3584917	GC2	2.4	2.4.15	GC2	2.4	2.4.15	PASS
ERR3585092	GC2	2.4	2.4.15	GC2	2.4	2.4.15	PASS
ERR3585093	GC2	2.4	2.4.15	GC2	2.4	2.4.15	PASS
ERR4046335	GC2	2.4	2.4.15	GC2	2.4	2.4.15	PASS
ERR3642186	GC2	2.4	2.4.15	GC2	2.4	2.4.15	PASS
ERR3642316	GC2	2.4	2.4.15	GC2	2.4	2.4.15	PASS
ERR4046331	GC2	2.4	2.4.15	GC2	2.4	2.4.15	PASS
ERR4046278	GC2	2.4	2.4.15	GC2	2.4	2.4.15	PASS
ERR3642270	GC2	2.4	2.4.15	GC2	2.4	2.4.15	PASS
ERR4046266	GC2	2.4	2.4.15	GC2	2.4	2.4.15	PASS
ERR4046465	GC2	2.4	2.4.15	GC2	2.4	2.4.15	PASS
ERR4046526	GC2	2.4	2.4.15	GC2	2.4	2.4.15	PASS
ERR4139398	GC2	2.4	2.4.15	GC2	2.4	2.4.15	PASS
ERR4046530	GC2	2.4	2.4.15	GC2	2.4	2.4.15	PASS
ERR3642380	GC2	2.4	2.4.15	GC2	2.4	2.4.15	PASS
ERR4046600	GC2	2.4	2.4.15	GC2	2.4	2.4.15	PASS
ERR3584990	GC2	2.4	2.4.15	GC2	2.4	2.4.15	PASS
ERR4139383	GC2	2.4	2.4.15	GC2	2.4	2.4.15	PASS
ERR4046265	GC2	2.4	2.4.15	GC2	2.4	2.4.15	PASS
ERR4046351	GC2	2.4	2.4.15	GC2	2.4	2.4.15	PASS
ERR4046220	GC2	2.4	2.4.15	GC2	2.4	2.4.15	PASS
ERR4046338	GC2	2.4	2.4.15	GC2	2.4	2.4.15	PASS
ERR4046661	GC2	2.4	2.4.15	GC2	2.4	2.4.15	PASS
ERR3585324	GC2	2.4	2.4.15	GC2	2.4	2.4.15	PASS
ERR4046724	GC2	2.4	2.4.15	GC2	2.4	2.4.15	PASS
ERR4023979	GC2	2.4	2.4.15	GC2	2.4	2.4.15	PASS
ERR4023981	GC2	2.4	2.4.15	GC2	2.4	2.4.15	PASS
ERR4046599	GC2	2.4	2.4.15	GC2	2.4	2.4.15	PASS
ERR4046716	GC2	2.4	2.4.15	GC2	2.4	2.4.15	PASS
ERR4046757	GC2	2.4	2.4.15	GC2	2.4	2.4.15	PASS
ERR4045707	GC2	2.4	2.4.15	GC2	2.4	2.4.15	PASS
ERR4023847	GC2	2.4	2.4.15	GC2	2.4	2.4.15	PASS
ERR4045711	GC2	2.4	2.4.15	GC2	2.4	2.4.15	PASS
ERR3585417	GC2	2.4	2.4.15	GC2	2.4	2.4.15	PASS
ERR3642209	GC2	2.4	2.4.15	GC2	2.4	2.4.15	PASS
ERR5770802	GC2	2.4	2.4.15	GC2	2.4	2.4.15	PASS
ERR5770803	GC2	2.4	2.4.15	GC2	2.4	2.4.15	PASS
ERR197570	GC2	2.4	2.4.15	GC2	2.4	2.4.15	PASS
ERR1012788	GC2	2.4	2.4.15	GC2	2.4	2.4.15	PASS
ERR1012789	GC2	2.4	2.4.15	GC2	2.4	2.4.15	PASS
ERR586950	GC2	2.4	2.4.15	GC2	2.4	2.4.15	PASS
ERR1012790	GC2	2.4	2.4.15	GC2	2.4	2.4.15	PASS
ERR586938	GC2	2.4	2.4.15	GC2	2.4	2.4.15	PASS
ERR586943	GC2	2.4	2.4.15	GC2	2.4	2.4.15	PASS
ERR586941	GC2	2.4	2.4.15	GC2	2.4	2.4.15	PASS
ERR586939	GC2	2.4	2.4.15	GC2	2.4	2.4.15	PASS
ERR586935	GC2	2.4	2.4.15	GC2	2.4	2.4.15	PASS
ERR586942	GC2	2.4	2.4.15	GC2	2.4	2.4.15	PASS
GCF_900010465	GC2	2.4	2.4.15	GC2	2.4	2.4.15	PASS
GCF_900011305	GC2	2.4	2.4.15	GC2	2.4	2.4.15	PASS
ERR586946	GC2	2.4	2.4.15	GC2	2.4	2.4.15	PASS
ERR564197	GC2	2.4	2.4.15	GC2	2.4	2.4.15	PASS
ERR586933	GC2	2.4	2.4.15	GC2	2.4	2.4.15	PASS
ERR586945	GC2	2.4	2.4.15	GC2	2.4	2.4.15	PASS
ERR586922	GC2	2.4	2.4.15	GC2	2.4	2.4.15	PASS
ERR586931	GC2	2.4	2.4.15	GC2	2.4	2.4.15	PASS
ERR586924	GC2	2.4	2.4.15	GC2	2.4	2.4.15	PASS
ERR586954	GC2	2.4	2.4.15	GC2	2.4	2.4.15	PASS
ERR586949	GC2	2.4	2.4.15	GC2	2.4	2.4.15	PASS
ERR586940	GC2	2.4	2.4.15	GC2	2.4	2.4.15	PASS
ERR586928	GC2	2.4	2.4.15	GC2	2.4	2.4.15	PASS
ERR586934	GC2	2.4	2.4.15	GC2	2.4	2.4.15	PASS
ERR586937	GC2	2.4	2.4.15	GC2	2.4	2.4.15	PASS
ERR586930	GC2	2.4	2.4.15	GC2	2.4	2.4.15	PASS
ERR586929	GC2	2.4	2.4.15	GC2	2.4	2.4.15	PASS
GCF_900088705	GC2	2.4	2.4.15	GC2	2.4	2.4.15	PASS
ERR586980	GC2	2.4	2.4.15	GC2	2.4	2.4.15	PASS
ERR564199	GC2	2.4	2.4.15	GC2	2.4	2.4.15	PASS
ERR586927	GC2	2.4	2.4.15	GC2	2.4	2.4.15	PASS
ERR586923	GC2	2.4	2.4.15	GC2	2.4	2.4.15	PASS
ERR586953	GC2	2.4	2.4.15	GC2	2.4	2.4.15	PASS
ERR586944	GC2	2.4	2.4.15	GC2	2.4	2.4.15	PASS
ERR586948	GC2	2.4	2.4.15	GC2	2.4	2.4.15	PASS
ERR564196	GC2	2.4	2.4.15	GC2	2.4	2.4.15	PASS
ERR586932	GC2	2.4	2.4.15	GC2	2.4	2.4.15	PASS
ERR190414	GC2	2.4	2.4.15	GC2	2.4	2.4.15	PASS
ERR190417	GC2	2.4	2.4.15	GC2	2.4	2.4.15	PASS
ERR190418	GC2	2.4	2.4.15	GC2	2.4	2.4.15	PASS
ERR190423	GC2	2.4	2.4.15	GC2	2.4	2.4.15	PASS
ERR197568	GC2	2.4	2.4.15	GC2	2.4	2.4.15	PASS
ERR1688979	GC2	2.4	2.4.15	GC2	2.4	2.4.15	PASS
ERR3585011	GC2	2.4	2.4.15	GC2	2.4	2.4.15	PASS
DRR035540	GC2	2.4	2.4.15	GC2	2.4	2.4.15	PASS
ERR190475	GC2	2.4	2.4.15	GC2	2.4	2.4.15	PASS
ERR190480	GC2	2.4	2.4.15	GC2	2.4	2.4.15	PASS
ERR190479	GC2	2.4	2.4.15	GC2	2.4	2.4.15	PASS
ERR190469	GC2	2.4	2.4.15	GC2	2.4	2.4.15	PASS
ERR190484	GC2	2.4	2.4.15	GC2	2.4	2.4.15	PASS
ERR190465	GC2	2.4	2.4.15	GC2	2.4	2.4.15	PASS
ERR190472	GC2	2.4	2.4.15	GC2	2.4	2.4.15	PASS
ERR2712289	GC2	2.4	2.4.15	GC2	2.4	2.4.15	PASS
ERR2712290	GC2	2.4	2.4.15	GC2	2.4	2.4.15	PASS
ERR4045501	GC2	2.4	2.4.15	GC2	2.4	2.4.15	PASS
ERR4046794	GC2	2.4	2.4.15	GC2	2.4	2.4.15	PASS
ERR4046802	GC2	2.4	2.4.15	GC2	2.4	2.4.15	PASS
ERR4046389	GC2	2.4	2.4.15	GC2	2.4	2.4.15	PASS
ERR4046381	GC2	2.4	2.4.15	GC2	2.4	2.4.15	PASS
ERR4046397	GC2	2.4	2.4.15	GC2	2.4	2.4.15	PASS
ERR5205871	GC2	2.4	2.4.15	GC2	2.4	2.4.15	PASS
ERR2712991	GC2	2.4	2.4.15	GC2	2.4	2.4.15	PASS
ERR4436754	GC2	2.4	2.4.15	GC2	2.4	2.4.15	PASS
ERR197572	GC2	2.4	2.4.15	GC2	2.4	2.4.15	PASS
ERR197627	GC2	2.4	2.4.15	GC2	2.4	2.4.15	PASS
ERR197628	GC2	2.4	2.4.15	GC2	2.4	2.4.15	PASS
ERR197622	GC2	2.4	2.4.15	GC2	2.4	2.4.15	PASS
ERR197643	GC2	2.4	2.4.15	GC2	2.4	2.4.15	PASS
SRR11248259	GC2	2.4	2.4.13	GC2	2.4	2.4.13	PASS
SRR11248275	GC2	2.4	2.4.13	GC2	2.4	2.4.13	PASS
SRR12008635	GC2	2.4	2.4.13	GC2	2.4	2.4.13	PASS
GCF_006365405	GC2	2.4	2.4.13	GC2	2.4	2.4.13	PASS
GCF_006366635	GC2	2.4	2.4.13	GC2	2.4	2.4.13	PASS
SRR10276624	GC2	2.4	2.4.13	GC2	2.4	2.4.13	PASS
GCF_000787315	GC2	2.4	2.4.13	GC2	2.4	2.4.13	PASS
GCF_000787335	GC2	2.4	2.4.13	GC2	2.4	2.4.13	PASS
SRR10276625	GC2	2.4	2.4.13	GC2	2.4	2.4.13	PASS
GCF_001292715	GC2	2.4	2.4.13	GC2	2.4	2.4.13	PASS
SRR1283131	GC2	2.4	2.4.13	GC2	2.4	2.4.13	PASS
GCF_000805295	GC2	2.4	2.4.13	GC2	2.4	2.4.13	PASS
GCF_001863405	GC2	2.4	2.4.13	GC2	2.4	2.4.13	PASS
SRR3206028	GC2	2.4	2.4.13	GC2	2.4	2.4.13	PASS
GCF_001863335	GC2	2.4	2.4.13	GC2	2.4	2.4.13	PASS
SRR3201308	GC2	2.4	2.4.13	GC2	2.4	2.4.13	PASS
GCF_004378285	GC2	2.4	2.4.13	GC2	2.4	2.4.13	PASS
GCF_001617915	GC2	2.4	2.4.13	GC2	2.4	2.4.13	PASS
GCF_001617945	GC2	2.4	2.4.13	GC2	2.4	2.4.13	PASS
GCF_001680185	GC2	2.4	2.4.13	GC2	2.4	2.4.13	PASS
GCF_001680195	GC2	2.4	2.4.13	GC2	2.4	2.4.13	PASS
GCF_000787235	GC2	2.4	2.4.13	GC2	2.4	2.4.13	PASS
GCF_001951035	GC2	2.4	2.4.13	GC2	2.4	2.4.13	PASS
GCF_000804975	GC2	2.4	2.4.13	GC2	2.4	2.4.13	PASS
GCF_002277325	GC2	2.4	2.4.13	GC2	2.4	2.4.13	PASS
GCF_002277705	GC2	2.4	2.4.13	GC2	2.4	2.4.13	PASS
SRR5739111	GC2	2.4	2.4.13	GC2	2.4	2.4.13	PASS
GCF_015732435	GC2	2.4	2.4.13	GC2	2.4	2.4.13	PASS
GCF_015732055	GC2	2.4	2.4.13	GC2	2.4	2.4.13	PASS
GCF_015731985	GC2	2.4	2.4.13	GC2	2.4	2.4.13	PASS
GCF_015732075	GC2	2.4	2.4.13	GC2	2.4	2.4.13	PASS
SRR12008631	GC2	2.4	2.4.13	GC2	2.4	2.4.13	PASS
SRR12008636	GC2	2.4	2.4.13	GC2	2.4	2.4.13	PASS
GCF_002277485	GC2	2.4	2.4.13	GC2	2.4	2.4.13	PASS
GCF_002277605	GC2	2.4	2.4.13	GC2	2.4	2.4.13	PASS
GCF_003007275	GC2	2.4	2.4.13	GC2	2.4	2.4.13	PASS
GCF_002277315	GC2	2.4	2.4.13	GC2	2.4	2.4.13	PASS
GCF_000723065	GC2	2.4	2.4.13	GC2	2.4	2.4.13	PASS
GCF_000723145	GC2	2.4	2.4.13	GC2	2.4	2.4.13	PASS
GCF_017096385	GC2	2.4	2.4.13	GC2	2.4	2.4.13	PASS
GCF_017096425	GC2	2.4	2.4.13	GC2	2.4	2.4.13	PASS
GCF_000723125	GC2	2.4	2.4.13	GC2	2.4	2.4.13	PASS
SRR12008609	GC2	2.4	2.4.13	GC2	2.4	2.4.13	PASS
GCF_001863875	GC2	2.4	2.4.13	GC2	2.4	2.4.13	PASS
SRR3381435	GC2	2.4	2.4.13	GC2	2.4	2.4.13	PASS
GCF_001864045	GC2	2.4	2.4.13	GC2	2.4	2.4.13	PASS
SRR3381484	GC2	2.4	2.4.13	GC2	2.4	2.4.13	PASS
GCF_001864815	GC2	2.4	2.4.13	GC2	2.4	2.4.13	PASS
SRR3381507	GC2	2.4	2.4.13	GC2	2.4	2.4.13	PASS
GCF_006366215	GC2	2.4	2.4.13	GC2	2.4	2.4.13	PASS
GCF_006367375	GC2	2.4	2.4.13	GC2	2.4	2.4.13	PASS
GCF_002277235	GC2	2.4	2.4.13	GC2	2.4	2.4.13	PASS
GCF_002277515	GC2	2.4	2.4.13	GC2	2.4	2.4.13	PASS
GCF_000299655	GC2	2.4	2.4.13	GC2	2.4	2.4.13	PASS
GCF_000299675	GC2	2.4	2.4.13	GC2	2.4	2.4.13	PASS
SRR3381369	GC2	2.4	2.4.13	GC2	2.4	2.4.13	PASS
GCF_001862065	GC2	2.4	2.4.13	GC2	2.4	2.4.13	PASS
SRR3381516	GC2	2.4	2.4.13	GC2	2.4	2.4.13	PASS
GCF_001864455	GC2	2.4	2.4.13	GC2	2.4	2.4.13	PASS
SRR3381485	GC2	2.4	2.4.13	GC2	2.4	2.4.13	PASS
GCF_001863275	GC2	2.4	2.4.13	GC2	2.4	2.4.13	PASS
SRR3381425	GC2	2.4	2.4.13	GC2	2.4	2.4.13	PASS
GCF_001862775	GC2	2.4	2.4.13	GC2	2.4	2.4.13	PASS
SRR3381386	GC2	2.4	2.4.13	GC2	2.4	2.4.13	PASS
GCF_001863395	GC2	2.4	2.4.13	GC2	2.4	2.4.13	PASS
SRR3206037	GC2	2.4	2.4.13	GC2	2.4	2.4.13	PASS
GCF_001863345	GC2	2.4	2.4.13	GC2	2.4	2.4.13	PASS
SRR3206036	GC2	2.4	2.4.13	GC2	2.4	2.4.13	PASS
GCF_001863775	GC2	2.4	2.4.13	GC2	2.4	2.4.13	PASS
SRR3381457	GC2	2.4	2.4.13	GC2	2.4	2.4.13	PASS
GCF_001861655	GC2	2.4	2.4.13	GC2	2.4	2.4.13	PASS
GCF_001862735	GC2	2.4	2.4.13	GC2	2.4	2.4.13	PASS
SRR3381385	GC2	2.4	2.4.13	GC2	2.4	2.4.13	PASS
GCF_006366475	GC2	2.4	2.4.13	GC2	2.4	2.4.13	PASS
SRR3381384	GC2	2.4	2.4.13	GC2	2.4	2.4.13	PASS
GCF_001862395	GC2	2.4	2.4.13	GC2	2.4	2.4.13	PASS
SRR3381539	GC2	2.4	2.4.13	GC2	2.4	2.4.13	PASS
SRR12008637	GC2	2.4	2.4.13	GC2	2.4	2.4.13	PASS
SRR12008615	GC2	2.4	2.4.13	GC2	2.4	2.4.13	PASS
SRR12008642	GC2	2.4	2.4.13	GC2	2.4	2.4.13	PASS
SRR12008614	GC2	2.4	2.4.13	GC2	2.4	2.4.13	PASS
SRR12008632	GC2	2.4	2.4.13	GC2	2.4	2.4.13	PASS
SRR12008626	GC2	2.4	2.4.13	GC2	2.4	2.4.13	PASS
SRR12008643	GC2	2.4	2.4.13	GC2	2.4	2.4.13	PASS
SRR12008648	GC2	2.4	2.4.13	GC2	2.4	2.4.13	PASS
GCF_001680215	GC2	2.4	2.4.13	GC2	2.4	2.4.13	PASS
SRR3381518	GC2	2.4	2.4.13	GC2	2.4	2.4.13	PASS
GCF_001680285	GC2	2.4	2.4.13	GC2	2.4	2.4.13	PASS
SRR3381519	GC2	2.4	2.4.13	GC2	2.4	2.4.13	PASS
GCF_006366235	GC2	2.4	2.4.13	GC2	2.4	2.4.13	PASS
GCF_006365895	GC2	2.4	2.4.13	GC2	2.4	2.4.13	PASS
GCF_006367605	GC2	2.4	2.4.13	GC2	2.4	2.4.13	PASS
GCF_006366755	GC2	2.4	2.4.13	GC2	2.4	2.4.13	PASS
GCF_006365495	GC2	2.4	2.4.13	GC2	2.4	2.4.13	PASS
GCF_006365775	GC2	2.4	2.4.13	GC2	2.4	2.4.13	PASS
GCF_006367025	GC2	2.4	2.4.13	GC2	2.4	2.4.13	PASS
GCF_006367295	GC2	2.4	2.4.13	GC2	2.4	2.4.13	PASS
GCF_006366745	GC2	2.4	2.4.13	GC2	2.4	2.4.13	PASS
GCF_006365555	GC2	2.4	2.4.13	GC2	2.4	2.4.13	PASS
SRR3381377	GC2	2.4	2.4.13	GC2	2.4	2.4.13	PASS
GCF_001861615	GC2	2.4	2.4.13	GC2	2.4	2.4.13	PASS
GCF_006367835	GC2	2.4	2.4.13	GC2	2.4	2.4.13	PASS
GCF_001862665	GC2	2.4	2.4.13	GC2	2.4	2.4.13	PASS
SRR3381378	GC2	2.4	2.4.13	GC2	2.4	2.4.13	PASS
SRR14852264	GC2	2.4	2.4.13	GC2	2.4	2.4.13	PASS
SRR14852306	GC2	2.4	2.4.13	GC2	2.4	2.4.13	PASS
SRR14852332	GC2	2.4	2.4.13	GC2	2.4	2.4.13	PASS
SRR14852390	GC2	2.4	2.4.13	GC2	2.4	2.4.13	PASS
SRR14852413	GC2	2.4	2.4.13	GC2	2.4	2.4.13	PASS
SRR14852297	GC2	2.4	2.4.13	GC2	2.4	2.4.13	PASS
SRR14852422	GC2	2.4	2.4.13	GC2	2.4	2.4.13	PASS
SRR14852431	GC2	2.4	2.4.13	GC2	2.4	2.4.13	PASS
SRR14852112	GC2	2.4	2.4.13	GC2	2.4	2.4.13	PASS
SRR14852451	GC2	2.4	2.4.13	GC2	2.4	2.4.13	PASS
SRR14852116	GC2	2.4	2.4.13	GC2	2.4	2.4.13	PASS
SRR14852571	GC2	2.4	2.4.13	GC2	2.4	2.4.13	PASS
SRR14852490	GC2	2.4	2.4.13	GC2	2.4	2.4.13	PASS
SRR14852326	GC2	2.4	2.4.13	GC2	2.4	2.4.13	PASS
SRR14852329	GC2	2.4	2.4.13	GC2	2.4	2.4.13	PASS
SRR14862613	GC2	2.4	2.4.13	GC2	2.4	2.4.13	PASS
SRR14852241	GC2	2.4	2.4.13	GC2	2.4	2.4.13	PASS
SRR14852492	GC2	2.4	2.4.13	GC2	2.4	2.4.13	PASS
SRR14852501	GC2	2.4	2.4.13	GC2	2.4	2.4.13	PASS
SRR14852554	GC2	2.4	2.4.13	GC2	2.4	2.4.13	PASS
SRR14852388	GC2	2.4	2.4.13	GC2	2.4	2.4.13	PASS
SRR14852293	GC2	2.4	2.4.13	GC2	2.4	2.4.13	PASS
SRR14852310	GC2	2.4	2.4.13	GC2	2.4	2.4.13	PASS
SRR14852497	GC2	2.4	2.4.13	GC2	2.4	2.4.13	PASS
SRR14852194	GC2	2.4	2.4.13	GC2	2.4	2.4.13	PASS
SRR14862552	GC2	2.4	2.4.13	GC2	2.4	2.4.13	PASS
SRR14852236	GC2	2.4	2.4.13	GC2	2.4	2.4.13	PASS
SRR14852257	GC2	2.4	2.4.13	GC2	2.4	2.4.13	PASS
SRR14862620	GC2	2.4	2.4.13	GC2	2.4	2.4.13	PASS
SRR14852495	GC2	2.4	2.4.13	GC2	2.4	2.4.13	PASS
SRR14852223	GC2	2.4	2.4.13	GC2	2.4	2.4.13	PASS
SRR14852333	GC2	2.4	2.4.13	GC2	2.4	2.4.13	PASS
SRR14852218	GC2	2.4	2.4.13	GC2	2.4	2.4.13	PASS
SRR14852238	GC2	2.4	2.4.13	GC2	2.4	2.4.13	PASS
SRR14852471	GC2	2.4	2.4.13	GC2	2.4	2.4.13	PASS
SRR14852558	GC2	2.4	2.4.13	GC2	2.4	2.4.13	PASS
SRR14852137	GC2	2.4	2.4.13	GC2	2.4	2.4.13	PASS
SRR14852139	GC2	2.4	2.4.13	GC2	2.4	2.4.13	PASS
SRR14862610	GC2	2.4	2.4.13	GC2	2.4	2.4.13	PASS
SRR14852247	GC2	2.4	2.4.13	GC2	2.4	2.4.13	PASS
SRR14862573	GC2	2.4	2.4.13	GC2	2.4	2.4.13	PASS
SRR14852356	GC2	2.4	2.4.13	GC2	2.4	2.4.13	PASS
SRR14852499	GC2	2.4	2.4.13	GC2	2.4	2.4.13	PASS
SRR14852498	GC2	2.4	2.4.13	GC2	2.4	2.4.13	PASS
SRR14852311	GC2	2.4	2.4.13	GC2	2.4	2.4.13	PASS
SRR14852470	GC2	2.4	2.4.13	GC2	2.4	2.4.13	PASS
SRR14862544	GC2	2.4	2.4.13	GC2	2.4	2.4.13	PASS
SRR14852425	GC2	2.4	2.4.13	GC2	2.4	2.4.13	PASS
SRR14852429	GC2	2.4	2.4.13	GC2	2.4	2.4.13	PASS
SRR14852254	GC2	2.4	2.4.13	GC2	2.4	2.4.13	PASS
SRR14852486	GC2	2.4	2.4.13	GC2	2.4	2.4.13	PASS
SRR14852325	GC2	2.4	2.4.13	GC2	2.4	2.4.13	PASS
SRR14852430	GC2	2.4	2.4.13	GC2	2.4	2.4.13	PASS
SRR14862517	GC2	2.4	2.4.13	GC2	2.4	2.4.13	PASS
SRR14852468	GC2	2.4	2.4.13	GC2	2.4	2.4.13	PASS
SRR14852555	GC2	2.4	2.4.13	GC2	2.4	2.4.13	PASS
SRR14852428	GC2	2.4	2.4.13	GC2	2.4	2.4.13	PASS
SRR14852174	GC2	2.4	2.4.13	GC2	2.4	2.4.13	PASS
SRR14852414	GC2	2.4	2.4.13	GC2	2.4	2.4.13	PASS
SRR14852580	GC2	2.4	2.4.13	GC2	2.4	2.4.13	PASS
SRR14862568	GC2	2.4	2.4.13	GC2	2.4	2.4.13	PASS
SRR14852459	GC2	2.4	2.4.13	GC2	2.4	2.4.13	PASS
SRR14852479	GC2	2.4	2.4.13	GC2	2.4	2.4.13	PASS
SRR14862574	GC2	2.4	2.4.13	GC2	2.4	2.4.13	PASS
SRR14852300	GC2	2.4	2.4.13	GC2	2.4	2.4.13	PASS
SRR14852450	GC2	2.4	2.4.13	GC2	2.4	2.4.13	PASS
SRR14852113	GC2	2.4	2.4.13	GC2	2.4	2.4.13	PASS
SRR14852503	GC2	2.4	2.4.13	GC2	2.4	2.4.13	PASS
SRR14852175	GC2	2.4	2.4.13	GC2	2.4	2.4.13	PASS
SRR14852549	GC2	2.4	2.4.13	GC2	2.4	2.4.13	PASS
SRR14852400	GC2	2.4	2.4.13	GC2	2.4	2.4.13	PASS
SRR14852208	GC2	2.4	2.4.13	GC2	2.4	2.4.13	PASS
SRR14862491	GC2	2.4	2.4.13	GC2	2.4	2.4.13	PASS
SRR14852553	GC2	2.4	2.4.13	GC2	2.4	2.4.13	PASS
SRR14852173	GC2	2.4	2.4.13	GC2	2.4	2.4.13	PASS
SRR14852357	GC2	2.4	2.4.13	GC2	2.4	2.4.13	PASS
SRR14852461	GC2	2.4	2.4.13	GC2	2.4	2.4.13	PASS
SRR14852239	GC2	2.4	2.4.13	GC2	2.4	2.4.13	PASS
SRR14862536	GC2	2.4	2.4.13	GC2	2.4	2.4.13	PASS
SRR14852330	GC2	2.4	2.4.13	GC2	2.4	2.4.13	PASS
SRR14852265	GC2	2.4	2.4.13	GC2	2.4	2.4.13	PASS
SRR14852323	GC2	2.4	2.4.13	GC2	2.4	2.4.13	PASS
SRR14852185	GC2	2.4	2.4.13	GC2	2.4	2.4.13	PASS
SRR14852573	GC2	2.4	2.4.13	GC2	2.4	2.4.13	PASS
SRR14852140	GC2	2.4	2.4.13	GC2	2.4	2.4.13	PASS
SRR14852426	GC2	2.4	2.4.13	GC2	2.4	2.4.13	PASS
SRR14862577	GC2	2.4	2.4.13	GC2	2.4	2.4.13	PASS
SRR14852527	GC2	2.4	2.4.13	GC2	2.4	2.4.13	PASS
SRR14852475	GC2	2.4	2.4.13	GC2	2.4	2.4.13	PASS
SRR14852576	GC2	2.4	2.4.13	GC2	2.4	2.4.13	PASS
SRR14862603	GC2	2.4	2.4.13	GC2	2.4	2.4.13	PASS
SRR14852575	GC2	2.4	2.4.13	GC2	2.4	2.4.13	PASS
SRR14852448	GC2	2.4	2.4.13	GC2	2.4	2.4.13	PASS
SRR14852335	GC2	2.4	2.4.13	GC2	2.4	2.4.13	PASS
SRR14852304	GC2	2.4	2.4.13	GC2	2.4	2.4.13	PASS
SRR14852187	GC2	2.4	2.4.13	GC2	2.4	2.4.13	PASS
SRR14852209	GC2	2.4	2.4.13	GC2	2.4	2.4.13	PASS
SRR14862608	GC2	2.4	2.4.13	GC2	2.4	2.4.13	PASS
SRR14852572	GC2	2.4	2.4.13	GC2	2.4	2.4.13	PASS
SRR14852367	GC2	2.4	2.4.13	GC2	2.4	2.4.13	PASS
SRR14852453	GC2	2.4	2.4.13	GC2	2.4	2.4.13	PASS
SRR14852195	GC2	2.4	2.4.13	GC2	2.4	2.4.13	PASS
SRR14852352	GC2	2.4	2.4.13	GC2	2.4	2.4.13	PASS
SRR14852222	GC2	2.4	2.4.13	GC2	2.4	2.4.13	PASS
SRR14852457	GC2	2.4	2.4.13	GC2	2.4	2.4.13	PASS
SRR14852261	GC2	2.4	2.4.13	GC2	2.4	2.4.13	PASS
SRR14852191	GC2	2.4	2.4.13	GC2	2.4	2.4.13	PASS
SRR14852500	GC2	2.4	2.4.13	GC2	2.4	2.4.13	PASS
SRR14862557	GC2	2.4	2.4.13	GC2	2.4	2.4.13	PASS
SRR14852375	GC2	2.4	2.4.13	GC2	2.4	2.4.13	PASS
SRR14852345	GC2	2.4	2.4.13	GC2	2.4	2.4.13	PASS
SRR14852550	GC2	2.4	2.4.13	GC2	2.4	2.4.13	PASS
SRR14852190	GC2	2.4	2.4.13	GC2	2.4	2.4.13	PASS
SRR14862535	GC2	2.4	2.4.13	GC2	2.4	2.4.13	PASS
SRR14862555	GC2	2.4	2.4.13	GC2	2.4	2.4.13	PASS
SRR14852396	GC2	2.4	2.4.13	GC2	2.4	2.4.13	PASS
SRR14852207	GC2	2.4	2.4.13	GC2	2.4	2.4.13	PASS
SRR14852327	GC2	2.4	2.4.13	GC2	2.4	2.4.13	PASS
SRR14852260	GC2	2.4	2.4.13	GC2	2.4	2.4.13	PASS
SRR14862518	GC2	2.4	2.4.13	GC2	2.4	2.4.13	PASS
SRR14852353	GC2	2.4	2.4.13	GC2	2.4	2.4.13	PASS
SRR14852192	GC2	2.4	2.4.13	GC2	2.4	2.4.13	PASS
SRR14852138	GC2	2.4	2.4.13	GC2	2.4	2.4.13	PASS
SRR14852551	GC2	2.4	2.4.13	GC2	2.4	2.4.13	PASS
SRR14862496	GC2	2.4	2.4.13	GC2	2.4	2.4.13	PASS
SRR14852383	GC2	2.4	2.4.13	GC2	2.4	2.4.13	PASS
SRR14852502	GC2	2.4	2.4.13	GC2	2.4	2.4.13	PASS
SRR14852474	GC2	2.4	2.4.13	GC2	2.4	2.4.13	PASS
SRR14862570	GC2	2.4	2.4.13	GC2	2.4	2.4.13	PASS
SRR14852186	GC2	2.4	2.4.13	GC2	2.4	2.4.13	PASS
SRR14852462	GC2	2.4	2.4.13	GC2	2.4	2.4.13	PASS
SRR14852141	GC2	2.4	2.4.13	GC2	2.4	2.4.13	PASS
SRR14852389	GC2	2.4	2.4.13	GC2	2.4	2.4.13	PASS
SRR14852295	GC2	2.4	2.4.13	GC2	2.4	2.4.13	PASS
SRR14862560	GC2	2.4	2.4.13	GC2	2.4	2.4.13	PASS
SRR14862489	GC2	2.4	2.4.13	GC2	2.4	2.4.13	PASS
SRR14852237	GC2	2.4	2.4.13	GC2	2.4	2.4.13	PASS
SRR14862519	GC2	2.4	2.4.13	GC2	2.4	2.4.13	PASS
SRR14852328	GC2	2.4	2.4.13	GC2	2.4	2.4.13	PASS
SRR14862604	GC2	2.4	2.4.13	GC2	2.4	2.4.13	PASS
SRR14862567	GC2	2.4	2.4.13	GC2	2.4	2.4.13	PASS
SRR14852322	GC2	2.4	2.4.13	GC2	2.4	2.4.13	PASS
SRR14852378	GC2	2.4	2.4.13	GC2	2.4	2.4.13	PASS
SRR14862561	GC2	2.4	2.4.13	GC2	2.4	2.4.13	PASS
SRR14852473	GC2	2.4	2.4.13	GC2	2.4	2.4.13	PASS
SRR14862562	GC2	2.4	2.4.13	GC2	2.4	2.4.13	PASS
SRR14862572	GC2	2.4	2.4.13	GC2	2.4	2.4.13	PASS
SRR14852552	GC2	2.4	2.4.13	GC2	2.4	2.4.13	PASS
SRR14852447	GC2	2.4	2.4.13	GC2	2.4	2.4.13	PASS
SRR14852172	GC2	2.4	2.4.13	GC2	2.4	2.4.13	PASS
SRR14852321	GC2	2.4	2.4.13	GC2	2.4	2.4.13	PASS
SRR14862621	GC2	2.4	2.4.13	GC2	2.4	2.4.13	PASS
SRR14862515	GC2	2.4	2.4.13	GC2	2.4	2.4.13	PASS
SRR14852298	GC2	2.4	2.4.13	GC2	2.4	2.4.13	PASS
SRR14852505	GC2	2.4	2.4.13	GC2	2.4	2.4.13	PASS
SRR14852334	GC2	2.4	2.4.13	GC2	2.4	2.4.13	PASS
SRR14852386	GC2	2.4	2.4.13	GC2	2.4	2.4.13	PASS
SRR14852408	GC2	2.4	2.4.13	GC2	2.4	2.4.13	PASS
SRR14852258	GC2	2.4	2.4.13	GC2	2.4	2.4.13	PASS
SRR14852460	GC2	2.4	2.4.13	GC2	2.4	2.4.13	PASS
SRR14862490	GC2	2.4	2.4.13	GC2	2.4	2.4.13	PASS
SRR14852193	GC2	2.4	2.4.13	GC2	2.4	2.4.13	PASS
SRR14852493	GC2	2.4	2.4.13	GC2	2.4	2.4.13	PASS
SRR14852351	GC2	2.4	2.4.13	GC2	2.4	2.4.13	PASS
SRR14852136	GC2	2.4	2.4.13	GC2	2.4	2.4.13	PASS
SRR14852282	GC2	2.4	2.4.13	GC2	2.4	2.4.13	PASS
SRR14852157	GC2	2.4	2.4.13	GC2	2.4	2.4.13	PASS
SRR14852309	GC2	2.4	2.4.13	GC2	2.4	2.4.13	PASS
SRR14852115	GC2	2.4	2.4.13	GC2	2.4	2.4.13	PASS
SRR14862514	GC2	2.4	2.4.13	GC2	2.4	2.4.13	PASS
SRR14852308	GC2	2.4	2.4.13	GC2	2.4	2.4.13	PASS
SRR14852188	GC2	2.4	2.4.13	GC2	2.4	2.4.13	PASS
SRR14862495	GC2	2.4	2.4.13	GC2	2.4	2.4.13	PASS
SRR14852476	GC2	2.4	2.4.13	GC2	2.4	2.4.13	PASS
SRR14862571	GC2	2.4	2.4.13	GC2	2.4	2.4.13	PASS
SRR14852581	GC2	2.4	2.4.13	GC2	2.4	2.4.13	PASS
SRR14852579	GC2	2.4	2.4.13	GC2	2.4	2.4.13	PASS
SRR14862521	GC2	2.4	2.4.13	GC2	2.4	2.4.13	PASS
SRR14852577	GC2	2.4	2.4.13	GC2	2.4	2.4.13	PASS
SRR14852349	GC2	2.4	2.4.13	GC2	2.4	2.4.13	PASS
SRR14852331	GC2	2.4	2.4.13	GC2	2.4	2.4.13	PASS
SRR14862534	GC2	2.4	2.4.13	GC2	2.4	2.4.13	PASS
SRR14852294	GC2	2.4	2.4.13	GC2	2.4	2.4.13	PASS
SRR14852299	GC2	2.4	2.4.13	GC2	2.4	2.4.13	PASS
SRR14862548	GC2	2.4	2.4.13	GC2	2.4	2.4.13	PASS
SRR14852159	GC2	2.4	2.4.13	GC2	2.4	2.4.13	PASS
SRR14852548	GC2	2.4	2.4.13	GC2	2.4	2.4.13	PASS
SRR14852307	GC2	2.4	2.4.13	GC2	2.4	2.4.13	PASS
SRR14852161	GC2	2.4	2.4.13	GC2	2.4	2.4.13	PASS
SRR14862619	GC2	2.4	2.4.13	GC2	2.4	2.4.13	PASS
SRR14852167	GC2	2.4	2.4.13	GC2	2.4	2.4.13	PASS
SRR14852122	GC2	2.4	2.4.13	GC2	2.4	2.4.13	PASS
SRR14862500	GC2	2.4	2.4.13	GC2	2.4	2.4.13	PASS
SRR14852142	GC2	2.4	2.4.13	GC2	2.4	2.4.13	PASS
SRR14852196	GC2	2.4	2.4.13	GC2	2.4	2.4.13	PASS
SRR14852538	GC2	2.4	2.4.13	GC2	2.4	2.4.13	PASS
SRR14852560	GC2	2.4	2.4.13	GC2	2.4	2.4.13	PASS
SRR14852466	GC2	2.4	2.4.13	GC2	2.4	2.4.13	PASS
SRR14852262	GC2	2.4	2.4.13	GC2	2.4	2.4.13	PASS
SRR14852160	GC2	2.4	2.4.13	GC2	2.4	2.4.13	PASS
SRR14852350	GC2	2.4	2.4.13	GC2	2.4	2.4.13	PASS
SRR14852324	GC2	2.4	2.4.13	GC2	2.4	2.4.13	PASS
SRR14852301	GC2	2.4	2.4.13	GC2	2.4	2.4.13	PASS
SRR14862559	GC2	2.4	2.4.13	GC2	2.4	2.4.13	PASS
SRR14852231	GC2	2.4	2.4.13	GC2	2.4	2.4.13	PASS
SRR14852213	GC2	2.4	2.4.13	GC2	2.4	2.4.13	PASS
SRR14852263	GC2	2.4	2.4.13	GC2	2.4	2.4.13	PASS
SRR14862524	GC2	2.4	2.4.13	GC2	2.4	2.4.13	PASS
SRR14852472	GC2	2.4	2.4.13	GC2	2.4	2.4.13	PASS
SRR14852163	GC2	2.4	2.4.13	GC2	2.4	2.4.13	PASS
SRR14852361	GC2	2.4	2.4.13	GC2	2.4	2.4.13	PASS
SRR14852358	GC2	2.4	2.4.13	GC2	2.4	2.4.13	PASS
SRR14852121	GC2	2.4	2.4.13	GC2	2.4	2.4.13	PASS
SRR14852259	GC2	2.4	2.4.13	GC2	2.4	2.4.13	PASS
SRR14852574	GC2	2.4	2.4.13	GC2	2.4	2.4.13	PASS
SRR14852516	GC2	2.4	2.4.13	GC2	2.4	2.4.13	PASS
SRR14852303	GC2	2.4	2.4.13	GC2	2.4	2.4.13	PASS
SRR14862527	GC2	2.4	2.4.13	GC2	2.4	2.4.13	PASS
SRR14852578	GC2	2.4	2.4.13	GC2	2.4	2.4.13	PASS
SRR14852296	GC2	2.4	2.4.13	GC2	2.4	2.4.13	PASS
SRR14852255	GC2	2.4	2.4.13	GC2	2.4	2.4.13	PASS
SRR14862512	GC2	2.4	2.4.13	GC2	2.4	2.4.13	PASS
SRR14852111	GC2	2.4	2.4.13	GC2	2.4	2.4.13	PASS
SRR14852181	GC2	2.4	2.4.13	GC2	2.4	2.4.13	PASS
GCF_001862105	GC2	2.4	2.4.13	GC2	2.4	2.4.13	PASS
GCF_001680265	GC2	2.4	2.4.13	GC2	2.4	2.4.13	PASS
GCF_001862135	GC2	2.4	2.4.13	GC2	2.4	2.4.13	PASS
SRR12008612	GC2	2.4	2.4.13	GC2	2.4	2.4.13	PASS
SRR12008613	GC2	2.4	2.4.13	GC2	2.4	2.4.13	PASS
GCF_006369815	GC2	2.4	2.4.13	GC2	2.4	2.4.13	PASS
GCF_020256065	GC2	2.4	2.4.13	GC2	2.4	2.4.13	PASS
SRR11248274	GC2	2.4	2.4.13	GC2	2.4	2.4.13	PASS
SRR11248270	GC2	2.4	2.4.13	GC2	2.4	2.4.13	PASS
SRR11248276	GC2	2.4	2.4.13	GC2	2.4	2.4.13	PASS
SRR11248264	GC2	2.4	2.4.13	GC2	2.4	2.4.13	PASS
SRR3381422	GC2	2.4	2.4.13	GC2	2.4	2.4.13	PASS
GCF_001863225	GC2	2.4	2.4.13	GC2	2.4	2.4.13	PASS
GCF_014560065	GC2	2.4	2.4.13	GC2	2.4	2.4.13	PASS
GCF_001864565	GC2	2.4	2.4.13	GC2	2.4	2.4.13	PASS
GCF_006367995	GC2	2.4	2.4.13	GC2	2.4	2.4.13	PASS
GCF_006365745	GC2	2.4	2.4.13	GC2	2.4	2.4.13	PASS
GCF_001863545	GC2	2.4	2.4.13	GC2	2.4	2.4.13	PASS
SRR3381357	GC2	2.4	2.4.13	GC2	2.4	2.4.13	PASS
GCF_001864015	GC2	2.4	2.4.13	GC2	2.4	2.4.13	PASS
SRR3381370	GC2	2.4	2.4.13	GC2	2.4	2.4.13	PASS
GCF_001864635	GC2	2.4	2.4.13	GC2	2.4	2.4.13	PASS
SRR3381433	GC2	2.4	2.4.13	GC2	2.4	2.4.13	PASS
GCF_001861975	GC2	2.4	2.4.13	GC2	2.4	2.4.13	PASS
SRR3381496	GC2	2.4	2.4.13	GC2	2.4	2.4.13	PASS
GCF_001864665	GC2	2.4	2.4.13	GC2	2.4	2.4.13	PASS
SRR3381409	GC2	2.4	2.4.13	GC2	2.4	2.4.13	PASS
SRR3381494	GC2	2.4	2.4.13	GC2	2.4	2.4.13	PASS
GCF_006367055	GC2	2.4	2.4.13	GC2	2.4	2.4.13	PASS
GCF_001863065	GC2	2.4	2.4.13	GC2	2.4	2.4.13	PASS
GCF_006366245	GC2	2.4	2.4.13	GC2	2.4	2.4.13	PASS
GCF_001661665	GC2	2.4	2.4.13	GC2	2.4	2.4.13	PASS
SRR14852200	GC2	2.4	2.4.13	GC2	2.4	2.4.13	PASS
SRR14852132	GC2	2.4	2.4.13	GC2	2.4	2.4.13	PASS
SRR14852565	GC2	2.4	2.4.13	GC2	2.4	2.4.13	PASS
SRR14852124	GC2	2.4	2.4.13	GC2	2.4	2.4.13	PASS
SRR14852131	GC2	2.4	2.4.13	GC2	2.4	2.4.13	PASS
SRR14852302	GC2	2.4	2.4.13	GC2	2.4	2.4.13	PASS
SRR14852162	GC2	2.4	2.4.13	GC2	2.4	2.4.13	PASS
SRR14852395	GC2	2.4	2.4.13	GC2	2.4	2.4.13	PASS
SRR14862502	GC2	2.4	2.4.13	GC2	2.4	2.4.13	PASS
SRR14852398	GC2	2.4	2.4.13	GC2	2.4	2.4.13	PASS
SRR14852465	GC2	2.4	2.4.13	GC2	2.4	2.4.13	PASS
SRR14862607	GC2	2.4	2.4.13	GC2	2.4	2.4.13	PASS
SRR14862563	GC2	2.4	2.4.13	GC2	2.4	2.4.13	PASS
SRR14862617	GC2	2.4	2.4.13	GC2	2.4	2.4.13	PASS
SRR14852399	GC2	2.4	2.4.13	GC2	2.4	2.4.13	PASS
SRR14852464	GC2	2.4	2.4.13	GC2	2.4	2.4.13	PASS
SRR14862506	GC2	2.4	2.4.13	GC2	2.4	2.4.13	PASS
SRR14852130	GC2	2.4	2.4.13	GC2	2.4	2.4.13	PASS
SRR14852268	GC2	2.4	2.4.13	GC2	2.4	2.4.13	PASS
SRR14852164	GC2	2.4	2.4.13	GC2	2.4	2.4.13	PASS
SRR14852481	GC2	2.4	2.4.13	GC2	2.4	2.4.13	PASS
SRR14852178	GC2	2.4	2.4.13	GC2	2.4	2.4.13	PASS
SRR14852145	GC2	2.4	2.4.13	GC2	2.4	2.4.13	PASS
SRR14852168	GC2	2.4	2.4.13	GC2	2.4	2.4.13	PASS
SRR14852417	GC2	2.4	2.4.13	GC2	2.4	2.4.13	PASS
SRR14862492	GC2	2.4	2.4.13	GC2	2.4	2.4.13	PASS
SRR14852483	GC2	2.4	2.4.13	GC2	2.4	2.4.13	PASS
SRR14852484	GC2	2.4	2.4.13	GC2	2.4	2.4.13	PASS
SRR14852482	GC2	2.4	2.4.13	GC2	2.4	2.4.13	PASS
SRR14852427	GC2	2.4	2.4.13	GC2	2.4	2.4.13	PASS
SRR14852156	GC2	2.4	2.4.13	GC2	2.4	2.4.13	PASS
SRR14862616	GC2	2.4	2.4.13	GC2	2.4	2.4.13	PASS
SRR14852171	GC2	2.4	2.4.13	GC2	2.4	2.4.13	PASS
SRR14852129	GC2	2.4	2.4.13	GC2	2.4	2.4.13	PASS
SRR14852133	GC2	2.4	2.4.13	GC2	2.4	2.4.13	PASS
SRR14852410	GC2	2.4	2.4.13	GC2	2.4	2.4.13	PASS
SRR14852189	GC2	2.4	2.4.13	GC2	2.4	2.4.13	PASS
SRR14852127	GC2	2.4	2.4.13	GC2	2.4	2.4.13	PASS
SRR14852166	GC2	2.4	2.4.13	GC2	2.4	2.4.13	PASS
SRR14852269	GC2	2.4	2.4.13	GC2	2.4	2.4.13	PASS
SRR14852165	GC2	2.4	2.4.13	GC2	2.4	2.4.13	PASS
SRR14862554	GC2	2.4	2.4.13	GC2	2.4	2.4.13	PASS
SRR14852201	GC2	2.4	2.4.13	GC2	2.4	2.4.13	PASS
SRR14852412	GC2	2.4	2.4.13	GC2	2.4	2.4.13	PASS
SRR14862606	GC2	2.4	2.4.13	GC2	2.4	2.4.13	PASS
SRR14852170	GC2	2.4	2.4.13	GC2	2.4	2.4.13	PASS
SRR14862609	GC2	2.4	2.4.13	GC2	2.4	2.4.13	PASS
SRR14852128	GC2	2.4	2.4.13	GC2	2.4	2.4.13	PASS
SRR14862503	GC2	2.4	2.4.13	GC2	2.4	2.4.13	PASS
SRR14852270	GC2	2.4	2.4.13	GC2	2.4	2.4.13	PASS
SRR14852485	GC2	2.4	2.4.13	GC2	2.4	2.4.13	PASS
SRR14852199	GC2	2.4	2.4.13	GC2	2.4	2.4.13	PASS
SRR14862550	GC2	2.4	2.4.13	GC2	2.4	2.4.13	PASS
SRR14852114	GC2	2.4	2.4.13	GC2	2.4	2.4.13	PASS
SRR14852463	GC2	2.4	2.4.13	GC2	2.4	2.4.13	PASS
GCF_000804815	GC2	2.4	2.4.13	GC2	2.4	2.4.13	PASS
GCF_006367485	GC2	2.4	2.4.13	GC2	2.4	2.4.13	PASS
GCF_014560375	GC2	2.4	2.4.13	GC2	2.4	2.4.13	PASS
GCF_002277145	GC2	2.4	2.4.13	GC2	2.4	2.4.13	PASS
GCF_002277535	GC2	2.4	2.4.13	GC2	2.4	2.4.13	PASS
SRR14852148	GC2	2.4	2.4.13	GC2	2.4	2.4.13	PASS
SRR14852144	GC2	2.4	2.4.13	GC2	2.4	2.4.13	PASS
SRR14852242	GC2	2.4	2.4.13	GC2	2.4	2.4.13	PASS
SRR14852146	GC2	2.4	2.4.13	GC2	2.4	2.4.13	PASS
SRR14852205	GC2	2.4	2.4.13	GC2	2.4	2.4.13	PASS
SRR14852203	GC2	2.4	2.4.13	GC2	2.4	2.4.13	PASS
SRR14852206	GC2	2.4	2.4.13	GC2	2.4	2.4.13	PASS
SRR14852197	GC2	2.4	2.4.13	GC2	2.4	2.4.13	PASS
SRR14852155	GC2	2.4	2.4.13	GC2	2.4	2.4.13	PASS
SRR14852151	GC2	2.4	2.4.13	GC2	2.4	2.4.13	PASS
SRR14852147	GC2	2.4	2.4.13	GC2	2.4	2.4.13	PASS
SRR14852149	GC2	2.4	2.4.13	GC2	2.4	2.4.13	PASS
SRR14852556	GC2	2.4	2.4.13	GC2	2.4	2.4.13	PASS
SRR14852125	GC2	2.4	2.4.13	GC2	2.4	2.4.13	PASS
SRR14852204	GC2	2.4	2.4.13	GC2	2.4	2.4.13	PASS
SRR14852365	GC2	2.4	2.4.13	GC2	2.4	2.4.13	PASS
SRR14852368	GC2	2.4	2.4.13	GC2	2.4	2.4.13	PASS
SRR14852366	GC2	2.4	2.4.13	GC2	2.4	2.4.13	PASS
SRR14852377	GC2	2.4	2.4.13	GC2	2.4	2.4.13	PASS
SRR14862525	GC2	2.4	2.4.13	GC2	2.4	2.4.13	PASS
SRR14852369	GC2	2.4	2.4.13	GC2	2.4	2.4.13	PASS
SRR14852392	GC2	2.4	2.4.13	GC2	2.4	2.4.13	PASS
SRR14862531	GC2	2.4	2.4.13	GC2	2.4	2.4.13	PASS
SRR14852370	GC2	2.4	2.4.13	GC2	2.4	2.4.13	PASS
SRR14852391	GC2	2.4	2.4.13	GC2	2.4	2.4.13	PASS
SRR14852364	GC2	2.4	2.4.13	GC2	2.4	2.4.13	PASS
SRR14852487	GC2	2.4	2.4.13	GC2	2.4	2.4.13	PASS
SRR14852385	GC2	2.4	2.4.13	GC2	2.4	2.4.13	PASS
SRR11248277	GC2	2.4	2.4.13	GC2	2.4	2.4.13	PASS
SRR11248267	GC2	2.4	2.4.13	GC2	2.4	2.4.13	PASS
SRR11248268	GC2	2.4	2.4.13	GC2	2.4	2.4.13	PASS
SRR11248266	GC2	2.4	2.4.13	GC2	2.4	2.4.13	PASS
SRR11248272	GC2	2.4	2.4.13	GC2	2.4	2.4.13	PASS
SRR11248255	GC2	2.4	2.4.13	GC2	2.4	2.4.13	PASS
SRR11248269	GC2	2.4	2.4.13	GC2	2.4	2.4.13	PASS
SRR11248293	GC2	2.4	2.4.13	GC2	2.4	2.4.13	PASS
SRR11248290	GC2	2.4	2.4.13	GC2	2.4	2.4.13	PASS
SRR11248294	GC2	2.4	2.4.13	GC2	2.4	2.4.13	PASS
GCF_000804985	GC2	2.4	2.4.13	GC2	2.4	2.4.13	PASS
GCF_017098205	GC2	2.4	2.4.13	GC2	2.4	2.4.13	PASS
GCF_014559925	GC2	2.4	2.4.13	GC2	2.4	2.4.13	PASS
GCF_014560235	GC2	2.4	2.4.13	GC2	2.4	2.4.13	PASS
GCF_000805225	GC2	2.4	2.4.13	GC2	2.4	2.4.13	PASS
GCF_001861385	GC2	2.4	2.4.13	GC2	2.4	2.4.13	PASS
SRR3381531	GC2	2.4	2.4.13	GC2	2.4	2.4.13	PASS
GCF_001861435	GC2	2.4	2.4.13	GC2	2.4	2.4.13	PASS
SRR3381532	GC2	2.4	2.4.13	GC2	2.4	2.4.13	PASS
GCF_006367805	GC2	2.4	2.4.13	GC2	2.4	2.4.13	PASS
GCF_002277355	GC2	2.4	2.4.13	GC2	2.4	2.4.13	PASS
GCF_002277585	GC2	2.4	2.4.13	GC2	2.4	2.4.13	PASS
GCF_002277385	GC2	2.4	2.4.13	GC2	2.4	2.4.13	PASS
GCF_002277225	GC2	2.4	2.4.13	GC2	2.4	2.4.13	PASS
GCF_002277175	GC2	2.4	2.4.13	GC2	2.4	2.4.13	PASS
GCF_002277185	GC2	2.4	2.4.13	GC2	2.4	2.4.13	PASS
GCF_002277655	GC2	2.4	2.4.13	GC2	2.4	2.4.13	PASS
GCF_002277675	GC2	2.4	2.4.13	GC2	2.4	2.4.13	PASS
GCF_002277365	GC2	2.4	2.4.13	GC2	2.4	2.4.13	PASS
GCF_002277715	GC2	2.4	2.4.13	GC2	2.4	2.4.13	PASS
GCF_002277275	GC2	2.4	2.4.13	GC2	2.4	2.4.13	PASS
GCF_002277505	GC2	2.4	2.4.13	GC2	2.4	2.4.13	PASS
GCF_002277635	GC2	2.4	2.4.13	GC2	2.4	2.4.13	PASS
GCF_002277285	GC2	2.4	2.4.13	GC2	2.4	2.4.13	PASS
GCF_002277405	GC2	2.4	2.4.13	GC2	2.4	2.4.13	PASS
GCF_002277215	GC2	2.4	2.4.13	GC2	2.4	2.4.13	PASS
GCF_002277445	GC2	2.4	2.4.13	GC2	2.4	2.4.13	PASS
GCF_002277435	GC2	2.4	2.4.13	GC2	2.4	2.4.13	PASS
SRR8606683	GC2	2.4	2.4.13	GC2	2.4	2.4.13	PASS
SRR14862545	GC2	2.4	2.4.13	GC2	2.4	2.4.13	PASS
SRR14852119	GC2	2.4	2.4.13	GC2	2.4	2.4.13	PASS
SRR14862578	GC2	2.4	2.4.13	GC2	2.4	2.4.13	PASS
SRR14852150	GC2	2.4	2.4.13	GC2	2.4	2.4.13	PASS
SRR14862612	GC2	2.4	2.4.13	GC2	2.4	2.4.13	PASS
SRR14862504	GC2	2.4	2.4.13	GC2	2.4	2.4.13	PASS
SRR14852360	GC2	2.4	2.4.13	GC2	2.4	2.4.13	PASS
SRR14852123	GC2	2.4	2.4.13	GC2	2.4	2.4.13	PASS
SRR14852134	GC2	2.4	2.4.13	GC2	2.4	2.4.13	PASS
SRR14852488	GC2	2.4	2.4.13	GC2	2.4	2.4.13	PASS
SRR14852434	GC2	2.4	2.4.13	GC2	2.4	2.4.13	PASS
SRR14852432	GC2	2.4	2.4.13	GC2	2.4	2.4.13	PASS
SRR14852452	GC2	2.4	2.4.13	GC2	2.4	2.4.13	PASS
SRR14852435	GC2	2.4	2.4.13	GC2	2.4	2.4.13	PASS
SRR14852433	GC2	2.4	2.4.13	GC2	2.4	2.4.13	PASS
SRR14852477	GC2	2.4	2.4.13	GC2	2.4	2.4.13	PASS
SRR14852480	GC2	2.4	2.4.13	GC2	2.4	2.4.13	PASS
SRR14852478	GC2	2.4	2.4.13	GC2	2.4	2.4.13	PASS
SRR14852411	GC2	2.4	2.4.13	GC2	2.4	2.4.13	PASS
SRR14852489	GC2	2.4	2.4.13	GC2	2.4	2.4.13	PASS
SRR14862553	GC2	2.4	2.4.13	GC2	2.4	2.4.13	PASS
SRR14852117	GC2	2.4	2.4.13	GC2	2.4	2.4.13	PASS
SRR14862543	GC2	2.4	2.4.13	GC2	2.4	2.4.13	PASS
SRR14852446	GC2	2.4	2.4.13	GC2	2.4	2.4.13	PASS
SRR14852287	GC2	2.4	2.4.13	GC2	2.4	2.4.13	PASS
SRR14852217	GC2	2.4	2.4.13	GC2	2.4	2.4.13	PASS
SRR14862526	GC2	2.4	2.4.13	GC2	2.4	2.4.13	PASS
SRR14852340	GC2	2.4	2.4.13	GC2	2.4	2.4.13	PASS
SRR14852380	GC2	2.4	2.4.13	GC2	2.4	2.4.13	PASS
SRR14862579	GC2	2.4	2.4.13	GC2	2.4	2.4.13	PASS
SRR14852256	GC2	2.4	2.4.13	GC2	2.4	2.4.13	PASS
SRR14852372	GC2	2.4	2.4.13	GC2	2.4	2.4.13	PASS
SRR14852337	GC2	2.4	2.4.13	GC2	2.4	2.4.13	PASS
SRR14862564	GC2	2.4	2.4.13	GC2	2.4	2.4.13	PASS
SRR14852177	GC2	2.4	2.4.13	GC2	2.4	2.4.13	PASS
SRR14852393	GC2	2.4	2.4.13	GC2	2.4	2.4.13	PASS
SRR14852394	GC2	2.4	2.4.13	GC2	2.4	2.4.13	PASS
SRR14852373	GC2	2.4	2.4.13	GC2	2.4	2.4.13	PASS
SRR14862510	GC2	2.4	2.4.13	GC2	2.4	2.4.13	PASS
SRR14852318	GC2	2.4	2.4.13	GC2	2.4	2.4.13	PASS
SRR14852341	GC2	2.4	2.4.13	GC2	2.4	2.4.13	PASS
SRR14852355	GC2	2.4	2.4.13	GC2	2.4	2.4.13	PASS
SRR14852415	GC2	2.4	2.4.13	GC2	2.4	2.4.13	PASS
SRR14852445	GC2	2.4	2.4.13	GC2	2.4	2.4.13	PASS
SRR14852346	GC2	2.4	2.4.13	GC2	2.4	2.4.13	PASS
SRR14852456	GC2	2.4	2.4.13	GC2	2.4	2.4.13	PASS
SRR14852320	GC2	2.4	2.4.13	GC2	2.4	2.4.13	PASS
SRR14852347	GC2	2.4	2.4.13	GC2	2.4	2.4.13	PASS
SRR14852343	GC2	2.4	2.4.13	GC2	2.4	2.4.13	PASS
SRR14852120	GC2	2.4	2.4.13	GC2	2.4	2.4.13	PASS
SRR14852253	GC2	2.4	2.4.13	GC2	2.4	2.4.13	PASS
SRR14862556	GC2	2.4	2.4.13	GC2	2.4	2.4.13	PASS
SRR14852317	GC2	2.4	2.4.13	GC2	2.4	2.4.13	PASS
SRR14852315	GC2	2.4	2.4.13	GC2	2.4	2.4.13	PASS
SRR14862522	GC2	2.4	2.4.13	GC2	2.4	2.4.13	PASS
SRR14852305	GC2	2.4	2.4.13	GC2	2.4	2.4.13	PASS
SRR14852176	GC2	2.4	2.4.13	GC2	2.4	2.4.13	PASS
SRR14852379	GC2	2.4	2.4.13	GC2	2.4	2.4.13	PASS
SRR14852354	GC2	2.4	2.4.13	GC2	2.4	2.4.13	PASS
SRR14852313	GC2	2.4	2.4.13	GC2	2.4	2.4.13	PASS
SRR14852245	GC2	2.4	2.4.13	GC2	2.4	2.4.13	PASS
SRR14852416	GC2	2.4	2.4.13	GC2	2.4	2.4.13	PASS
SRR14862532	GC2	2.4	2.4.13	GC2	2.4	2.4.13	PASS
SRR14852418	GC2	2.4	2.4.13	GC2	2.4	2.4.13	PASS
SRR14852234	GC2	2.4	2.4.13	GC2	2.4	2.4.13	PASS
SRR14862523	GC2	2.4	2.4.13	GC2	2.4	2.4.13	PASS
SRR14862520	GC2	2.4	2.4.13	GC2	2.4	2.4.13	PASS
SRR14852289	GC2	2.4	2.4.13	GC2	2.4	2.4.13	PASS
SRR14852348	GC2	2.4	2.4.13	GC2	2.4	2.4.13	PASS
SRR14852338	GC2	2.4	2.4.13	GC2	2.4	2.4.13	PASS
SRR14852339	GC2	2.4	2.4.13	GC2	2.4	2.4.13	PASS
SRR14852216	GC2	2.4	2.4.13	GC2	2.4	2.4.13	PASS
SRR14852267	GC2	2.4	2.4.13	GC2	2.4	2.4.13	PASS
SRR14852344	GC2	2.4	2.4.13	GC2	2.4	2.4.13	PASS
SRR14852467	GC2	2.4	2.4.13	GC2	2.4	2.4.13	PASS
SRR14862569	GC2	2.4	2.4.13	GC2	2.4	2.4.13	PASS
SRR14852312	GC2	2.4	2.4.13	GC2	2.4	2.4.13	PASS
SRR14852423	GC2	2.4	2.4.13	GC2	2.4	2.4.13	PASS
SRR14852371	GC2	2.4	2.4.13	GC2	2.4	2.4.13	PASS
SRR14862501	GC2	2.4	2.4.13	GC2	2.4	2.4.13	PASS
SRR14852319	GC2	2.4	2.4.13	GC2	2.4	2.4.13	PASS
SRR14852342	GC2	2.4	2.4.13	GC2	2.4	2.4.13	PASS
SRR14862547	GC2	2.4	2.4.13	GC2	2.4	2.4.13	PASS
SRR14852118	GC2	2.4	2.4.13	GC2	2.4	2.4.13	PASS
SRR14852454	GC2	2.4	2.4.13	GC2	2.4	2.4.13	PASS
GCF_001863615	GC2	2.4	2.4.13	GC2	2.4	2.4.13	PASS
SRR3381511	GC2	2.4	2.4.13	GC2	2.4	2.4.13	PASS
GCF_014561075	GC2	2.4	2.4.13	GC2	2.4	2.4.13	PASS
GCF_014561095	GC2	2.4	2.4.13	GC2	2.4	2.4.13	PASS
GCF_014561085	GC2	2.4	2.4.13	GC2	2.4	2.4.13	PASS
GCF_014561135	GC2	2.4	2.4.13	GC2	2.4	2.4.13	PASS
GCF_011683565	GC2	2.4	2.4.13	GC2	2.4	2.4.13	PASS
GCF_011683555	GC2	2.4	2.4.13	GC2	2.4	2.4.13	PASS
GCF_011683655	GC2	2.4	2.4.13	GC2	2.4	2.4.13	PASS
GCF_011683625	GC2	2.4	2.4.13	GC2	2.4	2.4.13	PASS
GCF_011683665	GC2	2.4	2.4.13	GC2	2.4	2.4.13	PASS
SRR14852143	GC2	2.4	2.4.13	GC2	2.4	2.4.13	PASS
SRR14862586	GC2	2.4	2.4.13	GC2	2.4	2.4.13	PASS
GCF_001862555	GC2	2.4	2.4.13	GC2	2.4	2.4.13	PASS
GCF_001861785	GC2	2.4	2.4.13	GC2	2.4	2.4.13	PASS
SRR3381368	GC2	2.4	2.4.13	GC2	2.4	2.4.13	PASS
SRR3381416	GC2	2.4	2.4.13	GC2	2.4	2.4.13	PASS
SRR5739061	GC2	2.4	2.4.13	GC2	2.4	2.4.13	PASS
SRR5739118	GC2	2.4	2.4.13	GC2	2.4	2.4.13	PASS
GCF_004209715	GC2	2.4	2.4.13	GC2	2.4	2.4.13	PASS
GCF_004378395	GC2	2.4	2.4.13	GC2	2.4	2.4.13	PASS
GCF_004378505	GC2	2.4	2.4.13	GC2	2.4	2.4.13	PASS
GCF_000804805	GC2	2.4	2.4.13	GC2	2.4	2.4.13	PASS
GCF_000804875	GC2	2.4	2.4.13	GC2	2.4	2.4.13	PASS
SRR11589252	GC2	2.4	2.4.13	GC2	2.4	2.4.13	PASS
SRR11589256	GC2	2.4	2.4.13	GC2	2.4	2.4.13	PASS
SRR11589255	GC2	2.4	2.4.13	GC2	2.4	2.4.13	PASS
SRR11589249	GC2	2.4	2.4.13	GC2	2.4	2.4.13	PASS
SRR11589257	GC2	2.4	2.4.13	GC2	2.4	2.4.13	PASS
GCF_000804825	GC2	2.4	2.4.13	GC2	2.4	2.4.13	PASS
GCF_000805275	GC2	2.4	2.4.13	GC2	2.4	2.4.13	PASS
GCF_000805305	GC2	2.4	2.4.13	GC2	2.4	2.4.13	PASS
GCF_001887305	GC2	2.4	2.4.13	GC2	2.4	2.4.13	PASS
GCF_001863315	GC2	2.4	2.4.13	GC2	2.4	2.4.13	PASS
SRR3381434	GC2	2.4	2.4.13	GC2	2.4	2.4.13	PASS
GCF_013618785	GC2	2.4	2.4.13	GC2	2.4	2.4.13	PASS
GCF_013618835	GC2	2.4	2.4.13	GC2	2.4	2.4.13	PASS
GCF_013618855	GC2	2.4	2.4.13	GC2	2.4	2.4.13	PASS
GCF_013618775	GC2	2.4	2.4.13	GC2	2.4	2.4.13	PASS
GCF_013618815	GC2	2.4	2.4.13	GC2	2.4	2.4.13	PASS
GCF_014559955	GC2	2.4	2.4.13	GC2	2.4	2.4.13	PASS
GCF_014559965	GC2	2.4	2.4.13	GC2	2.4	2.4.13	PASS
SRR16200919	GC2	2.4	2.4.13	GC2	2.4	2.4.13	PASS
SRR14613509	GC2	2.4	2.4.13	GC2	2.4	2.4.13	PASS
SRR14616012	GC2	2.4	2.4.13	GC2	2.4	2.4.13	PASS
SRR16610137	GC2	2.4	2.4.13	GC2	2.4	2.4.13	PASS
SRR16610177	GC2	2.4	2.4.13	GC2	2.4	2.4.13	PASS
SRR16492556	GC2	2.4	2.4.13	GC2	2.4	2.4.13	PASS
SRR18170984	GC2	2.4	2.4.13	GC2	2.4	2.4.13	PASS
SRR17696412	GC2	2.4	2.4.13	GC2	2.4	2.4.13	PASS
SRR17843224	GC2	2.4	2.4.13	GC2	2.4	2.4.13	PASS
SRR11521738	GC2	2.4	2.4.13	GC2	2.4	2.4.13	PASS
SRR16212280	GC2	2.4	2.4.13	GC2	2.4	2.4.13	PASS
SRR13618089	GC2	2.4	2.4.13	GC2	2.4	2.4.13	PASS
SRR14198917	GC2	2.4	2.4.13	GC2	2.4	2.4.13	PASS
SRR16212283	GC2	2.4	2.4.13	GC2	2.4	2.4.13	PASS
SRR15060459	GC2	2.4	2.4.13	GC2	2.4	2.4.13	PASS
SRR14311552	GC2	2.4	2.4.13	GC2	2.4	2.4.13	PASS
SRR14616020	GC2	2.4	2.4.13	GC2	2.4	2.4.13	PASS
SRR14701497	GC2	2.4	2.4.13	GC2	2.4	2.4.13	PASS
SRR15060460	GC2	2.4	2.4.13	GC2	2.4	2.4.13	PASS
SRR17157381	GC2	2.4	2.4.13	GC2	2.4	2.4.13	PASS
SRR14198918	GC2	2.4	2.4.13	GC2	2.4	2.4.13	PASS
SRR17657430	GC2	2.4	2.4.13	GC2	2.4	2.4.13	PASS
SRR16212282	GC2	2.4	2.4.13	GC2	2.4	2.4.13	PASS
ERR4436616	GC2	2.4	2.4.11	GC2	2.4	2.4.11	PASS
GCF_003352605	GC2	2.4	2.4.11	GC2	2.4	2.4.11	PASS
GCF_000302575	GC2	2.4	2.4.11	GC2	2.4	2.4.11	PASS
GCF_000770815	GC2	2.4	2.4.11	GC2	2.4	2.4.11	PASS
GCF_000770865	GC2	2.4	2.4.11	GC2	2.4	2.4.11	PASS
GCF_003352725	GC2	2.4	2.4.11	GC2	2.4	2.4.11	PASS
GCF_003352595	GC2	2.4	2.4.11	GC2	2.4	2.4.11	PASS
GCF_003352685	GC2	2.4	2.4.11	GC2	2.4	2.4.11	PASS
SRR17250653	GC2	2.4	2.4.11	GC2	2.4	2.4.11	PASS
GCF_000419425	GC2	2.4	2.4.11	GC2	2.4	2.4.11	PASS
GCF_000787215	GC2	2.4	2.4.11	GC2	2.4	2.4.11	PASS
GCF_000804635	GC2	2.4	2.4.11	GC2	2.4	2.4.11	PASS
GCF_014560585	GC2	2.4	2.4.11	GC2	2.4	2.4.11	PASS
GCF_014561005	GC2	2.4	2.4.11	GC2	2.4	2.4.11	PASS
GCF_003356905	GC2	2.4	2.4.11	GC2	2.4	2.4.11	PASS
GCF_003356875	GC2	2.4	2.4.11	GC2	2.4	2.4.11	PASS
GCF_003356865	GC2	2.4	2.4.11	GC2	2.4	2.4.11	PASS
GCF_003356815	GC2	2.4	2.4.11	GC2	2.4	2.4.11	PASS
GCF_003356705	GC2	2.4	2.4.11	GC2	2.4	2.4.11	PASS
GCF_003356785	GC2	2.4	2.4.11	GC2	2.4	2.4.11	PASS
GCF_003356725	GC2	2.4	2.4.11	GC2	2.4	2.4.11	PASS
GCF_003356765	GC2	2.4	2.4.11	GC2	2.4	2.4.11	PASS
GCF_003356745	GC2	2.4	2.4.11	GC2	2.4	2.4.11	PASS
GCF_003356795	GC2	2.4	2.4.11	GC2	2.4	2.4.11	PASS
GCF_003356845	GC2	2.4	2.4.11	GC2	2.4	2.4.11	PASS
GCF_003356925	GC2	2.4	2.4.11	GC2	2.4	2.4.11	PASS
GCF_017098225	GC2	2.4	2.4.11	GC2	2.4	2.4.11	PASS
ERR4436603	GC2	2.4	2.4.16	NA	NA	NA	UNRESOLVED
GCF_019968975	GC2	2.4	2.4.16	GC2	2.4	2.4.16	PASS
GCF_900496155	GC2	2.4	2.4.16	GC2	2.4	2.4.16	PASS
GCF_900496475	GC2	2.4	2.4.16	GC2	2.4	2.4.16	PASS
GCF_900494875	GC2	2.4	2.4.16	GC2	2.4	2.4.16	PASS
GCF_900496175	GC2	2.4	2.4.16	GC2	2.4	2.4.16	PASS
GCF_900496365	GC2	2.4	2.4.16	GC2	2.4	2.4.16	PASS
GCF_900496605	GC2	2.4	2.4.16	GC2	2.4	2.4.16	PASS
SRR11589279	GC2	2.4	2.4.16	GC2	2.4	2.4.16	PASS
SRR11589282	GC2	2.4	2.4.16	GC2	2.4	2.4.16	PASS
ERR246906	GC2	2.4	2.4.16	GC2	2.4	2.4.16	PASS
SRR11248300	GC2	2.4	2.4.16	GC2	2.4	2.4.16	PASS
ERR3653712	GC2	2.4	2.4.16	GC2	2.4	2.4.16	PASS
ERR246961	GC2	2.4	2.4.16	GC2	2.4	2.4.16	PASS
ERR3653693	GC2	2.4	2.4.16	GC2	2.4	2.4.16	PASS
ERR3653687	GC2	2.4	2.4.16	GC2	2.4	2.4.16	PASS
ERR246909	GC2	2.4	2.4.16	GC2	2.4	2.4.16	PASS
ERR246917	GC2	2.4	2.4.16	GC2	2.4	2.4.16	PASS
GCF_000969295	GC2	2.4	2.4.16	GC2	2.4	2.4.16	PASS
ERR246949	GC2	2.4	2.4.16	GC2	2.4	2.4.16	PASS
GCF_020255285	GC2	2.4	2.4.16	GC2	2.4	2.4.16	PASS
DRR039871	GC2	2.4	2.4.16	GC2	2.4	2.4.16	PASS
ERR3653688	GC2	2.4	2.4.16	GC2	2.4	2.4.16	PASS
ERR3653713	GC2	2.4	2.4.16	GC2	2.4	2.4.16	PASS
GCF_001640075	GC2	2.4	2.4.16	GC2	2.4	2.4.16	PASS
ERR246893	GC2	2.4	2.4.16	GC2	2.4	2.4.16	PASS
ERR246963	GC2	2.4	2.4.16	GC2	2.4	2.4.16	PASS
ERR246962	GC2	2.4	2.4.16	GC2	2.4	2.4.16	PASS
GCF_003020325	GC2	2.4	2.4.16	GC2	2.4	2.4.16	PASS
ERR3653706	GC2	2.4	2.4.16	GC2	2.4	2.4.16	PASS
ERR3653718	GC2	2.4	2.4.16	GC2	2.4	2.4.16	PASS
ERR3653729	GC2	2.4	2.4.16	GC2	2.4	2.4.16	PASS
ERR246901	GC2	2.4	2.4.16	GC2	2.4	2.4.16	PASS
ERR246965	GC2	2.4	2.4.16	GC2	2.4	2.4.16	PASS
ERR3653755	GC2	2.4	2.4.16	GC2	2.4	2.4.16	PASS
ERR3653730	GC2	2.4	2.4.16	GC2	2.4	2.4.16	PASS
GCF_900118065	GC2	2.4	2.4.16	GC2	2.4	2.4.16	PASS
GCF_900118155	GC2	2.4	2.4.16	GC2	2.4	2.4.16	PASS
ERR3653699	GC2	2.4	2.4.16	GC2	2.4	2.4.16	PASS
ERR3653728	GC2	2.4	2.4.16	GC2	2.4	2.4.16	PASS
ERR246907	GC2	2.4	2.4.16	GC2	2.4	2.4.16	PASS
ERR246940	GC2	2.4	2.4.16	GC2	2.4	2.4.16	PASS
ERR3653695	GC2	2.4	2.4.16	GC2	2.4	2.4.16	PASS
ERR246956	GC2	2.4	2.4.16	GC2	2.4	2.4.16	PASS
ERR3653719	GC2	2.4	2.4.16	GC2	2.4	2.4.16	PASS
ERR3653758	GC2	2.4	2.4.16	GC2	2.4	2.4.16	PASS
ERR3653781	GC2	2.4	2.4.16	GC2	2.4	2.4.16	PASS
ERR246930	GC2	2.4	2.4.16	GC2	2.4	2.4.16	PASS
ERR246951	GC2	2.4	2.4.16	GC2	2.4	2.4.16	PASS
ERR246890	GC2	2.4	2.4.16	GC2	2.4	2.4.16	PASS
ERR246874	GC2	2.4	2.4.16	GC2	2.4	2.4.16	PASS
ERR246882	GC2	2.4	2.4.16	GC2	2.4	2.4.16	PASS
ERR246938	GC2	2.4	2.4.16	GC2	2.4	2.4.16	PASS
GCF_003020265	GC2	2.4	2.4.16	GC2	2.4	2.4.16	PASS
GCF_003020575	GC2	2.4	2.4.16	GC2	2.4	2.4.16	PASS
SRR11589175	GC2	2.4	2.4.16	GC2	2.4	2.4.16	PASS
ERR193648	GC2	2.4	2.4.16	GC2	2.4	2.4.16	PASS
ERR698913	GC2	2.4	2.4.16	GC2	2.4	2.4.16	PASS
ERR5386382	GC2	2.4	2.4.16	GC2	2.4	2.4.16	PASS
GCF_000248275	GC2	2.4	2.4.16	GC2	2.4	2.4.16	PASS
SRR11589153	GC2	2.4	2.4.16	GC2	2.4	2.4.16	PASS
ERR1227297	GC2	2.4	2.4.16	GC2	2.4	2.4.16	PASS
ERR1227277	GC2	2.4	2.4.16	GC2	2.4	2.4.16	PASS
ERR1227243	GC2	2.4	2.4.16	GC2	2.4	2.4.16	PASS
ERR1227276	GC2	2.4	2.4.16	GC2	2.4	2.4.16	PASS
SRR11589161	GC2	2.4	2.4.16	GC2	2.4	2.4.16	PASS
ERR2711660	GC2	2.4	2.4.16	GC2	2.4	2.4.16	PASS
SRR12889306	GC2	2.4	2.4.16	GC2	2.4	2.4.16	PASS
SRR12889324	GC2	2.4	2.4.16	GC2	2.4	2.4.16	PASS
SRR12889326	GC2	2.4	2.4.16	GC2	2.4	2.4.16	PASS
SRR12889308	GC2	2.4	2.4.16	GC2	2.4	2.4.16	PASS
SRR12889309	GC2	2.4	2.4.16	GC2	2.4	2.4.16	PASS
SRR12889316	GC2	2.4	2.4.16	GC2	2.4	2.4.16	PASS
GCF_018443095	GC2	2.4	2.4.16	GC2	2.4	2.4.16	PASS
GCF_018445075	GC2	2.4	2.4.16	GC2	2.4	2.4.16	PASS
SRR2075897	GC2	2.4	2.4.16	GC2	2.4	2.4.16	PASS
SRR11589145	GC2	2.4	2.4.16	GC2	2.4	2.4.16	PASS
GCF_005819515	GC2	2.4	2.4.16	GC2	2.4	2.4.16	PASS
GCF_006369755	GC2	2.4	2.4.16	GC2	2.4	2.4.16	PASS
ERR2712381	GC2	2.4	2.4.16	GC2	2.4	2.4.16	PASS
GCF_018789655	GC2	2.4	2.4.16	GC2	2.4	2.4.16	PASS
GCF_006493755	GC2	2.4	2.4.16	GC2	2.4	2.4.16	PASS
GCF_016903215	GC2	2.4	2.4.16	GC2	2.4	2.4.16	PASS
SRR11589130	GC2	2.4	2.4.16	GC2	2.4	2.4.16	PASS
SRR11589131	GC2	2.4	2.4.16	GC2	2.4	2.4.16	PASS
SRR16508429	GC2	2.4	2.4.16	GC2	2.4	2.4.16	PASS
GCF_904884605	GC2	2.4	2.4.16	GC2	2.4	2.4.16	PASS
SRR11589162	GC2	2.4	2.4.16	GC2	2.4	2.4.16	PASS
SRR11589176	GC2	2.4	2.4.16	GC2	2.4	2.4.16	PASS
ERR2712189	GC2	2.4	2.4.16	GC2	2.4	2.4.16	PASS
ERR2452006	GC2	2.4	2.4.16	GC2	2.4	2.4.16	PASS
SRR6513789	GC2	2.4	2.4.16	GC2	2.4	2.4.16	PASS
SRR11589152	GC2	2.4	2.4.16	GC2	2.4	2.4.16	PASS
ERR2711682	GC2	2.4	2.4.16	GC2	2.4	2.4.16	PASS
SRR5739027	GC2	2.4	2.4.16	GC2	2.4	2.4.16	PASS
GCF_014893705	GC2	2.4	2.4.16	GC2	2.4	2.4.16	PASS
GCF_014893765	GC2	2.4	2.4.16	GC2	2.4	2.4.16	PASS
ERR2712329	GC2	2.4	2.4.16	GC2	2.4	2.4.16	PASS
GCF_014893695	GC2	2.4	2.4.16	GC2	2.4	2.4.16	PASS
ERR5928247	GC2	2.4	2.4.16	GC2	2.4	2.4.16	PASS
ERR2455362	GC2	2.4	2.4.16	GC2	2.4	2.4.16	PASS
ERR2451963	GC2	2.4	2.4.16	GC2	2.4	2.4.16	PASS
ERR2455418	GC2	2.4	2.4.16	GC2	2.4	2.4.16	PASS
SRR6513740	GC2	2.4	2.4.16	GC2	2.4	2.4.16	PASS
SRR6513732	GC2	2.4	2.4.16	GC2	2.4	2.4.16	PASS
ERR2455373	GC2	2.4	2.4.16	GC2	2.4	2.4.16	PASS
ERR2451962	GC2	2.4	2.4.16	GC2	2.4	2.4.16	PASS
ERR2455417	GC2	2.4	2.4.16	GC2	2.4	2.4.16	PASS
SRR11589163	GC2	2.4	2.4.16	GC2	2.4	2.4.16	PASS
GCF_014893725	GC2	2.4	2.4.16	GC2	2.4	2.4.16	PASS
ERR2711663	GC2	2.4	2.4.16	GC2	2.4	2.4.16	PASS
ERR2712396	GC2	2.4	2.4.16	GC2	2.4	2.4.16	PASS
SRR11589172	GC2	2.4	2.4.16	GC2	2.4	2.4.16	PASS
GCF_000189655	GC2	2.4	2.4.16	GC2	2.4	2.4.16	PASS
ERR474008	GC2	2.4	2.4.16	GC2	2.4	2.4.16	PASS
ERR2711815	GC2	2.4	2.4.16	GC2	2.4	2.4.16	PASS
SRR4417577	GC2	2.4	2.4.16	GC2	2.4	2.4.16	PASS
ERR486689	GC2	2.4	2.4.16	GC2	2.4	2.4.16	PASS
SRR1971036	GC2	2.4	2.4.16	GC2	2.4	2.4.16	PASS
GCF_001618125	GC2	2.4	2.4.16	GC2	2.4	2.4.16	PASS
SRR1988064	GC2	2.4	2.4.16	GC2	2.4	2.4.16	PASS
SRR1988133	GC2	2.4	2.4.16	GC2	2.4	2.4.16	PASS
SRR1971271	GC2	2.4	2.4.16	GC2	2.4	2.4.16	PASS
SRR1970920	GC2	2.4	2.4.16	GC2	2.4	2.4.16	PASS
SRR1970923	GC2	2.4	2.4.16	GC2	2.4	2.4.16	PASS
SRR1988165	GC2	2.4	2.4.16	GC2	2.4	2.4.16	PASS
SRR1988154	GC2	2.4	2.4.16	GC2	2.4	2.4.16	PASS
SRR1988158	GC2	2.4	2.4.16	GC2	2.4	2.4.16	PASS
SRR1988124	GC2	2.4	2.4.16	GC2	2.4	2.4.16	PASS
SRR1970884	GC2	2.4	2.4.16	GC2	2.4	2.4.16	PASS
SRR1970887	GC2	2.4	2.4.16	GC2	2.4	2.4.16	PASS
SRR1964822	GC2	2.4	2.4.16	GC2	2.4	2.4.16	PASS
SRR1970890	GC2	2.4	2.4.16	GC2	2.4	2.4.16	PASS
SRR1964909	GC2	2.4	2.4.16	GC2	2.4	2.4.16	PASS
SRR1984523	GC2	2.4	2.4.16	GC2	2.4	2.4.16	PASS
SRR1970914	GC2	2.4	2.4.16	GC2	2.4	2.4.16	PASS
SRR1984524	GC2	2.4	2.4.16	GC2	2.4	2.4.16	PASS
SRR1988067	GC2	2.4	2.4.16	GC2	2.4	2.4.16	PASS
SRR1970921	GC2	2.4	2.4.16	GC2	2.4	2.4.16	PASS
SRR1988147	GC2	2.4	2.4.16	GC2	2.4	2.4.16	PASS
SRR1970882	GC2	2.4	2.4.16	GC2	2.4	2.4.16	PASS
SRR1988151	GC2	2.4	2.4.16	GC2	2.4	2.4.16	PASS
SRR1988066	GC2	2.4	2.4.16	GC2	2.4	2.4.16	PASS
SRR1988155	GC2	2.4	2.4.16	GC2	2.4	2.4.16	PASS
SRR1984503	GC2	2.4	2.4.16	GC2	2.4	2.4.16	PASS
SRR1988126	GC2	2.4	2.4.16	GC2	2.4	2.4.16	PASS
SRR1988129	GC2	2.4	2.4.16	GC2	2.4	2.4.16	PASS
SRR1988132	GC2	2.4	2.4.16	GC2	2.4	2.4.16	PASS
SRR1988137	GC2	2.4	2.4.16	GC2	2.4	2.4.16	PASS
SRR1988135	GC2	2.4	2.4.16	GC2	2.4	2.4.16	PASS
SRR1988156	GC2	2.4	2.4.16	GC2	2.4	2.4.16	PASS
SRR1970922	GC2	2.4	2.4.16	GC2	2.4	2.4.16	PASS
SRR1988161	GC2	2.4	2.4.16	GC2	2.4	2.4.16	PASS
SRR1988068	GC2	2.4	2.4.16	GC2	2.4	2.4.16	PASS
SRR1988166	GC2	2.4	2.4.16	GC2	2.4	2.4.16	PASS
SRR1964907	GC2	2.4	2.4.16	GC2	2.4	2.4.16	PASS
SRR1988160	GC2	2.4	2.4.16	GC2	2.4	2.4.16	PASS
SRR1971035	GC2	2.4	2.4.16	GC2	2.4	2.4.16	PASS
SRR1988072	GC2	2.4	2.4.16	GC2	2.4	2.4.16	PASS
SRR1988150	GC2	2.4	2.4.16	GC2	2.4	2.4.16	PASS
SRR1988157	GC2	2.4	2.4.16	GC2	2.4	2.4.16	PASS
SRR1988153	GC2	2.4	2.4.16	GC2	2.4	2.4.16	PASS
SRR1988138	GC2	2.4	2.4.16	GC2	2.4	2.4.16	PASS
SRR1988144	GC2	2.4	2.4.16	GC2	2.4	2.4.16	PASS
SRR1988148	GC2	2.4	2.4.16	GC2	2.4	2.4.16	PASS
SRR1988162	GC2	2.4	2.4.16	GC2	2.4	2.4.16	PASS
SRR1988146	GC2	2.4	2.4.16	GC2	2.4	2.4.16	PASS
SRR1988163	GC2	2.4	2.4.16	GC2	2.4	2.4.16	PASS
SRR1964908	GC2	2.4	2.4.16	GC2	2.4	2.4.16	PASS
SRR1988142	GC2	2.4	2.4.16	GC2	2.4	2.4.16	PASS
SRR1988159	GC2	2.4	2.4.16	GC2	2.4	2.4.16	PASS
SRR1970894	GC2	2.4	2.4.16	GC2	2.4	2.4.16	PASS
SRR1970919	GC2	2.4	2.4.16	GC2	2.4	2.4.16	PASS
SRR1971275	GC2	2.4	2.4.16	GC2	2.4	2.4.16	PASS
SRR1988164	GC2	2.4	2.4.16	GC2	2.4	2.4.16	PASS
SRR1988167	GC2	2.4	2.4.16	GC2	2.4	2.4.16	PASS
SRR1988145	GC2	2.4	2.4.16	GC2	2.4	2.4.16	PASS
SRR1988127	GC2	2.4	2.4.16	GC2	2.4	2.4.16	PASS
SRR1988128	GC2	2.4	2.4.16	GC2	2.4	2.4.16	PASS
SRR1988130	GC2	2.4	2.4.16	GC2	2.4	2.4.16	PASS
SRR1988140	GC2	2.4	2.4.16	GC2	2.4	2.4.16	PASS
SRR1988143	GC2	2.4	2.4.16	GC2	2.4	2.4.16	PASS
SRR1988139	GC2	2.4	2.4.16	GC2	2.4	2.4.16	PASS
SRR1988152	GC2	2.4	2.4.16	GC2	2.4	2.4.16	PASS
SRR1988149	GC2	2.4	2.4.16	GC2	2.4	2.4.16	PASS
SRR1964885	GC2	2.4	2.4.16	GC2	2.4	2.4.16	PASS
SRR1988131	GC2	2.4	2.4.16	GC2	2.4	2.4.16	PASS
SRR11589192	GC2	2.4	2.4.16	GC2	2.4	2.4.16	PASS
GCF_900444795	GC2	2.4	2.4.16	GC2	2.4	2.4.16	PASS
ERR246955	GC2	2.4	2.4.16	GC2	2.4	2.4.16	PASS
ERR246878	GC2	2.4	2.4.16	GC2	2.4	2.4.16	PASS
ERR246884	GC2	2.4	2.4.16	GC2	2.4	2.4.16	PASS
ERR3653691	GC2	2.4	2.4.16	GC2	2.4	2.4.16	PASS
ERR3653696	GC2	2.4	2.4.16	GC2	2.4	2.4.16	PASS
ERR3653771	GC2	2.4	2.4.16	GC2	2.4	2.4.16	PASS
GCF_000969465	GC2	2.4	2.4.16	GC2	2.4	2.4.16	PASS
GCF_000969365	GC2	2.4	2.4.16	GC2	2.4	2.4.16	PASS
GCF_900118045	GC2	2.4	2.4.16	GC2	2.4	2.4.16	PASS
ERR246875	GC2	2.4	2.4.16	GC2	2.4	2.4.16	PASS
ERR246946	GC2	2.4	2.4.16	GC2	2.4	2.4.16	PASS
ERR246915	GC2	2.4	2.4.16	GC2	2.4	2.4.16	PASS
ERR246923	GC2	2.4	2.4.16	GC2	2.4	2.4.16	PASS
ERR246914	GC2	2.4	2.4.16	GC2	2.4	2.4.16	PASS
ERR246954	GC2	2.4	2.4.16	GC2	2.4	2.4.16	PASS
ERR246939	GC2	2.4	2.4.16	GC2	2.4	2.4.16	PASS
ERR246891	GC2	2.4	2.4.16	GC2	2.4	2.4.16	PASS
ERR5386288	GC2	2.4	2.4.16	GC2	2.4	2.4.16	PASS
GCF_018446635	GC2	2.4	2.4.16	GC2	2.4	2.4.16	PASS
ERR1946972	GC2	2.4	2.4.16	GC2	2.4	2.4.16	PASS
ERR246916	GC2	2.4	2.4.16	GC2	2.4	2.4.16	PASS
ERR2712382	GC2	2.4	2.4.16	GC2	2.4	2.4.16	PASS
ERR2712383	GC2	2.4	2.4.16	GC2	2.4	2.4.16	PASS
GCF_904887605	GC2	2.4	2.4.16	GC2	2.4	2.4.16	PASS
ERR246948	GC2	2.4	2.4.16	GC2	2.4	2.4.16	PASS
GCF_003020525	GC2	2.4	2.4.16	GC2	2.4	2.4.16	PASS
GCF_003020565	GC2	2.4	2.4.16	GC2	2.4	2.4.16	PASS
ERR246953	GC2	2.4	2.4.16	GC2	2.4	2.4.16	PASS
ERR4436745	GC2	2.4	2.4.16	GC2	2.4	2.4.16	PASS
GCF_000770905	GC2	2.4	2.4.16	GC2	2.4	2.4.16	PASS
SRR1685845	GC2	2.4	2.4.12	GC2	2.4	2.4.12	PASS
SRR1685789	GC2	2.4	2.4.12	GC2	2.4	2.4.12	PASS
GCF_000811405	GC2	2.4	2.4.12	GC2	2.4	2.4.12	PASS
SRR1685823	GC2	2.4	2.4.12	GC2	2.4	2.4.12	PASS
SRR1685886	GC2	2.4	2.4.12	GC2	2.4	2.4.12	PASS
GCF_000516235	GC2	2.4	2.4.12	GC2	2.4	2.4.12	PASS
GCF_000808785	GC2	2.4	2.4.12	GC2	2.4	2.4.12	PASS
GCF_000811325	GC2	2.4	2.4.12	GC2	2.4	2.4.12	PASS
GCF_000515655	GC2	2.4	2.4.12	GC2	2.4	2.4.12	PASS
GCF_000809445	GC2	2.4	2.4.12	GC2	2.4	2.4.12	PASS
ERR4436637	GC2	2.4	2.4.12	GC2	2.4	2.4.12	PASS
SRR16492586	GC2	2.4	2.4.12	GC2	2.4	2.4.12	PASS
SRR16610085	GC2	2.4	2.4.12	GC2	2.4	2.4.12	PASS
GCF_000808985	GC2	2.4	2.4.12	GC2	2.4	2.4.12	PASS
GCF_000809805	GC2	2.4	2.4.12	GC2	2.4	2.4.12	PASS
GCF_000809825	GC2	2.4	2.4.12	GC2	2.4	2.4.12	PASS
GCF_000809285	GC2	2.4	2.4.12	GC2	2.4	2.4.12	PASS
GCF_000811165	GC2	2.4	2.4.12	GC2	2.4	2.4.12	PASS
GCF_002143575	GC2	2.4	2.4.12	GC2	2.4	2.4.12	PASS
GCF_002136705	GC2	2.4	2.4.12	GC2	2.4	2.4.12	PASS
GCF_002143715	GC2	2.4	2.4.12	GC2	2.4	2.4.12	PASS
GCF_002182545	GC2	2.4	2.4.12	GC2	2.4	2.4.12	PASS
SRR11589196	GC2	2.4	2.4.12	GC2	2.4	2.4.12	PASS
GCF_000515835	GC2	2.4	2.4.12	GC2	2.4	2.4.12	PASS
GCF_002182605	GC2	2.4	2.4.12	GC2	2.4	2.4.12	PASS
GCF_002182955	GC2	2.4	2.4.12	GC2	2.4	2.4.12	PASS
GCF_002183635	GC2	2.4	2.4.12	GC2	2.4	2.4.12	PASS
GCF_002143425	GC2	2.4	2.4.12	GC2	2.4	2.4.12	PASS
GCF_002143195	GC2	2.4	2.4.12	GC2	2.4	2.4.12	PASS
GCF_000808885	GC2	2.4	2.4.12	GC2	2.4	2.4.12	PASS
GCF_000810755	GC2	2.4	2.4.12	GC2	2.4	2.4.12	PASS
GCF_000810775	GC2	2.4	2.4.12	GC2	2.4	2.4.12	PASS
GCF_000949035	GC2	2.4	2.4.12	GC2	2.4	2.4.12	PASS
GCF_000810125	GC2	2.4	2.4.12	GC2	2.4	2.4.12	PASS
GCF_000810905	GC2	2.4	2.4.12	GC2	2.4	2.4.12	PASS
GCF_000810825	GC2	2.4	2.4.12	GC2	2.4	2.4.12	PASS
GCF_000949055	GC2	2.4	2.4.12	GC2	2.4	2.4.12	PASS
GCF_000810205	GC2	2.4	2.4.12	GC2	2.4	2.4.12	PASS
GCF_000810485	GC2	2.4	2.4.12	GC2	2.4	2.4.12	PASS
GCF_000949195	GC2	2.4	2.4.12	GC2	2.4	2.4.12	PASS
GCF_001669185	GC2	2.4	2.4.12	GC2	2.4	2.4.12	PASS
SRR4417606	GC2	2.4	2.4.12	GC2	2.4	2.4.12	PASS
GCF_001669505	GC2	2.4	2.4.12	GC2	2.4	2.4.12	PASS
GCF_014880975	GC2	2.4	2.4.12	GC2	2.4	2.4.12	PASS
GCF_001664645	GC2	2.4	2.4.12	GC2	2.4	2.4.12	PASS
GCF_002017345	GC2	2.4	2.4.12	GC2	2.4	2.4.12	PASS
GCF_002145195	GC2	2.4	2.4.12	GC2	2.4	2.4.12	PASS
GCF_002183975	GC2	2.4	2.4.12	GC2	2.4	2.4.12	PASS
GCF_001664805	GC2	2.4	2.4.12	GC2	2.4	2.4.12	PASS
GCF_014882135	GC2	2.4	2.4.12	GC2	2.4	2.4.12	PASS
GCF_000810915	GC2	2.4	2.4.12	GC2	2.4	2.4.12	PASS
GCF_000810945	GC2	2.4	2.4.12	GC2	2.4	2.4.12	PASS
GCF_000811905	GC2	2.4	2.4.12	GC2	2.4	2.4.12	PASS
GCF_002138215	GC2	2.4	2.4.12	GC2	2.4	2.4.12	PASS
GCF_002137445	GC2	2.4	2.4.12	GC2	2.4	2.4.12	PASS
GCF_000808815	GC2	2.4	2.4.12	GC2	2.4	2.4.12	PASS
GCF_002138005	GC2	2.4	2.4.12	GC2	2.4	2.4.12	PASS
SRR1685865	GC2	2.4	2.4.12	GC2	2.4	2.4.12	PASS
SRR1685810	GC2	2.4	2.4.12	GC2	2.4	2.4.12	PASS
GCF_000811945	GC2	2.4	2.4.12	GC2	2.4	2.4.12	PASS
GCF_000517505	GC2	2.4	2.4.12	GC2	2.4	2.4.12	PASS
GCF_000515975	GC2	2.4	2.4.12	GC2	2.4	2.4.12	PASS
GCF_000515555	GC2	2.4	2.4.12	GC2	2.4	2.4.12	PASS
GCF_000515875	GC2	2.4	2.4.12	GC2	2.4	2.4.12	PASS
GCF_002950725	GC2	2.4	2.4.12	GC2	2.4	2.4.12	PASS
GCF_002950595	GC2	2.4	2.4.12	GC2	2.4	2.4.12	PASS
GCF_002950625	GC2	2.4	2.4.12	GC2	2.4	2.4.12	PASS
GCF_002950825	GC2	2.4	2.4.12	GC2	2.4	2.4.12	PASS
GCF_002950545	GC2	2.4	2.4.12	GC2	2.4	2.4.12	PASS
GCF_002950815	GC2	2.4	2.4.12	GC2	2.4	2.4.12	PASS
GCF_002951155	GC2	2.4	2.4.12	GC2	2.4	2.4.12	PASS
GCF_002951175	GC2	2.4	2.4.12	GC2	2.4	2.4.12	PASS
GCF_002950615	GC2	2.4	2.4.12	GC2	2.4	2.4.12	PASS
GCF_002951435	GC2	2.4	2.4.12	GC2	2.4	2.4.12	PASS
SRR2047552	GC2	2.4	2.4.12	GC2	2.4	2.4.12	PASS
SRR2047553	GC2	2.4	2.4.12	GC2	2.4	2.4.12	PASS
SRR2047551	GC2	2.4	2.4.12	GC2	2.4	2.4.12	PASS
SRR2047558	GC2	2.4	2.4.12	GC2	2.4	2.4.12	PASS
GCF_002951415	GC2	2.4	2.4.12	GC2	2.4	2.4.12	PASS
SRR2047559	GC2	2.4	2.4.12	GC2	2.4	2.4.12	PASS
GCF_002950715	GC2	2.4	2.4.12	GC2	2.4	2.4.12	PASS
GCF_002950915	GC2	2.4	2.4.12	GC2	2.4	2.4.12	PASS
GCF_002950855	GC2	2.4	2.4.12	GC2	2.4	2.4.12	PASS
GCF_002951235	GC2	2.4	2.4.12	GC2	2.4	2.4.12	PASS
GCF_002951375	GC2	2.4	2.4.12	GC2	2.4	2.4.12	PASS
SRR1685944	GC2	2.4	2.4.12	GC2	2.4	2.4.12	PASS
SRR1685903	GC2	2.4	2.4.12	GC2	2.4	2.4.12	PASS
SRR1685945	GC2	2.4	2.4.12	GC2	2.4	2.4.12	PASS
GCF_000810465	GC2	2.4	2.4.12	GC2	2.4	2.4.12	PASS
GCF_000515775	GC2	2.4	2.4.12	GC2	2.4	2.4.12	PASS
SRR1685856	GC2	2.4	2.4.12	GC2	2.4	2.4.12	PASS
GCF_000809345	GC2	2.4	2.4.12	GC2	2.4	2.4.12	PASS
GCF_000513795	GC2	2.4	2.4.12	GC2	2.4	2.4.12	PASS
GCF_000810705	GC2	2.4	2.4.12	GC2	2.4	2.4.12	PASS
GCF_000811285	GC2	2.4	2.4.12	GC2	2.4	2.4.12	PASS
SRR1685813	GC2	2.4	2.4.12	GC2	2.4	2.4.12	PASS
ERR197594	GC2	2.4	2.4.10	GC2	2.4	2.4.10	PASS
ERR197620	GC2	2.4	2.4.10	GC2	2.4	2.4.10	PASS
ERR197601	GC2	2.4	2.4.10	GC2	2.4	2.4.10	PASS
ERR197631	GC2	2.4	2.4.10	GC2	2.4	2.4.10	PASS
ERR197619	GC2	2.4	2.4.10	GC2	2.4	2.4.10	PASS
ERR197621	GC2	2.4	2.4.10	GC2	2.4	2.4.10	PASS
ERR197610	GC2	2.4	2.4.10	GC2	2.4	2.4.10	PASS
ERR197613	GC2	2.4	2.4.10	GC2	2.4	2.4.10	PASS
ERR197624	GC2	2.4	2.4.10	GC2	2.4	2.4.10	PASS
ERR197612	GC2	2.4	2.4.10	GC2	2.4	2.4.10	PASS
ERR197614	GC2	2.4	2.4.10	GC2	2.4	2.4.10	PASS
GCF_000787225	GC2	2.4	2.4.10	GC2	2.4	2.4.10	PASS
GCF_001680105	GC2	2.4	2.4.10	GC2	2.4	2.4.10	PASS
GCF_001680115	GC2	2.4	2.4.10	GC2	2.4	2.4.10	PASS
GCF_000787295	GC2	2.4	2.4.10	GC2	2.4	2.4.10	PASS
SRR10276626	GC2	2.4	2.4.10	GC2	2.4	2.4.10	PASS
SRR10276637	GC2	2.4	2.4.10	GC2	2.4	2.4.10	PASS
SRR10276638	GC2	2.4	2.4.10	GC2	2.4	2.4.10	PASS
SRR10276636	GC2	2.4	2.4.10	GC2	2.4	2.4.10	PASS
SRR10276639	GC2	2.4	2.4.10	GC2	2.4	2.4.10	PASS
GCF_002762095	GC2	2.4	2.4.10	GC2	2.4	2.4.10	PASS
GCF_002762115	GC2	2.4	2.4.10	GC2	2.4	2.4.10	PASS
GCF_014560835	GC2	2.4	2.4.10	GC2	2.4	2.4.10	PASS
SRR10276614	GC2	2.4	2.4.10	GC2	2.4	2.4.10	PASS
GCF_009737925	GC2	2.4	2.4.10	GC2	2.4	2.4.10	PASS
GCF_009737795	GC2	2.4	2.4.10	GC2	2.4	2.4.10	PASS
SRR9218356	GC2	2.4	2.4.10	GC2	2.4	2.4.10	PASS
GCF_009737905	GC2	2.4	2.4.10	GC2	2.4	2.4.10	PASS
GCF_002082865	GC2	2.4	2.4.10	GC2	2.4	2.4.10	PASS
GCF_009735775	GC2	2.4	2.4.10	GC2	2.4	2.4.10	PASS
GCF_002082845	GC2	2.4	2.4.10	GC2	2.4	2.4.10	PASS
GCF_012272775	GC2	2.4	2.4.10	GC2	2.4	2.4.10	PASS
SRR11248249	GC2	2.4	2.4.10	GC2	2.4	2.4.10	PASS
SRR11248248	GC2	2.4	2.4.10	GC2	2.4	2.4.10	PASS
SRR11248283	GC2	2.4	2.4.10	GC2	2.4	2.4.10	PASS
SRR5739051	GC2	2.4	2.4.10	GC2	2.4	2.4.10	PASS
GCF_001806405	GC2	2.4	2.4.10	GC2	2.4	2.4.10	PASS
SRR9218348	GC2	2.4	2.4.10	GC2	2.4	2.4.10	PASS
SRR9218354	GC2	2.4	2.4.10	GC2	2.4	2.4.10	PASS
GCF_003953975	GC2	2.4	2.4.10	GC2	2.4	2.4.10	PASS
GCF_009736025	GC2	2.4	2.4.10	GC2	2.4	2.4.10	PASS
GCF_009736045	GC2	2.4	2.4.10	GC2	2.4	2.4.10	PASS
GCF_003954005	GC2	2.4	2.4.10	GC2	2.4	2.4.10	PASS
GCF_009735965	GC2	2.4	2.4.10	GC2	2.4	2.4.10	PASS
GCF_003954845	GC2	2.4	2.4.10	GC2	2.4	2.4.10	PASS
ERR4436682	GC2	2.4	2.4.10	GC2	2.4	2.4.10	PASS
GCF_003954315	GC2	2.4	2.4.10	GC2	2.4	2.4.10	PASS
GCF_003955435	GC2	2.4	2.4.10	GC2	2.4	2.4.10	PASS
GCF_002082885	GC2	2.4	2.4.10	GC2	2.4	2.4.10	PASS
GCF_003954175	GC2	2.4	2.4.10	GC2	2.4	2.4.10	PASS
GCF_003953985	GC2	2.4	2.4.10	GC2	2.4	2.4.10	PASS
GCF_003955485	GC2	2.4	2.4.10	GC2	2.4	2.4.10	PASS
ERR4436655	GC2	2.4	2.4.10	GC2	2.4	2.4.10	PASS
GCF_003954215	GC2	2.4	2.4.10	GC2	2.4	2.4.10	PASS
GCF_003954085	GC2	2.4	2.4.10	GC2	2.4	2.4.10	PASS
GCF_003954105	GC2	2.4	2.4.10	GC2	2.4	2.4.10	PASS
GCF_003954095	GC2	2.4	2.4.10	GC2	2.4	2.4.10	PASS
GCF_009735985	GC2	2.4	2.4.10	GC2	2.4	2.4.10	PASS
GCF_009736245	GC2	2.4	2.4.10	GC2	2.4	2.4.10	PASS
GCF_009736305	GC2	2.4	2.4.10	GC2	2.4	2.4.10	PASS
GCF_001806465	GC2	2.4	2.4.10	GC2	2.4	2.4.10	PASS
SRR9218349	GC2	2.4	2.4.10	GC2	2.4	2.4.10	PASS
GCF_001806425	GC2	2.4	2.4.10	GC2	2.4	2.4.10	PASS
GCF_001806445	GC2	2.4	2.4.10	GC2	2.4	2.4.10	PASS
GCF_002082625	GC2	2.4	2.4.10	GC2	2.4	2.4.10	PASS
GCF_009735865	GC2	2.4	2.4.10	GC2	2.4	2.4.10	PASS
GCF_009735845	GC2	2.4	2.4.10	GC2	2.4	2.4.10	PASS
GCF_009735945	GC2	2.4	2.4.10	GC2	2.4	2.4.10	PASS
GCF_009735915	GC2	2.4	2.4.10	GC2	2.4	2.4.10	PASS
GCF_001806365	GC2	2.4	2.4.10	GC2	2.4	2.4.10	PASS
SRR9218350	GC2	2.4	2.4.10	GC2	2.4	2.4.10	PASS
SRR9218353	GC2	2.4	2.4.10	GC2	2.4	2.4.10	PASS
GCF_003954365	GC2	2.4	2.4.10	GC2	2.4	2.4.10	PASS
SRR16304276	GC2	2.4	2.4.10	GC2	2.4	2.4.10	PASS
GCF_009736285	GC2	2.4	2.4.10	GC2	2.4	2.4.10	PASS
GCF_009736205	GC2	2.4	2.4.10	GC2	2.4	2.4.10	PASS
GCF_009736295	GC2	2.4	2.4.10	GC2	2.4	2.4.10	PASS
GCF_009736385	GC2	2.4	2.4.10	GC2	2.4	2.4.10	PASS
GCF_003954595	GC2	2.4	2.4.10	GC2	2.4	2.4.10	PASS
GCF_009736545	GC2	2.4	2.4.10	GC2	2.4	2.4.10	PASS
GCF_009736605	GC2	2.4	2.4.10	GC2	2.4	2.4.10	PASS
GCF_009736505	GC2	2.4	2.4.10	GC2	2.4	2.4.10	PASS
GCF_009736555	GC2	2.4	2.4.10	GC2	2.4	2.4.10	PASS
GCF_009736625	GC2	2.4	2.4.10	GC2	2.4	2.4.10	PASS
GCF_016350105	GC2	2.4	2.4.10	GC2	2.4	2.4.10	PASS
GCF_016350005	GC2	2.4	2.4.10	GC2	2.4	2.4.10	PASS
GCF_016350085	GC2	2.4	2.4.10	GC2	2.4	2.4.10	PASS
GCF_003954415	GC2	2.4	2.4.10	GC2	2.4	2.4.10	PASS
GCF_016350065	GC2	2.4	2.4.10	GC2	2.4	2.4.10	PASS
GCF_009737425	GC2	2.4	2.4.10	GC2	2.4	2.4.10	PASS
GCF_009736345	GC2	2.4	2.4.10	GC2	2.4	2.4.10	PASS
GCF_009736805	GC2	2.4	2.4.10	GC2	2.4	2.4.10	PASS
GCF_009737385	GC2	2.4	2.4.10	GC2	2.4	2.4.10	PASS
GCF_009737345	GC2	2.4	2.4.10	GC2	2.4	2.4.10	PASS
GCF_009737435	GC2	2.4	2.4.10	GC2	2.4	2.4.10	PASS
GCF_009737465	GC2	2.4	2.4.10	GC2	2.4	2.4.10	PASS
GCF_009737325	GC2	2.4	2.4.10	GC2	2.4	2.4.10	PASS
GCF_009737375	GC2	2.4	2.4.10	GC2	2.4	2.4.10	PASS
GCF_009736905	GC2	2.4	2.4.10	GC2	2.4	2.4.10	PASS
GCF_009736815	GC2	2.4	2.4.10	GC2	2.4	2.4.10	PASS
GCF_009737245	GC2	2.4	2.4.10	GC2	2.4	2.4.10	PASS
GCF_009737295	GC2	2.4	2.4.10	GC2	2.4	2.4.10	PASS
GCF_009736445	GC2	2.4	2.4.10	GC2	2.4	2.4.10	PASS
GCF_009736525	GC2	2.4	2.4.10	GC2	2.4	2.4.10	PASS
GCF_009736845	GC2	2.4	2.4.10	GC2	2.4	2.4.10	PASS
GCF_009736875	GC2	2.4	2.4.10	GC2	2.4	2.4.10	PASS
GCF_009737475	GC2	2.4	2.4.10	GC2	2.4	2.4.10	PASS
GCF_009737895	GC2	2.4	2.4.10	GC2	2.4	2.4.10	PASS
GCF_009736645	GC2	2.4	2.4.10	GC2	2.4	2.4.10	PASS
GCF_009736725	GC2	2.4	2.4.10	GC2	2.4	2.4.10	PASS
GCF_002082705	GC2	2.4	2.4.10	GC2	2.4	2.4.10	PASS
GCF_009736665	GC2	2.4	2.4.10	GC2	2.4	2.4.10	PASS
GCF_009737565	GC2	2.4	2.4.10	GC2	2.4	2.4.10	PASS
GCF_001514375	GC2	2.4	2.4.10	GC2	2.4	2.4.10	PASS
GCF_001543995	GC2	2.4	2.4.10	GC2	2.4	2.4.10	PASS
SRR7821055	GC2	2.4	2.4.10	GC2	2.4	2.4.10	PASS
SRR7821065	GC2	2.4	2.4.10	GC2	2.4	2.4.10	PASS
SRR7821060	GC2	2.4	2.4.10	GC2	2.4	2.4.10	PASS
SRR7821050	GC2	2.4	2.4.10	GC2	2.4	2.4.10	PASS
SRR7821067	GC2	2.4	2.4.10	GC2	2.4	2.4.10	PASS
SRR7821066	GC2	2.4	2.4.10	GC2	2.4	2.4.10	PASS
SRR7821070	GC2	2.4	2.4.10	GC2	2.4	2.4.10	PASS
SRR7821068	GC2	2.4	2.4.10	GC2	2.4	2.4.10	PASS
SRR7821063	GC2	2.4	2.4.10	GC2	2.4	2.4.10	PASS
SRR7821071	GC2	2.4	2.4.10	GC2	2.4	2.4.10	PASS
SRR7821064	GC2	2.4	2.4.10	GC2	2.4	2.4.10	PASS
SRR7821069	GC2	2.4	2.4.10	GC2	2.4	2.4.10	PASS
SRR7821059	GC2	2.4	2.4.10	GC2	2.4	2.4.10	PASS
SRR7821053	GC2	2.4	2.4.10	GC2	2.4	2.4.10	PASS
SRR7821054	GC2	2.4	2.4.10	GC2	2.4	2.4.10	PASS
SRR7821062	GC2	2.4	2.4.10	GC2	2.4	2.4.10	PASS
SRR7821058	GC2	2.4	2.4.10	GC2	2.4	2.4.10	PASS
SRR7821061	GC2	2.4	2.4.10	GC2	2.4	2.4.10	PASS
SRR7821057	GC2	2.4	2.4.10	GC2	2.4	2.4.10	PASS
SRR7821052	GC2	2.4	2.4.10	GC2	2.4	2.4.10	PASS
SRR7821049	GC2	2.4	2.4.10	GC2	2.4	2.4.10	PASS
SRR7821056	GC2	2.4	2.4.10	GC2	2.4	2.4.10	PASS
GCF_002843665	GC2	2.4	2.4.10	GC2	2.4	2.4.10	PASS
SRR7821051	GC2	2.4	2.4.10	GC2	2.4	2.4.10	PASS
GCF_009736925	GC2	2.4	2.4.10	GC2	2.4	2.4.10	PASS
GCF_009737525	GC2	2.4	2.4.10	GC2	2.4	2.4.10	PASS
GCF_009737865	GC2	2.4	2.4.10	GC2	2.4	2.4.10	PASS
GCF_009737685	GC2	2.4	2.4.10	GC2	2.4	2.4.10	PASS
GCF_009737675	GC2	2.4	2.4.10	GC2	2.4	2.4.10	PASS
GCF_009737365	GC2	2.4	2.4.10	GC2	2.4	2.4.10	PASS
GCF_009736975	GC2	2.4	2.4.10	GC2	2.4	2.4.10	PASS
GCF_009736995	GC2	2.4	2.4.10	GC2	2.4	2.4.10	PASS
GCF_009737625	GC2	2.4	2.4.10	GC2	2.4	2.4.10	PASS
GCF_009737695	GC2	2.4	2.4.10	GC2	2.4	2.4.10	PASS
GCF_009737915	GC2	2.4	2.4.10	GC2	2.4	2.4.10	PASS
GCF_009737765	GC2	2.4	2.4.10	GC2	2.4	2.4.10	PASS
GCF_009737635	GC2	2.4	2.4.10	GC2	2.4	2.4.10	PASS
GCF_009737805	GC2	2.4	2.4.10	GC2	2.4	2.4.10	PASS
GCF_009737885	GC2	2.4	2.4.10	GC2	2.4	2.4.10	PASS
GCF_000804885	GC2	2.4	2.4.10	GC2	2.4	2.4.10	PASS
GCF_009737665	GC2	2.4	2.4.10	GC2	2.4	2.4.10	PASS
GCF_009737775	GC2	2.4	2.4.10	GC2	2.4	2.4.10	PASS
GCF_009738065	GC2	2.4	2.4.10	GC2	2.4	2.4.10	PASS
SRR10276617	GC2	2.4	2.4.10	GC2	2.4	2.4.10	PASS
SRR10276618	GC2	2.4	2.4.10	GC2	2.4	2.4.10	PASS
SRR10276616	GC2	2.4	2.4.10	GC2	2.4	2.4.10	PASS
SRR10276619	GC2	2.4	2.4.10	GC2	2.4	2.4.10	PASS
SRR10276615	GC2	2.4	2.4.10	GC2	2.4	2.4.10	PASS
SRR10276620	GC2	2.4	2.4.10	GC2	2.4	2.4.10	PASS
GCF_000951165	GC2	2.4	2.4.10	GC2	2.4	2.4.10	PASS
GCF_001855175	GC2	2.4	2.4.10	GC2	2.4	2.4.10	PASS
GCF_001863115	GC2	2.4	2.4.10	GC2	2.4	2.4.10	PASS
SRR3381411	GC2	2.4	2.4.10	GC2	2.4	2.4.10	PASS
GCF_006366115	GC2	2.4	2.4.10	GC2	2.4	2.4.10	PASS
GCF_001863165	GC2	2.4	2.4.10	GC2	2.4	2.4.10	PASS
SRR14852243	GC2	2.4	2.4.10	GC2	2.4	2.4.10	PASS
SRR14852152	GC2	2.4	2.4.10	GC2	2.4	2.4.10	PASS
SRR14852246	GC2	2.4	2.4.10	GC2	2.4	2.4.10	PASS
SRR14852154	GC2	2.4	2.4.10	GC2	2.4	2.4.10	PASS
SRR14862575	GC2	2.4	2.4.10	GC2	2.4	2.4.10	PASS
SRR14852244	GC2	2.4	2.4.10	GC2	2.4	2.4.10	PASS
SRR14852153	GC2	2.4	2.4.10	GC2	2.4	2.4.10	PASS
SRR14852250	GC2	2.4	2.4.10	GC2	2.4	2.4.10	PASS
SRR14852248	GC2	2.4	2.4.10	GC2	2.4	2.4.10	PASS
SRR14852249	GC2	2.4	2.4.10	GC2	2.4	2.4.10	PASS
SRR14852202	GC2	2.4	2.4.10	GC2	2.4	2.4.10	PASS
SRR14852252	GC2	2.4	2.4.10	GC2	2.4	2.4.10	PASS
SRR14862611	GC2	2.4	2.4.10	GC2	2.4	2.4.10	PASS
SRR14862494	GC2	2.4	2.4.10	GC2	2.4	2.4.10	PASS
SRR14852251	GC2	2.4	2.4.10	GC2	2.4	2.4.10	PASS
SRR14852240	GC2	2.4	2.4.10	GC2	2.4	2.4.10	PASS
SRR14852135	GC2	2.4	2.4.10	GC2	2.4	2.4.10	PASS
SRR14862493	GC2	2.4	2.4.10	GC2	2.4	2.4.10	PASS
SRR14852494	GC2	2.4	2.4.10	GC2	2.4	2.4.10	PASS
SRR14852458	GC2	2.4	2.4.10	GC2	2.4	2.4.10	PASS
SRR14852496	GC2	2.4	2.4.10	GC2	2.4	2.4.10	PASS
GCF_006367335	GC2	2.4	2.4.10	GC2	2.4	2.4.10	PASS
GCF_014560425	GC2	2.4	2.4.10	GC2	2.4	2.4.10	PASS
GCF_006365465	GC2	2.4	2.4.10	GC2	2.4	2.4.10	PASS
GCF_006366285	GC2	2.4	2.4.10	GC2	2.4	2.4.10	PASS
GCF_006367595	GC2	2.4	2.4.10	GC2	2.4	2.4.10	PASS
SRR3381413	GC2	2.4	2.4.10	GC2	2.4	2.4.10	PASS
GCF_006367135	GC2	2.4	2.4.10	GC2	2.4	2.4.10	PASS
GCF_006366685	GC2	2.4	2.4.10	GC2	2.4	2.4.10	PASS
GCF_006367615	GC2	2.4	2.4.10	GC2	2.4	2.4.10	PASS
GCF_001863145	GC2	2.4	2.4.10	GC2	2.4	2.4.10	PASS
SRR3381414	GC2	2.4	2.4.10	GC2	2.4	2.4.10	PASS
SRR14862529	GC2	2.4	2.4.10	GC2	2.4	2.4.10	PASS
SRR14852374	GC2	2.4	2.4.10	GC2	2.4	2.4.10	PASS
SRR14862542	GC2	2.4	2.4.10	GC2	2.4	2.4.10	PASS
SRR14852406	GC2	2.4	2.4.10	GC2	2.4	2.4.10	PASS
SRR14852401	GC2	2.4	2.4.10	GC2	2.4	2.4.10	PASS
SRR14852424	GC2	2.4	2.4.10	GC2	2.4	2.4.10	PASS
SRR14852421	GC2	2.4	2.4.10	GC2	2.4	2.4.10	PASS
SRR14862551	GC2	2.4	2.4.10	GC2	2.4	2.4.10	PASS
SRR14852438	GC2	2.4	2.4.10	GC2	2.4	2.4.10	PASS
SRR14852436	GC2	2.4	2.4.10	GC2	2.4	2.4.10	PASS
SRR14852439	GC2	2.4	2.4.10	GC2	2.4	2.4.10	PASS
SRR14852376	GC2	2.4	2.4.10	GC2	2.4	2.4.10	PASS
SRR14852402	GC2	2.4	2.4.10	GC2	2.4	2.4.10	PASS
SRR14852403	GC2	2.4	2.4.10	GC2	2.4	2.4.10	PASS
SRR14862541	GC2	2.4	2.4.10	GC2	2.4	2.4.10	PASS
SRR14862528	GC2	2.4	2.4.10	GC2	2.4	2.4.10	PASS
SRR14862538	GC2	2.4	2.4.10	GC2	2.4	2.4.10	PASS
SRR14862537	GC2	2.4	2.4.10	GC2	2.4	2.4.10	PASS
SRR14852441	GC2	2.4	2.4.10	GC2	2.4	2.4.10	PASS
SRR14852384	GC2	2.4	2.4.10	GC2	2.4	2.4.10	PASS
SRR14852440	GC2	2.4	2.4.10	GC2	2.4	2.4.10	PASS
SRR14852442	GC2	2.4	2.4.10	GC2	2.4	2.4.10	PASS
SRR14862540	GC2	2.4	2.4.10	GC2	2.4	2.4.10	PASS
SRR14852405	GC2	2.4	2.4.10	GC2	2.4	2.4.10	PASS
SRR14852407	GC2	2.4	2.4.10	GC2	2.4	2.4.10	PASS
SRR14862539	GC2	2.4	2.4.10	GC2	2.4	2.4.10	PASS
SRR14852449	GC2	2.4	2.4.10	GC2	2.4	2.4.10	PASS
SRR14852397	GC2	2.4	2.4.10	GC2	2.4	2.4.10	PASS
SRR14852409	GC2	2.4	2.4.10	GC2	2.4	2.4.10	PASS
SRR14852359	GC2	2.4	2.4.10	GC2	2.4	2.4.10	PASS
SRR14852404	GC2	2.4	2.4.10	GC2	2.4	2.4.10	PASS
GCF_006367535	GC2	2.4	2.4.10	GC2	2.4	2.4.10	PASS
GCF_001680295	GC2	2.4	2.4.10	GC2	2.4	2.4.10	PASS
GCF_001680225	GC2	2.4	2.4.10	GC2	2.4	2.4.10	PASS
GCF_006365375	GC2	2.4	2.4.10	GC2	2.4	2.4.10	PASS
GCF_006366585	GC2	2.4	2.4.10	GC2	2.4	2.4.10	PASS
GCF_006365385	GC2	2.4	2.4.10	GC2	2.4	2.4.10	PASS
GCF_006366535	GC2	2.4	2.4.10	GC2	2.4	2.4.10	PASS
GCF_002072795	GC2	2.4	2.4.10	GC2	2.4	2.4.10	PASS
GCF_014560205	GC2	2.4	2.4.10	GC2	2.4	2.4.10	PASS
GCF_001864745	GC2	2.4	2.4.10	GC2	2.4	2.4.10	PASS
SRR3381504	GC2	2.4	2.4.10	GC2	2.4	2.4.10	PASS
GCF_006366465	GC2	2.4	2.4.10	GC2	2.4	2.4.10	PASS
SRR3381397	GC2	2.4	2.4.10	GC2	2.4	2.4.10	PASS
GCF_001861665	GC2	2.4	2.4.10	GC2	2.4	2.4.10	PASS
SRR3381388	GC2	2.4	2.4.10	GC2	2.4	2.4.10	PASS
SRR3381390	GC2	2.4	2.4.10	GC2	2.4	2.4.10	PASS
GCF_001864655	GC2	2.4	2.4.10	GC2	2.4	2.4.10	PASS
GCF_014560275	GC2	2.4	2.4.10	GC2	2.4	2.4.10	PASS
GCF_014560305	GC2	2.4	2.4.10	GC2	2.4	2.4.10	PASS
GCF_001862825	GC2	2.4	2.4.10	GC2	2.4	2.4.10	PASS
SRR3381498	GC2	2.4	2.4.10	GC2	2.4	2.4.10	PASS
GCF_007999945	GC2	2.4	2.4.10	GC2	2.4	2.4.10	PASS
GCF_007113785	GC2	2.4	2.4.10	GC2	2.4	2.4.10	PASS
GCF_007999985	GC2	2.4	2.4.10	GC2	2.4	2.4.10	PASS
GCF_000805125	GC2	2.4	2.4.10	GC2	2.4	2.4.10	PASS
GCF_003336085	GC2	2.4	2.4.10	GC2	2.4	2.4.10	PASS
GCF_015694655	GC2	2.4	2.4.10	GC2	2.4	2.4.10	PASS
GCF_015694505	GC2	2.4	2.4.10	GC2	2.4	2.4.10	PASS
GCF_004377785	GC2	2.4	2.4.10	GC2	2.4	2.4.10	PASS
GCF_004378625	GC2	2.4	2.4.10	GC2	2.4	2.4.10	PASS
GCF_020254545	GC2	2.5	2.5.8	GC2	2.5	2.5.8	PASS
GCF_904886865	GC2	2.5	2.5.8	GC2	2.5	2.5.8	PASS
GCF_009759995	GC2	2.5	2.5.8	GC2	2.5	2.5.8	PASS
ERR5709471	GC2	2.5	2.5.8	GC2	2.5	2.5.8	PASS
GCF_020254925	GC2	2.5	2.5.8	GC2	2.5	2.5.8	PASS
GCF_020256015	GC2	2.5	2.5.8	GC2	2.5	2.5.8	PASS
ERR2433135	GC2	2.5	2.5.8	GC2	2.5	2.5.8	PASS
GCF_013140315	GC2	2.5	2.5.8	GC2	2.5	2.5.8	PASS
GCF_013140275	GC2	2.5	2.5.8	GC2	2.5	2.5.8	PASS
ERR2433146	GC2	2.5	2.5.8	GC2	2.5	2.5.8	PASS
ERR2433136	GC2	2.5	2.5.8	GC2	2.5	2.5.8	PASS
GCF_013140295	GC2	2.5	2.5.8	GC2	2.5	2.5.8	PASS
GCF_013140355	GC2	2.5	2.5.8	GC2	2.5	2.5.8	PASS
GCF_013140305	GC2	2.5	2.5.8	GC2	2.5	2.5.8	PASS
GCF_013140255	GC2	2.5	2.5.8	GC2	2.5	2.5.8	PASS
GCF_013140365	GC2	2.5	2.5.8	GC2	2.5	2.5.8	PASS
ERR2433139	GC2	2.5	2.5.8	GC2	2.5	2.5.8	PASS
ERR2433140	GC2	2.5	2.5.8	GC2	2.5	2.5.8	PASS
GCF_018442105	GC2	2.5	2.5.8	GC2	2.5	2.5.8	PASS
ERR2455359	GC2	2.5	2.5.8	GC2	2.5	2.5.8	PASS
SRR6513757	GC2	2.5	2.5.8	GC2	2.5	2.5.8	PASS
ERR4436749	GC2	2.5	2.5.8	GC2	2.5	2.5.8	PASS
GCF_001704685	GC2	2.5	2.5.8	GC2	2.5	2.5.8	PASS
GCF_901669935	GC2	2.5	2.5.8	GC2	2.5	2.5.8	PASS
ERR2433133	GC2	2.5	2.5.8	GC2	2.5	2.5.8	PASS
SRR16359971	GC2	2.5	2.5.8	GC2	2.5	2.5.8	PASS
SRR17311747	GC2	2.5	2.5.8	GC2	2.5	2.5.8	PASS
SRR16292930	GC2	2.5	2.5.8	GC2	2.5	2.5.8	PASS
SRR16304222	GC2	2.5	2.5.8	GC2	2.5	2.5.8	PASS
SRR16359940	GC2	2.5	2.5.8	GC2	2.5	2.5.8	PASS
SRR16359972	GC2	2.5	2.5.8	GC2	2.5	2.5.8	PASS
SRR17311703	GC2	2.5	2.5.8	GC2	2.5	2.5.8	PASS
SRR17311704	GC2	2.5	2.5.8	GC2	2.5	2.5.8	PASS
SRR16304223	GC2	2.5	2.5.8	GC2	2.5	2.5.8	PASS
SRR16304275	GC2	2.5	2.5.8	GC2	2.5	2.5.8	PASS
SRR16359974	GC2	2.5	2.5.8	GC2	2.5	2.5.8	PASS
SRR16304274	GC2	2.5	2.5.8	GC2	2.5	2.5.8	PASS
SRR16474324	GC2	2.5	2.5.8	GC2	2.5	2.5.8	PASS
SRR17311617	GC2	2.5	2.5.8	GC2	2.5	2.5.8	PASS
SRR18215757	GC2	2.5	2.5.8	GC2	2.5	2.5.8	PASS
SRR16359939	GC2	2.5	2.5.8	GC2	2.5	2.5.8	PASS
ERR4436627	GC2	2.5	2.5.8	GC2	2.5	2.5.8	PASS
GCF_018789635	GC2	2.5	2.5.8	GC2	2.5	2.5.8	PASS
GCF_018422795	GC2	2.5	2.5.8	GC2	2.5	2.5.8	PASS
GCF_018422715	GC2	2.5	2.5.8	GC2	2.5	2.5.8	PASS
GCF_018422775	GC2	2.5	2.5.8	GC2	2.5	2.5.8	PASS
SRR13327197	GC2	2.5	2.5.8	GC2	2.5	2.5.8	PASS
SRR14748914	GC2	2.5	2.5.8	GC2	2.5	2.5.8	PASS
GCF_018440955	GC2	2.5	2.5.8	GC2	2.5	2.5.8	PASS
GCF_005819535	GC2	2.5	2.5.8	GC2	2.5	2.5.8	PASS
ERR2796945	GC2	2.5	2.5.8	GC2	2.5	2.5.8	PASS
GCF_904886995	GC2	2.5	2.5.8	GC2	2.5	2.5.8	PASS
GCF_018928105	GC2	2.5	2.5.8	GC2	2.5	2.5.8	PASS
GCF_018928095	GC2	2.5	2.5.8	GC2	2.5	2.5.8	PASS
GCF_018928135	GC2	2.5	2.5.8	GC2	2.5	2.5.8	PASS
GCF_018441985	GC2	2.5	2.5.8	GC2	2.5	2.5.8	PASS
GCF_018928175	GC2	2.5	2.5.8	GC2	2.5	2.5.8	PASS
GCF_018928075	GC2	2.5	2.5.8	GC2	2.5	2.5.8	PASS
GCF_018928195	GC2	2.5	2.5.8	GC2	2.5	2.5.8	PASS
GCF_018928215	GC2	2.5	2.5.8	GC2	2.5	2.5.8	PASS
GCF_020255125	GC2	2.5	2.5.8	GC2	2.5	2.5.8	PASS
SRR16798014	GC2	2.5	2.5.8	GC2	2.5	2.5.8	PASS
SRR16798017	GC2	2.5	2.5.8	GC2	2.5	2.5.8	PASS
SRR16798021	GC2	2.5	2.5.8	GC2	2.5	2.5.8	PASS
SRR16798018	GC2	2.5	2.5.8	GC2	2.5	2.5.8	PASS
SRR16798016	GC2	2.5	2.5.8	GC2	2.5	2.5.8	PASS
SRR16798019	GC2	2.5	2.5.8	GC2	2.5	2.5.8	PASS
SRR16798015	GC2	2.5	2.5.8	GC2	2.5	2.5.8	PASS
SRR16798020	GC2	2.5	2.5.8	GC2	2.5	2.5.8	PASS
GCF_901484985	GC2	2.5	2.5.8	GC2	2.5	2.5.8	PASS
GCF_901669975	GC2	2.5	2.5.8	GC2	2.5	2.5.8	PASS
ERR2796987	GC2	2.5	2.5.8	GC2	2.5	2.5.8	PASS
ERR2796938	GC2	2.5	2.5.8	GC2	2.5	2.5.8	PASS
ERR2796940	GC2	2.5	2.5.8	GC2	2.5	2.5.8	PASS
GCF_901669785	GC2	2.5	2.5.8	GC2	2.5	2.5.8	PASS
GCF_901669965	GC2	2.5	2.5.8	GC2	2.5	2.5.8	PASS
SRR16798012	GC2	2.5	2.5.8	GC2	2.5	2.5.8	PASS
SRR16798013	GC2	2.5	2.5.8	GC2	2.5	2.5.8	PASS
ERR2455357	GC2	2.5	2.5.1	GC2	2.5	2.5.1	PASS
SRR6513767	GC2	2.5	2.5.1	GC2	2.5	2.5.1	PASS
GCF_005819115	GC2	2.5	2.5.1	GC2	2.5	2.5.1	PASS
GCF_005819005	GC2	2.5	2.5.1	GC2	2.5	2.5.1	PASS
GCF_005819595	GC2	2.5	2.5.1	GC2	2.5	2.5.1	PASS
ERR2451539	GC2	2.5	2.5.1	GC2	2.5	2.5.1	PASS
SRR6513796	GC2	2.5	2.5.1	GC2	2.5	2.5.1	PASS
ERR2451920	GC2	2.5	2.5.1	GC2	2.5	2.5.1	PASS
SRR6513794	GC2	2.5	2.5.1	GC2	2.5	2.5.1	PASS
GCF_005819065	GC2	2.5	2.5.1	GC2	2.5	2.5.1	PASS
SRR6513737	GC2	2.5	2.5.1	GC2	2.5	2.5.1	PASS
ERR2455390	GC2	2.5	2.5.1	GC2	2.5	2.5.1	PASS
ERR2455397	GC2	2.5	2.5.1	GC2	2.5	2.5.1	PASS
SRR6513764	GC2	2.5	2.5.1	GC2	2.5	2.5.1	PASS
ERR2455430	GC2	2.5	2.5.1	GC2	2.5	2.5.1	PASS
ERR2455386	GC2	2.5	2.5.1	GC2	2.5	2.5.1	PASS
SRR6513736	GC2	2.5	2.5.1	GC2	2.5	2.5.1	PASS
ERR2455388	GC2	2.5	2.5.1	GC2	2.5	2.5.1	PASS
ERR2455393	GC2	2.5	2.5.1	GC2	2.5	2.5.1	PASS
SRR6513739	GC2	2.5	2.5.1	GC2	2.5	2.5.1	PASS
ERR2455391	GC2	2.5	2.5.1	GC2	2.5	2.5.1	PASS
SRR6513738	GC2	2.5	2.5.1	GC2	2.5	2.5.1	PASS
ERR2452005	GC2	2.5	2.5.1	GC2	2.5	2.5.1	PASS
SRR6513750	GC2	2.5	2.5.1	GC2	2.5	2.5.1	PASS
ERR2451536	GC2	2.5	2.5.1	GC2	2.5	2.5.1	PASS
ERR2518348	GC2	2.5	2.5.1	GC2	2.5	2.5.1	PASS
ERR2455408	GC2	2.5	2.5.1	GC2	2.5	2.5.1	PASS
SRR6513798	GC2	2.5	2.5.1	GC2	2.5	2.5.1	PASS
ERR2518413	GC2	2.5	2.5.1	GC2	2.5	2.5.1	PASS
ERR2518412	GC2	2.5	2.5.1	GC2	2.5	2.5.1	PASS
ERR2451537	GC2	2.5	2.5.1	GC2	2.5	2.5.1	PASS
SRR6513801	GC2	2.5	2.5.1	GC2	2.5	2.5.1	PASS
ERR2455358	GC2	2.5	2.5.1	GC2	2.5	2.5.1	PASS
SRR6513745	GC2	2.5	2.5.1	GC2	2.5	2.5.1	PASS
ERR2452004	GC2	2.5	2.5.1	GC2	2.5	2.5.1	PASS
ERR2452003	GC2	2.5	2.5.1	GC2	2.5	2.5.1	PASS
SRR6513787	GC2	2.5	2.5.1	GC2	2.5	2.5.1	PASS
ERR2518350	GC2	2.5	2.5.1	GC2	2.5	2.5.1	PASS
ERR2518351	GC2	2.5	2.5.1	GC2	2.5	2.5.1	PASS
SRR11589127	GC2	2.5	2.5.1	GC2	2.5	2.5.1	PASS
ERR2455431	GC2	2.5	2.5.1	GC2	2.5	2.5.1	PASS
SRR6513773	GC2	2.5	2.5.1	GC2	2.5	2.5.1	PASS
ERR2451922	GC2	2.5	2.5.1	GC2	2.5	2.5.1	PASS
ERR2451959	GC2	2.5	2.5.1	GC2	2.5	2.5.1	PASS
GCF_009759905	GC2	2.5	2.5.1	GC2	2.5	2.5.1	PASS
SRR6513792	GC2	2.5	2.5.1	GC2	2.5	2.5.1	PASS
SRR6513768	GC2	2.5	2.5.1	GC2	2.5	2.5.1	PASS
ERR2451923	GC2	2.5	2.5.1	GC2	2.5	2.5.1	PASS
SRR6513793	GC2	2.5	2.5.1	GC2	2.5	2.5.1	PASS
GCF_009760305	GC2	2.5	2.5.1	GC2	2.5	2.5.1	PASS
GCF_020255385	GC2	2.5	2.5.1	GC2	2.5	2.5.1	PASS
ERR2451957	GC2	2.5	2.5.1	GC2	2.5	2.5.1	PASS
GCF_009760235	GC2	2.5	2.5.1	GC2	2.5	2.5.1	PASS
ERR2455435	GC2	2.5	2.5.1	GC2	2.5	2.5.1	PASS
SRR6513759	GC2	2.5	2.5.1	GC2	2.5	2.5.1	PASS
ERR2455399	GC2	2.5	2.5.1	GC2	2.5	2.5.1	PASS
ERR2455436	GC2	2.5	2.5.1	GC2	2.5	2.5.1	PASS
ERR2451925	GC2	2.5	2.5.1	GC2	2.5	2.5.1	PASS
ERR2451924	GC2	2.5	2.5.1	GC2	2.5	2.5.1	PASS
SRR6513795	GC2	2.5	2.5.1	GC2	2.5	2.5.1	PASS
ERR2451958	GC2	2.5	2.5.1	GC2	2.5	2.5.1	PASS
SRR6513770	GC2	2.5	2.5.1	GC2	2.5	2.5.1	PASS
SRR6513758	GC2	2.5	2.5.1	GC2	2.5	2.5.1	PASS
ERR2451921	GC2	2.5	2.5.1	GC2	2.5	2.5.1	PASS
ERR2518361	GC2	2.5	2.5.1	GC2	2.5	2.5.1	PASS
GCF_900157405	GC2	2.5	2.5.1	GC2	2.5	2.5.1	PASS
SRR11589117	GC2	2.5	2.5.1	GC2	2.5	2.5.1	PASS
GCF_009759935	GC2	2.5	2.5.1	GC2	2.5	2.5.1	PASS
GCF_009759985	GC2	2.5	2.5.1	GC2	2.5	2.5.1	PASS
GCF_009760325	GC2	2.5	2.5.1	GC2	2.5	2.5.1	PASS
ERR2451956	GC2	2.5	2.5.1	GC2	2.5	2.5.1	PASS
SRR6513775	GC2	2.5	2.5.1	GC2	2.5	2.5.1	PASS
GCF_009760575	GC2	2.5	2.5.1	GC2	2.5	2.5.1	PASS
GCF_009760455	GC2	2.5	2.5.1	GC2	2.5	2.5.1	PASS
GCF_009760535	GC2	2.5	2.5.1	GC2	2.5	2.5.1	PASS
ERR2452102	GC2	2.5	2.5.1	GC2	2.5	2.5.1	PASS
SRR6513746	GC2	2.5	2.5.1	GC2	2.5	2.5.1	PASS
GCF_009760175	GC2	2.5	2.5.1	GC2	2.5	2.5.1	PASS
GCF_018789085	GC2	2.5	2.5.1	GC2	2.5	2.5.1	PASS
GCF_018789505	GC2	2.5	2.5.1	GC2	2.5	2.5.1	PASS
GCF_009760245	GC2	2.5	2.5.1	GC2	2.5	2.5.1	PASS
ERR2452103	GC2	2.5	2.5.1	GC2	2.5	2.5.1	PASS
SRR6513756	GC2	2.5	2.5.1	GC2	2.5	2.5.1	PASS
GCF_009760285	GC2	2.5	2.5.1	GC2	2.5	2.5.1	PASS
GCF_009760225	GC2	2.5	2.5.1	GC2	2.5	2.5.1	PASS
GCF_009760145	GC2	2.5	2.5.1	GC2	2.5	2.5.1	PASS
GCF_009760445	GC2	2.5	2.5.1	GC2	2.5	2.5.1	PASS
GCF_018420825	GC2	2.5	2.5.1	GC2	2.5	2.5.1	PASS
ERR2452104	GC2	2.5	2.5.1	GC2	2.5	2.5.1	PASS
SRR6513741	GC2	2.5	2.5.1	GC2	2.5	2.5.1	PASS
GCF_009760085	GC2	2.5	2.5.1	GC2	2.5	2.5.1	PASS
GCF_009760015	GC2	2.5	2.5.1	GC2	2.5	2.5.1	PASS
SRR11589126	GC2	2.5	2.5.1	GC2	2.5	2.5.1	PASS
GCF_009760155	GC2	2.5	2.5.1	GC2	2.5	2.5.1	PASS
GCF_009760315	GC2	2.5	2.5.1	GC2	2.5	2.5.1	PASS
GCF_009760645	GC2	2.5	2.5.1	GC2	2.5	2.5.1	PASS
GCF_009760005	GC2	2.5	2.5.1	GC2	2.5	2.5.1	PASS
ERR5928261	GC2	2.5	2.5.1	GC2	2.5	2.5.1	PASS
GCF_009759925	GC2	2.5	2.5.1	GC2	2.5	2.5.1	PASS
GCF_009760365	GC2	2.5	2.5.1	GC2	2.5	2.5.1	PASS
GCF_009760565	GC2	2.5	2.5.1	GC2	2.5	2.5.1	PASS
GCF_009760625	GC2	2.5	2.5.1	GC2	2.5	2.5.1	PASS
GCF_009760605	GC2	2.5	2.5.1	GC2	2.5	2.5.1	PASS
GCF_009760635	GC2	2.5	2.5.1	GC2	2.5	2.5.1	PASS
GCF_009760715	GC2	2.5	2.5.1	GC2	2.5	2.5.1	PASS
GCF_009760685	GC2	2.5	2.5.1	GC2	2.5	2.5.1	PASS
GCF_009760705	GC2	2.5	2.5.1	GC2	2.5	2.5.1	PASS
GCF_009760775	GC2	2.5	2.5.1	GC2	2.5	2.5.1	PASS
GCF_009760385	GC2	2.5	2.5.1	GC2	2.5	2.5.1	PASS
GCF_009760725	GC2	2.5	2.5.1	GC2	2.5	2.5.1	PASS
GCF_009760105	GC2	2.5	2.5.1	GC2	2.5	2.5.1	PASS
SRR2075902	GC2	2.5	2.5.1	GC2	2.5	2.5.1	PASS
ERR2452000	GC2	2.5	2.5.1	GC2	2.5	2.5.1	PASS
SRR6513769	GC2	2.5	2.5.1	GC2	2.5	2.5.1	PASS
ERR2452001	GC2	2.5	2.5.1	GC2	2.5	2.5.1	PASS
SRR6513772	GC2	2.5	2.5.1	GC2	2.5	2.5.1	PASS
SRR11589120	GC2	2.5	2.5.1	GC2	2.5	2.5.1	PASS
ERR2455405	GC2	2.5	2.5.1	GC2	2.5	2.5.1	PASS
SRR6513800	GC2	2.5	2.5.1	GC2	2.5	2.5.1	PASS
ERR2712397	GC2	2.5	2.5.1	GC2	2.5	2.5.1	PASS
GCF_009760065	GC2	2.5	2.5.1	GC2	2.5	2.5.1	PASS
GCF_009760165	GC2	2.5	2.5.1	GC2	2.5	2.5.1	PASS
ERR2452100	GC2	2.5	2.5.1	GC2	2.5	2.5.1	PASS
SRR6513744	GC2	2.5	2.5.1	GC2	2.5	2.5.1	PASS
ERR3181585	GC2	2.5	2.5.1	GC2	2.5	2.5.1	PASS
ERR4436752	GC2	2.5	2.5.1	GC2	2.5	2.5.1	PASS
GCF_009760075	GC2	2.5	2.5.1	GC2	2.5	2.5.1	PASS
ERR2452002	GC2	2.5	2.5.1	GC2	2.5	2.5.1	PASS
SRR6513786	GC2	2.5	2.5.1	GC2	2.5	2.5.1	PASS
ERR2455466	GC2	2.5	2.5.1	GC2	2.5	2.5.1	PASS
ERR246748	GC2	2.5	2.5.1	GC2	2.5	2.5.1	PASS
ERR246724	GC2	2.5	2.5.1	GC2	2.5	2.5.1	PASS
ERR246726	GC2	2.5	2.5.1	GC2	2.5	2.5.1	PASS
ERR246715	GC2	2.5	2.5.1	GC2	2.5	2.5.1	PASS
SRR11746285	GC2	2.5	2.5.1	GC2	2.5	2.5.1	PASS
ERR246740	GC2	2.5	2.5.1	GC2	2.5	2.5.1	PASS
ERR246728	GC2	2.5	2.5.1	GC2	2.5	2.5.1	PASS
ERR246719	GC2	2.5	2.5.1	GC2	2.5	2.5.1	PASS
ERR246711	GC2	2.5	2.5.1	GC2	2.5	2.5.1	PASS
ERR246763	GC2	2.5	2.5.1	GC2	2.5	2.5.1	PASS
ERR246693	GC2	2.5	2.5.1	GC2	2.5	2.5.1	PASS
ERR246686	GC2	2.5	2.5.1	GC2	2.5	2.5.1	PASS
ERR246701	GC2	2.5	2.5.1	GC2	2.5	2.5.1	PASS
ERR246732	GC2	2.5	2.5.1	GC2	2.5	2.5.1	PASS
ERR246733	GC2	2.5	2.5.1	GC2	2.5	2.5.1	PASS
ERR246772	GC2	2.5	2.5.1	GC2	2.5	2.5.1	PASS
SRR11589245	GC2	2.5	2.5.1	GC2	2.5	2.5.1	PASS
GCF_009760525	GC2	2.5	2.5.3	GC2	2.5	2.5.3	PASS
SRR16508431	GC2	2.5	2.5.3	GC2	2.5	2.5.3	PASS
SRR6513753	GC2	2.5	2.5.3	GC2	2.5	2.5.3	PASS
ERR2518364	GC2	2.5	2.5.3	GC2	2.5	2.5.3	PASS
SRR2075950	GC2	2.5	2.5.3	GC2	2.5	2.5.3	PASS
ERR2455467	GC2	2.5	2.5.3	GC2	2.5	2.5.3	PASS
ERR2455468	GC2	2.5	2.5.3	GC2	2.5	2.5.3	PASS
ERR2518345	GC2	2.5	2.5.3	GC2	2.5	2.5.3	PASS
SRR16508430	GC2	2.5	2.5.3	GC2	2.5	2.5.3	PASS
GCF_904884485	GC2	2.5	2.5.3	GC2	2.5	2.5.3	PASS
GCF_904884655	GC2	2.5	2.5.3	GC2	2.5	2.5.3	PASS
ERR2712405	GC2	2.5	2.5.3	GC2	2.5	2.5.3	PASS
GCF_014530735	GC2	2.5	2.5.3	GC2	2.5	2.5.3	PASS
ERR2712988	GC2	2.5	2.5.3	GC2	2.5	2.5.3	PASS
ERR2712990	GC2	2.5	2.5.3	GC2	2.5	2.5.3	PASS
ERR2712985	GC2	2.5	2.5.3	GC2	2.5	2.5.3	PASS
ERR2712986	GC2	2.5	2.5.3	GC2	2.5	2.5.3	PASS
ERR2712987	GC2	2.5	2.5.3	GC2	2.5	2.5.3	PASS
ERR5000190	GC2	2.5	2.5.3	GC2	2.5	2.5.3	PASS
SRR12905341	GC2	2.5	2.5.3	GC2	2.5	2.5.3	PASS
GCF_005819725	GC2	2.5	2.5.3	GC2	2.5	2.5.3	PASS
ERR2711676	GC2	2.5	2.5.3	GC2	2.5	2.5.3	PASS
GCF_018788795	GC2	2.5	2.5.3	GC2	2.5	2.5.3	PASS
GCF_018444235	GC2	2.5	2.5.3	GC2	2.5	2.5.3	PASS
GCF_904886955	GC2	2.5	2.5.3	GC2	2.5	2.5.3	PASS
SRR11589177	GC2	2.5	2.5.3	GC2	2.5	2.5.3	PASS
ERR4766639	GC2	2.5	2.5.3	GC2	2.5	2.5.3	PASS
GCF_001640065	GC2	2.5	2.5.3	GC2	2.5	2.5.3	PASS
SRR11589183	GC2	2.5	2.5.3	GC2	2.5	2.5.3	PASS
ERR246750	GC2	2.5	2.5.4	GC2	2.5	2.5.4	PASS
ERR246685	GC2	2.5	2.5.4	GC2	2.5	2.5.4	PASS
ERR246749	GC2	2.5	2.5.4	GC2	2.5	2.5.4	PASS
ERR246694	GC2	2.5	2.5.4	GC2	2.5	2.5.4	PASS
ERR246727	GC2	2.5	2.5.4	GC2	2.5	2.5.4	PASS
GCF_900495035	GC2	2.5	2.5.4	GC2	2.5	2.5.4	PASS
SRR2075896	GC2	2.5	2.5.4	GC2	2.5	2.5.4	PASS
GCF_003006995	GC2	2.5	2.5.2	GC2	2.5	2.5.2	PASS
GCF_000805055	GC2	2.5	2.5.2	GC2	2.5	2.5.2	PASS
GCF_003007015	GC2	2.5	2.5.2	GC2	2.5	2.5.2	PASS
GCF_003007115	GC2	2.5	2.5.2	GC2	2.5	2.5.2	PASS
GCF_000804725	GC2	2.5	2.5.2	GC2	2.5	2.5.2	PASS
GCF_005785385	GC2	2.5	2.5.2	GC2	2.5	2.5.2	PASS
GCF_003007065	GC2	2.5	2.5.2	GC2	2.5	2.5.2	PASS
GCF_005785125	GC2	2.5	2.5.2	GC2	2.5	2.5.2	PASS
GCF_005784435	GC2	2.5	2.5.2	GC2	2.5	2.5.2	PASS
GCF_005785215	GC2	2.5	2.5.2	GC2	2.5	2.5.2	PASS
GCF_000805595	GC2	2.5	2.5.2	GC2	2.5	2.5.2	PASS
GCF_002837005	GC2	2.5	2.5.2	GC2	2.5	2.5.2	PASS
GCF_002837035	GC2	2.5	2.5.2	GC2	2.5	2.5.2	PASS
GCF_001573065	GC2	2.5	2.5.2	GC2	2.5	2.5.2	PASS
ERR246702	GC2	2.5	2.5.2	GC2	2.5	2.5.2	PASS
GCF_003006975	GC2	2.5	2.5.2	GC2	2.5	2.5.2	PASS
GCF_003006835	GC2	2.5	2.5.2	GC2	2.5	2.5.2	PASS
GCF_003007335	GC2	2.5	2.5.2	GC2	2.5	2.5.2	PASS
GCF_015694675	GC2	2.5	2.5.2	GC2	2.5	2.5.2	PASS
GCF_006365965	GC2	2.5	2.5.2	GC2	2.5	2.5.2	PASS
GCF_006367895	GC2	2.5	2.5.2	GC2	2.5	2.5.2	PASS
GCF_014267385	GC2	2.5	2.5.2	GC2	2.5	2.5.2	PASS
GCF_000723045	GC2	2.5	2.5.2	GC2	2.5	2.5.2	PASS
GCF_000723055	GC2	2.5	2.5.2	GC2	2.5	2.5.2	PASS
GCF_000723075	GC2	2.5	2.5.2	GC2	2.5	2.5.2	PASS
GCF_003006885	GC2	2.5	2.5.2	GC2	2.5	2.5.2	PASS
GCF_003007355	GC2	2.5	2.5.2	GC2	2.5	2.5.2	PASS
GCF_003007485	GC2	2.5	2.5.2	GC2	2.5	2.5.2	PASS
GCF_003007405	GC2	2.5	2.5.2	GC2	2.5	2.5.2	PASS
GCF_015694555	GC2	2.5	2.5.2	GC2	2.5	2.5.2	PASS
GCF_016745955	GC2	2.5	2.5.2	GC2	2.5	2.5.2	PASS
GCF_003007515	GC2	2.5	2.5.2	GC2	2.5	2.5.2	PASS
SRR12008639	GC2	2.5	2.5.2	GC2	2.5	2.5.2	PASS
GCF_016745805	GC2	2.5	2.5.2	GC2	2.5	2.5.2	PASS
GCF_003007135	GC2	2.5	2.5.2	GC2	2.5	2.5.2	PASS
GCF_008000275	GC2	2.5	2.5.2	GC2	2.5	2.5.2	PASS
GCF_008000125	GC2	2.5	2.5.2	GC2	2.5	2.5.2	PASS
GCF_007113605	GC2	2.5	2.5.2	GC2	2.5	2.5.2	PASS
GCF_016745855	GC2	2.5	2.5.2	GC2	2.5	2.5.2	PASS
GCF_016746015	GC2	2.5	2.5.2	GC2	2.5	2.5.2	PASS
GCF_007999625	GC2	2.5	2.5.2	GC2	2.5	2.5.2	PASS
GCF_008000085	GC2	2.5	2.5.2	GC2	2.5	2.5.2	PASS
GCF_008000095	GC2	2.5	2.5.2	GC2	2.5	2.5.2	PASS
GCF_008000025	GC2	2.5	2.5.2	GC2	2.5	2.5.2	PASS
GCF_008000065	GC2	2.5	2.5.2	GC2	2.5	2.5.2	PASS
GCF_016746055	GC2	2.5	2.5.2	GC2	2.5	2.5.2	PASS
GCF_016745575	GC2	2.5	2.5.2	GC2	2.5	2.5.2	PASS
GCF_016745775	GC2	2.5	2.5.2	GC2	2.5	2.5.2	PASS
GCF_016746075	GC2	2.5	2.5.2	GC2	2.5	2.5.2	PASS
GCF_016745555	GC2	2.5	2.5.2	GC2	2.5	2.5.2	PASS
GCF_016745585	GC2	2.5	2.5.2	GC2	2.5	2.5.2	PASS
GCF_016745655	GC2	2.5	2.5.2	GC2	2.5	2.5.2	PASS
GCF_016745755	GC2	2.5	2.5.2	GC2	2.5	2.5.2	PASS
GCF_016745915	GC2	2.5	2.5.2	GC2	2.5	2.5.2	PASS
GCF_016745515	GC2	2.5	2.5.2	GC2	2.5	2.5.2	PASS
GCF_007113615	GC2	2.5	2.5.2	GC2	2.5	2.5.2	PASS
GCF_016745475	GC2	2.5	2.5.2	GC2	2.5	2.5.2	PASS
GCF_007113645	GC2	2.5	2.5.2	GC2	2.5	2.5.2	PASS
GCF_016745795	GC2	2.5	2.5.2	GC2	2.5	2.5.2	PASS
GCF_016746035	GC2	2.5	2.5.2	GC2	2.5	2.5.2	PASS
GCF_016745625	GC2	2.5	2.5.2	GC2	2.5	2.5.2	PASS
GCF_016745735	GC2	2.5	2.5.2	GC2	2.5	2.5.2	PASS
GCF_016745675	GC2	2.5	2.5.2	GC2	2.5	2.5.2	PASS
GCF_016745995	GC2	2.5	2.5.2	GC2	2.5	2.5.2	PASS
GCF_007115055	GC2	2.5	2.5.2	GC2	2.5	2.5.2	PASS
GCF_006937715	GC2	2.5	2.5.2	GC2	2.5	2.5.2	PASS
GCF_016745935	GC2	2.5	2.5.2	GC2	2.5	2.5.2	PASS
GCF_016745455	GC2	2.5	2.5.2	GC2	2.5	2.5.2	PASS
GCF_003006875	GC2	2.5	2.5.2	GC2	2.5	2.5.2	PASS
GCF_003006845	GC2	2.5	2.5.2	GC2	2.5	2.5.2	PASS
GCF_003007055	GC2	2.5	2.5.2	GC2	2.5	2.5.2	PASS
GCF_003007475	GC2	2.5	2.5.2	GC2	2.5	2.5.2	PASS
GCF_003007095	GC2	2.5	2.5.2	GC2	2.5	2.5.2	PASS
GCF_003007435	GC2	2.5	2.5.2	GC2	2.5	2.5.2	PASS
SRR12008605	GC2	2.5	2.5.2	GC2	2.5	2.5.2	PASS
GCF_008000075	GC2	2.5	2.5.2	GC2	2.5	2.5.2	PASS
GCF_008000045	GC2	2.5	2.5.2	GC2	2.5	2.5.2	PASS
SRR12008585	GC2	2.5	2.5.2	GC2	2.5	2.5.2	PASS
SRR12008591	GC2	2.5	2.5.2	GC2	2.5	2.5.2	PASS
GCF_003007025	GC2	2.5	2.5.2	GC2	2.5	2.5.2	PASS
GCF_900495225	GC2	2.5	2.5.2	GC2	2.5	2.5.2	PASS
SRR14748920	GC2	2.5	2.5.2	GC2	2.5	2.5.2	PASS
ERR246722	GC2	2.5	2.5.2	GC2	2.5	2.5.2	PASS
GCF_005819375	GC2	2.5	2.5.2	GC2	2.5	2.5.2	PASS
ERR246769	GC2	2.5	NA	GC2	2.5	NA	UNRESOLVED
GCF_000805545	GC2	2.5	NA	GC2	2.5	NA	UNRESOLVED
GCF_003020385	GC2	2.5	2.5.6	GC2	2.5	2.5.6	PASS
SRR17084751	GC2	2.5	2.5.6	GC2	2.5	2.5.6	PASS
SRR13085624	GC2	2.5	2.5.6	GC2	2.5	2.5.6	PASS
SRR13130531	GC2	2.5	2.5.6	GC2	2.5	2.5.6	PASS
SRR14433850	GC2	2.5	2.5.6	GC2	2.5	2.5.6	PASS
SRR14832329	GC2	2.5	2.5.6	GC2	2.5	2.5.6	PASS
SRR13158615	GC2	2.5	2.5.6	GC2	2.5	2.5.6	PASS
SRR16200898	GC2	2.5	2.5.6	GC2	2.5	2.5.6	PASS
SRR12903876	GC2	2.5	2.5.6	GC2	2.5	2.5.6	PASS
SRR16506229	GC2	2.5	2.5.6	GC2	2.5	2.5.6	PASS
SRR13130537	GC2	2.5	2.5.6	GC2	2.5	2.5.6	PASS
SRR13119843	GC2	2.5	2.5.6	GC2	2.5	2.5.6	PASS
SRR14433876	GC2	2.5	2.5.6	GC2	2.5	2.5.6	PASS
SRR18197327	GC2	2.5	2.5.6	GC2	2.5	2.5.6	PASS
SRR18197331	GC2	2.5	2.5.6	GC2	2.5	2.5.6	PASS
GCF_003941815	GC2	2.5	2.5.6	GC2	2.5	2.5.6	PASS
GCF_003941195	GC2	2.5	2.5.6	GC2	2.5	2.5.6	PASS
GCF_003939465	GC2	2.5	2.5.6	GC2	2.5	2.5.6	PASS
GCF_003941125	GC2	2.5	2.5.6	GC2	2.5	2.5.6	PASS
GCF_003939505	GC2	2.5	2.5.6	GC2	2.5	2.5.6	PASS
GCF_003941795	GC2	2.5	2.5.6	GC2	2.5	2.5.6	PASS
SRR13156978	GC2	2.5	2.5.6	GC2	2.5	2.5.6	PASS
SRR13130399	GC2	2.5	2.5.6	GC2	2.5	2.5.6	PASS
SRR13088654	GC2	2.5	2.5.6	GC2	2.5	2.5.6	PASS
SRR13088643	GC2	2.5	2.5.6	GC2	2.5	2.5.6	PASS
SRR13158640	GC2	2.5	2.5.6	GC2	2.5	2.5.6	PASS
SRR13130400	GC2	2.5	2.5.6	GC2	2.5	2.5.6	PASS
SRR13158503	GC2	2.5	2.5.6	GC2	2.5	2.5.6	PASS
SRR13158532	GC2	2.5	2.5.6	GC2	2.5	2.5.6	PASS
SRR13158635	GC2	2.5	2.5.6	GC2	2.5	2.5.6	PASS
SRR13158639	GC2	2.5	2.5.6	GC2	2.5	2.5.6	PASS
SRR13118762	GC2	2.5	2.5.6	GC2	2.5	2.5.6	PASS
SRR13118728	GC2	2.5	2.5.6	GC2	2.5	2.5.6	PASS
SRR13118742	GC2	2.5	2.5.6	GC2	2.5	2.5.6	PASS
SRR13118741	GC2	2.5	2.5.6	GC2	2.5	2.5.6	PASS
SRR18192509	GC2	2.5	2.5.6	GC2	2.5	2.5.6	PASS
SRR13118750	GC2	2.5	2.5.6	GC2	2.5	2.5.6	PASS
SRR13118748	GC2	2.5	2.5.6	GC2	2.5	2.5.6	PASS
SRR13118754	GC2	2.5	2.5.6	GC2	2.5	2.5.6	PASS
SRR13118752	GC2	2.5	2.5.6	GC2	2.5	2.5.6	PASS
SRR13118749	GC2	2.5	2.5.6	GC2	2.5	2.5.6	PASS
SRR13118753	GC2	2.5	2.5.6	GC2	2.5	2.5.6	PASS
SRR18192520	GC2	2.5	2.5.6	GC2	2.5	2.5.6	PASS
SRR13118761	GC2	2.5	2.5.6	GC2	2.5	2.5.6	PASS
SRR18197339	GC2	2.5	2.5.6	GC2	2.5	2.5.6	PASS
SRR13118743	GC2	2.5	2.5.6	GC2	2.5	2.5.6	PASS
SRR18192431	GC2	2.5	2.5.6	GC2	2.5	2.5.6	PASS
SRR13158492	GC2	2.5	2.5.6	GC2	2.5	2.5.6	PASS
SRR14832330	GC2	2.5	2.5.6	GC2	2.5	2.5.6	PASS
SRR13145348	GC2	2.5	2.5.6	GC2	2.5	2.5.6	PASS
SRR13085628	GC2	2.5	2.5.6	GC2	2.5	2.5.6	PASS
SRR13085625	GC2	2.5	2.5.6	GC2	2.5	2.5.6	PASS
SRR13085623	GC2	2.5	2.5.6	GC2	2.5	2.5.6	PASS
SRR13085626	GC2	2.5	2.5.6	GC2	2.5	2.5.6	PASS
SRR13088659	GC2	2.5	2.5.6	GC2	2.5	2.5.6	PASS
SRR13158587	GC2	2.5	2.5.6	GC2	2.5	2.5.6	PASS
SRR18197323	GC2	2.5	2.5.6	GC2	2.5	2.5.6	PASS
SRR18197325	GC2	2.5	2.5.6	GC2	2.5	2.5.6	PASS
SRR16506226	GC2	2.5	2.5.6	GC2	2.5	2.5.6	PASS
SRR17084748	GC2	2.5	2.5.6	GC2	2.5	2.5.6	PASS
SRR16200936	GC2	2.5	2.5.6	GC2	2.5	2.5.6	PASS
SRR13145349	GC2	2.5	2.5.6	GC2	2.5	2.5.6	PASS
SRR13158494	GC2	2.5	2.5.6	GC2	2.5	2.5.6	PASS
SRR18192425	GC2	2.5	2.5.6	GC2	2.5	2.5.6	PASS
SRR13159141	GC2	2.5	2.5.6	GC2	2.5	2.5.6	PASS
SRR12903842	GC2	2.5	2.5.6	GC2	2.5	2.5.6	PASS
SRR13619209	GC2	2.5	2.5.6	GC2	2.5	2.5.6	PASS
SRR13118756	GC2	2.5	2.5.6	GC2	2.5	2.5.6	PASS
SRR13118759	GC2	2.5	2.5.6	GC2	2.5	2.5.6	PASS
SRR13118760	GC2	2.5	2.5.6	GC2	2.5	2.5.6	PASS
SRR14433888	GC2	2.5	2.5.6	GC2	2.5	2.5.6	PASS
SRR18192419	GC2	2.5	2.5.6	GC2	2.5	2.5.6	PASS
SRR13119846	GC2	2.5	2.5.6	GC2	2.5	2.5.6	PASS
SRR13119841	GC2	2.5	2.5.6	GC2	2.5	2.5.6	PASS
SRR13119962	GC2	2.5	2.5.6	GC2	2.5	2.5.6	PASS
SRR13158641	GC2	2.5	2.5.6	GC2	2.5	2.5.6	PASS
SRR13119840	GC2	2.5	2.5.6	GC2	2.5	2.5.6	PASS
SRR18197329	GC2	2.5	2.5.6	GC2	2.5	2.5.6	PASS
SRR13619208	GC2	2.5	2.5.6	GC2	2.5	2.5.6	PASS
SRR14433889	GC2	2.5	2.5.6	GC2	2.5	2.5.6	PASS
SRR16506221	GC2	2.5	2.5.6	GC2	2.5	2.5.6	PASS
SRR16200920	GC2	2.5	2.5.6	GC2	2.5	2.5.6	PASS
SRR16506216	GC2	2.5	2.5.6	GC2	2.5	2.5.6	PASS
SRR12903821	GC2	2.5	2.5.6	GC2	2.5	2.5.6	PASS
SRR14832338	GC2	2.5	2.5.6	GC2	2.5	2.5.6	PASS
SRR14832325	GC2	2.5	2.5.6	GC2	2.5	2.5.6	PASS
SRR14433844	GC2	2.5	2.5.6	GC2	2.5	2.5.6	PASS
SRR13619225	GC2	2.5	2.5.6	GC2	2.5	2.5.6	PASS
SRR14433842	GC2	2.5	2.5.6	GC2	2.5	2.5.6	PASS
SRR17084753	GC2	2.5	2.5.6	GC2	2.5	2.5.6	PASS
SRR14433829	GC2	2.5	2.5.6	GC2	2.5	2.5.6	PASS
SRR13619232	GC2	2.5	2.5.6	GC2	2.5	2.5.6	PASS
SRR13619169	GC2	2.5	2.5.6	GC2	2.5	2.5.6	PASS
SRR14832335	GC2	2.5	2.5.6	GC2	2.5	2.5.6	PASS
SRR14832328	GC2	2.5	2.5.6	GC2	2.5	2.5.6	PASS
SRR12903824	GC2	2.5	2.5.6	GC2	2.5	2.5.6	PASS
SRR13619156	GC2	2.5	2.5.6	GC2	2.5	2.5.6	PASS
SRR16200937	GC2	2.5	2.5.6	GC2	2.5	2.5.6	PASS
SRR16200914	GC2	2.5	2.5.6	GC2	2.5	2.5.6	PASS
SRR16200921	GC2	2.5	2.5.6	GC2	2.5	2.5.6	PASS
SRR14832342	GC2	2.5	2.5.6	GC2	2.5	2.5.6	PASS
SRR16200941	GC2	2.5	2.5.6	GC2	2.5	2.5.6	PASS
SRR13619152	GC2	2.5	2.5.6	GC2	2.5	2.5.6	PASS
SRR13619159	GC2	2.5	2.5.6	GC2	2.5	2.5.6	PASS
SRR14433872	GC2	2.5	2.5.6	GC2	2.5	2.5.6	PASS
SRR16200910	GC2	2.5	2.5.6	GC2	2.5	2.5.6	PASS
SRR16200900	GC2	2.5	2.5.6	GC2	2.5	2.5.6	PASS
SRR16506223	GC2	2.5	2.5.6	GC2	2.5	2.5.6	PASS
SRR16200909	GC2	2.5	2.5.6	GC2	2.5	2.5.6	PASS
SRR16200942	GC2	2.5	2.5.6	GC2	2.5	2.5.6	PASS
SRR13619151	GC2	2.5	2.5.6	GC2	2.5	2.5.6	PASS
SRR13619176	GC2	2.5	2.5.6	GC2	2.5	2.5.6	PASS
SRR14433843	GC2	2.5	2.5.6	GC2	2.5	2.5.6	PASS
SRR13619221	GC2	2.5	2.5.6	GC2	2.5	2.5.6	PASS
SRR13619205	GC2	2.5	2.5.6	GC2	2.5	2.5.6	PASS
SRR12903839	GC2	2.5	2.5.6	GC2	2.5	2.5.6	PASS
SRR13619222	GC2	2.5	2.5.6	GC2	2.5	2.5.6	PASS
SRR13619201	GC2	2.5	2.5.6	GC2	2.5	2.5.6	PASS
SRR13619191	GC2	2.5	2.5.6	GC2	2.5	2.5.6	PASS
SRR13619175	GC2	2.5	2.5.6	GC2	2.5	2.5.6	PASS
SRR14433875	GC2	2.5	2.5.6	GC2	2.5	2.5.6	PASS
SRR17084758	GC2	2.5	2.5.6	GC2	2.5	2.5.6	PASS
SRR12903838	GC2	2.5	2.5.6	GC2	2.5	2.5.6	PASS
SRR13619183	GC2	2.5	2.5.6	GC2	2.5	2.5.6	PASS
SRR18192511	GC2	2.5	2.5.6	GC2	2.5	2.5.6	PASS
SRR13118730	GC2	2.5	2.5.6	GC2	2.5	2.5.6	PASS
SRR18192435	GC2	2.5	2.5.6	GC2	2.5	2.5.6	PASS
SRR18192508	GC2	2.5	2.5.6	GC2	2.5	2.5.6	PASS
SRR13130529	GC2	2.5	2.5.6	GC2	2.5	2.5.6	PASS
GCF_900495245	GC2	2.5	2.5.6	GC2	2.5	2.5.6	PASS
ERR1227295	GC2	2.5	2.5.6	GC2	2.5	2.5.6	PASS
ERR1227232	GC2	2.5	2.5.6	GC2	2.5	2.5.6	PASS
ERR1227264	GC2	2.5	2.5.6	GC2	2.5	2.5.6	PASS
GCF_900496875	GC2	2.5	2.5.6	GC2	2.5	2.5.6	PASS
SRR13711005	GC2	2.5	2.5.6	GC2	2.5	2.5.6	PASS
SRR13711008	GC2	2.5	2.5.6	GC2	2.5	2.5.6	PASS
SRR13711013	GC2	2.5	2.5.6	GC2	2.5	2.5.6	PASS
GCF_003984795	GC2	2.5	2.5.6	GC2	2.5	2.5.6	PASS
ERR5173552	GC2	2.5	2.5.6	GC2	2.5	2.5.6	PASS
ERR3181566	GC2	2.5	2.5.6	GC2	2.5	2.5.6	PASS
SRR11589132	GC2	2.5	2.5.6	GC2	2.5	2.5.6	PASS
SRR5739047	GC2	2.5	2.5.6	GC2	2.5	2.5.6	PASS
SRR5739117	GC2	2.5	2.5.6	GC2	2.5	2.5.6	PASS
ERR5173554	GC2	2.5	2.5.6	GC2	2.5	2.5.6	PASS
ERR5173551	GC2	2.5	2.5.6	GC2	2.5	2.5.6	PASS
GCF_003347325	GC2	2.5	2.5.6	GC2	2.5	2.5.6	PASS
GCF_003039475	GC2	2.5	2.5.6	GC2	2.5	2.5.6	PASS
GCF_003347305	GC2	2.5	2.5.6	GC2	2.5	2.5.6	PASS
GCF_017965745	GC2	2.5	2.5.6	GC2	2.5	2.5.6	PASS
GCF_018604365	GC2	2.5	2.5.6	GC2	2.5	2.5.6	PASS
GCF_016901145	GC2	2.5	2.5.6	GC2	2.5	2.5.6	PASS
GCF_017897365	GC2	2.5	2.5.6	GC2	2.5	2.5.6	PASS
GCF_017897385	GC2	2.5	2.5.6	GC2	2.5	2.5.6	PASS
GCF_017897505	GC2	2.5	2.5.6	GC2	2.5	2.5.6	PASS
GCF_017897645	GC2	2.5	2.5.6	GC2	2.5	2.5.6	PASS
GCF_017897655	GC2	2.5	2.5.6	GC2	2.5	2.5.6	PASS
GCF_017897725	GC2	2.5	2.5.6	GC2	2.5	2.5.6	PASS
GCF_017897405	GC2	2.5	2.5.6	GC2	2.5	2.5.6	PASS
GCF_017897745	GC2	2.5	2.5.6	GC2	2.5	2.5.6	PASS
GCF_017897485	GC2	2.5	2.5.6	GC2	2.5	2.5.6	PASS
GCF_017897685	GC2	2.5	2.5.6	GC2	2.5	2.5.6	PASS
GCF_017897755	GC2	2.5	2.5.6	GC2	2.5	2.5.6	PASS
GCF_017897325	GC2	2.5	2.5.6	GC2	2.5	2.5.6	PASS
GCF_017897535	GC2	2.5	2.5.6	GC2	2.5	2.5.6	PASS
GCF_017965785	GC2	2.5	2.5.6	GC2	2.5	2.5.6	PASS
GCF_001910675	GC2	2.5	2.5.6	GC2	2.5	2.5.6	PASS
GCF_003347385	GC2	2.5	2.5.6	GC2	2.5	2.5.6	PASS
GCF_001910595	GC2	2.5	2.5.6	GC2	2.5	2.5.6	PASS
GCF_003039035	GC2	2.5	2.5.6	GC2	2.5	2.5.6	PASS
ERR5173548	GC2	2.5	2.5.6	GC2	2.5	2.5.6	PASS
ERR5173556	GC2	2.5	2.5.6	GC2	2.5	2.5.6	PASS
SRR18499943	GC2	2.5	2.5.6	GC2	2.5	2.5.6	PASS
SRR18499991	GC2	2.5	2.5.6	GC2	2.5	2.5.6	PASS
ERR4436598	GC2	2.5	2.5.6	GC2	2.5	2.5.6	PASS
GCF_014882995	GC2	2.5	2.5.6	GC2	2.5	2.5.6	PASS
GCF_014883115	GC2	2.5	2.5.6	GC2	2.5	2.5.6	PASS
SRR18499961	GC2	2.5	2.5.6	GC2	2.5	2.5.6	PASS
SRR18499964	GC2	2.5	2.5.6	GC2	2.5	2.5.6	PASS
SRR18499998	GC2	2.5	2.5.6	GC2	2.5	2.5.6	PASS
SRR18499989	GC2	2.5	2.5.6	GC2	2.5	2.5.6	PASS
ERR4436593	GC2	2.5	2.5.6	GC2	2.5	2.5.6	PASS
SRR18500000	GC2	2.5	2.5.6	GC2	2.5	2.5.6	PASS
ERR2712194	GC2	2.5	2.5.6	GC2	2.5	2.5.6	PASS
GCF_006369845	GC2	2.5	2.5.6	GC2	2.5	2.5.6	PASS
GCF_006369795	GC2	2.5	2.5.6	GC2	2.5	2.5.6	PASS
GCF_020254775	GC2	2.5	2.5.6	GC2	2.5	2.5.6	PASS
SRR18499938	GC2	2.5	2.5.6	GC2	2.5	2.5.6	PASS
SRR18499927	GC2	2.5	2.5.6	GC2	2.5	2.5.6	PASS
SRR18499925	GC2	2.5	2.5.6	GC2	2.5	2.5.6	PASS
SRR18499933	GC2	2.5	2.5.6	GC2	2.5	2.5.6	PASS
GCF_020255965	GC2	2.5	2.5.6	GC2	2.5	2.5.6	PASS
GCF_006369805	GC2	2.5	2.5.6	GC2	2.5	2.5.6	PASS
GCF_018422875	GC2	2.5	2.5.6	GC2	2.5	2.5.6	PASS
GCF_018422895	GC2	2.5	2.5.6	GC2	2.5	2.5.6	PASS
SRR18499970	GC2	2.5	2.5.6	GC2	2.5	2.5.6	PASS
SRR18499972	GC2	2.5	2.5.6	GC2	2.5	2.5.6	PASS
SRR18499973	GC2	2.5	2.5.6	GC2	2.5	2.5.6	PASS
GCF_018788835	GC2	2.5	2.5.6	GC2	2.5	2.5.6	PASS
SRR18499994	GC2	2.5	2.5.6	GC2	2.5	2.5.6	PASS
SRR18499997	GC2	2.5	2.5.6	GC2	2.5	2.5.6	PASS
SRR18500002	GC2	2.5	2.5.6	GC2	2.5	2.5.6	PASS
SRR18499934	GC2	2.5	2.5.6	GC2	2.5	2.5.6	PASS
SRR18499939	GC2	2.5	2.5.6	GC2	2.5	2.5.6	PASS
SRR18499954	GC2	2.5	2.5.6	GC2	2.5	2.5.6	PASS
SRR18499941	GC2	2.5	2.5.6	GC2	2.5	2.5.6	PASS
GCF_002212535	GC2	2.5	2.5.6	GC2	2.5	2.5.6	PASS
GCF_018445045	GC2	2.5	2.5.6	GC2	2.5	2.5.6	PASS
GCF_002212385	GC2	2.5	2.5.6	GC2	2.5	2.5.6	PASS
SRR3928987	GC2	2.5	2.5.6	GC2	2.5	2.5.6	PASS
GCF_002212405	GC2	2.5	2.5.6	GC2	2.5	2.5.6	PASS
SRR3928989	GC2	2.5	2.5.6	GC2	2.5	2.5.6	PASS
SRR18499917	GC2	2.5	2.5.6	GC2	2.5	2.5.6	PASS
SRR18500006	GC2	2.5	2.5.6	GC2	2.5	2.5.6	PASS
ERR4999569	GC2	2.5	2.5.6	GC2	2.5	2.5.6	PASS
GCF_003941545	GC2	2.5	2.5.6	GC2	2.5	2.5.6	PASS
GCF_003941435	GC2	2.5	2.5.6	GC2	2.5	2.5.6	PASS
GCF_003940135	GC2	2.5	2.5.6	GC2	2.5	2.5.6	PASS
GCF_003940125	GC2	2.5	2.5.6	GC2	2.5	2.5.6	PASS
GCF_003941625	GC2	2.5	2.5.6	GC2	2.5	2.5.6	PASS
GCF_003940915	GC2	2.5	2.5.6	GC2	2.5	2.5.6	PASS
GCF_003941245	GC2	2.5	2.5.6	GC2	2.5	2.5.6	PASS
GCF_003941415	GC2	2.5	2.5.6	GC2	2.5	2.5.6	PASS
GCF_003941305	GC2	2.5	2.5.6	GC2	2.5	2.5.6	PASS
GCF_003941285	GC2	2.5	2.5.6	GC2	2.5	2.5.6	PASS
GCF_003941325	GC2	2.5	2.5.6	GC2	2.5	2.5.6	PASS
GCF_003941315	GC2	2.5	2.5.6	GC2	2.5	2.5.6	PASS
GCF_003941425	GC2	2.5	2.5.6	GC2	2.5	2.5.6	PASS
GCF_003941015	GC2	2.5	2.5.6	GC2	2.5	2.5.6	PASS
GCF_003941255	GC2	2.5	2.5.6	GC2	2.5	2.5.6	PASS
GCF_003940965	GC2	2.5	2.5.6	GC2	2.5	2.5.6	PASS
GCF_003941085	GC2	2.5	2.5.6	GC2	2.5	2.5.6	PASS
GCF_003939655	GC2	2.5	2.5.6	GC2	2.5	2.5.6	PASS
GCF_003941685	GC2	2.5	2.5.6	GC2	2.5	2.5.6	PASS
GCF_003941505	GC2	2.5	2.5.6	GC2	2.5	2.5.6	PASS
GCF_018445315	GC2	2.5	2.5.6	GC2	2.5	2.5.6	PASS
GCF_018445145	GC2	2.5	2.5.6	GC2	2.5	2.5.6	PASS
GCF_018445265	GC2	2.5	2.5.6	GC2	2.5	2.5.6	PASS
GCF_018445285	GC2	2.5	2.5.6	GC2	2.5	2.5.6	PASS
GCF_018445375	GC2	2.5	2.5.6	GC2	2.5	2.5.6	PASS
GCF_018502545	GC2	2.5	2.5.6	GC2	2.5	2.5.6	PASS
GCF_018788815	GC2	2.5	2.5.6	GC2	2.5	2.5.6	PASS
ERR2712345	GC2	2.5	2.5.6	GC2	2.5	2.5.6	PASS
GCF_018443735	GC2	2.5	2.5.6	GC2	2.5	2.5.6	PASS
ERR4436618	GC2	2.5	2.5.6	GC2	2.5	2.5.6	PASS
GCF_003183965	GC2	2.5	2.5.6	GC2	2.5	2.5.6	PASS
GCF_001910605	GC2	2.5	2.5.6	GC2	2.5	2.5.6	PASS
GCF_003039005	GC2	2.5	2.5.6	GC2	2.5	2.5.6	PASS
GCF_001910615	GC2	2.5	2.5.6	GC2	2.5	2.5.6	PASS
GCF_003347355	GC2	2.5	2.5.6	GC2	2.5	2.5.6	PASS
GCF_001910585	GC2	2.5	2.5.6	GC2	2.5	2.5.6	PASS
GCF_001910665	GC2	2.5	2.5.6	GC2	2.5	2.5.6	PASS
GCF_001910685	GC2	2.5	2.5.6	GC2	2.5	2.5.6	PASS
GCF_003347375	GC2	2.5	2.5.6	GC2	2.5	2.5.6	PASS
SRR2075879	GC2	2.5	2.5.6	GC2	2.5	2.5.6	PASS
GCF_003039275	GC2	2.5	2.5.6	GC2	2.5	2.5.6	PASS
GCF_003039375	GC2	2.5	2.5.6	GC2	2.5	2.5.6	PASS
GCF_003347395	GC2	2.5	2.5.6	GC2	2.5	2.5.6	PASS
SRR11589173	GC2	2.5	2.5.6	GC2	2.5	2.5.6	PASS
SRR5739110	GC2	2.5	2.5.6	GC2	2.5	2.5.6	PASS
GCF_001664595	GC2	2.5	2.5.6	GC2	2.5	2.5.6	PASS
SRR14613702	GC2	2.5	2.5.6	GC2	2.5	2.5.6	PASS
SRR14613703	GC2	2.5	2.5.6	GC2	2.5	2.5.6	PASS
SRR14311555	GC2	2.5	2.5.6	GC2	2.5	2.5.6	PASS
SRR17657429	GC2	2.5	2.5.6	GC2	2.5	2.5.6	PASS
GCF_904886925	GC2	2.5	2.5.6	GC2	2.5	2.5.6	PASS
GCF_904886985	GC2	2.5	2.5.6	GC2	2.5	2.5.6	PASS
ERR2712378	GC2	2.5	2.5.6	GC2	2.5	2.5.6	PASS
GCF_019800385	GC2	2.5	2.5.6	GC2	2.5	2.5.6	PASS
GCF_019891085	GC2	2.5	2.5.6	GC2	2.5	2.5.6	PASS
SRR2075893	GC2	2.5	2.5.6	GC2	2.5	2.5.6	PASS
GCF_900496785	GC2	2.5	2.5.6	GC2	2.5	2.5.6	PASS
GCF_900496835	GC2	2.5	2.5.6	GC2	2.5	2.5.6	PASS
GCF_900496855	GC2	2.5	2.5.6	GC2	2.5	2.5.6	PASS
GCF_006369835	GC2	2.5	2.5.6	GC2	2.5	2.5.6	PASS
SRR12008610	GC2	2.5	2.5.6	GC2	2.5	2.5.6	PASS
GCF_017096365	GC2	2.5	2.5.6	GC2	2.5	2.5.6	PASS
SRR11248252	GC2	2.5	2.5.6	GC2	2.5	2.5.6	PASS
SRR12008646	GC2	2.5	2.5.6	GC2	2.5	2.5.6	PASS
SRR11248297	GC2	2.5	2.5.6	GC2	2.5	2.5.6	PASS
GCF_900494895	GC2	2.5	2.5.6	GC2	2.5	2.5.6	PASS
GCF_900494495	GC2	2.5	2.5.6	GC2	2.5	2.5.6	PASS
GCF_900495525	GC2	2.5	2.5.6	GC2	2.5	2.5.6	PASS
ERR2712399	GC2	2.5	2.5.6	GC2	2.5	2.5.6	PASS
ERR4436594	GC2	2.5	2.5.6	GC2	2.5	2.5.6	PASS
GCF_002249425	GC2	2.5	2.5.6	GC2	2.5	2.5.6	PASS
GCF_002249655	GC2	2.5	2.5.6	GC2	2.5	2.5.6	PASS
GCF_900494945	GC2	2.5	2.5.6	GC2	2.5	2.5.6	PASS
GCF_900495215	GC2	2.5	2.5.6	GC2	2.5	2.5.6	PASS
GCF_002239865	GC2	2.5	2.5.6	GC2	2.5	2.5.6	PASS
GCF_002249465	GC2	2.5	2.5.6	GC2	2.5	2.5.6	PASS
GCF_002249505	GC2	2.5	2.5.6	GC2	2.5	2.5.6	PASS
GCF_900494965	GC2	2.5	2.5.6	GC2	2.5	2.5.6	PASS
GCF_900494885	GC2	2.5	2.5.6	GC2	2.5	2.5.6	PASS
GCF_002249335	GC2	2.5	2.5.6	GC2	2.5	2.5.6	PASS
GCF_900494805	GC2	2.5	2.5.6	GC2	2.5	2.5.6	PASS
SRR11248257	GC2	2.5	2.5.6	GC2	2.5	2.5.6	PASS
SRR11248260	GC2	2.5	2.5.6	GC2	2.5	2.5.6	PASS
GCF_005784875	GC2	2.5	2.5.6	GC2	2.5	2.5.6	PASS
SRR12008616	GC2	2.5	2.5.6	GC2	2.5	2.5.6	PASS
ERR4046378	GC2	2.5	2.5.6	GC2	2.5	2.5.6	PASS
ERR3585316	GC2	2.5	2.5.6	GC2	2.5	2.5.6	PASS
ERR4045742	GC2	2.5	2.5.6	GC2	2.5	2.5.6	PASS
ERR4046436	GC2	2.5	2.5.6	GC2	2.5	2.5.6	PASS
ERR4046424	GC2	2.5	2.5.6	GC2	2.5	2.5.6	PASS
ERR4046484	GC2	2.5	2.5.6	GC2	2.5	2.5.6	PASS
ERR4046306	GC2	2.5	2.5.6	GC2	2.5	2.5.6	PASS
ERR4046472	GC2	2.5	2.5.6	GC2	2.5	2.5.6	PASS
ERR4139309	GC2	2.5	2.5.6	GC2	2.5	2.5.6	PASS
ERR4045710	GC2	2.5	2.5.6	GC2	2.5	2.5.6	PASS
ERR4046290	GC2	2.5	2.5.6	GC2	2.5	2.5.6	PASS
SRR10127054	GC2	2.5	2.5.6	GC2	2.5	2.5.6	PASS
ERR4046131	GC2	2.5	2.5.6	GC2	2.5	2.5.6	PASS
ERR3585151	GC2	2.5	2.5.6	GC2	2.5	2.5.6	PASS
SRR13428241	GC2	2.5	2.5.6	GC2	2.5	2.5.6	PASS
SRR17311650	GC2	2.5	2.5.6	GC2	2.5	2.5.6	PASS
SRR16267906	GC2	2.5	2.5.6	GC2	2.5	2.5.6	PASS
SRR17311750	GC2	2.5	2.5.6	GC2	2.5	2.5.6	PASS
SRR17311641	GC2	2.5	2.5.6	GC2	2.5	2.5.6	PASS
SRR16359933	GC2	2.5	2.5.6	GC2	2.5	2.5.6	PASS
SRR17311749	GC2	2.5	2.5.6	GC2	2.5	2.5.6	PASS
SRR17311681	GC2	2.5	2.5.6	GC2	2.5	2.5.6	PASS
SRR17311684	GC2	2.5	2.5.6	GC2	2.5	2.5.6	PASS
SRR17311698	GC2	2.5	2.5.6	GC2	2.5	2.5.6	PASS
SRR17311646	GC2	2.5	2.5.6	GC2	2.5	2.5.6	PASS
SRR17311701	GC2	2.5	2.5.6	GC2	2.5	2.5.6	PASS
SRR17311643	GC2	2.5	2.5.6	GC2	2.5	2.5.6	PASS
SRR17311751	GC2	2.5	2.5.6	GC2	2.5	2.5.6	PASS
SRR17311640	GC2	2.5	2.5.6	GC2	2.5	2.5.6	PASS
SRR16267922	GC2	2.5	2.5.6	GC2	2.5	2.5.6	PASS
SRR17311644	GC2	2.5	2.5.6	GC2	2.5	2.5.6	PASS
SRR17311754	GC2	2.5	2.5.6	GC2	2.5	2.5.6	PASS
SRR17311632	GC2	2.5	2.5.6	GC2	2.5	2.5.6	PASS
SRR16267907	GC2	2.5	2.5.6	GC2	2.5	2.5.6	PASS
SRR16474325	GC2	2.5	2.5.6	GC2	2.5	2.5.6	PASS
SRR17311645	GC2	2.5	2.5.6	GC2	2.5	2.5.6	PASS
SRR17311618	GC2	2.5	2.5.6	GC2	2.5	2.5.6	PASS
SRR17311707	GC2	2.5	2.5.6	GC2	2.5	2.5.6	PASS
SRR17311713	GC2	2.5	2.5.6	GC2	2.5	2.5.6	PASS
SRR17311706	GC2	2.5	2.5.6	GC2	2.5	2.5.6	PASS
SRR18215766	GC2	2.5	2.5.6	GC2	2.5	2.5.6	PASS
SRR17311708	GC2	2.5	2.5.6	GC2	2.5	2.5.6	PASS
SRR17311710	GC2	2.5	2.5.6	GC2	2.5	2.5.6	PASS
SRR18215765	GC2	2.5	2.5.6	GC2	2.5	2.5.6	PASS
SRR17311712	GC2	2.5	2.5.6	GC2	2.5	2.5.6	PASS
SRR18215754	GC2	2.5	2.5.6	GC2	2.5	2.5.6	PASS
SRR17311714	GC2	2.5	2.5.6	GC2	2.5	2.5.6	PASS
SRR16292939	GC2	2.5	2.5.6	GC2	2.5	2.5.6	PASS
SRR16292938	GC2	2.5	2.5.6	GC2	2.5	2.5.6	PASS
SRR17311697	GC2	2.5	2.5.6	GC2	2.5	2.5.6	PASS
SRR16304270	GC2	2.5	2.5.6	GC2	2.5	2.5.6	PASS
SRR17311627	GC2	2.5	2.5.6	GC2	2.5	2.5.6	PASS
SRR17311628	GC2	2.5	2.5.6	GC2	2.5	2.5.6	PASS
SRR18215749	GC2	2.5	2.5.6	GC2	2.5	2.5.6	PASS
SRR18215745	GC2	2.5	2.5.6	GC2	2.5	2.5.6	PASS
SRR17311638	GC2	2.5	2.5.6	GC2	2.5	2.5.6	PASS
SRR17311623	GC2	2.5	2.5.6	GC2	2.5	2.5.6	PASS
SRR17311735	GC2	2.5	2.5.6	GC2	2.5	2.5.6	PASS
SRR17311624	GC2	2.5	2.5.6	GC2	2.5	2.5.6	PASS
SRR16267924	GC2	2.5	2.5.6	GC2	2.5	2.5.6	PASS
SRR17311630	GC2	2.5	2.5.6	GC2	2.5	2.5.6	PASS
SRR17311689	GC2	2.5	2.5.6	GC2	2.5	2.5.6	PASS
SRR17311677	GC2	2.5	2.5.6	GC2	2.5	2.5.6	PASS
SRR17311692	GC2	2.5	2.5.6	GC2	2.5	2.5.6	PASS
SRR17311679	GC2	2.5	2.5.6	GC2	2.5	2.5.6	PASS
SRR17311639	GC2	2.5	2.5.6	GC2	2.5	2.5.6	PASS
SRR17311723	GC2	2.5	2.5.6	GC2	2.5	2.5.6	PASS
SRR17311675	GC2	2.5	2.5.6	GC2	2.5	2.5.6	PASS
SRR17311715	GC2	2.5	2.5.6	GC2	2.5	2.5.6	PASS
SRR17311678	GC2	2.5	2.5.6	GC2	2.5	2.5.6	PASS
SRR17311691	GC2	2.5	2.5.6	GC2	2.5	2.5.6	PASS
SRR17311717	GC2	2.5	2.5.6	GC2	2.5	2.5.6	PASS
SRR17311721	GC2	2.5	2.5.6	GC2	2.5	2.5.6	PASS
SRR17311716	GC2	2.5	2.5.6	GC2	2.5	2.5.6	PASS
SRR17311720	GC2	2.5	2.5.6	GC2	2.5	2.5.6	PASS
SRR17311676	GC2	2.5	2.5.6	GC2	2.5	2.5.6	PASS
SRR17311745	GC2	2.5	2.5.6	GC2	2.5	2.5.6	PASS
ERR4045845	GC2	2.5	2.5.6	GC2	2.5	2.5.6	PASS
ERR3584939	GC2	2.5	2.5.6	GC2	2.5	2.5.6	PASS
ERR3584936	GC2	2.5	2.5.6	GC2	2.5	2.5.6	PASS
ERR3584971	GC2	2.5	2.5.6	GC2	2.5	2.5.6	PASS
ERR3585349	GC2	2.5	2.5.6	GC2	2.5	2.5.6	PASS
ERR3585348	GC2	2.5	2.5.6	GC2	2.5	2.5.6	PASS
ERR4139440	GC2	2.5	2.5.6	GC2	2.5	2.5.6	PASS
ERR3585219	GC2	2.5	2.5.6	GC2	2.5	2.5.6	PASS
ERR3585145	GC2	2.5	2.5.6	GC2	2.5	2.5.6	PASS
ERR3585070	GC2	2.5	2.5.6	GC2	2.5	2.5.6	PASS
ERR4139399	GC2	2.5	2.5.6	GC2	2.5	2.5.6	PASS
ERR4046297	GC2	2.5	2.5.6	GC2	2.5	2.5.6	PASS
ERR4045785	GC2	2.5	2.5.6	GC2	2.5	2.5.6	PASS
ERR4045970	GC2	2.5	2.5.6	GC2	2.5	2.5.6	PASS
ERR4045953	GC2	2.5	2.5.6	GC2	2.5	2.5.6	PASS
ERR4045805	GC2	2.5	2.5.6	GC2	2.5	2.5.6	PASS
ERR4045781	GC2	2.5	2.5.6	GC2	2.5	2.5.6	PASS
ERR4045793	GC2	2.5	2.5.6	GC2	2.5	2.5.6	PASS
ERR5770798	GC2	2.5	2.5.6	GC2	2.5	2.5.6	PASS
ERR3655862	GC2	2.5	2.5.6	GC2	2.5	2.5.6	PASS
ERR3655991	GC2	2.5	2.5.6	GC2	2.5	2.5.6	PASS
ERR4046249	GC2	2.5	2.5.6	GC2	2.5	2.5.6	PASS
ERR4046512	GC2	2.5	2.5.6	GC2	2.5	2.5.6	PASS
ERR4023924	GC2	2.5	2.5.6	GC2	2.5	2.5.6	PASS
ERR4046301	GC2	2.5	2.5.6	GC2	2.5	2.5.6	PASS
ERR4046430	GC2	2.5	2.5.6	GC2	2.5	2.5.6	PASS
ERR3655870	GC2	2.5	2.5.6	GC2	2.5	2.5.6	PASS
ERR5770797	GC2	2.5	2.5.6	GC2	2.5	2.5.6	PASS
ERR4139456	GC2	2.5	2.5.6	GC2	2.5	2.5.6	PASS
ERR4046293	GC2	2.5	2.5.6	GC2	2.5	2.5.6	PASS
ERR4046443	GC2	2.5	2.5.6	GC2	2.5	2.5.6	PASS
ERR3655943	GC2	2.5	2.5.6	GC2	2.5	2.5.6	PASS
ERR4046418	GC2	2.5	2.5.6	GC2	2.5	2.5.6	PASS
ERR4045905	GC2	2.5	2.5.6	GC2	2.5	2.5.6	PASS
ERR3585167	GC2	2.5	2.5.6	GC2	2.5	2.5.6	PASS
ERR3655987	GC2	2.5	2.5.6	GC2	2.5	2.5.6	PASS
ERR4046317	GC2	2.5	2.5.6	GC2	2.5	2.5.6	PASS
ERR4046447	GC2	2.5	2.5.6	GC2	2.5	2.5.6	PASS
ERR4046411	GC2	2.5	2.5.6	GC2	2.5	2.5.6	PASS
ERR4046415	GC2	2.5	2.5.6	GC2	2.5	2.5.6	PASS
ERR4046533	GC2	2.5	2.5.6	GC2	2.5	2.5.6	PASS
ERR4046407	GC2	2.5	2.5.6	GC2	2.5	2.5.6	PASS
ERR4046525	GC2	2.5	2.5.6	GC2	2.5	2.5.6	PASS
ERR4046455	GC2	2.5	2.5.6	GC2	2.5	2.5.6	PASS
ERR4046313	GC2	2.5	2.5.6	GC2	2.5	2.5.6	PASS
ERR4046403	GC2	2.5	2.5.6	GC2	2.5	2.5.6	PASS
ERR3585335	GC2	2.5	2.5.6	GC2	2.5	2.5.6	PASS
ERR4046113	GC2	2.5	2.5.6	GC2	2.5	2.5.6	PASS
ERR4046100	GC2	2.5	2.5.6	GC2	2.5	2.5.6	PASS
ERR4046105	GC2	2.5	2.5.6	GC2	2.5	2.5.6	PASS
ERR3585337	GC2	2.5	2.5.6	GC2	2.5	2.5.6	PASS
ERR4023968	GC2	2.5	2.5.6	GC2	2.5	2.5.6	PASS
ERR4045795	GC2	2.5	2.5.6	GC2	2.5	2.5.6	PASS
ERR4046104	GC2	2.5	2.5.6	GC2	2.5	2.5.6	PASS
ERR4024030	GC2	2.5	2.5.6	GC2	2.5	2.5.6	PASS
ERR4046252	GC2	2.5	2.5.6	GC2	2.5	2.5.6	PASS
ERR3585338	GC2	2.5	2.5.6	GC2	2.5	2.5.6	PASS
ERR3585339	GC2	2.5	2.5.6	GC2	2.5	2.5.6	PASS
ERR4045825	GC2	2.5	2.5.6	GC2	2.5	2.5.6	PASS
ERR4045791	GC2	2.5	2.5.6	GC2	2.5	2.5.6	PASS
ERR4045783	GC2	2.5	2.5.6	GC2	2.5	2.5.6	PASS
ERR4024019	GC2	2.5	2.5.6	GC2	2.5	2.5.6	PASS
ERR4024125	GC2	2.5	2.5.6	GC2	2.5	2.5.6	PASS
ERR4045813	GC2	2.5	2.5.6	GC2	2.5	2.5.6	PASS
ERR3585334	GC2	2.5	2.5.6	GC2	2.5	2.5.6	PASS
ERR3585336	GC2	2.5	2.5.6	GC2	2.5	2.5.6	PASS
SRR17944027	GC2	2.5	2.5.6	GC2	2.5	2.5.6	PASS
SRR14996245	GC2	2.5	2.5.6	GC2	2.5	2.5.6	PASS
SRR13965538	GC2	2.5	2.5.6	GC2	2.5	2.5.6	PASS
SRR16520596	GC2	2.5	2.5.6	GC2	2.5	2.5.6	PASS
SRR17250609	GC2	2.5	2.5.6	GC2	2.5	2.5.6	PASS
SRR17943999	GC2	2.5	2.5.6	GC2	2.5	2.5.6	PASS
ERR3585216	GC2	2.5	2.5.6	GC2	2.5	2.5.6	PASS
ERR4045853	GC2	2.5	2.5.6	GC2	2.5	2.5.6	PASS
ERR3585153	GC2	2.5	2.5.6	GC2	2.5	2.5.6	PASS
ERR3585105	GC2	2.5	2.5.6	GC2	2.5	2.5.6	PASS
ERR3585319	GC2	2.5	2.5.6	GC2	2.5	2.5.6	PASS
GCF_014530895	GC2	2.5	2.5.6	GC2	2.5	2.5.6	PASS
SRR18499976	GC2	2.5	2.5.6	GC2	2.5	2.5.6	PASS
SRR18499988	GC2	2.5	2.5.6	GC2	2.5	2.5.6	PASS
ERR5205865	GC2	2.5	2.5.6	GC2	2.5	2.5.6	PASS
GCF_002212565	GC2	2.5	2.5.6	GC2	2.5	2.5.6	PASS
GCF_002241105	GC2	2.5	2.5.6	GC2	2.5	2.5.6	PASS
GCF_002212645	GC2	2.5	2.5.6	GC2	2.5	2.5.6	PASS
GCF_014531415	GC2	2.5	2.5.6	GC2	2.5	2.5.6	PASS
GCF_002212485	GC2	2.5	2.5.6	GC2	2.5	2.5.6	PASS
SRR13327196	GC2	2.5	2.5.6	GC2	2.5	2.5.6	PASS
GCF_002212315	GC2	2.5	2.5.6	GC2	2.5	2.5.6	PASS
GCF_002212365	GC2	2.5	2.5.6	GC2	2.5	2.5.6	PASS
GCF_002212245	GC2	2.5	2.5.6	GC2	2.5	2.5.6	PASS
SRR11589159	GC2	2.5	2.5.6	GC2	2.5	2.5.6	PASS
GCF_002212305	GC2	2.5	2.5.6	GC2	2.5	2.5.6	PASS
SRR3928996	GC2	2.5	2.5.6	GC2	2.5	2.5.6	PASS
ERR2712989	GC2	2.5	2.5.6	GC2	2.5	2.5.6	PASS
GCF_002212325	GC2	2.5	2.5.6	GC2	2.5	2.5.6	PASS
GCF_002212525	GC2	2.5	2.5.6	GC2	2.5	2.5.6	PASS
GCF_002212705	GC2	2.5	2.5.6	GC2	2.5	2.5.6	PASS
SRR3928981	GC2	2.5	2.5.6	GC2	2.5	2.5.6	PASS
GCF_018443085	GC2	2.5	2.5.6	GC2	2.5	2.5.6	PASS
ERR4436597	GC2	2.5	2.5.6	GC2	2.5	2.5.6	PASS
ERR4436590	GC2	2.5	2.5.6	GC2	2.5	2.5.6	PASS
ERR2712248	GC2	2.5	2.5.6	GC2	2.5	2.5.6	PASS
ERR4436596	GC2	2.5	2.5.6	GC2	2.5	2.5.6	PASS
ERR2712395	GC2	2.5	2.5.6	GC2	2.5	2.5.6	PASS
GCF_020254845	GC2	2.5	2.5.6	GC2	2.5	2.5.6	PASS
GCF_900176715	GC2	2.5	2.5.6	GC2	2.5	2.5.6	PASS
GCF_900117405	GC2	2.5	2.5.6	GC2	2.5	2.5.6	PASS
GCF_900119395	GC2	2.5	2.5.6	GC2	2.5	2.5.6	PASS
GCF_900175195	GC2	2.5	2.5.6	GC2	2.5	2.5.6	PASS
GCF_900175185	GC2	2.5	2.5.6	GC2	2.5	2.5.6	PASS
ERR2712350	GC2	2.5	2.5.6	GC2	2.5	2.5.6	PASS
ERR4436599	GC2	2.5	2.5.6	GC2	2.5	2.5.6	PASS
SRR15973856	GC2	2.5	2.5.6	GC2	2.5	2.5.6	PASS
GCF_014530825	GC2	2.5	2.5.6	GC2	2.5	2.5.6	PASS
SRR13327199	GC2	2.5	2.5.6	GC2	2.5	2.5.6	PASS
GCF_019188935	GC2	2.5	2.5.6	GC2	2.5	2.5.6	PASS
GCF_019919965	GC2	2.5	2.5.6	GC2	2.5	2.5.6	PASS
GCF_019920215	GC2	2.5	2.5.6	GC2	2.5	2.5.6	PASS
GCF_019920015	GC2	2.5	2.5.6	GC2	2.5	2.5.6	PASS
GCF_019920075	GC2	2.5	2.5.6	GC2	2.5	2.5.6	PASS
GCF_020255005	GC2	2.5	2.5.6	GC2	2.5	2.5.6	PASS
GCF_014531655	GC2	2.5	2.5.6	GC2	2.5	2.5.6	PASS
GCF_015870965	GC2	2.5	2.5.6	GC2	2.5	2.5.6	PASS
SRR5070508	GC2	2.5	2.5.6	GC2	2.5	2.5.6	PASS
SRR5070511	GC2	2.5	2.5.6	GC2	2.5	2.5.6	PASS
SRR5070509	GC2	2.5	2.5.6	GC2	2.5	2.5.6	PASS
SRR5070512	GC2	2.5	2.5.6	GC2	2.5	2.5.6	PASS
GCF_013376855	GC2	2.5	2.5.6	GC2	2.5	2.5.6	PASS
SRR5070513	GC2	2.5	2.5.6	GC2	2.5	2.5.6	PASS
SRR5070516	GC2	2.5	2.5.6	GC2	2.5	2.5.6	PASS
SRR5070515	GC2	2.5	2.5.6	GC2	2.5	2.5.6	PASS
SRR5070514	GC2	2.5	2.5.6	GC2	2.5	2.5.6	PASS
GCF_015870765	GC2	2.5	2.5.6	GC2	2.5	2.5.6	PASS
SRR5070510	GC2	2.5	2.5.6	GC2	2.5	2.5.6	PASS
GCF_904885845	GC2	2.5	2.5.6	GC2	2.5	2.5.6	PASS
SRR18499936	GC2	2.5	2.5.6	GC2	2.5	2.5.6	PASS
SRR18500036	GC2	2.5	2.5.6	GC2	2.5	2.5.6	PASS
ERR2712949	GC2	2.5	2.5.6	GC2	2.5	2.5.6	PASS
GCF_004101965	GC2	2.5	2.5.6	GC2	2.5	2.5.6	PASS
GCF_002212605	GC2	2.5	2.5.6	GC2	2.5	2.5.6	PASS
SRR13327193	GC2	2.5	2.5.6	GC2	2.5	2.5.6	PASS
SRR18499986	GC2	2.5	2.5.6	GC2	2.5	2.5.6	PASS
GCF_019920585	GC2	2.5	2.5.6	GC2	2.5	2.5.6	PASS
GCF_019920765	GC2	2.5	2.5.6	GC2	2.5	2.5.6	PASS
GCF_002241095	GC2	2.5	2.5.6	GC2	2.5	2.5.6	PASS
SRR18499946	GC2	2.5	2.5.6	GC2	2.5	2.5.6	PASS
SRR3928973	GC2	2.5	2.5.6	GC2	2.5	2.5.6	PASS
GCF_004357075	GC2	2.5	2.5.6	GC2	2.5	2.5.6	PASS
GCF_003941025	GC2	2.5	2.5.6	GC2	2.5	2.5.6	PASS
GCF_003939645	GC2	2.5	2.5.6	GC2	2.5	2.5.6	PASS
GCF_003941135	GC2	2.5	2.5.6	GC2	2.5	2.5.6	PASS
GCF_003941385	GC2	2.5	2.5.6	GC2	2.5	2.5.6	PASS
GCF_003941695	GC2	2.5	2.5.6	GC2	2.5	2.5.6	PASS
ERR5205869	GC2	2.5	2.5.6	GC2	2.5	2.5.6	PASS
GCF_014531315	GC2	2.5	2.5.6	GC2	2.5	2.5.6	PASS
GCF_014531645	GC2	2.5	2.5.6	GC2	2.5	2.5.6	PASS
GCF_014530685	GC2	2.5	2.5.6	GC2	2.5	2.5.6	PASS
GCF_014530795	GC2	2.5	2.5.6	GC2	2.5	2.5.6	PASS
GCF_014530785	GC2	2.5	2.5.6	GC2	2.5	2.5.6	PASS
GCF_014530925	GC2	2.5	2.5.6	GC2	2.5	2.5.6	PASS
GCF_002212465	GC2	2.5	2.5.6	GC2	2.5	2.5.6	PASS
ERR1947039	GC2	2.5	2.5.6	GC2	2.5	2.5.6	PASS
ERR1947040	GC2	2.5	2.5.6	GC2	2.5	2.5.6	PASS
ERR1946969	GC2	2.5	2.5.6	GC2	2.5	2.5.6	PASS
ERR1947049	GC2	2.5	2.5.6	GC2	2.5	2.5.6	PASS
ERR1947048	GC2	2.5	2.5.6	GC2	2.5	2.5.6	PASS
ERR1947042	GC2	2.5	2.5.6	GC2	2.5	2.5.6	PASS
ERR1946968	GC2	2.5	2.5.6	GC2	2.5	2.5.6	PASS
ERR4782225	GC2	2.5	2.5.6	GC2	2.5	2.5.6	PASS
ERR1947024	GC2	2.5	2.5.6	GC2	2.5	2.5.6	PASS
ERR4766458	GC2	2.5	2.5.6	GC2	2.5	2.5.6	PASS
ERR4766530	GC2	2.5	2.5.6	GC2	2.5	2.5.6	PASS
ERR4766538	GC2	2.5	2.5.6	GC2	2.5	2.5.6	PASS
ERR4766527	GC2	2.5	2.5.6	GC2	2.5	2.5.6	PASS
ERR4766535	GC2	2.5	2.5.6	GC2	2.5	2.5.6	PASS
ERR4782275	GC2	2.5	2.5.6	GC2	2.5	2.5.6	PASS
ERR4782337	GC2	2.5	2.5.6	GC2	2.5	2.5.6	PASS
ERR4766471	GC2	2.5	2.5.6	GC2	2.5	2.5.6	PASS
ERR4782570	GC2	2.5	2.5.6	GC2	2.5	2.5.6	PASS
ERR4782283	GC2	2.5	2.5.6	GC2	2.5	2.5.6	PASS
ERR4782573	GC2	2.5	2.5.6	GC2	2.5	2.5.6	PASS
ERR4782399	GC2	2.5	2.5.6	GC2	2.5	2.5.6	PASS
ERR4782577	GC2	2.5	2.5.6	GC2	2.5	2.5.6	PASS
ERR4782583	GC2	2.5	2.5.6	GC2	2.5	2.5.6	PASS
ERR4782599	GC2	2.5	2.5.6	GC2	2.5	2.5.6	PASS
ERR4782579	GC2	2.5	2.5.6	GC2	2.5	2.5.6	PASS
ERR4782291	GC2	2.5	2.5.6	GC2	2.5	2.5.6	PASS
ERR4782307	GC2	2.5	2.5.6	GC2	2.5	2.5.6	PASS
ERR4782279	GC2	2.5	2.5.6	GC2	2.5	2.5.6	PASS
ERR7225951	GC2	2.5	2.5.6	GC2	2.5	2.5.6	PASS
ERR4766543	GC2	2.5	2.5.6	GC2	2.5	2.5.6	PASS
ERR4782224	GC2	2.5	2.5.6	GC2	2.5	2.5.6	PASS
GCF_904885715	GC2	2.5	2.5.6	GC2	2.5	2.5.6	PASS
SRR11589149	GC2	2.5	2.5.6	GC2	2.5	2.5.6	PASS
ERR2796925	GC2	2.5	2.5.6	GC2	2.5	2.5.6	PASS
GCF_018499935	GC2	2.5	2.5.6	GC2	2.5	2.5.6	PASS
GCF_020251225	GC2	2.5	2.5.6	GC2	2.5	2.5.6	PASS
GCF_020255105	GC2	2.5	2.5.6	GC2	2.5	2.5.6	PASS
GCF_904886935	GC2	2.5	2.5.6	GC2	2.5	2.5.6	PASS
SRR11589148	GC2	2.5	2.5.6	GC2	2.5	2.5.6	PASS
ERR2712199	GC2	2.5	2.5.6	GC2	2.5	2.5.6	PASS
ERR2712205	GC2	2.5	2.5.6	GC2	2.5	2.5.6	PASS
ERR1946994	GC2	2.5	2.5.6	GC2	2.5	2.5.6	PASS
ERR1947029	GC2	2.5	2.5.6	GC2	2.5	2.5.6	PASS
ERR1946991	GC2	2.5	2.5.6	GC2	2.5	2.5.6	PASS
ERR2712370	GC2	2.5	2.5.6	GC2	2.5	2.5.6	PASS
ERR1947033	GC2	2.5	2.5.6	GC2	2.5	2.5.6	PASS
ERR4766678	GC2	2.5	2.5.6	GC2	2.5	2.5.6	PASS
ERR4782408	GC2	2.5	2.5.6	GC2	2.5	2.5.6	PASS
ERR7225960	GC2	2.5	2.5.6	GC2	2.5	2.5.6	PASS
ERR4782425	GC2	2.5	2.5.6	GC2	2.5	2.5.6	PASS
ERR4782421	GC2	2.5	2.5.6	GC2	2.5	2.5.6	PASS
ERR7225676	GC2	2.5	2.5.6	GC2	2.5	2.5.6	PASS
ERR7225958	GC2	2.5	2.5.6	GC2	2.5	2.5.6	PASS
ERR7225077	GC2	2.5	2.5.6	GC2	2.5	2.5.6	PASS
ERR7225956	GC2	2.5	2.5.6	GC2	2.5	2.5.6	PASS
ERR7225393	GC2	2.5	2.5.6	GC2	2.5	2.5.6	PASS
ERR4782428	GC2	2.5	2.5.6	GC2	2.5	2.5.6	PASS
ERR7225674	GC2	2.5	2.5.6	GC2	2.5	2.5.6	PASS
ERR4782417	GC2	2.5	2.5.6	GC2	2.5	2.5.6	PASS
ERR4782412	GC2	2.5	2.5.6	GC2	2.5	2.5.6	PASS
ERR4782523	GC2	2.5	2.5.6	GC2	2.5	2.5.6	PASS
ERR7225962	GC2	2.5	2.5.6	GC2	2.5	2.5.6	PASS
ERR4782404	GC2	2.5	2.5.6	GC2	2.5	2.5.6	PASS
ERR7226150	GC2	2.5	2.5.6	GC2	2.5	2.5.6	PASS
ERR1946997	GC2	2.5	2.5.6	GC2	2.5	2.5.6	PASS
ERR1946999	GC2	2.5	2.5.6	GC2	2.5	2.5.6	PASS
ERR2712372	GC2	2.5	2.5.6	GC2	2.5	2.5.6	PASS
ERR2712374	GC2	2.5	2.5.6	GC2	2.5	2.5.6	PASS
ERR2712203	GC2	2.5	2.5.6	GC2	2.5	2.5.6	PASS
ERR4766522	GC2	2.5	2.5.6	GC2	2.5	2.5.6	PASS
ERR4661768	GC2	2.5	2.5.6	GC2	2.5	2.5.6	PASS
ERR2712371	GC2	2.5	2.5.6	GC2	2.5	2.5.6	PASS
ERR2712375	GC2	2.5	2.5.6	GC2	2.5	2.5.6	PASS
ERR4782032	GC2	2.5	2.5.6	GC2	2.5	2.5.6	PASS
ERR4782044	GC2	2.5	2.5.6	GC2	2.5	2.5.6	PASS
ERR4782471	GC2	2.5	2.5.6	GC2	2.5	2.5.6	PASS
ERR4782483	GC2	2.5	2.5.6	GC2	2.5	2.5.6	PASS
ERR1946983	GC2	2.5	2.5.6	GC2	2.5	2.5.6	PASS
ERR7225364	GC2	2.5	2.5.6	GC2	2.5	2.5.6	PASS
ERR7225362	GC2	2.5	2.5.6	GC2	2.5	2.5.6	PASS
ERR7225635	GC2	2.5	2.5.6	GC2	2.5	2.5.6	PASS
ERR7225990	GC2	2.5	2.5.6	GC2	2.5	2.5.6	PASS
ERR7225762	GC2	2.5	2.5.6	GC2	2.5	2.5.6	PASS
ERR7225349	GC2	2.5	2.5.6	GC2	2.5	2.5.6	PASS
ERR7225742	GC2	2.5	2.5.6	GC2	2.5	2.5.6	PASS
ERR7225748	GC2	2.5	2.5.6	GC2	2.5	2.5.6	PASS
ERR4782503	GC2	2.5	2.5.6	GC2	2.5	2.5.6	PASS
ERR7225746	GC2	2.5	2.5.6	GC2	2.5	2.5.6	PASS
ERR1946998	GC2	2.5	2.5.6	GC2	2.5	2.5.6	PASS
ERR1946995	GC2	2.5	2.5.6	GC2	2.5	2.5.6	PASS
ERR1946990	GC2	2.5	2.5.6	GC2	2.5	2.5.6	PASS
ERR1947054	GC2	2.5	2.5.6	GC2	2.5	2.5.6	PASS
ERR1946996	GC2	2.5	2.5.6	GC2	2.5	2.5.6	PASS
ERR4782820	GC2	2.5	2.5.6	GC2	2.5	2.5.6	PASS
ERR7225399	GC2	2.5	2.5.6	GC2	2.5	2.5.6	PASS
ERR4782370	GC2	2.5	2.5.6	GC2	2.5	2.5.6	PASS
ERR4766399	GC2	2.5	2.5.6	GC2	2.5	2.5.6	PASS
ERR4766395	GC2	2.5	2.5.6	GC2	2.5	2.5.6	PASS
ERR4766403	GC2	2.5	2.5.6	GC2	2.5	2.5.6	PASS
ERR4766593	GC2	2.5	2.5.6	GC2	2.5	2.5.6	PASS
ERR4766599	GC2	2.5	2.5.6	GC2	2.5	2.5.6	PASS
ERR4766590	GC2	2.5	2.5.6	GC2	2.5	2.5.6	PASS
ERR4766602	GC2	2.5	2.5.6	GC2	2.5	2.5.6	PASS
ERR7225980	GC2	2.5	2.5.6	GC2	2.5	2.5.6	PASS
ERR4782266	GC2	2.5	2.5.6	GC2	2.5	2.5.6	PASS
ERR7225574	GC2	2.5	2.5.6	GC2	2.5	2.5.6	PASS
ERR7226152	GC2	2.5	2.5.6	GC2	2.5	2.5.6	PASS
ERR4782834	GC2	2.5	2.5.6	GC2	2.5	2.5.6	PASS
ERR7225978	GC2	2.5	2.5.6	GC2	2.5	2.5.6	PASS
ERR7225632	GC2	2.5	2.5.6	GC2	2.5	2.5.6	PASS
ERR7225976	GC2	2.5	2.5.6	GC2	2.5	2.5.6	PASS
ERR4766606	GC2	2.5	2.5.6	GC2	2.5	2.5.6	PASS
ERR4766551	GC2	2.5	2.5.6	GC2	2.5	2.5.6	PASS
ERR4661765	GC2	2.5	2.5.6	GC2	2.5	2.5.6	PASS
ERR4766559	GC2	2.5	2.5.6	GC2	2.5	2.5.6	PASS
ERR4766564	GC2	2.5	2.5.6	GC2	2.5	2.5.6	PASS
ERR4782241	GC2	2.5	2.5.6	GC2	2.5	2.5.6	PASS
ERR4766555	GC2	2.5	2.5.6	GC2	2.5	2.5.6	PASS
ERR4766647	GC2	2.5	2.5.6	GC2	2.5	2.5.6	PASS
ERR4782324	GC2	2.5	2.5.6	GC2	2.5	2.5.6	PASS
ERR4782343	GC2	2.5	2.5.6	GC2	2.5	2.5.6	PASS
ERR4782411	GC2	2.5	2.5.6	GC2	2.5	2.5.6	PASS
ERR4782441	GC2	2.5	2.5.6	GC2	2.5	2.5.6	PASS
ERR7225678	GC2	2.5	2.5.6	GC2	2.5	2.5.6	PASS
ERR4782330	GC2	2.5	2.5.6	GC2	2.5	2.5.6	PASS
ERR4782536	GC2	2.5	2.5.6	GC2	2.5	2.5.6	PASS
ERR4782527	GC2	2.5	2.5.6	GC2	2.5	2.5.6	PASS
ERR7225966	GC2	2.5	2.5.6	GC2	2.5	2.5.6	PASS
ERR7225396	GC2	2.5	2.5.6	GC2	2.5	2.5.6	PASS
ERR4782450	GC2	2.5	2.5.6	GC2	2.5	2.5.6	PASS
ERR4782335	GC2	2.5	2.5.6	GC2	2.5	2.5.6	PASS
ERR4782530	GC2	2.5	2.5.6	GC2	2.5	2.5.6	PASS
ERR2712201	GC2	2.5	2.5.6	GC2	2.5	2.5.6	PASS
ERR7225740	GC2	2.5	2.5.6	GC2	2.5	2.5.6	PASS
ERR1947056	GC2	2.5	2.5.6	GC2	2.5	2.5.6	PASS
ERR7225532	GC2	2.5	2.5.6	GC2	2.5	2.5.6	PASS
ERR4782823	GC2	2.5	2.5.6	GC2	2.5	2.5.6	PASS
ERR4782870	GC2	2.5	2.5.6	GC2	2.5	2.5.6	PASS
ERR4782826	GC2	2.5	2.5.6	GC2	2.5	2.5.6	PASS
ERR7225764	GC2	2.5	2.5.6	GC2	2.5	2.5.6	PASS
ERR7225766	GC2	2.5	2.5.6	GC2	2.5	2.5.6	PASS
ERR4782811	GC2	2.5	2.5.6	GC2	2.5	2.5.6	PASS
ERR4782837	GC2	2.5	2.5.6	GC2	2.5	2.5.6	PASS
ERR4782815	GC2	2.5	2.5.6	GC2	2.5	2.5.6	PASS
ERR4782437	GC2	2.5	2.5.6	GC2	2.5	2.5.6	PASS
ERR4782533	GC2	2.5	2.5.6	GC2	2.5	2.5.6	PASS
ERR4782446	GC2	2.5	2.5.6	GC2	2.5	2.5.6	PASS
ERR4766412	GC2	2.5	2.5.6	GC2	2.5	2.5.6	PASS
ERR4766420	GC2	2.5	2.5.6	GC2	2.5	2.5.6	PASS
ERR4782433	GC2	2.5	2.5.6	GC2	2.5	2.5.6	PASS
ERR7226006	GC2	2.5	2.5.6	GC2	2.5	2.5.6	PASS
ERR7226008	GC2	2.5	2.5.6	GC2	2.5	2.5.6	PASS
ERR7225680	GC2	2.5	2.5.6	GC2	2.5	2.5.6	PASS
ERR7225946	GC2	2.5	2.5.6	GC2	2.5	2.5.6	PASS
ERR4782366	GC2	2.5	2.5.6	GC2	2.5	2.5.6	PASS
ERR1947055	GC2	2.5	2.5.6	GC2	2.5	2.5.6	PASS
ERR7225522	GC2	2.5	2.5.6	GC2	2.5	2.5.6	PASS
ERR4782747	GC2	2.5	2.5.6	GC2	2.5	2.5.6	PASS
ERR2712373	GC2	2.5	2.5.6	GC2	2.5	2.5.6	PASS
ERR4782829	GC2	2.5	2.5.6	GC2	2.5	2.5.6	PASS
ERR1947030	GC2	2.5	2.5.6	GC2	2.5	2.5.6	PASS
ERR1947032	GC2	2.5	2.5.6	GC2	2.5	2.5.6	PASS
ERR4766483	GC2	2.5	2.5.6	GC2	2.5	2.5.6	PASS
ERR4782273	GC2	2.5	2.5.6	GC2	2.5	2.5.6	PASS
ERR2712200	GC2	2.5	2.5.6	GC2	2.5	2.5.6	PASS
ERR1947025	GC2	2.5	2.5.6	GC2	2.5	2.5.6	PASS
ERR4782327	GC2	2.5	2.5.6	GC2	2.5	2.5.6	PASS
ERR4782845	GC2	2.5	2.5.6	GC2	2.5	2.5.6	PASS
ERR4766475	GC2	2.5	2.5.6	GC2	2.5	2.5.6	PASS
ERR1946993	GC2	2.5	2.5.6	GC2	2.5	2.5.6	PASS
ERR2712204	GC2	2.5	2.5.6	GC2	2.5	2.5.6	PASS
ERR4766581	GC2	2.5	2.5.6	GC2	2.5	2.5.6	PASS
ERR4766357	GC2	2.5	2.5.6	GC2	2.5	2.5.6	PASS
ERR7226156	GC2	2.5	2.5.6	GC2	2.5	2.5.6	PASS
ERR4766513	GC2	2.5	2.5.6	GC2	2.5	2.5.6	PASS
ERR4782786	GC2	2.5	2.5.6	GC2	2.5	2.5.6	PASS
ERR4782646	GC2	2.5	2.5.6	GC2	2.5	2.5.6	PASS
ERR4766387	GC2	2.5	2.5.6	GC2	2.5	2.5.6	PASS
ERR7225760	GC2	2.5	2.5.6	GC2	2.5	2.5.6	PASS
ERR4782462	GC2	2.5	2.5.6	GC2	2.5	2.5.6	PASS
ERR4782630	GC2	2.5	2.5.6	GC2	2.5	2.5.6	PASS
ERR4782346	GC2	2.5	2.5.6	GC2	2.5	2.5.6	PASS
ERR4782727	GC2	2.5	2.5.6	GC2	2.5	2.5.6	PASS
ERR4766344	GC2	2.5	2.5.6	GC2	2.5	2.5.6	PASS
ERR4766577	GC2	2.5	2.5.6	GC2	2.5	2.5.6	PASS
ERR4766379	GC2	2.5	2.5.6	GC2	2.5	2.5.6	PASS
ERR4782714	GC2	2.5	2.5.6	GC2	2.5	2.5.6	PASS
ERR4782353	GC2	2.5	2.5.6	GC2	2.5	2.5.6	PASS
ERR4782357	GC2	2.5	2.5.6	GC2	2.5	2.5.6	PASS
ERR1947046	GC2	2.5	2.5.6	GC2	2.5	2.5.6	PASS
ERR4766526	GC2	2.5	2.5.6	GC2	2.5	2.5.6	PASS
ERR4782643	GC2	2.5	2.5.6	GC2	2.5	2.5.6	PASS
ERR7225555	GC2	2.5	2.5.6	GC2	2.5	2.5.6	PASS
ERR7225988	GC2	2.5	2.5.6	GC2	2.5	2.5.6	PASS
ERR4766353	GC2	2.5	2.5.6	GC2	2.5	2.5.6	PASS
ERR4782317	GC2	2.5	2.5.6	GC2	2.5	2.5.6	PASS
ERR4782470	GC2	2.5	2.5.6	GC2	2.5	2.5.6	PASS
ERR4782560	GC2	2.5	2.5.6	GC2	2.5	2.5.6	PASS
ERR4782718	GC2	2.5	2.5.6	GC2	2.5	2.5.6	PASS
ERR7225558	GC2	2.5	2.5.6	GC2	2.5	2.5.6	PASS
ERR7225614	GC2	2.5	2.5.6	GC2	2.5	2.5.6	PASS
ERR4782621	GC2	2.5	2.5.6	GC2	2.5	2.5.6	PASS
ERR4782480	GC2	2.5	2.5.6	GC2	2.5	2.5.6	PASS
ERR4782638	GC2	2.5	2.5.6	GC2	2.5	2.5.6	PASS
ERR7225203	GC2	2.5	2.5.6	GC2	2.5	2.5.6	PASS
ERR7225605	GC2	2.5	2.5.6	GC2	2.5	2.5.6	PASS
ERR4782321	GC2	2.5	2.5.6	GC2	2.5	2.5.6	PASS
ERR4782342	GC2	2.5	2.5.6	GC2	2.5	2.5.6	PASS
ERR4766511	GC2	2.5	2.5.6	GC2	2.5	2.5.6	PASS
ERR4782698	GC2	2.5	2.5.6	GC2	2.5	2.5.6	PASS
ERR4766507	GC2	2.5	2.5.6	GC2	2.5	2.5.6	PASS
ERR4782451	GC2	2.5	2.5.6	GC2	2.5	2.5.6	PASS
ERR4782305	GC2	2.5	2.5.6	GC2	2.5	2.5.6	PASS
ERR4782365	GC2	2.5	2.5.6	GC2	2.5	2.5.6	PASS
ERR4782685	GC2	2.5	2.5.6	GC2	2.5	2.5.6	PASS
ERR7225608	GC2	2.5	2.5.6	GC2	2.5	2.5.6	PASS
ERR7225561	GC2	2.5	2.5.6	GC2	2.5	2.5.6	PASS
ERR4766521	GC2	2.5	2.5.6	GC2	2.5	2.5.6	PASS
ERR4766529	GC2	2.5	2.5.6	GC2	2.5	2.5.6	PASS
ERR4782690	GC2	2.5	2.5.6	GC2	2.5	2.5.6	PASS
ERR7225567	GC2	2.5	2.5.6	GC2	2.5	2.5.6	PASS
ERR7225772	GC2	2.5	2.5.6	GC2	2.5	2.5.6	PASS
ERR7225626	GC2	2.5	2.5.6	GC2	2.5	2.5.6	PASS
ERR7226016	GC2	2.5	2.5.6	GC2	2.5	2.5.6	PASS
ERR7225486	GC2	2.5	2.5.6	GC2	2.5	2.5.6	PASS
ERR7225734	GC2	2.5	2.5.6	GC2	2.5	2.5.6	PASS
ERR4782778	GC2	2.5	2.5.6	GC2	2.5	2.5.6	PASS
ERR4782439	GC2	2.5	2.5.6	GC2	2.5	2.5.6	PASS
ERR7225465	GC2	2.5	2.5.6	GC2	2.5	2.5.6	PASS
ERR7225474	GC2	2.5	2.5.6	GC2	2.5	2.5.6	PASS
ERR4782309	GC2	2.5	2.5.6	GC2	2.5	2.5.6	PASS
ERR4782458	GC2	2.5	2.5.6	GC2	2.5	2.5.6	PASS
ERR4782626	GC2	2.5	2.5.6	GC2	2.5	2.5.6	PASS
ERR4782672	GC2	2.5	2.5.6	GC2	2.5	2.5.6	PASS
ERR4782447	GC2	2.5	2.5.6	GC2	2.5	2.5.6	PASS
ERR4782683	GC2	2.5	2.5.6	GC2	2.5	2.5.6	PASS
ERR4782701	GC2	2.5	2.5.6	GC2	2.5	2.5.6	PASS
ERR4782371	GC2	2.5	2.5.6	GC2	2.5	2.5.6	PASS
ERR4782488	GC2	2.5	2.5.6	GC2	2.5	2.5.6	PASS
ERR4782415	GC2	2.5	2.5.6	GC2	2.5	2.5.6	PASS
ERR4782659	GC2	2.5	2.5.6	GC2	2.5	2.5.6	PASS
ERR4782588	GC2	2.5	2.5.6	GC2	2.5	2.5.6	PASS
ERR4782593	GC2	2.5	2.5.6	GC2	2.5	2.5.6	PASS
ERR4766348	GC2	2.5	2.5.6	GC2	2.5	2.5.6	PASS
ERR4782679	GC2	2.5	2.5.6	GC2	2.5	2.5.6	PASS
ERR7225489	GC2	2.5	2.5.6	GC2	2.5	2.5.6	PASS
ERR4782325	GC2	2.5	2.5.6	GC2	2.5	2.5.6	PASS
ERR4782693	GC2	2.5	2.5.6	GC2	2.5	2.5.6	PASS
ERR4782375	GC2	2.5	2.5.6	GC2	2.5	2.5.6	PASS
ERR4766336	GC2	2.5	2.5.6	GC2	2.5	2.5.6	PASS
ERR7225611	GC2	2.5	2.5.6	GC2	2.5	2.5.6	PASS
ERR4766332	GC2	2.5	2.5.6	GC2	2.5	2.5.6	PASS
ERR4782350	GC2	2.5	2.5.6	GC2	2.5	2.5.6	PASS
ERR7225220	GC2	2.5	2.5.6	GC2	2.5	2.5.6	PASS
ERR4766328	GC2	2.5	2.5.6	GC2	2.5	2.5.6	PASS
ERR4766573	GC2	2.5	2.5.6	GC2	2.5	2.5.6	PASS
ERR4782706	GC2	2.5	2.5.6	GC2	2.5	2.5.6	PASS
ERR4782545	GC2	2.5	2.5.6	GC2	2.5	2.5.6	PASS
ERR4782443	GC2	2.5	2.5.6	GC2	2.5	2.5.6	PASS
ERR7225543	GC2	2.5	2.5.6	GC2	2.5	2.5.6	PASS
ERR4766635	GC2	2.5	2.5.6	GC2	2.5	2.5.6	PASS
ERR4782800	GC2	2.5	2.5.6	GC2	2.5	2.5.6	PASS
ERR4782278	GC2	2.5	2.5.6	GC2	2.5	2.5.6	PASS
ERR7225367	GC2	2.5	2.5.6	GC2	2.5	2.5.6	PASS
ERR4782355	GC2	2.5	2.5.6	GC2	2.5	2.5.6	PASS
ERR7225516	GC2	2.5	2.5.6	GC2	2.5	2.5.6	PASS
ERR7225537	GC2	2.5	2.5.6	GC2	2.5	2.5.6	PASS
ERR4782359	GC2	2.5	2.5.6	GC2	2.5	2.5.6	PASS
ERR4782301	GC2	2.5	2.5.6	GC2	2.5	2.5.6	PASS
ERR4782791	GC2	2.5	2.5.6	GC2	2.5	2.5.6	PASS
ERR7225736	GC2	2.5	2.5.6	GC2	2.5	2.5.6	PASS
ERR7225738	GC2	2.5	2.5.6	GC2	2.5	2.5.6	PASS
ERR4782807	GC2	2.5	2.5.6	GC2	2.5	2.5.6	PASS
ERR4766686	GC2	2.5	2.5.6	GC2	2.5	2.5.6	PASS
ERR4766487	GC2	2.5	2.5.6	GC2	2.5	2.5.6	PASS
ERR4782395	GC2	2.5	2.5.6	GC2	2.5	2.5.6	PASS
ERR4782333	GC2	2.5	2.5.6	GC2	2.5	2.5.6	PASS
ERR7225527	GC2	2.5	2.5.6	GC2	2.5	2.5.6	PASS
ERR4782271	GC2	2.5	2.5.6	GC2	2.5	2.5.6	PASS
ERR4782866	GC2	2.5	2.5.6	GC2	2.5	2.5.6	PASS
ERR7225622	GC2	2.5	2.5.6	GC2	2.5	2.5.6	PASS
ERR4782884	GC2	2.5	2.5.6	GC2	2.5	2.5.6	PASS
ERR7226002	GC2	2.5	2.5.6	GC2	2.5	2.5.6	PASS
ERR4782561	GC2	2.5	2.5.6	GC2	2.5	2.5.6	PASS
ERR7225528	GC2	2.5	2.5.6	GC2	2.5	2.5.6	PASS
ERR4782863	GC2	2.5	2.5.6	GC2	2.5	2.5.6	PASS
ERR7225593	GC2	2.5	2.5.6	GC2	2.5	2.5.6	PASS
ERR4782874	GC2	2.5	2.5.6	GC2	2.5	2.5.6	PASS
ERR7226000	GC2	2.5	2.5.6	GC2	2.5	2.5.6	PASS
ERR4782879	GC2	2.5	2.5.6	GC2	2.5	2.5.6	PASS
ERR7226154	GC2	2.5	2.5.6	GC2	2.5	2.5.6	PASS
ERR7225998	GC2	2.5	2.5.6	GC2	2.5	2.5.6	PASS
ERR7226004	GC2	2.5	2.5.6	GC2	2.5	2.5.6	PASS
ERR4782557	GC2	2.5	2.5.6	GC2	2.5	2.5.6	PASS
ERR4782850	GC2	2.5	2.5.6	GC2	2.5	2.5.6	PASS
ERR4782267	GC2	2.5	2.5.6	GC2	2.5	2.5.6	PASS
ERR4782855	GC2	2.5	2.5.6	GC2	2.5	2.5.6	PASS
ERR7225596	GC2	2.5	2.5.6	GC2	2.5	2.5.6	PASS
ERR4782347	GC2	2.5	2.5.6	GC2	2.5	2.5.6	PASS
ERR7225744	GC2	2.5	2.5.6	GC2	2.5	2.5.6	PASS
ERR4766479	GC2	2.5	2.5.6	GC2	2.5	2.5.6	PASS
ERR7226010	GC2	2.5	2.5.6	GC2	2.5	2.5.6	PASS
ERR4766324	GC2	2.5	2.5.6	GC2	2.5	2.5.6	PASS
ERR4766491	GC2	2.5	2.5.6	GC2	2.5	2.5.6	PASS
ERR4782028	GC2	2.5	2.5.6	GC2	2.5	2.5.6	PASS
ERR7225650	GC2	2.5	2.5.6	GC2	2.5	2.5.6	PASS
ERR7225073	GC2	2.5	2.5.6	GC2	2.5	2.5.6	PASS
ERR4782386	GC2	2.5	2.5.6	GC2	2.5	2.5.6	PASS
ERR7225384	GC2	2.5	2.5.6	GC2	2.5	2.5.6	PASS
ERR7225074	GC2	2.5	2.5.6	GC2	2.5	2.5.6	PASS
ERR4782391	GC2	2.5	2.5.6	GC2	2.5	2.5.6	PASS
ERR7225352	GC2	2.5	2.5.6	GC2	2.5	2.5.6	PASS
ERR7225670	GC2	2.5	2.5.6	GC2	2.5	2.5.6	PASS
ERR7225376	GC2	2.5	2.5.6	GC2	2.5	2.5.6	PASS
ERR7225385	GC2	2.5	2.5.6	GC2	2.5	2.5.6	PASS
ERR7225644	GC2	2.5	2.5.6	GC2	2.5	2.5.6	PASS
ERR7225578	GC2	2.5	2.5.6	GC2	2.5	2.5.6	PASS
ERR7225358	GC2	2.5	2.5.6	GC2	2.5	2.5.6	PASS
ERR7225638	GC2	2.5	2.5.6	GC2	2.5	2.5.6	PASS
ERR7225380	GC2	2.5	2.5.6	GC2	2.5	2.5.6	PASS
ERR7225646	GC2	2.5	2.5.6	GC2	2.5	2.5.6	PASS
ERR4782316	GC2	2.5	2.5.6	GC2	2.5	2.5.6	PASS
ERR7225355	GC2	2.5	2.5.6	GC2	2.5	2.5.6	PASS
ERR7225652	GC2	2.5	2.5.6	GC2	2.5	2.5.6	PASS
ERR7225672	GC2	2.5	2.5.6	GC2	2.5	2.5.6	PASS
ERR7225642	GC2	2.5	2.5.6	GC2	2.5	2.5.6	PASS
ERR7225374	GC2	2.5	2.5.6	GC2	2.5	2.5.6	PASS
ERR7225640	GC2	2.5	2.5.6	GC2	2.5	2.5.6	PASS
ERR7225410	GC2	2.5	2.5.6	GC2	2.5	2.5.6	PASS
ERR4782227	GC2	2.5	2.5.6	GC2	2.5	2.5.6	PASS
ERR4782024	GC2	2.5	2.5.6	GC2	2.5	2.5.6	PASS
ERR4766691	GC2	2.5	2.5.6	GC2	2.5	2.5.6	PASS
ERR4766702	GC2	2.5	2.5.6	GC2	2.5	2.5.6	PASS
ERR4766694	GC2	2.5	2.5.6	GC2	2.5	2.5.6	PASS
ERR4661766	GC2	2.5	2.5.6	GC2	2.5	2.5.6	PASS
ERR4766495	GC2	2.5	2.5.6	GC2	2.5	2.5.6	PASS
ERR4766433	GC2	2.5	2.5.6	GC2	2.5	2.5.6	PASS
ERR4766437	GC2	2.5	2.5.6	GC2	2.5	2.5.6	PASS
ERR4766432	GC2	2.5	2.5.6	GC2	2.5	2.5.6	PASS
ERR4766449	GC2	2.5	2.5.6	GC2	2.5	2.5.6	PASS
ERR4766631	GC2	2.5	2.5.6	GC2	2.5	2.5.6	PASS
ERR4766550	GC2	2.5	2.5.6	GC2	2.5	2.5.6	PASS
ERR4766643	GC2	2.5	2.5.6	GC2	2.5	2.5.6	PASS
ERR4782264	GC2	2.5	2.5.6	GC2	2.5	2.5.6	PASS
ERR4782331	GC2	2.5	2.5.6	GC2	2.5	2.5.6	PASS
ERR4782286	GC2	2.5	2.5.6	GC2	2.5	2.5.6	PASS
ERR4782341	GC2	2.5	2.5.6	GC2	2.5	2.5.6	PASS
ERR4782345	GC2	2.5	2.5.6	GC2	2.5	2.5.6	PASS
ERR4782407	GC2	2.5	2.5.6	GC2	2.5	2.5.6	PASS
ERR7225441	GC2	2.5	2.5.6	GC2	2.5	2.5.6	PASS
ERR7225405	GC2	2.5	2.5.6	GC2	2.5	2.5.6	PASS
ERR7225423	GC2	2.5	2.5.6	GC2	2.5	2.5.6	PASS
ERR7225706	GC2	2.5	2.5.6	GC2	2.5	2.5.6	PASS
ERR7225432	GC2	2.5	2.5.6	GC2	2.5	2.5.6	PASS
ERR7225982	GC2	2.5	2.5.6	GC2	2.5	2.5.6	PASS
ERR7225710	GC2	2.5	2.5.6	GC2	2.5	2.5.6	PASS
ERR7225438	GC2	2.5	2.5.6	GC2	2.5	2.5.6	PASS
ERR7225984	GC2	2.5	2.5.6	GC2	2.5	2.5.6	PASS
ERR7225949	GC2	2.5	2.5.6	GC2	2.5	2.5.6	PASS
ERR7225714	GC2	2.5	2.5.6	GC2	2.5	2.5.6	PASS
ERR7225417	GC2	2.5	2.5.6	GC2	2.5	2.5.6	PASS
ERR7225708	GC2	2.5	2.5.6	GC2	2.5	2.5.6	PASS
ERR7225462	GC2	2.5	2.5.6	GC2	2.5	2.5.6	PASS
ERR7225411	GC2	2.5	2.5.6	GC2	2.5	2.5.6	PASS
ERR7225712	GC2	2.5	2.5.6	GC2	2.5	2.5.6	PASS
ERR7225420	GC2	2.5	2.5.6	GC2	2.5	2.5.6	PASS
ERR7225414	GC2	2.5	2.5.6	GC2	2.5	2.5.6	PASS
ERR7225402	GC2	2.5	2.5.6	GC2	2.5	2.5.6	PASS
ERR7225436	GC2	2.5	2.5.6	GC2	2.5	2.5.6	PASS
ERR7225546	GC2	2.5	2.5.6	GC2	2.5	2.5.6	PASS
ERR7225702	GC2	2.5	2.5.6	GC2	2.5	2.5.6	PASS
ERR7225944	GC2	2.5	2.5.6	GC2	2.5	2.5.6	PASS
ERR7225390	GC2	2.5	2.5.6	GC2	2.5	2.5.6	PASS
ERR7225682	GC2	2.5	2.5.6	GC2	2.5	2.5.6	PASS
ERR7225704	GC2	2.5	2.5.6	GC2	2.5	2.5.6	PASS
ERR7225579	GC2	2.5	2.5.6	GC2	2.5	2.5.6	PASS
ERR7225945	GC2	2.5	2.5.6	GC2	2.5	2.5.6	PASS
ERR7225540	GC2	2.5	2.5.6	GC2	2.5	2.5.6	PASS
ERR4782387	GC2	2.5	2.5.6	GC2	2.5	2.5.6	PASS
ERR4782379	GC2	2.5	2.5.6	GC2	2.5	2.5.6	PASS
ERR4782555	GC2	2.5	2.5.6	GC2	2.5	2.5.6	PASS
ERR4782794	GC2	2.5	2.5.6	GC2	2.5	2.5.6	PASS
ERR4782351	GC2	2.5	2.5.6	GC2	2.5	2.5.6	PASS
ERR7225507	GC2	2.5	2.5.6	GC2	2.5	2.5.6	PASS
ERR7225534	GC2	2.5	2.5.6	GC2	2.5	2.5.6	PASS
ERR4782403	GC2	2.5	2.5.6	GC2	2.5	2.5.6	PASS
ERR7225590	GC2	2.5	2.5.6	GC2	2.5	2.5.6	PASS
ERR4782269	GC2	2.5	2.5.6	GC2	2.5	2.5.6	PASS
ERR7225587	GC2	2.5	2.5.6	GC2	2.5	2.5.6	PASS
ERR4782226	GC2	2.5	2.5.6	GC2	2.5	2.5.6	PASS
ERR4782803	GC2	2.5	2.5.6	GC2	2.5	2.5.6	PASS
ERR4766682	GC2	2.5	2.5.6	GC2	2.5	2.5.6	PASS
ERR7225513	GC2	2.5	2.5.6	GC2	2.5	2.5.6	PASS
ERR4782383	GC2	2.5	2.5.6	GC2	2.5	2.5.6	PASS
ERR7225510	GC2	2.5	2.5.6	GC2	2.5	2.5.6	PASS
ERR4782339	GC2	2.5	2.5.6	GC2	2.5	2.5.6	PASS
ERR7225519	GC2	2.5	2.5.6	GC2	2.5	2.5.6	PASS
ERR4661769	GC2	2.5	2.5.6	GC2	2.5	2.5.6	PASS
ERR4782320	GC2	2.5	2.5.6	GC2	2.5	2.5.6	PASS
ERR4782454	GC2	2.5	2.5.6	GC2	2.5	2.5.6	PASS
ERR4782423	GC2	2.5	2.5.6	GC2	2.5	2.5.6	PASS
ERR4766349	GC2	2.5	2.5.6	GC2	2.5	2.5.6	PASS
ERR4782738	GC2	2.5	2.5.6	GC2	2.5	2.5.6	PASS
ERR4766500	GC2	2.5	2.5.6	GC2	2.5	2.5.6	PASS
ERR4782730	GC2	2.5	2.5.6	GC2	2.5	2.5.6	PASS
ERR4782463	GC2	2.5	2.5.6	GC2	2.5	2.5.6	PASS
ERR7226018	GC2	2.5	2.5.6	GC2	2.5	2.5.6	PASS
ERR7225655	GC2	2.5	2.5.6	GC2	2.5	2.5.6	PASS
ERR7225657	GC2	2.5	2.5.6	GC2	2.5	2.5.6	PASS
ERR7225953	GC2	2.5	2.5.6	GC2	2.5	2.5.6	PASS
ERR4766503	GC2	2.5	2.5.6	GC2	2.5	2.5.6	PASS
ERR4766534	GC2	2.5	2.5.6	GC2	2.5	2.5.6	PASS
ERR4782338	GC2	2.5	2.5.6	GC2	2.5	2.5.6	PASS
ERR7225564	GC2	2.5	2.5.6	GC2	2.5	2.5.6	PASS
ERR4782735	GC2	2.5	2.5.6	GC2	2.5	2.5.6	PASS
ERR7225202	GC2	2.5	2.5.6	GC2	2.5	2.5.6	PASS
ERR4782675	GC2	2.5	2.5.6	GC2	2.5	2.5.6	PASS
ERR4782539	GC2	2.5	2.5.6	GC2	2.5	2.5.6	PASS
ERR4766567	GC2	2.5	2.5.6	GC2	2.5	2.5.6	PASS
ERR7225627	GC2	2.5	2.5.6	GC2	2.5	2.5.6	PASS
ERR4766365	GC2	2.5	2.5.6	GC2	2.5	2.5.6	PASS
ERR4782774	GC2	2.5	2.5.6	GC2	2.5	2.5.6	PASS
ERR4782312	GC2	2.5	2.5.6	GC2	2.5	2.5.6	PASS
ERR4782466	GC2	2.5	2.5.6	GC2	2.5	2.5.6	PASS
ERR7225986	GC2	2.5	2.5.6	GC2	2.5	2.5.6	PASS
ERR4782303	GC2	2.5	2.5.6	GC2	2.5	2.5.6	PASS
ERR4782542	GC2	2.5	2.5.6	GC2	2.5	2.5.6	PASS
ERR4782596	GC2	2.5	2.5.6	GC2	2.5	2.5.6	PASS
ERR4782551	GC2	2.5	2.5.6	GC2	2.5	2.5.6	PASS
ERR7225468	GC2	2.5	2.5.6	GC2	2.5	2.5.6	PASS
ERR4782362	GC2	2.5	2.5.6	GC2	2.5	2.5.6	PASS
ERR4782559	GC2	2.5	2.5.6	GC2	2.5	2.5.6	PASS
ERR4782430	GC2	2.5	2.5.6	GC2	2.5	2.5.6	PASS
ERR4782328	GC2	2.5	2.5.6	GC2	2.5	2.5.6	PASS
ERR7225389	GC2	2.5	2.5.6	GC2	2.5	2.5.6	PASS
ERR7225495	GC2	2.5	2.5.6	GC2	2.5	2.5.6	PASS
ERR4782568	GC2	2.5	2.5.6	GC2	2.5	2.5.6	PASS
ERR4782590	GC2	2.5	2.5.6	GC2	2.5	2.5.6	PASS
ERR4782635	GC2	2.5	2.5.6	GC2	2.5	2.5.6	PASS
ERR4782565	GC2	2.5	2.5.6	GC2	2.5	2.5.6	PASS
ERR7225584	GC2	2.5	2.5.6	GC2	2.5	2.5.6	PASS
ERR4782367	GC2	2.5	2.5.6	GC2	2.5	2.5.6	PASS
ERR4766361	GC2	2.5	2.5.6	GC2	2.5	2.5.6	PASS
ERR4782349	GC2	2.5	2.5.6	GC2	2.5	2.5.6	PASS
ERR4782484	GC2	2.5	2.5.6	GC2	2.5	2.5.6	PASS
ERR7225480	GC2	2.5	2.5.6	GC2	2.5	2.5.6	PASS
ERR4782299	GC2	2.5	2.5.6	GC2	2.5	2.5.6	PASS
ERR4782308	GC2	2.5	2.5.6	GC2	2.5	2.5.6	PASS
ERR4766428	GC2	2.5	2.5.6	GC2	2.5	2.5.6	PASS
ERR7225716	GC2	2.5	2.5.6	GC2	2.5	2.5.6	PASS
ERR4782419	GC2	2.5	2.5.6	GC2	2.5	2.5.6	PASS
ERR4782709	GC2	2.5	2.5.6	GC2	2.5	2.5.6	PASS
ERR7225492	GC2	2.5	2.5.6	GC2	2.5	2.5.6	PASS
ERR4782547	GC2	2.5	2.5.6	GC2	2.5	2.5.6	PASS
ERR4782554	GC2	2.5	2.5.6	GC2	2.5	2.5.6	PASS
ERR4782664	GC2	2.5	2.5.6	GC2	2.5	2.5.6	PASS
ERR4766373	GC2	2.5	2.5.6	GC2	2.5	2.5.6	PASS
ERR7225549	GC2	2.5	2.5.6	GC2	2.5	2.5.6	PASS
ERR4782553	GC2	2.5	2.5.6	GC2	2.5	2.5.6	PASS
ERR4782522	GC2	2.5	2.5.6	GC2	2.5	2.5.6	PASS
ERR4782313	GC2	2.5	2.5.6	GC2	2.5	2.5.6	PASS
ERR4782304	GC2	2.5	2.5.6	GC2	2.5	2.5.6	PASS
ERR4782334	GC2	2.5	2.5.6	GC2	2.5	2.5.6	PASS
ERR4782654	GC2	2.5	2.5.6	GC2	2.5	2.5.6	PASS
ERR4782782	GC2	2.5	2.5.6	GC2	2.5	2.5.6	PASS
ERR4782228	GC2	2.5	2.5.6	GC2	2.5	2.5.6	PASS
ERR4782550	GC2	2.5	2.5.6	GC2	2.5	2.5.6	PASS
ERR4782722	GC2	2.5	2.5.6	GC2	2.5	2.5.6	PASS
ERR7225479	GC2	2.5	2.5.6	GC2	2.5	2.5.6	PASS
ERR7225471	GC2	2.5	2.5.6	GC2	2.5	2.5.6	PASS
ERR4782457	GC2	2.5	2.5.6	GC2	2.5	2.5.6	PASS
ERR4782667	GC2	2.5	2.5.6	GC2	2.5	2.5.6	PASS
ERR4782302	GC2	2.5	2.5.6	GC2	2.5	2.5.6	PASS
ERR7225484	GC2	2.5	2.5.6	GC2	2.5	2.5.6	PASS
ERR4782771	GC2	2.5	2.5.6	GC2	2.5	2.5.6	PASS
ERR4661767	GC2	2.5	2.5.6	GC2	2.5	2.5.6	PASS
ERR4782650	GC2	2.5	2.5.6	GC2	2.5	2.5.6	PASS
GCF_018105825	GC2	2.5	2.5.6	GC2	2.5	2.5.6	PASS
GCF_018105875	GC2	2.5	2.5.6	GC2	2.5	2.5.6	PASS
GCF_018105925	GC2	2.5	2.5.6	GC2	2.5	2.5.6	PASS
GCF_005280375	GC2	2.5	2.5.6	GC2	2.5	2.5.6	PASS
ERR6132564	GC2	2.5	2.5.6	GC2	2.5	2.5.6	PASS
GCF_011603595	GC2	2.5	2.5.6	GC2	2.5	2.5.6	PASS
ERR6132403	GC2	2.5	2.5.6	GC2	2.5	2.5.6	PASS
GCF_010178955	GC2	2.5	2.5.6	GC2	2.5	2.5.6	PASS
ERR6132405	GC2	2.5	2.5.6	GC2	2.5	2.5.6	PASS
GCF_010178925	GC2	2.5	2.5.6	GC2	2.5	2.5.6	PASS
ERR6132559	GC2	2.5	2.5.6	GC2	2.5	2.5.6	PASS
GCF_010499685	GC2	2.5	2.5.6	GC2	2.5	2.5.6	PASS
ERR6132558	GC2	2.5	2.5.6	GC2	2.5	2.5.6	PASS
GCF_010499875	GC2	2.5	2.5.6	GC2	2.5	2.5.6	PASS
GCF_011602055	GC2	2.5	2.5.6	GC2	2.5	2.5.6	PASS
ERR6132449	GC2	2.5	2.5.6	GC2	2.5	2.5.6	PASS
ERR6132374	GC2	2.5	2.5.6	GC2	2.5	2.5.6	PASS
ERR6132497	GC2	2.5	2.5.6	GC2	2.5	2.5.6	PASS
GCF_011601885	GC2	2.5	2.5.6	GC2	2.5	2.5.6	PASS
ERR6132470	GC2	2.5	2.5.6	GC2	2.5	2.5.6	PASS
GCF_011603905	GC2	2.5	2.5.6	GC2	2.5	2.5.6	PASS
ERR6132553	GC2	2.5	2.5.6	GC2	2.5	2.5.6	PASS
GCF_011603305	GC2	2.5	2.5.6	GC2	2.5	2.5.6	PASS
GCF_010499675	GC2	2.5	2.5.6	GC2	2.5	2.5.6	PASS
ERR6132512	GC2	2.5	2.5.6	GC2	2.5	2.5.6	PASS
GCF_010500155	GC2	2.5	2.5.6	GC2	2.5	2.5.6	PASS
ERR6132527	GC2	2.5	2.5.6	GC2	2.5	2.5.6	PASS
ERR6132532	GC2	2.5	2.5.6	GC2	2.5	2.5.6	PASS
GCF_011603645	GC2	2.5	2.5.6	GC2	2.5	2.5.6	PASS
GCF_011603625	GC2	2.5	2.5.6	GC2	2.5	2.5.6	PASS
ERR6132528	GC2	2.5	2.5.6	GC2	2.5	2.5.6	PASS
GCF_011603545	GC2	2.5	2.5.6	GC2	2.5	2.5.6	PASS
ERR6132523	GC2	2.5	2.5.6	GC2	2.5	2.5.6	PASS
GCF_011602685	GC2	2.5	2.5.6	GC2	2.5	2.5.6	PASS
ERR6132547	GC2	2.5	2.5.6	GC2	2.5	2.5.6	PASS
ERR6132436	GC2	2.5	2.5.6	GC2	2.5	2.5.6	PASS
ERR6132499	GC2	2.5	2.5.6	GC2	2.5	2.5.6	PASS
GCF_011601865	GC2	2.5	2.5.6	GC2	2.5	2.5.6	PASS
ERR6132504	GC2	2.5	2.5.6	GC2	2.5	2.5.6	PASS
GCF_011602655	GC2	2.5	2.5.6	GC2	2.5	2.5.6	PASS
GCF_011602675	GC2	2.5	2.5.6	GC2	2.5	2.5.6	PASS
ERR6132519	GC2	2.5	2.5.6	GC2	2.5	2.5.6	PASS
GCF_011603825	GC2	2.5	2.5.6	GC2	2.5	2.5.6	PASS
GCF_011603775	GC2	2.5	2.5.6	GC2	2.5	2.5.6	PASS
ERR6132502	GC2	2.5	2.5.6	GC2	2.5	2.5.6	PASS
ERR6132518	GC2	2.5	2.5.6	GC2	2.5	2.5.6	PASS
GCF_010500485	GC2	2.5	2.5.6	GC2	2.5	2.5.6	PASS
GCF_011603805	GC2	2.5	2.5.6	GC2	2.5	2.5.6	PASS
ERR6132432	GC2	2.5	2.5.6	GC2	2.5	2.5.6	PASS
ERR6132498	GC2	2.5	2.5.6	GC2	2.5	2.5.6	PASS
GCF_011601485	GC2	2.5	2.5.6	GC2	2.5	2.5.6	PASS
GCF_011603835	GC2	2.5	2.5.6	GC2	2.5	2.5.6	PASS
ERR6132375	GC2	2.5	2.5.6	GC2	2.5	2.5.6	PASS
GCF_010179435	GC2	2.5	2.5.6	GC2	2.5	2.5.6	PASS
ERR6132538	GC2	2.5	2.5.6	GC2	2.5	2.5.6	PASS
GCF_012934925	GC2	2.5	2.5.6	GC2	2.5	2.5.6	PASS
ERR6132424	GC2	2.5	2.5.6	GC2	2.5	2.5.6	PASS
ERR6132468	GC2	2.5	2.5.6	GC2	2.5	2.5.6	PASS
GCF_011601875	GC2	2.5	2.5.6	GC2	2.5	2.5.6	PASS
ERR6132380	GC2	2.5	2.5.6	GC2	2.5	2.5.6	PASS
GCF_010179355	GC2	2.5	2.5.6	GC2	2.5	2.5.6	PASS
ERR6132425	GC2	2.5	2.5.6	GC2	2.5	2.5.6	PASS
GCF_010178815	GC2	2.5	2.5.6	GC2	2.5	2.5.6	PASS
GCF_017599885	GC2	2.5	2.5.6	GC2	2.5	2.5.6	PASS
GCF_011602145	GC2	2.5	2.5.6	GC2	2.5	2.5.6	PASS
GCF_017600385	GC2	2.5	2.5.6	GC2	2.5	2.5.6	PASS
GCF_011602405	GC2	2.5	2.5.6	GC2	2.5	2.5.6	PASS
ERR6132506	GC2	2.5	2.5.6	GC2	2.5	2.5.6	PASS
ERR6132465	GC2	2.5	2.5.6	GC2	2.5	2.5.6	PASS
GCF_011603845	GC2	2.5	2.5.6	GC2	2.5	2.5.6	PASS
GCF_011603635	GC2	2.5	2.5.6	GC2	2.5	2.5.6	PASS
ERR6132488	GC2	2.5	2.5.6	GC2	2.5	2.5.6	PASS
ERR6132480	GC2	2.5	2.5.6	GC2	2.5	2.5.6	PASS
GCF_010179375	GC2	2.5	2.5.6	GC2	2.5	2.5.6	PASS
ERR6132376	GC2	2.5	2.5.6	GC2	2.5	2.5.6	PASS
ERR6132551	GC2	2.5	2.5.6	GC2	2.5	2.5.6	PASS
GCF_011602235	GC2	2.5	2.5.6	GC2	2.5	2.5.6	PASS
ERR6132524	GC2	2.5	2.5.6	GC2	2.5	2.5.6	PASS
GCF_010179475	GC2	2.5	2.5.6	GC2	2.5	2.5.6	PASS
GCF_017600405	GC2	2.5	2.5.6	GC2	2.5	2.5.6	PASS
GCF_011601935	GC2	2.5	2.5.6	GC2	2.5	2.5.6	PASS
GCF_011601805	GC2	2.5	2.5.6	GC2	2.5	2.5.6	PASS
GCF_011603445	GC2	2.5	2.5.6	GC2	2.5	2.5.6	PASS
ERR6132529	GC2	2.5	2.5.6	GC2	2.5	2.5.6	PASS
ERR6132545	GC2	2.5	2.5.6	GC2	2.5	2.5.6	PASS
ERR6132381	GC2	2.5	2.5.6	GC2	2.5	2.5.6	PASS
ERR6132410	GC2	2.5	2.5.6	GC2	2.5	2.5.6	PASS
ERR6132509	GC2	2.5	2.5.6	GC2	2.5	2.5.6	PASS
GCF_017599845	GC2	2.5	2.5.6	GC2	2.5	2.5.6	PASS
GCF_017599785	GC2	2.5	2.5.6	GC2	2.5	2.5.6	PASS
GCF_011602205	GC2	2.5	2.5.6	GC2	2.5	2.5.6	PASS
GCF_011602625	GC2	2.5	2.5.6	GC2	2.5	2.5.6	PASS
GCF_017599645	GC2	2.5	2.5.6	GC2	2.5	2.5.6	PASS
GCF_011601765	GC2	2.5	2.5.6	GC2	2.5	2.5.6	PASS
GCF_010500335	GC2	2.5	2.5.6	GC2	2.5	2.5.6	PASS
GCF_011602285	GC2	2.5	2.5.6	GC2	2.5	2.5.6	PASS
GCF_011602225	GC2	2.5	2.5.6	GC2	2.5	2.5.6	PASS
ERR6132511	GC2	2.5	2.5.6	GC2	2.5	2.5.6	PASS
ERR6132417	GC2	2.5	2.5.6	GC2	2.5	2.5.6	PASS
GCF_011603345	GC2	2.5	2.5.6	GC2	2.5	2.5.6	PASS
ERR6132534	GC2	2.5	2.5.6	GC2	2.5	2.5.6	PASS
GCF_011602095	GC2	2.5	2.5.6	GC2	2.5	2.5.6	PASS
ERR6132467	GC2	2.5	2.5.6	GC2	2.5	2.5.6	PASS
ERR6132428	GC2	2.5	2.5.6	GC2	2.5	2.5.6	PASS
GCF_011601575	GC2	2.5	2.5.6	GC2	2.5	2.5.6	PASS
ERR6132541	GC2	2.5	2.5.6	GC2	2.5	2.5.6	PASS
GCF_011603355	GC2	2.5	2.5.6	GC2	2.5	2.5.6	PASS
ERR6132490	GC2	2.5	2.5.6	GC2	2.5	2.5.6	PASS
GCF_017600025	GC2	2.5	2.5.6	GC2	2.5	2.5.6	PASS
GCF_010179385	GC2	2.5	2.5.6	GC2	2.5	2.5.6	PASS
ERR6132421	GC2	2.5	2.5.6	GC2	2.5	2.5.6	PASS
GCF_011601555	GC2	2.5	2.5.6	GC2	2.5	2.5.6	PASS
GCF_010179455	GC2	2.5	2.5.6	GC2	2.5	2.5.6	PASS
GCF_011601985	GC2	2.5	2.5.6	GC2	2.5	2.5.6	PASS
GCF_017599965	GC2	2.5	2.5.6	GC2	2.5	2.5.6	PASS
GCF_011603405	GC2	2.5	2.5.6	GC2	2.5	2.5.6	PASS
GCF_011603475	GC2	2.5	2.5.6	GC2	2.5	2.5.6	PASS
GCF_011601695	GC2	2.5	2.5.6	GC2	2.5	2.5.6	PASS
ERR6132411	GC2	2.5	2.5.6	GC2	2.5	2.5.6	PASS
GCF_017599725	GC2	2.5	2.5.6	GC2	2.5	2.5.6	PASS
GCF_017599745	GC2	2.5	2.5.6	GC2	2.5	2.5.6	PASS
ERR6132491	GC2	2.5	2.5.6	GC2	2.5	2.5.6	PASS
ERR6132503	GC2	2.5	2.5.6	GC2	2.5	2.5.6	PASS
GCF_011603725	GC2	2.5	2.5.6	GC2	2.5	2.5.6	PASS
GCF_017599985	GC2	2.5	2.5.6	GC2	2.5	2.5.6	PASS
ERR6132373	GC2	2.5	2.5.6	GC2	2.5	2.5.6	PASS
GCF_011602125	GC2	2.5	2.5.6	GC2	2.5	2.5.6	PASS
GCF_004378435	GC2	2.5	2.5.6	GC2	2.5	2.5.6	PASS
GCF_004378525	GC2	2.5	2.5.6	GC2	2.5	2.5.6	PASS
GCF_003007145	GC2	2.5	2.5.6	GC2	2.5	2.5.6	PASS
SRR12008621	GC2	2.5	2.5.6	GC2	2.5	2.5.6	PASS
GCF_014560245	GC2	2.5	2.5.6	GC2	2.5	2.5.6	PASS
GCF_020254725	GC2	2.5	2.5.6	GC2	2.5	2.5.6	PASS
GCF_003007635	GC2	2.5	2.5.6	GC2	2.5	2.5.6	PASS
SRR12008634	GC2	2.5	2.5.6	GC2	2.5	2.5.6	PASS
GCF_018789295	GC2	2.5	2.5.6	GC2	2.5	2.5.6	PASS
GCF_020254595	GC2	2.5	2.5.6	GC2	2.5	2.5.6	PASS
GCF_020251125	GC2	2.5	2.5.6	GC2	2.5	2.5.6	PASS
GCF_020255885	GC2	2.5	2.5.6	GC2	2.5	2.5.6	PASS
GCF_020251285	GC2	2.5	2.5.6	GC2	2.5	2.5.6	PASS
GCF_020254905	GC2	2.5	2.5.6	GC2	2.5	2.5.6	PASS
GCF_019189095	GC2	2.5	2.5.6	GC2	2.5	2.5.6	PASS
GCF_019336425	GC2	2.5	2.5.6	GC2	2.5	2.5.6	PASS
GCF_019336485	GC2	2.5	2.5.6	GC2	2.5	2.5.6	PASS
GCF_019356075	GC2	2.5	2.5.6	GC2	2.5	2.5.6	PASS
GCF_019336535	GC2	2.5	2.5.6	GC2	2.5	2.5.6	PASS
GCF_019336585	GC2	2.5	2.5.6	GC2	2.5	2.5.6	PASS
GCF_019336635	GC2	2.5	2.5.6	GC2	2.5	2.5.6	PASS
GCF_019336605	GC2	2.5	2.5.6	GC2	2.5	2.5.6	PASS
GCF_019336625	GC2	2.5	2.5.6	GC2	2.5	2.5.6	PASS
GCF_019336525	GC2	2.5	2.5.6	GC2	2.5	2.5.6	PASS
GCF_019336565	GC2	2.5	2.5.6	GC2	2.5	2.5.6	PASS
GCF_013618725	GC2	2.5	2.5.6	GC2	2.5	2.5.6	PASS
GCF_013618685	GC2	2.5	2.5.6	GC2	2.5	2.5.6	PASS
GCF_013618715	GC2	2.5	2.5.6	GC2	2.5	2.5.6	PASS
GCF_013618675	GC2	2.5	2.5.6	GC2	2.5	2.5.6	PASS
GCF_013618745	GC2	2.5	2.5.6	GC2	2.5	2.5.6	PASS
GCF_017096325	GC2	2.5	2.5.6	GC2	2.5	2.5.6	PASS
GCF_017096405	GC2	2.5	2.5.6	GC2	2.5	2.5.6	PASS
GCF_015694645	GC2	2.5	2.5.6	GC2	2.5	2.5.6	PASS
GCF_017098245	GC2	2.5	2.5.6	GC2	2.5	2.5.6	PASS
GCF_017098265	GC2	2.5	2.5.6	GC2	2.5	2.5.6	PASS
GCF_004378535	GC2	2.5	2.5.6	GC2	2.5	2.5.6	PASS
GCF_007647215	GC2	2.5	2.5.6	GC2	2.5	2.5.6	PASS
GCF_003007585	GC2	2.5	2.5.6	GC2	2.5	2.5.6	PASS
GCF_005785775	GC2	2.5	2.5.6	GC2	2.5	2.5.6	PASS
SRR12008599	GC2	2.5	2.5.6	GC2	2.5	2.5.6	PASS
SRR12008598	GC2	2.5	2.5.6	GC2	2.5	2.5.6	PASS
SRR12008602	GC2	2.5	2.5.6	GC2	2.5	2.5.6	PASS
SRR12008630	GC2	2.5	2.5.6	GC2	2.5	2.5.6	PASS
GCF_005784725	GC2	2.5	2.5.6	GC2	2.5	2.5.6	PASS
GCF_005784755	GC2	2.5	2.5.6	GC2	2.5	2.5.6	PASS
GCF_005785725	GC2	2.5	2.5.6	GC2	2.5	2.5.6	PASS
GCF_005785745	GC2	2.5	2.5.6	GC2	2.5	2.5.6	PASS
GCF_005786095	GC2	2.5	2.5.6	GC2	2.5	2.5.6	PASS
GCF_005785845	GC2	2.5	2.5.6	GC2	2.5	2.5.6	PASS
GCF_005785355	GC2	2.5	2.5.6	GC2	2.5	2.5.6	PASS
GCF_005785305	GC2	2.5	2.5.6	GC2	2.5	2.5.6	PASS
GCF_005786085	GC2	2.5	2.5.6	GC2	2.5	2.5.6	PASS
GCF_005786525	GC2	2.5	2.5.6	GC2	2.5	2.5.6	PASS
GCF_005786535	GC2	2.5	2.5.6	GC2	2.5	2.5.6	PASS
GCF_005786505	GC2	2.5	2.5.6	GC2	2.5	2.5.6	PASS
GCF_005784885	GC2	2.5	2.5.6	GC2	2.5	2.5.6	PASS
GCF_005786135	GC2	2.5	2.5.6	GC2	2.5	2.5.6	PASS
GCF_005785815	GC2	2.5	2.5.6	GC2	2.5	2.5.6	PASS
GCF_005785765	GC2	2.5	2.5.6	GC2	2.5	2.5.6	PASS
GCF_005785895	GC2	2.5	2.5.6	GC2	2.5	2.5.6	PASS
GCF_005786105	GC2	2.5	2.5.6	GC2	2.5	2.5.6	PASS
GCF_005785465	GC2	2.5	2.5.6	GC2	2.5	2.5.6	PASS
GCF_005785515	GC2	2.5	2.5.6	GC2	2.5	2.5.6	PASS
GCF_005785455	GC2	2.5	2.5.6	GC2	2.5	2.5.6	PASS
GCF_005785405	GC2	2.5	2.5.6	GC2	2.5	2.5.6	PASS
GCF_005785325	GC2	2.5	2.5.6	GC2	2.5	2.5.6	PASS
GCF_005785505	GC2	2.5	2.5.6	GC2	2.5	2.5.6	PASS
GCF_005785875	GC2	2.5	2.5.6	GC2	2.5	2.5.6	PASS
GCF_005785645	GC2	2.5	2.5.6	GC2	2.5	2.5.6	PASS
GCF_005785315	GC2	2.5	2.5.6	GC2	2.5	2.5.6	PASS
GCF_005784745	GC2	2.5	2.5.6	GC2	2.5	2.5.6	PASS
GCF_005785665	GC2	2.5	2.5.6	GC2	2.5	2.5.6	PASS
GCF_005784685	GC2	2.5	2.5.6	GC2	2.5	2.5.6	PASS
GCF_005785615	GC2	2.5	2.5.6	GC2	2.5	2.5.6	PASS
SRR12008611	GC2	2.5	2.5.6	GC2	2.5	2.5.6	PASS
SRR12008581	GC2	2.5	2.5.6	GC2	2.5	2.5.6	PASS
GCF_005785945	GC2	2.5	2.5.6	GC2	2.5	2.5.6	PASS
SRR12008603	GC2	2.5	2.5.6	GC2	2.5	2.5.6	PASS
SRR12008601	GC2	2.5	2.5.6	GC2	2.5	2.5.6	PASS
SRR12008645	GC2	2.5	2.5.6	GC2	2.5	2.5.6	PASS
SRR12008580	GC2	2.5	2.5.6	GC2	2.5	2.5.6	PASS
GCF_005785965	GC2	2.5	2.5.6	GC2	2.5	2.5.6	PASS
GCF_005786425	GC2	2.5	2.5.6	GC2	2.5	2.5.6	PASS
GCF_005785885	GC2	2.5	2.5.6	GC2	2.5	2.5.6	PASS
SRR12008640	GC2	2.5	2.5.6	GC2	2.5	2.5.6	PASS
SRR12008633	GC2	2.5	2.5.6	GC2	2.5	2.5.6	PASS
GCF_004378295	GC2	2.5	2.5.6	GC2	2.5	2.5.6	PASS
GCF_004378545	GC2	2.5	2.5.6	GC2	2.5	2.5.6	PASS
GCF_007999585	GC2	2.5	2.5.6	GC2	2.5	2.5.6	PASS
GCF_014531565	GC2	2.5	2.5.6	GC2	2.5	2.5.6	PASS
GCF_014530885	GC2	2.5	2.5.6	GC2	2.5	2.5.6	PASS
GCF_014531465	GC2	2.5	2.5.6	GC2	2.5	2.5.6	PASS
GCF_014530985	GC2	2.5	2.5.6	GC2	2.5	2.5.6	PASS
GCF_014531395	GC2	2.5	2.5.6	GC2	2.5	2.5.6	PASS
GCF_005784795	GC2	2.5	2.5.6	GC2	2.5	2.5.6	PASS
GCF_005785695	GC2	2.5	2.5.6	GC2	2.5	2.5.6	PASS
GCF_018423275	GC2	2.5	2.5.6	GC2	2.5	2.5.6	PASS
SRR13327178	GC2	2.5	2.5.6	GC2	2.5	2.5.6	PASS
SRR13327179	GC2	2.5	2.5.6	GC2	2.5	2.5.6	PASS
GCF_002261505	GC2	2.5	2.5.6	GC2	2.5	2.5.6	PASS
GCF_002992385	GC2	2.5	2.5.6	GC2	2.5	2.5.6	PASS
ERR2712249	GC2	2.5	2.5.6	GC2	2.5	2.5.6	PASS
ERR4436600	GC2	2.5	2.5.6	GC2	2.5	2.5.6	PASS
SRR17157324	GC2	2.5	2.5.6	GC2	2.5	2.5.6	PASS
GCF_005819765	GC2	2.5	2.5.6	GC2	2.5	2.5.6	PASS
SRR18074858	GC2	2.5	2.5.6	GC2	2.5	2.5.6	PASS
SRR15845951	GC2	2.5	2.5.6	GC2	2.5	2.5.6	PASS
GCF_002992345	GC2	2.5	2.5.6	GC2	2.5	2.5.6	PASS
SRR17157380	GC2	2.5	2.5.6	GC2	2.5	2.5.6	PASS
SRR17157326	GC2	2.5	2.5.6	GC2	2.5	2.5.6	PASS
SRR17988905	GC2	2.5	2.5.6	GC2	2.5	2.5.6	PASS
SRR18115362	GC2	2.5	2.5.6	GC2	2.5	2.5.6	PASS
ERR3535480	GC2	2.5	2.5.6	GC2	2.5	2.5.6	PASS
GCF_003965825	GC2	2.5	2.5.6	GC2	2.5	2.5.6	PASS
GCF_002992405	GC2	2.5	2.5.6	GC2	2.5	2.5.6	PASS
GCF_002992705	GC2	2.5	2.5.6	GC2	2.5	2.5.6	PASS
GCF_002992765	GC2	2.5	2.5.6	GC2	2.5	2.5.6	PASS
GCF_003345795	GC2	2.5	2.5.6	GC2	2.5	2.5.6	PASS
SRR12916662	GC2	2.5	2.5.6	GC2	2.5	2.5.6	PASS
SRR13021253	GC2	2.5	2.5.6	GC2	2.5	2.5.6	PASS
SRR13362827	GC2	2.5	2.5.6	GC2	2.5	2.5.6	PASS
SRR13965550	GC2	2.5	2.5.6	GC2	2.5	2.5.6	PASS
SRR15377030	GC2	2.5	2.5.6	GC2	2.5	2.5.6	PASS
SRR16520581	GC2	2.5	2.5.6	GC2	2.5	2.5.6	PASS
SRR16520583	GC2	2.5	2.5.6	GC2	2.5	2.5.6	PASS
SRR12743898	GC2	2.5	2.5.6	GC2	2.5	2.5.6	PASS
SRR12743913	GC2	2.5	2.5.6	GC2	2.5	2.5.6	PASS
SRR12743919	GC2	2.5	2.5.6	GC2	2.5	2.5.6	PASS
SRR12743929	GC2	2.5	2.5.6	GC2	2.5	2.5.6	PASS
SRR12743899	GC2	2.5	2.5.6	GC2	2.5	2.5.6	PASS
SRR12743917	GC2	2.5	2.5.6	GC2	2.5	2.5.6	PASS
SRR12743949	GC2	2.5	2.5.6	GC2	2.5	2.5.6	PASS
SRR12743905	GC2	2.5	2.5.6	GC2	2.5	2.5.6	PASS
SRR12743892	GC2	2.5	2.5.6	GC2	2.5	2.5.6	PASS
SRR12743910	GC2	2.5	2.5.6	GC2	2.5	2.5.6	PASS
SRR13748148	GC2	2.5	2.5.6	GC2	2.5	2.5.6	PASS
SRR14436856	GC2	2.5	2.5.6	GC2	2.5	2.5.6	PASS
SRR14436896	GC2	2.5	2.5.6	GC2	2.5	2.5.6	PASS
SRR13748166	GC2	2.5	2.5.6	GC2	2.5	2.5.6	PASS
SRR14792812	GC2	2.5	2.5.6	GC2	2.5	2.5.6	PASS
SRR14996244	GC2	2.5	2.5.6	GC2	2.5	2.5.6	PASS
SRR16526547	GC2	2.5	2.5.6	GC2	2.5	2.5.6	PASS
SRR13748139	GC2	2.5	2.5.6	GC2	2.5	2.5.6	PASS
SRR13748137	GC2	2.5	2.5.6	GC2	2.5	2.5.6	PASS
SRR13748150	GC2	2.5	2.5.6	GC2	2.5	2.5.6	PASS
SRR14154215	GC2	2.5	2.5.6	GC2	2.5	2.5.6	PASS
SRR12916660	GC2	2.5	2.5.6	GC2	2.5	2.5.6	PASS
SRR15377010	GC2	2.5	2.5.6	GC2	2.5	2.5.6	PASS
SRR13228548	GC2	2.5	2.5.6	GC2	2.5	2.5.6	PASS
SRR17250654	GC2	2.5	2.5.6	GC2	2.5	2.5.6	PASS
SRR13228571	GC2	2.5	2.5.6	GC2	2.5	2.5.6	PASS
SRR13965479	GC2	2.5	2.5.6	GC2	2.5	2.5.6	PASS
SRR12743888	GC2	2.5	2.5.6	GC2	2.5	2.5.6	PASS
SRR13643272	GC2	2.5	2.5.6	GC2	2.5	2.5.6	PASS
SRR11725228	GC2	2.5	2.5.6	GC2	2.5	2.5.6	PASS
SRR12743874	GC2	2.5	2.5.6	GC2	2.5	2.5.6	PASS
SRR13643247	GC2	2.5	2.5.6	GC2	2.5	2.5.6	PASS
SRR13965511	GC2	2.5	2.5.6	GC2	2.5	2.5.6	PASS
SRR14154208	GC2	2.5	2.5.6	GC2	2.5	2.5.6	PASS
SRR13965507	GC2	2.5	2.5.6	GC2	2.5	2.5.6	PASS
SRR13965529	GC2	2.5	2.5.6	GC2	2.5	2.5.6	PASS
SRR14792821	GC2	2.5	2.5.6	GC2	2.5	2.5.6	PASS
SRR14436868	GC2	2.5	2.5.6	GC2	2.5	2.5.6	PASS
SRR13362852	GC2	2.5	2.5.6	GC2	2.5	2.5.6	PASS
SRR13748126	GC2	2.5	2.5.6	GC2	2.5	2.5.6	PASS
SRR14634855	GC2	2.5	2.5.6	GC2	2.5	2.5.6	PASS
SRR14436907	GC2	2.5	2.5.6	GC2	2.5	2.5.6	PASS
SRR13643250	GC2	2.5	2.5.6	GC2	2.5	2.5.6	PASS
SRR13748127	GC2	2.5	2.5.6	GC2	2.5	2.5.6	PASS
SRR16132294	GC2	2.5	2.5.6	GC2	2.5	2.5.6	PASS
SRR14792809	GC2	2.5	2.5.6	GC2	2.5	2.5.6	PASS
SRR13748157	GC2	2.5	2.5.6	GC2	2.5	2.5.6	PASS
SRR13748122	GC2	2.5	2.5.6	GC2	2.5	2.5.6	PASS
SRR13965485	GC2	2.5	2.5.6	GC2	2.5	2.5.6	PASS
SRR14436857	GC2	2.5	2.5.6	GC2	2.5	2.5.6	PASS
SRR13965484	GC2	2.5	2.5.6	GC2	2.5	2.5.6	PASS
SRR13362877	GC2	2.5	2.5.6	GC2	2.5	2.5.6	PASS
SRR13965540	GC2	2.5	2.5.6	GC2	2.5	2.5.6	PASS
SRR15597963	GC2	2.5	2.5.6	GC2	2.5	2.5.6	PASS
SRR17383794	GC2	2.5	2.5.6	GC2	2.5	2.5.6	PASS
SRR17250625	GC2	2.5	2.5.6	GC2	2.5	2.5.6	PASS
SRR14154243	GC2	2.5	2.5.6	GC2	2.5	2.5.6	PASS
SRR13965498	GC2	2.5	2.5.6	GC2	2.5	2.5.6	PASS
SRR13748125	GC2	2.5	2.5.6	GC2	2.5	2.5.6	PASS
SRR14154259	GC2	2.5	2.5.6	GC2	2.5	2.5.6	PASS
SRR12916659	GC2	2.5	2.5.6	GC2	2.5	2.5.6	PASS
SRR12519088	GC2	2.5	2.5.6	GC2	2.5	2.5.6	PASS
SRR13748156	GC2	2.5	2.5.6	GC2	2.5	2.5.6	PASS
SRR12865205	GC2	2.5	2.5.6	GC2	2.5	2.5.6	PASS
SRR13362859	GC2	2.5	2.5.6	GC2	2.5	2.5.6	PASS
SRR13965500	GC2	2.5	2.5.6	GC2	2.5	2.5.6	PASS
SRR14154247	GC2	2.5	2.5.6	GC2	2.5	2.5.6	PASS
SRR16520602	GC2	2.5	2.5.6	GC2	2.5	2.5.6	PASS
SRR14634829	GC2	2.5	2.5.6	GC2	2.5	2.5.6	PASS
SRR14792790	GC2	2.5	2.5.6	GC2	2.5	2.5.6	PASS
SRR15210543	GC2	2.5	2.5.6	GC2	2.5	2.5.6	PASS
SRR15377024	GC2	2.5	2.5.6	GC2	2.5	2.5.6	PASS
SRR17250603	GC2	2.5	2.5.6	GC2	2.5	2.5.6	PASS
SRR14996254	GC2	2.5	2.5.6	GC2	2.5	2.5.6	PASS
SRR13748131	GC2	2.5	2.5.6	GC2	2.5	2.5.6	PASS
SRR14436818	GC2	2.5	2.5.6	GC2	2.5	2.5.6	PASS
SRR13965497	GC2	2.5	2.5.6	GC2	2.5	2.5.6	PASS
SRR17250628	GC2	2.5	2.5.6	GC2	2.5	2.5.6	PASS
SRR13748151	GC2	2.5	2.5.6	GC2	2.5	2.5.6	PASS
SRR13228547	GC2	2.5	2.5.6	GC2	2.5	2.5.6	PASS
SRR14792802	GC2	2.5	2.5.6	GC2	2.5	2.5.6	PASS
SRR13965526	GC2	2.5	2.5.6	GC2	2.5	2.5.6	PASS
SRR15210564	GC2	2.5	2.5.6	GC2	2.5	2.5.6	PASS
SRR15597959	GC2	2.5	2.5.6	GC2	2.5	2.5.6	PASS
SRR14436840	GC2	2.5	2.5.6	GC2	2.5	2.5.6	PASS
SRR15210515	GC2	2.5	2.5.6	GC2	2.5	2.5.6	PASS
SRR13362878	GC2	2.5	2.5.6	GC2	2.5	2.5.6	PASS
SRR13965494	GC2	2.5	2.5.6	GC2	2.5	2.5.6	PASS
SRR13362854	GC2	2.5	2.5.6	GC2	2.5	2.5.6	PASS
SRR16520647	GC2	2.5	2.5.6	GC2	2.5	2.5.6	PASS
SRR17250610	GC2	2.5	2.5.6	GC2	2.5	2.5.6	PASS
SRR15597962	GC2	2.5	2.5.6	GC2	2.5	2.5.6	PASS
SRR12519158	GC2	2.5	2.5.6	GC2	2.5	2.5.6	PASS
SRR17250661	GC2	2.5	2.5.6	GC2	2.5	2.5.6	PASS
SRR13748176	GC2	2.5	2.5.6	GC2	2.5	2.5.6	PASS
SRR13748149	GC2	2.5	2.5.6	GC2	2.5	2.5.6	PASS
SRR17611333	GC2	2.5	2.5.6	GC2	2.5	2.5.6	PASS
SRR13965525	GC2	2.5	2.5.6	GC2	2.5	2.5.6	PASS
SRR17250644	GC2	2.5	2.5.6	GC2	2.5	2.5.6	PASS
SRR15376990	GC2	2.5	2.5.6	GC2	2.5	2.5.6	PASS
SRR17944022	GC2	2.5	2.5.6	GC2	2.5	2.5.6	PASS
SRR14154265	GC2	2.5	2.5.6	GC2	2.5	2.5.6	PASS
SRR14634832	GC2	2.5	2.5.6	GC2	2.5	2.5.6	PASS
SRR14436855	GC2	2.5	2.5.6	GC2	2.5	2.5.6	PASS
SRR14634836	GC2	2.5	2.5.6	GC2	2.5	2.5.6	PASS
SRR15210553	GC2	2.5	2.5.6	GC2	2.5	2.5.6	PASS
SRR12519166	GC2	2.5	2.5.6	GC2	2.5	2.5.6	PASS
SRR14154197	GC2	2.5	2.5.6	GC2	2.5	2.5.6	PASS
SRR14154223	GC2	2.5	2.5.6	GC2	2.5	2.5.6	PASS
SRR12743859	GC2	2.5	2.5.6	GC2	2.5	2.5.6	PASS
SRR13748163	GC2	2.5	2.5.6	GC2	2.5	2.5.6	PASS
SRR13428238	GC2	2.5	2.5.6	GC2	2.5	2.5.6	PASS
SRR13748133	GC2	2.5	2.5.6	GC2	2.5	2.5.6	PASS
SRR13965503	GC2	2.5	2.5.6	GC2	2.5	2.5.6	PASS
SRR13228561	GC2	2.5	2.5.6	GC2	2.5	2.5.6	PASS
SRR12865207	GC2	2.5	2.5.6	GC2	2.5	2.5.6	PASS
SRR15377053	GC2	2.5	2.5.6	GC2	2.5	2.5.6	PASS
SRR15210544	GC2	2.5	2.5.6	GC2	2.5	2.5.6	PASS
SRR13748165	GC2	2.5	2.5.6	GC2	2.5	2.5.6	PASS
SRR14792827	GC2	2.5	2.5.6	GC2	2.5	2.5.6	PASS
SRR16520632	GC2	2.5	2.5.6	GC2	2.5	2.5.6	PASS
SRR13965522	GC2	2.5	2.5.6	GC2	2.5	2.5.6	PASS
SRR13362846	GC2	2.5	2.5.6	GC2	2.5	2.5.6	PASS
SRR13362847	GC2	2.5	2.5.6	GC2	2.5	2.5.6	PASS
SRR15597973	GC2	2.5	2.5.6	GC2	2.5	2.5.6	PASS
SRR15210525	GC2	2.5	2.5.6	GC2	2.5	2.5.6	PASS
SRR17944029	GC2	2.5	2.5.6	GC2	2.5	2.5.6	PASS
SRR13748159	GC2	2.5	2.5.6	GC2	2.5	2.5.6	PASS
SRR15597986	GC2	2.5	2.5.6	GC2	2.5	2.5.6	PASS
SRR12743845	GC2	2.5	2.5.6	GC2	2.5	2.5.6	PASS
SRR14792842	GC2	2.5	2.5.6	GC2	2.5	2.5.6	PASS
SRR15210522	GC2	2.5	2.5.6	GC2	2.5	2.5.6	PASS
SRR17944044	GC2	2.5	2.5.6	GC2	2.5	2.5.6	PASS
SRR15376989	GC2	2.5	2.5.6	GC2	2.5	2.5.6	PASS
SRR13075493	GC2	2.5	2.5.6	GC2	2.5	2.5.6	PASS
SRR14436877	GC2	2.5	2.5.6	GC2	2.5	2.5.6	PASS
SRR15597970	GC2	2.5	2.5.6	GC2	2.5	2.5.6	PASS
SRR15597983	GC2	2.5	2.5.6	GC2	2.5	2.5.6	PASS
SRR13748161	GC2	2.5	2.5.6	GC2	2.5	2.5.6	PASS
SRR15597971	GC2	2.5	2.5.6	GC2	2.5	2.5.6	PASS
SRR13643279	GC2	2.5	2.5.6	GC2	2.5	2.5.6	PASS
SRR16132273	GC2	2.5	2.5.6	GC2	2.5	2.5.6	PASS
SRR12916663	GC2	2.5	2.5.6	GC2	2.5	2.5.6	PASS
SRR13643251	GC2	2.5	2.5.6	GC2	2.5	2.5.6	PASS
SRR17250571	GC2	2.5	2.5.6	GC2	2.5	2.5.6	PASS
SRR17250604	GC2	2.5	2.5.6	GC2	2.5	2.5.6	PASS
SRR15210523	GC2	2.5	2.5.6	GC2	2.5	2.5.6	PASS
SRR16132277	GC2	2.5	2.5.6	GC2	2.5	2.5.6	PASS
SRR15597984	GC2	2.5	2.5.6	GC2	2.5	2.5.6	PASS
SRR15210549	GC2	2.5	2.5.6	GC2	2.5	2.5.6	PASS
SRR15210559	GC2	2.5	2.5.6	GC2	2.5	2.5.6	PASS
SRR17944046	GC2	2.5	2.5.6	GC2	2.5	2.5.6	PASS
SRR14792789	GC2	2.5	2.5.6	GC2	2.5	2.5.6	PASS
SRR14792830	GC2	2.5	2.5.6	GC2	2.5	2.5.6	PASS
SRR16526557	GC2	2.5	2.5.6	GC2	2.5	2.5.6	PASS
SRR14792801	GC2	2.5	2.5.6	GC2	2.5	2.5.6	PASS
SRR16520642	GC2	2.5	2.5.6	GC2	2.5	2.5.6	PASS
SRR14792837	GC2	2.5	2.5.6	GC2	2.5	2.5.6	PASS
SRR14996255	GC2	2.5	2.5.6	GC2	2.5	2.5.6	PASS
SRR17383812	GC2	2.5	2.5.6	GC2	2.5	2.5.6	PASS
SRR14792810	GC2	2.5	2.5.6	GC2	2.5	2.5.6	PASS
SRR15377032	GC2	2.5	2.5.6	GC2	2.5	2.5.6	PASS
SRR15377028	GC2	2.5	2.5.6	GC2	2.5	2.5.6	PASS
SRR15210568	GC2	2.5	2.5.6	GC2	2.5	2.5.6	PASS
SRR15210519	GC2	2.5	2.5.6	GC2	2.5	2.5.6	PASS
SRR15210563	GC2	2.5	2.5.6	GC2	2.5	2.5.6	PASS
SRR15377031	GC2	2.5	2.5.6	GC2	2.5	2.5.6	PASS
SRR17383786	GC2	2.5	2.5.6	GC2	2.5	2.5.6	PASS
SRR17944004	GC2	2.5	2.5.6	GC2	2.5	2.5.6	PASS
SRR13228546	GC2	2.5	2.5.6	GC2	2.5	2.5.6	PASS
SRR16520579	GC2	2.5	2.5.6	GC2	2.5	2.5.6	PASS
SRR13643264	GC2	2.5	2.5.6	GC2	2.5	2.5.6	PASS
SRR13643266	GC2	2.5	2.5.6	GC2	2.5	2.5.6	PASS
SRR14154234	GC2	2.5	2.5.6	GC2	2.5	2.5.6	PASS
SRR15377012	GC2	2.5	2.5.6	GC2	2.5	2.5.6	PASS
SRR15597987	GC2	2.5	2.5.6	GC2	2.5	2.5.6	PASS
SRR15377001	GC2	2.5	2.5.6	GC2	2.5	2.5.6	PASS
SRR13643273	GC2	2.5	2.5.6	GC2	2.5	2.5.6	PASS
SRR15210542	GC2	2.5	2.5.6	GC2	2.5	2.5.6	PASS
SRR16526554	GC2	2.5	2.5.6	GC2	2.5	2.5.6	PASS
SRR15376978	GC2	2.5	2.5.6	GC2	2.5	2.5.6	PASS
SRR15377006	GC2	2.5	2.5.6	GC2	2.5	2.5.6	PASS
SRR17611331	GC2	2.5	2.5.6	GC2	2.5	2.5.6	PASS
SRR15377021	GC2	2.5	2.5.6	GC2	2.5	2.5.6	PASS
SRR16526562	GC2	2.5	2.5.6	GC2	2.5	2.5.6	PASS
SRR15377003	GC2	2.5	2.5.6	GC2	2.5	2.5.6	PASS
SRR15377007	GC2	2.5	2.5.6	GC2	2.5	2.5.6	PASS
SRR17250607	GC2	2.5	2.5.6	GC2	2.5	2.5.6	PASS
SRR15210576	GC2	2.5	2.5.6	GC2	2.5	2.5.6	PASS
SRR15210574	GC2	2.5	2.5.6	GC2	2.5	2.5.6	PASS
SRR15377018	GC2	2.5	2.5.6	GC2	2.5	2.5.6	PASS
SRR15376997	GC2	2.5	2.5.6	GC2	2.5	2.5.6	PASS
SRR17250599	GC2	2.5	2.5.6	GC2	2.5	2.5.6	PASS
SRR14792794	GC2	2.5	2.5.6	GC2	2.5	2.5.6	PASS
SRR14634812	GC2	2.5	2.5.6	GC2	2.5	2.5.6	PASS
SRR14634809	GC2	2.5	2.5.6	GC2	2.5	2.5.6	PASS
SRR14154235	GC2	2.5	2.5.6	GC2	2.5	2.5.6	PASS
SRR14634852	GC2	2.5	2.5.6	GC2	2.5	2.5.6	PASS
SRR16520598	GC2	2.5	2.5.6	GC2	2.5	2.5.6	PASS
SRR13428240	GC2	2.5	2.5.6	GC2	2.5	2.5.6	PASS
SRR13643265	GC2	2.5	2.5.6	GC2	2.5	2.5.6	PASS
SRR13965504	GC2	2.5	2.5.6	GC2	2.5	2.5.6	PASS
SRR16520599	GC2	2.5	2.5.6	GC2	2.5	2.5.6	PASS
SRR15597981	GC2	2.5	2.5.6	GC2	2.5	2.5.6	PASS
SRR13362851	GC2	2.5	2.5.6	GC2	2.5	2.5.6	PASS
SRR14996256	GC2	2.5	2.5.6	GC2	2.5	2.5.6	PASS
SRR15597961	GC2	2.5	2.5.6	GC2	2.5	2.5.6	PASS
SRR16520661	GC2	2.5	2.5.6	GC2	2.5	2.5.6	PASS
SRR15210514	GC2	2.5	2.5.6	GC2	2.5	2.5.6	PASS
SRR16520655	GC2	2.5	2.5.6	GC2	2.5	2.5.6	PASS
SRR12519087	GC2	2.5	2.5.6	GC2	2.5	2.5.6	PASS
SRR12743866	GC2	2.5	2.5.6	GC2	2.5	2.5.6	PASS
SRR11725265	GC2	2.5	2.5.6	GC2	2.5	2.5.6	PASS
SRR14154246	GC2	2.5	2.5.6	GC2	2.5	2.5.6	PASS
SRR13965495	GC2	2.5	2.5.6	GC2	2.5	2.5.6	PASS
SRR13228565	GC2	2.5	2.5.6	GC2	2.5	2.5.6	PASS
SRR14634864	GC2	2.5	2.5.6	GC2	2.5	2.5.6	PASS
SRR13228569	GC2	2.5	2.5.6	GC2	2.5	2.5.6	PASS
SRR14436843	GC2	2.5	2.5.6	GC2	2.5	2.5.6	PASS
SRR13228560	GC2	2.5	2.5.6	GC2	2.5	2.5.6	PASS
SRR14634862	GC2	2.5	2.5.6	GC2	2.5	2.5.6	PASS
SRR18192424	GC2	2.5	2.5.6	GC2	2.5	2.5.6	PASS
SRR11725311	GC2	2.5	2.5.6	GC2	2.5	2.5.6	PASS
SRR13965530	GC2	2.5	2.5.6	GC2	2.5	2.5.6	PASS
SRR14436820	GC2	2.5	2.5.6	GC2	2.5	2.5.6	PASS
SRR14436876	GC2	2.5	2.5.6	GC2	2.5	2.5.6	PASS
SRR12519115	GC2	2.5	2.5.6	GC2	2.5	2.5.6	PASS
SRR12519083	GC2	2.5	2.5.6	GC2	2.5	2.5.6	PASS
SRR12519213	GC2	2.5	2.5.6	GC2	2.5	2.5.6	PASS
SRR14634844	GC2	2.5	2.5.6	GC2	2.5	2.5.6	PASS
SRR17250658	GC2	2.5	2.5.6	GC2	2.5	2.5.6	PASS
SRR14792841	GC2	2.5	2.5.6	GC2	2.5	2.5.6	PASS
SRR17250659	GC2	2.5	2.5.6	GC2	2.5	2.5.6	PASS
SRR17250595	GC2	2.5	2.5.6	GC2	2.5	2.5.6	PASS
SRR17250660	GC2	2.5	2.5.6	GC2	2.5	2.5.6	PASS
SRR13965537	GC2	2.5	2.5.6	GC2	2.5	2.5.6	PASS
SRR16520585	GC2	2.5	2.5.6	GC2	2.5	2.5.6	PASS
SRR16520648	GC2	2.5	2.5.6	GC2	2.5	2.5.6	PASS
SRR14634849	GC2	2.5	2.5.6	GC2	2.5	2.5.6	PASS
SRR15377004	GC2	2.5	2.5.6	GC2	2.5	2.5.6	PASS
SRR14436871	GC2	2.5	2.5.6	GC2	2.5	2.5.6	PASS
SRR17250574	GC2	2.5	2.5.6	GC2	2.5	2.5.6	PASS
SRR16520633	GC2	2.5	2.5.6	GC2	2.5	2.5.6	PASS
SRR14634818	GC2	2.5	2.5.6	GC2	2.5	2.5.6	PASS
SRR14634827	GC2	2.5	2.5.6	GC2	2.5	2.5.6	PASS
SRR14634813	GC2	2.5	2.5.6	GC2	2.5	2.5.6	PASS
SRR15377055	GC2	2.5	2.5.6	GC2	2.5	2.5.6	PASS
SRR15597960	GC2	2.5	2.5.6	GC2	2.5	2.5.6	PASS
SRR16132272	GC2	2.5	2.5.6	GC2	2.5	2.5.6	PASS
SRR17944049	GC2	2.5	2.5.6	GC2	2.5	2.5.6	PASS
SRR17943980	GC2	2.5	2.5.6	GC2	2.5	2.5.6	PASS
SRR17943991	GC2	2.5	2.5.6	GC2	2.5	2.5.6	PASS
SRR16520600	GC2	2.5	2.5.6	GC2	2.5	2.5.6	PASS
SRR17944047	GC2	2.5	2.5.6	GC2	2.5	2.5.6	PASS
SRR13362835	GC2	2.5	2.5.6	GC2	2.5	2.5.6	PASS
SRR12743840	GC2	2.5	2.5.6	GC2	2.5	2.5.6	PASS
SRR14154192	GC2	2.5	2.5.6	GC2	2.5	2.5.6	PASS
SRR12743942	GC2	2.5	2.5.6	GC2	2.5	2.5.6	PASS
SRR13362844	GC2	2.5	2.5.6	GC2	2.5	2.5.6	PASS
SRR13741264	GC2	2.5	2.5.6	GC2	2.5	2.5.6	PASS
SRR14154224	GC2	2.5	2.5.6	GC2	2.5	2.5.6	PASS
SRR14996253	GC2	2.5	2.5.6	GC2	2.5	2.5.6	PASS
SRR16520658	GC2	2.5	2.5.6	GC2	2.5	2.5.6	PASS
SRR12743875	GC2	2.5	2.5.6	GC2	2.5	2.5.6	PASS
SRR12743848	GC2	2.5	2.5.6	GC2	2.5	2.5.6	PASS
SRR13362823	GC2	2.5	2.5.6	GC2	2.5	2.5.6	PASS
SRR13965549	GC2	2.5	2.5.6	GC2	2.5	2.5.6	PASS
SRR14634834	GC2	2.5	2.5.6	GC2	2.5	2.5.6	PASS
SRR14792792	GC2	2.5	2.5.6	GC2	2.5	2.5.6	PASS
SRR13228568	GC2	2.5	2.5.6	GC2	2.5	2.5.6	PASS
SRR13228559	GC2	2.5	2.5.6	GC2	2.5	2.5.6	PASS
SRR13362860	GC2	2.5	2.5.6	GC2	2.5	2.5.6	PASS
SRR17944048	GC2	2.5	2.5.6	GC2	2.5	2.5.6	PASS
SRR13965552	GC2	2.5	2.5.6	GC2	2.5	2.5.6	PASS
SRR13362833	GC2	2.5	2.5.6	GC2	2.5	2.5.6	PASS
SRR14996249	GC2	2.5	2.5.6	GC2	2.5	2.5.6	PASS
SRR15210571	GC2	2.5	2.5.6	GC2	2.5	2.5.6	PASS
SRR15210534	GC2	2.5	2.5.6	GC2	2.5	2.5.6	PASS
SRR13643285	GC2	2.5	2.5.6	GC2	2.5	2.5.6	PASS
SRR13965543	GC2	2.5	2.5.6	GC2	2.5	2.5.6	PASS
SRR14154258	GC2	2.5	2.5.6	GC2	2.5	2.5.6	PASS
SRR16520578	GC2	2.5	2.5.6	GC2	2.5	2.5.6	PASS
SRR15376981	GC2	2.5	2.5.6	GC2	2.5	2.5.6	PASS
SRR15210569	GC2	2.5	2.5.6	GC2	2.5	2.5.6	PASS
SRR16520587	GC2	2.5	2.5.6	GC2	2.5	2.5.6	PASS
SRR13643248	GC2	2.5	2.5.6	GC2	2.5	2.5.6	PASS
SRR13643281	GC2	2.5	2.5.6	GC2	2.5	2.5.6	PASS
SRR14154221	GC2	2.5	2.5.6	GC2	2.5	2.5.6	PASS
SRR18214942	GC2	2.5	2.5.6	GC2	2.5	2.5.6	PASS
SRR12519184	GC2	2.5	2.5.6	GC2	2.5	2.5.6	PASS
SRR12743871	GC2	2.5	2.5.6	GC2	2.5	2.5.6	PASS
SRR15376976	GC2	2.5	2.5.6	GC2	2.5	2.5.6	PASS
SRR12743856	GC2	2.5	2.5.6	GC2	2.5	2.5.6	PASS
SRR15377038	GC2	2.5	2.5.6	GC2	2.5	2.5.6	PASS
SRR12519174	GC2	2.5	2.5.6	GC2	2.5	2.5.6	PASS
SRR12519179	GC2	2.5	2.5.6	GC2	2.5	2.5.6	PASS
SRR12519181	GC2	2.5	2.5.6	GC2	2.5	2.5.6	PASS
SRR14792805	GC2	2.5	2.5.6	GC2	2.5	2.5.6	PASS
SRR15210558	GC2	2.5	2.5.6	GC2	2.5	2.5.6	PASS
SRR15377052	GC2	2.5	2.5.6	GC2	2.5	2.5.6	PASS
SRR18214943	GC2	2.5	2.5.6	GC2	2.5	2.5.6	PASS
SRR12743843	GC2	2.5	2.5.6	GC2	2.5	2.5.6	PASS
SRR15376982	GC2	2.5	2.5.6	GC2	2.5	2.5.6	PASS
SRR12519176	GC2	2.5	2.5.6	GC2	2.5	2.5.6	PASS
SRR12519177	GC2	2.5	2.5.6	GC2	2.5	2.5.6	PASS
SRR12519178	GC2	2.5	2.5.6	GC2	2.5	2.5.6	PASS
SRR12519180	GC2	2.5	2.5.6	GC2	2.5	2.5.6	PASS
SRR14634801	GC2	2.5	2.5.6	GC2	2.5	2.5.6	PASS
SRR12743947	GC2	2.5	2.5.6	GC2	2.5	2.5.6	PASS
SRR15377051	GC2	2.5	2.5.6	GC2	2.5	2.5.6	PASS
SRR12743839	GC2	2.5	2.5.6	GC2	2.5	2.5.6	PASS
SRR13362874	GC2	2.5	2.5.6	GC2	2.5	2.5.6	PASS
SRR13748147	GC2	2.5	2.5.6	GC2	2.5	2.5.6	PASS
SRR12743945	GC2	2.5	2.5.6	GC2	2.5	2.5.6	PASS
SRR12519194	GC2	2.5	2.5.6	GC2	2.5	2.5.6	PASS
SRR13362865	GC2	2.5	2.5.6	GC2	2.5	2.5.6	PASS
SRR12743937	GC2	2.5	2.5.6	GC2	2.5	2.5.6	PASS
SRR13748155	GC2	2.5	2.5.6	GC2	2.5	2.5.6	PASS
SRR12743946	GC2	2.5	2.5.6	GC2	2.5	2.5.6	PASS
SRR13021251	GC2	2.5	2.5.6	GC2	2.5	2.5.6	PASS
SRR14634810	GC2	2.5	2.5.6	GC2	2.5	2.5.6	PASS
SRR14792840	GC2	2.5	2.5.6	GC2	2.5	2.5.6	PASS
SRR17250647	GC2	2.5	2.5.6	GC2	2.5	2.5.6	PASS
SRR15377019	GC2	2.5	2.5.6	GC2	2.5	2.5.6	PASS
SRR15377037	GC2	2.5	2.5.6	GC2	2.5	2.5.6	PASS
SRR12519186	GC2	2.5	2.5.6	GC2	2.5	2.5.6	PASS
SRR12743934	GC2	2.5	2.5.6	GC2	2.5	2.5.6	PASS
SRR14792848	GC2	2.5	2.5.6	GC2	2.5	2.5.6	PASS
SRR17944045	GC2	2.5	2.5.6	GC2	2.5	2.5.6	PASS
SRR14154194	GC2	2.5	2.5.6	GC2	2.5	2.5.6	PASS
SRR14154244	GC2	2.5	2.5.6	GC2	2.5	2.5.6	PASS
SRR13643278	GC2	2.5	2.5.6	GC2	2.5	2.5.6	PASS
SRR13228554	GC2	2.5	2.5.6	GC2	2.5	2.5.6	PASS
SRR13643287	GC2	2.5	2.5.6	GC2	2.5	2.5.6	PASS
SRR13748130	GC2	2.5	2.5.6	GC2	2.5	2.5.6	PASS
SRR16520604	GC2	2.5	2.5.6	GC2	2.5	2.5.6	PASS
SRR16526552	GC2	2.5	2.5.6	GC2	2.5	2.5.6	PASS
SRR16520653	GC2	2.5	2.5.6	GC2	2.5	2.5.6	PASS
SRR16520629	GC2	2.5	2.5.6	GC2	2.5	2.5.6	PASS
SRR17944043	GC2	2.5	2.5.6	GC2	2.5	2.5.6	PASS
SRR15210524	GC2	2.5	2.5.6	GC2	2.5	2.5.6	PASS
SRR15377039	GC2	2.5	2.5.6	GC2	2.5	2.5.6	PASS
SRR17250652	GC2	2.5	2.5.6	GC2	2.5	2.5.6	PASS
SRR17250567	GC2	2.5	2.5.6	GC2	2.5	2.5.6	PASS
SRR13228567	GC2	2.5	2.5.6	GC2	2.5	2.5.6	PASS
SRR17944042	GC2	2.5	2.5.6	GC2	2.5	2.5.6	PASS
SRR13428245	GC2	2.5	2.5.6	GC2	2.5	2.5.6	PASS
SRR13428242	GC2	2.5	2.5.6	GC2	2.5	2.5.6	PASS
SRR17944007	GC2	2.5	2.5.6	GC2	2.5	2.5.6	PASS
SRR12743902	GC2	2.5	2.5.6	GC2	2.5	2.5.6	PASS
SRR12743940	GC2	2.5	2.5.6	GC2	2.5	2.5.6	PASS
SRR12743939	GC2	2.5	2.5.6	GC2	2.5	2.5.6	PASS
SRR12865189	GC2	2.5	2.5.6	GC2	2.5	2.5.6	PASS
SRR15377041	GC2	2.5	2.5.6	GC2	2.5	2.5.6	PASS
SRR12865190	GC2	2.5	2.5.6	GC2	2.5	2.5.6	PASS
SRR12743941	GC2	2.5	2.5.6	GC2	2.5	2.5.6	PASS
SRR12743936	GC2	2.5	2.5.6	GC2	2.5	2.5.6	PASS
SRR12743938	GC2	2.5	2.5.6	GC2	2.5	2.5.6	PASS
SRR14634848	GC2	2.5	2.5.6	GC2	2.5	2.5.6	PASS
SRR17611334	GC2	2.5	2.5.6	GC2	2.5	2.5.6	PASS
SRR17944006	GC2	2.5	2.5.6	GC2	2.5	2.5.6	PASS
SRR14792803	GC2	2.5	2.5.6	GC2	2.5	2.5.6	PASS
SRR12743876	GC2	2.5	2.5.6	GC2	2.5	2.5.6	PASS
SRR14436846	GC2	2.5	2.5.6	GC2	2.5	2.5.6	PASS
SRR16132278	GC2	2.5	2.5.6	GC2	2.5	2.5.6	PASS
SRR17944008	GC2	2.5	2.5.6	GC2	2.5	2.5.6	PASS
SRR12743847	GC2	2.5	2.5.6	GC2	2.5	2.5.6	PASS
SRR14154217	GC2	2.5	2.5.6	GC2	2.5	2.5.6	PASS
SRR12519187	GC2	2.5	2.5.6	GC2	2.5	2.5.6	PASS
SRR12519185	GC2	2.5	2.5.6	GC2	2.5	2.5.6	PASS
SRR12743846	GC2	2.5	2.5.6	GC2	2.5	2.5.6	PASS
SRR13965548	GC2	2.5	2.5.6	GC2	2.5	2.5.6	PASS
SRR12519199	GC2	2.5	2.5.6	GC2	2.5	2.5.6	PASS
SRR12743849	GC2	2.5	2.5.6	GC2	2.5	2.5.6	PASS
SRR12865213	GC2	2.5	2.5.6	GC2	2.5	2.5.6	PASS
SRR12519210	GC2	2.5	2.5.6	GC2	2.5	2.5.6	PASS
SRR12743861	GC2	2.5	2.5.6	GC2	2.5	2.5.6	PASS
SRR12743868	GC2	2.5	2.5.6	GC2	2.5	2.5.6	PASS
SRR12519188	GC2	2.5	2.5.6	GC2	2.5	2.5.6	PASS
SRR13362838	GC2	2.5	2.5.6	GC2	2.5	2.5.6	PASS
SRR17611332	GC2	2.5	2.5.6	GC2	2.5	2.5.6	PASS
SRR12519175	GC2	2.5	2.5.6	GC2	2.5	2.5.6	PASS
SRR13362849	GC2	2.5	2.5.6	GC2	2.5	2.5.6	PASS
SRR17383811	GC2	2.5	2.5.6	GC2	2.5	2.5.6	PASS
SRR12519196	GC2	2.5	2.5.6	GC2	2.5	2.5.6	PASS
SRR14436853	GC2	2.5	2.5.6	GC2	2.5	2.5.6	PASS
SRR16526548	GC2	2.5	2.5.6	GC2	2.5	2.5.6	PASS
SRR12519191	GC2	2.5	2.5.6	GC2	2.5	2.5.6	PASS
SRR13643267	GC2	2.5	2.5.6	GC2	2.5	2.5.6	PASS
SRR12519192	GC2	2.5	2.5.6	GC2	2.5	2.5.6	PASS
SRR13965542	GC2	2.5	2.5.6	GC2	2.5	2.5.6	PASS
SRR13748140	GC2	2.5	2.5.6	GC2	2.5	2.5.6	PASS
SRR14154254	GC2	2.5	2.5.6	GC2	2.5	2.5.6	PASS
SRR13362866	GC2	2.5	2.5.6	GC2	2.5	2.5.6	PASS
SRR14634821	GC2	2.5	2.5.6	GC2	2.5	2.5.6	PASS
SRR15210538	GC2	2.5	2.5.6	GC2	2.5	2.5.6	PASS
SRR13965527	GC2	2.5	2.5.6	GC2	2.5	2.5.6	PASS
SRR15210575	GC2	2.5	2.5.6	GC2	2.5	2.5.6	PASS
SRR15597980	GC2	2.5	2.5.6	GC2	2.5	2.5.6	PASS
SRR15377040	GC2	2.5	2.5.6	GC2	2.5	2.5.6	PASS
SRR17383791	GC2	2.5	2.5.6	GC2	2.5	2.5.6	PASS
SRR12519190	GC2	2.5	2.5.6	GC2	2.5	2.5.6	PASS
SRR12519195	GC2	2.5	2.5.6	GC2	2.5	2.5.6	PASS
SRR12519197	GC2	2.5	2.5.6	GC2	2.5	2.5.6	PASS
SRR17250637	GC2	2.5	2.5.6	GC2	2.5	2.5.6	PASS
SRR13428237	GC2	2.5	2.5.6	GC2	2.5	2.5.6	PASS
SRR12519189	GC2	2.5	2.5.6	GC2	2.5	2.5.6	PASS
SRR12743895	GC2	2.5	2.5.6	GC2	2.5	2.5.6	PASS
SRR13643252	GC2	2.5	2.5.6	GC2	2.5	2.5.6	PASS
SRR13362869	GC2	2.5	2.5.6	GC2	2.5	2.5.6	PASS
SRR13362862	GC2	2.5	2.5.6	GC2	2.5	2.5.6	PASS
SRR13362863	GC2	2.5	2.5.6	GC2	2.5	2.5.6	PASS
SRR14154193	GC2	2.5	2.5.6	GC2	2.5	2.5.6	PASS
SRR14154214	GC2	2.5	2.5.6	GC2	2.5	2.5.6	PASS
SRR14154241	GC2	2.5	2.5.6	GC2	2.5	2.5.6	PASS
SRR14154253	GC2	2.5	2.5.6	GC2	2.5	2.5.6	PASS
SRR17250646	GC2	2.5	2.5.6	GC2	2.5	2.5.6	PASS
SRR16520659	GC2	2.5	2.5.6	GC2	2.5	2.5.6	PASS
SRR16132293	GC2	2.5	2.5.6	GC2	2.5	2.5.6	PASS
SRR16526551	GC2	2.5	2.5.6	GC2	2.5	2.5.6	PASS
SRR13362867	GC2	2.5	2.5.6	GC2	2.5	2.5.6	PASS
SRR13965476	GC2	2.5	2.5.6	GC2	2.5	2.5.6	PASS
SRR13643277	GC2	2.5	2.5.6	GC2	2.5	2.5.6	PASS
SRR15210548	GC2	2.5	2.5.6	GC2	2.5	2.5.6	PASS
SRR13362879	GC2	2.5	2.5.6	GC2	2.5	2.5.6	PASS
SRR14436852	GC2	2.5	2.5.6	GC2	2.5	2.5.6	PASS
SRR15377029	GC2	2.5	2.5.6	GC2	2.5	2.5.6	PASS
SRR16520639	GC2	2.5	2.5.6	GC2	2.5	2.5.6	PASS
SRR15376977	GC2	2.5	2.5.6	GC2	2.5	2.5.6	PASS
SRR17383804	GC2	2.5	2.5.6	GC2	2.5	2.5.6	PASS
ERR2712253	GC2	2.5	2.5.6	GC2	2.5	2.5.6	PASS
ERR2712254	GC2	2.5	2.5.6	GC2	2.5	2.5.6	PASS
ERR2712271	GC2	2.5	2.5.6	GC2	2.5	2.5.6	PASS
GCF_018106055	GC2	2.5	2.5.6	GC2	2.5	2.5.6	PASS
ERR2712272	GC2	2.5	2.5.6	GC2	2.5	2.5.6	PASS
GCF_900496355	GC2	2.5	2.5.6	GC2	2.5	2.5.6	PASS
GCF_900496375	GC2	2.5	2.5.6	GC2	2.5	2.5.6	PASS
GCF_900496635	GC2	2.5	2.5.6	GC2	2.5	2.5.6	PASS
GCF_018106035	GC2	2.5	2.5.6	GC2	2.5	2.5.6	PASS
GCF_018789435	GC2	2.5	2.5.6	GC2	2.5	2.5.6	PASS
SRR11589169	GC2	2.5	2.5.6	GC2	2.5	2.5.6	PASS
GCF_006494065	GC2	2.5	2.5.6	GC2	2.5	2.5.6	PASS
ERR246774	GC2	2.5	2.5.6	GC2	2.5	2.5.6	PASS
GCF_020254805	GC2	2.5	2.5.6	GC2	2.5	2.5.6	PASS
ERR356328	GC2	2.5	2.5.6	GC2	2.5	2.5.6	PASS
SRR11589225	GC2	2.5	2.5.6	GC2	2.5	2.5.6	PASS
GCF_003056465	GC2	2.5	2.5.6	GC2	2.5	2.5.6	PASS
GCF_003056515	GC2	2.5	2.5.6	GC2	2.5	2.5.6	PASS
GCF_003056475	GC2	2.5	2.5.6	GC2	2.5	2.5.6	PASS
GCF_003056505	GC2	2.5	2.5.6	GC2	2.5	2.5.6	PASS
GCF_003056525	GC2	2.5	2.5.6	GC2	2.5	2.5.6	PASS
ERR2455375	GC2	2.5	2.5.6	GC2	2.5	2.5.6	PASS
SRR6513734	GC2	2.5	2.5.6	GC2	2.5	2.5.6	PASS
ERR246716	GC2	2.5	2.5.6	GC2	2.5	2.5.6	PASS
GCF_900495555	GC2	2.5	2.5.6	GC2	2.5	2.5.6	PASS
ERR246766	GC2	2.5	2.5.6	GC2	2.5	2.5.6	PASS
GCF_013375255	GC2	2.5	2.5.6	GC2	2.5	2.5.6	PASS
SRR6513790	GC2	2.5	2.5.6	GC2	2.5	2.5.6	PASS
ERR2451535	GC2	2.5	2.5.6	GC2	2.5	2.5.6	PASS
ERR2451998	GC2	2.5	2.5.6	GC2	2.5	2.5.6	PASS
ERR2455411	GC2	2.5	2.5.6	GC2	2.5	2.5.6	PASS
SRR6513791	GC2	2.5	2.5.6	GC2	2.5	2.5.6	PASS
ERR2455395	GC2	2.5	2.5.6	GC2	2.5	2.5.6	PASS
SRR6513762	GC2	2.5	2.5.6	GC2	2.5	2.5.6	PASS
ERR2455374	GC2	2.5	2.5.6	GC2	2.5	2.5.6	PASS
SRR6513733	GC2	2.5	2.5.6	GC2	2.5	2.5.6	PASS
SRR11589151	GC2	2.5	2.5.6	GC2	2.5	2.5.6	PASS
SRR6435998	GC2	2.5	2.5.6	GC2	2.5	2.5.6	PASS
SRR6436003	GC2	2.5	2.5.6	GC2	2.5	2.5.6	PASS
SRR6435997	GC2	2.5	2.5.6	GC2	2.5	2.5.6	PASS
SRR6435996	GC2	2.5	2.5.6	GC2	2.5	2.5.6	PASS
SRR6435995	GC2	2.5	2.5.6	GC2	2.5	2.5.6	PASS
SRR6436005	GC2	2.5	2.5.6	GC2	2.5	2.5.6	PASS
SRR6436007	GC2	2.5	2.5.6	GC2	2.5	2.5.6	PASS
SRR6435994	GC2	2.5	2.5.6	GC2	2.5	2.5.6	PASS
SRR6436000	GC2	2.5	2.5.6	GC2	2.5	2.5.6	PASS
SRR6436008	GC2	2.5	2.5.6	GC2	2.5	2.5.6	PASS
SRR6435999	GC2	2.5	2.5.6	GC2	2.5	2.5.6	PASS
SRR6436006	GC2	2.5	2.5.6	GC2	2.5	2.5.6	PASS
SRR6436004	GC2	2.5	2.5.6	GC2	2.5	2.5.6	PASS
SRR11589166	GC2	2.5	2.5.6	GC2	2.5	2.5.6	PASS
SRR11589167	GC2	2.5	2.5.6	GC2	2.5	2.5.6	PASS
GCF_005819085	GC2	2.5	2.5.6	GC2	2.5	2.5.6	PASS
GCF_005819585	GC2	2.5	2.5.6	GC2	2.5	2.5.6	PASS
GCF_005819135	GC2	2.5	2.5.6	GC2	2.5	2.5.6	PASS
ERR2455396	GC2	2.5	2.5.6	GC2	2.5	2.5.6	PASS
SRR6513765	GC2	2.5	2.5.6	GC2	2.5	2.5.6	PASS
GCF_904887585	GC2	2.5	2.5.6	GC2	2.5	2.5.6	PASS
GCF_001276055	GC2	2.5	2.5.6	GC2	2.5	2.5.6	PASS
GCF_005819095	GC2	2.5	2.5.6	GC2	2.5	2.5.6	PASS
GCF_005819035	GC2	2.5	2.5.6	GC2	2.5	2.5.6	PASS
SRR11589156	GC2	2.5	2.5.6	GC2	2.5	2.5.6	PASS
GCF_005819635	GC2	2.5	2.5.6	GC2	2.5	2.5.6	PASS
SRR11589160	GC2	2.5	2.5.6	GC2	2.5	2.5.6	PASS
ERR2712207	GC2	2.5	2.5.6	GC2	2.5	2.5.6	PASS
ERR2712233	GC2	2.5	2.5.6	GC2	2.5	2.5.6	PASS
ERR2712359	GC2	2.5	2.5.6	GC2	2.5	2.5.6	PASS
ERR2712232	GC2	2.5	2.5.6	GC2	2.5	2.5.6	PASS
ERR2712351	GC2	2.5	2.5.6	GC2	2.5	2.5.6	PASS
GCF_006369735	GC2	2.5	2.5.6	GC2	2.5	2.5.6	PASS
GCF_003940865	GC2	2.5	2.5.6	GC2	2.5	2.5.6	PASS
GCF_003940065	GC2	2.5	2.5.6	GC2	2.5	2.5.6	PASS
GCF_003940925	GC2	2.5	2.5.6	GC2	2.5	2.5.6	PASS
GCF_003941755	GC2	2.5	2.5.6	GC2	2.5	2.5.6	PASS
GCF_003940365	GC2	2.5	2.5.6	GC2	2.5	2.5.6	PASS
GCF_003940395	GC2	2.5	2.5.6	GC2	2.5	2.5.6	PASS
GCF_003941645	GC2	2.5	2.5.6	GC2	2.5	2.5.6	PASS
GCF_003941715	GC2	2.5	2.5.6	GC2	2.5	2.5.6	PASS
GCF_900496385	GC2	2.5	2.5.6	GC2	2.5	2.5.6	PASS
GCF_900496445	GC2	2.5	2.5.6	GC2	2.5	2.5.6	PASS
GCF_019969015	GC2	2.5	2.5.6	GC2	2.5	2.5.6	PASS
SRR18500034	GC2	2.5	2.5.6	GC2	2.5	2.5.6	PASS
SRR18499915	GC2	2.5	2.5.6	GC2	2.5	2.5.6	PASS
SRR18499926	GC2	2.5	2.5.6	GC2	2.5	2.5.6	PASS
SRR18499948	GC2	2.5	2.5.6	GC2	2.5	2.5.6	PASS
SRR18499944	GC2	2.5	2.5.6	GC2	2.5	2.5.6	PASS
SRR18499923	GC2	2.5	2.5.6	GC2	2.5	2.5.6	PASS
SRR18499966	GC2	2.5	2.5.6	GC2	2.5	2.5.6	PASS
ERR4024118	GC2	2.5	2.5.6	GC2	2.5	2.5.6	PASS
ERR4024126	GC2	2.5	2.5.6	GC2	2.5	2.5.6	PASS
ERR4139443	GC2	2.5	2.5.6	GC2	2.5	2.5.6	PASS
ERR4046575	GC2	2.5	2.5.6	GC2	2.5	2.5.6	PASS
ERR4046060	GC2	2.5	2.5.6	GC2	2.5	2.5.6	PASS
ERR4046064	GC2	2.5	2.5.6	GC2	2.5	2.5.6	PASS
ERR4024120	GC2	2.5	2.5.6	GC2	2.5	2.5.6	PASS
ERR4045991	GC2	2.5	2.5.6	GC2	2.5	2.5.6	PASS
ERR4045910	GC2	2.5	2.5.6	GC2	2.5	2.5.6	PASS
ERR4046749	GC2	2.5	2.5.6	GC2	2.5	2.5.6	PASS
ERR4046583	GC2	2.5	2.5.6	GC2	2.5	2.5.6	PASS
ERR4046038	GC2	2.5	2.5.6	GC2	2.5	2.5.6	PASS
ERR4045902	GC2	2.5	2.5.6	GC2	2.5	2.5.6	PASS
ERR4024009	GC2	2.5	2.5.6	GC2	2.5	2.5.6	PASS
ERR4046063	GC2	2.5	2.5.6	GC2	2.5	2.5.6	PASS
ERR3642339	GC2	2.5	2.5.6	GC2	2.5	2.5.6	PASS
ERR3655896	GC2	2.5	2.5.6	GC2	2.5	2.5.6	PASS
ERR4045776	GC2	2.5	2.5.6	GC2	2.5	2.5.6	PASS
ERR4046688	GC2	2.5	2.5.6	GC2	2.5	2.5.6	PASS
ERR4046696	GC2	2.5	2.5.6	GC2	2.5	2.5.6	PASS
ERR4046692	GC2	2.5	2.5.6	GC2	2.5	2.5.6	PASS
ERR4045768	GC2	2.5	2.5.6	GC2	2.5	2.5.6	PASS
ERR4046684	GC2	2.5	2.5.6	GC2	2.5	2.5.6	PASS
ERR4024116	GC2	2.5	2.5.6	GC2	2.5	2.5.6	PASS
ERR4045779	GC2	2.5	2.5.6	GC2	2.5	2.5.6	PASS
ERR4046567	GC2	2.5	2.5.6	GC2	2.5	2.5.6	PASS
ERR4046559	GC2	2.5	2.5.6	GC2	2.5	2.5.6	PASS
ERR4023792	GC2	2.5	2.5.6	GC2	2.5	2.5.6	PASS
ERR4046554	GC2	2.5	2.5.6	GC2	2.5	2.5.6	PASS
ERR4046579	GC2	2.5	2.5.6	GC2	2.5	2.5.6	PASS
ERR4046587	GC2	2.5	2.5.6	GC2	2.5	2.5.6	PASS
ERR3655887	GC2	2.5	2.5.6	GC2	2.5	2.5.6	PASS
ERR4139449	GC2	2.5	2.5.6	GC2	2.5	2.5.6	PASS
ERR3585267	GC2	2.5	2.5.6	GC2	2.5	2.5.6	PASS
ERR4045998	GC2	2.5	2.5.6	GC2	2.5	2.5.6	PASS
ERR4045744	GC2	2.5	2.5.6	GC2	2.5	2.5.6	PASS
ERR3655857	GC2	2.5	2.5.6	GC2	2.5	2.5.6	PASS
ERR4045748	GC2	2.5	2.5.6	GC2	2.5	2.5.6	PASS
ERR4046320	GC2	2.5	2.5.6	GC2	2.5	2.5.6	PASS
ERR5770801	GC2	2.5	2.5.6	GC2	2.5	2.5.6	PASS
ERR4046325	GC2	2.5	2.5.6	GC2	2.5	2.5.6	PASS
ERR3655950	GC2	2.5	2.5.6	GC2	2.5	2.5.6	PASS
ERR4045839	GC2	2.5	2.5.6	GC2	2.5	2.5.6	PASS
ERR4045757	GC2	2.5	2.5.6	GC2	2.5	2.5.6	PASS
ERR4046653	GC2	2.5	2.5.6	GC2	2.5	2.5.6	PASS
ERR4046010	GC2	2.5	2.5.6	GC2	2.5	2.5.6	PASS
ERR3585266	GC2	2.5	2.5.6	GC2	2.5	2.5.6	PASS
ERR4045831	GC2	2.5	2.5.6	GC2	2.5	2.5.6	PASS
ERR3655891	GC2	2.5	2.5.6	GC2	2.5	2.5.6	PASS
ERR4046247	GC2	2.5	2.5.6	GC2	2.5	2.5.6	PASS
ERR4046243	GC2	2.5	2.5.6	GC2	2.5	2.5.6	PASS
ERR4024108	GC2	2.5	2.5.6	GC2	2.5	2.5.6	PASS
ERR4045740	GC2	2.5	2.5.6	GC2	2.5	2.5.6	PASS
ERR4024106	GC2	2.5	2.5.6	GC2	2.5	2.5.6	PASS
ERR3655892	GC2	2.5	2.5.6	GC2	2.5	2.5.6	PASS
ERR4046680	GC2	2.5	2.5.6	GC2	2.5	2.5.6	PASS
ERR3642341	GC2	2.5	2.5.6	GC2	2.5	2.5.6	PASS
ERR3655965	GC2	2.5	2.5.6	GC2	2.5	2.5.6	PASS
ERR4023919	GC2	2.5	2.5.6	GC2	2.5	2.5.6	PASS
ERR3642343	GC2	2.5	2.5.6	GC2	2.5	2.5.6	PASS
ERR4023885	GC2	2.5	2.5.6	GC2	2.5	2.5.6	PASS
ERR4023913	GC2	2.5	2.5.6	GC2	2.5	2.5.6	PASS
ERR3642218	GC2	2.5	2.5.6	GC2	2.5	2.5.6	PASS
ERR4139416	GC2	2.5	2.5.6	GC2	2.5	2.5.6	PASS
ERR3655974	GC2	2.5	2.5.6	GC2	2.5	2.5.6	PASS
ERR3655978	GC2	2.5	2.5.6	GC2	2.5	2.5.6	PASS
ERR4045575	GC2	2.5	2.5.6	GC2	2.5	2.5.6	PASS
ERR3655976	GC2	2.5	2.5.6	GC2	2.5	2.5.6	PASS
ERR3642066	GC2	2.5	2.5.6	GC2	2.5	2.5.6	PASS
ERR4046344	GC2	2.5	2.5.6	GC2	2.5	2.5.6	PASS
ERR2712243	GC2	2.5	2.5.6	GC2	2.5	2.5.6	PASS
GCF_900494405	GC2	2.5	2.5.6	GC2	2.5	2.5.6	PASS
GCF_900495805	GC2	2.5	2.5.6	GC2	2.5	2.5.6	PASS
GCF_900495705	GC2	2.5	2.5.6	GC2	2.5	2.5.6	PASS
GCF_900495775	GC2	2.5	2.5.6	GC2	2.5	2.5.6	PASS
GCF_900496225	GC2	2.5	2.5.6	GC2	2.5	2.5.6	PASS
GCF_900495825	GC2	2.5	2.5.6	GC2	2.5	2.5.6	PASS
GCF_900495755	GC2	2.5	2.5.6	GC2	2.5	2.5.6	PASS
GCF_900495685	GC2	2.5	2.5.6	GC2	2.5	2.5.6	PASS
GCF_900495925	GC2	2.5	2.5.6	GC2	2.5	2.5.6	PASS
GCF_900496265	GC2	2.5	2.5.6	GC2	2.5	2.5.6	PASS
GCF_900496315	GC2	2.5	2.5.6	GC2	2.5	2.5.6	PASS
GCF_900495895	GC2	2.5	2.5.6	GC2	2.5	2.5.6	PASS
GCF_900495615	GC2	2.5	2.5.6	GC2	2.5	2.5.6	PASS
GCF_900495885	GC2	2.5	2.5.6	GC2	2.5	2.5.6	PASS
SRR14748917	GC2	2.5	2.5.6	GC2	2.5	2.5.6	PASS
GCF_900495665	GC2	2.5	2.5.6	GC2	2.5	2.5.6	PASS
GCF_900495785	GC2	2.5	2.5.6	GC2	2.5	2.5.6	PASS
GCF_900496005	GC2	2.5	2.5.6	GC2	2.5	2.5.6	PASS
GCF_900496345	GC2	2.5	2.5.6	GC2	2.5	2.5.6	PASS
GCF_900495725	GC2	2.5	2.5.6	GC2	2.5	2.5.6	PASS
GCF_900496255	GC2	2.5	2.5.6	GC2	2.5	2.5.6	PASS
GCF_900495875	GC2	2.5	2.5.6	GC2	2.5	2.5.6	PASS
GCF_900495655	GC2	2.5	2.5.6	GC2	2.5	2.5.6	PASS
GCF_900495855	GC2	2.5	2.5.6	GC2	2.5	2.5.6	PASS
GCF_900495115	GC2	2.5	2.5.6	GC2	2.5	2.5.6	PASS
SRR11589178	GC2	2.5	2.5.6	GC2	2.5	2.5.6	PASS
GCF_009736115	GC2	2.5	2.5.6	GC2	2.5	2.5.6	PASS
GCF_009736155	GC2	2.5	2.5.6	GC2	2.5	2.5.6	PASS
GCF_003954115	GC2	2.5	2.5.6	GC2	2.5	2.5.6	PASS
SRR9218352	GC2	2.5	2.5.6	GC2	2.5	2.5.6	PASS
SRR9218351	GC2	2.5	2.5.6	GC2	2.5	2.5.6	PASS
SRR9218355	GC2	2.5	2.5.6	GC2	2.5	2.5.6	PASS
SRR9218347	GC2	2.5	2.5.6	GC2	2.5	2.5.6	PASS
SRR9218357	GC2	2.5	2.5.6	GC2	2.5	2.5.6	PASS
GCF_009736185	GC2	2.5	2.5.6	GC2	2.5	2.5.6	PASS
DRR035579	GC2	2.5	2.5.6	GC2	2.5	2.5.6	PASS
GCF_018789045	GC2	2.5	2.5.6	GC2	2.5	2.5.6	PASS
DRR035584	GC2	2.5	2.5.6	GC2	2.5	2.5.6	PASS
GCF_009736395	GC2	2.5	2.5.6	GC2	2.5	2.5.6	PASS
GCF_001806345	GC2	2.5	2.5.6	GC2	2.5	2.5.6	PASS
GCF_003955385	GC2	2.5	2.5.6	GC2	2.5	2.5.6	PASS
GCF_003955235	GC2	2.5	2.5.6	GC2	2.5	2.5.6	PASS
GCF_009736095	GC2	2.5	2.5.6	GC2	2.5	2.5.6	PASS
ERR4436680	GC2	2.5	2.5.6	GC2	2.5	2.5.6	PASS
GCF_009735885	GC2	2.5	2.5.6	GC2	2.5	2.5.6	PASS
GCF_018444145	GC2	2.5	2.5.6	GC2	2.5	2.5.6	PASS
ERR4046628	GC2	2.5	2.5.6	GC2	2.5	2.5.6	PASS
ERR3585362	GC2	2.5	2.5.6	GC2	2.5	2.5.6	PASS
ERR2712288	GC2	2.5	2.5.6	GC2	2.5	2.5.6	PASS
ERR4046677	GC2	2.5	2.5.6	GC2	2.5	2.5.6	PASS
ERR4046681	GC2	2.5	2.5.6	GC2	2.5	2.5.6	PASS
ERR3585360	GC2	2.5	2.5.6	GC2	2.5	2.5.6	PASS
ERR4046665	GC2	2.5	2.5.6	GC2	2.5	2.5.6	PASS
ERR2712295	GC2	2.5	2.5.6	GC2	2.5	2.5.6	PASS
GCF_001806385	GC2	2.5	2.5.6	GC2	2.5	2.5.6	PASS
GCF_003954275	GC2	2.5	2.5.6	GC2	2.5	2.5.6	PASS
SRR5739074	GC2	2.5	2.5.6	GC2	2.5	2.5.6	PASS
GCF_009736065	GC2	2.5	2.5.6	GC2	2.5	2.5.6	PASS
GCF_003954905	GC2	2.5	2.5.6	GC2	2.5	2.5.6	PASS
GCF_003955305	GC2	2.5	2.5.6	GC2	2.5	2.5.6	PASS
GCF_009735745	GC2	2.5	2.5.6	GC2	2.5	2.5.6	PASS
GCF_009735875	GC2	2.5	2.5.6	GC2	2.5	2.5.6	PASS
GCF_009735995	GC2	2.5	2.5.6	GC2	2.5	2.5.6	PASS
GCF_009736075	GC2	2.5	2.5.6	GC2	2.5	2.5.6	PASS
DRR035583	GC2	2.5	2.5.6	GC2	2.5	2.5.6	PASS
ERR2712240	GC2	2.5	2.5.6	GC2	2.5	2.5.6	PASS
ERR2712238	GC2	2.5	2.5.6	GC2	2.5	2.5.6	PASS
ERR2712239	GC2	2.5	2.5.6	GC2	2.5	2.5.6	PASS
DRR035545	GC2	2.5	2.5.6	GC2	2.5	2.5.6	PASS
ERR2712291	GC2	2.5	2.5.6	GC2	2.5	2.5.6	PASS
ERR3585055	GC2	2.5	2.5.6	GC2	2.5	2.5.6	PASS
ERR3585174	GC2	2.5	2.5.6	GC2	2.5	2.5.6	PASS
ERR3585052	GC2	2.5	2.5.6	GC2	2.5	2.5.6	PASS
ERR3585286	GC2	2.5	2.5.6	GC2	2.5	2.5.6	PASS
ERR3585284	GC2	2.5	2.5.6	GC2	2.5	2.5.6	PASS
ERR3585313	GC2	2.5	2.5.6	GC2	2.5	2.5.6	PASS
ERR3585291	GC2	2.5	2.5.6	GC2	2.5	2.5.6	PASS
ERR3585292	GC2	2.5	2.5.6	GC2	2.5	2.5.6	PASS
ERR4024020	GC2	2.5	2.5.6	GC2	2.5	2.5.6	PASS
ERR4045811	GC2	2.5	2.5.6	GC2	2.5	2.5.6	PASS
ERR3585177	GC2	2.5	2.5.6	GC2	2.5	2.5.6	PASS
ERR4045924	GC2	2.5	2.5.6	GC2	2.5	2.5.6	PASS
ERR3655948	GC2	2.5	2.5.6	GC2	2.5	2.5.6	PASS
ERR3585176	GC2	2.5	2.5.6	GC2	2.5	2.5.6	PASS
ERR3655942	GC2	2.5	2.5.6	GC2	2.5	2.5.6	PASS
ERR4045815	GC2	2.5	2.5.6	GC2	2.5	2.5.6	PASS
ERR4045745	GC2	2.5	2.5.6	GC2	2.5	2.5.6	PASS
ERR3585053	GC2	2.5	2.5.6	GC2	2.5	2.5.6	PASS
ERR4139351	GC2	2.5	2.5.6	GC2	2.5	2.5.6	PASS
ERR4139318	GC2	2.5	2.5.6	GC2	2.5	2.5.6	PASS
ERR2712294	GC2	2.5	2.5.6	GC2	2.5	2.5.6	PASS
ERR4023998	GC2	2.5	2.5.6	GC2	2.5	2.5.6	PASS
ERR4139260	GC2	2.5	2.5.6	GC2	2.5	2.5.6	PASS
ERR4046110	GC2	2.5	2.5.6	GC2	2.5	2.5.6	PASS
ERR4046215	GC2	2.5	2.5.6	GC2	2.5	2.5.6	PASS
ERR4046125	GC2	2.5	2.5.6	GC2	2.5	2.5.6	PASS
ERR4046142	GC2	2.5	2.5.6	GC2	2.5	2.5.6	PASS
ERR4046337	GC2	2.5	2.5.6	GC2	2.5	2.5.6	PASS
ERR4046175	GC2	2.5	2.5.6	GC2	2.5	2.5.6	PASS
ERR4046097	GC2	2.5	2.5.6	GC2	2.5	2.5.6	PASS
ERR4045827	GC2	2.5	2.5.6	GC2	2.5	2.5.6	PASS
ERR4139257	GC2	2.5	2.5.6	GC2	2.5	2.5.6	PASS
ERR4046207	GC2	2.5	2.5.6	GC2	2.5	2.5.6	PASS
ERR4139266	GC2	2.5	2.5.6	GC2	2.5	2.5.6	PASS
ERR4045932	GC2	2.5	2.5.6	GC2	2.5	2.5.6	PASS
ERR4024001	GC2	2.5	2.5.6	GC2	2.5	2.5.6	PASS
ERR4046066	GC2	2.5	2.5.6	GC2	2.5	2.5.6	PASS
ERR4046179	GC2	2.5	2.5.6	GC2	2.5	2.5.6	PASS
ERR4023908	GC2	2.5	2.5.6	GC2	2.5	2.5.6	PASS
ERR4046077	GC2	2.5	2.5.6	GC2	2.5	2.5.6	PASS
ERR2712296	GC2	2.5	2.5.6	GC2	2.5	2.5.6	PASS
ERR3585191	GC2	2.5	2.5.6	GC2	2.5	2.5.6	PASS
ERR3585189	GC2	2.5	2.5.6	GC2	2.5	2.5.6	PASS
ERR3584973	GC2	2.5	2.5.6	GC2	2.5	2.5.6	PASS
ERR3584946	GC2	2.5	2.5.6	GC2	2.5	2.5.6	PASS
ERR3584976	GC2	2.5	2.5.6	GC2	2.5	2.5.6	PASS
ERR3642184	GC2	2.5	2.5.6	GC2	2.5	2.5.6	PASS
ERR3642083	GC2	2.5	2.5.6	GC2	2.5	2.5.6	PASS
ERR4139349	GC2	2.5	2.5.6	GC2	2.5	2.5.6	PASS
ERR4045799	GC2	2.5	2.5.6	GC2	2.5	2.5.6	PASS
ERR3585342	GC2	2.5	2.5.6	GC2	2.5	2.5.6	PASS
ERR4046669	GC2	2.5	2.5.6	GC2	2.5	2.5.6	PASS
ERR4024031	GC2	2.5	2.5.6	GC2	2.5	2.5.6	PASS
GCF_010607685	GC2	2.5	2.5.6	GC2	2.5	2.5.6	PASS
SRR16359958	GC2	2.5	2.5.6	GC2	2.5	2.5.6	PASS
SRR16292935	GC2	2.5	2.5.6	GC2	2.5	2.5.6	PASS
SRR16359959	GC2	2.5	2.5.6	GC2	2.5	2.5.6	PASS
SRR16304229	GC2	2.5	2.5.6	GC2	2.5	2.5.6	PASS
SRR17311635	GC2	2.5	2.5.6	GC2	2.5	2.5.6	PASS
SRR16304227	GC2	2.5	2.5.6	GC2	2.5	2.5.6	PASS
SRR16304230	GC2	2.5	2.5.6	GC2	2.5	2.5.6	PASS
SRR16304231	GC2	2.5	2.5.6	GC2	2.5	2.5.6	PASS
SRR16359938	GC2	2.5	2.5.6	GC2	2.5	2.5.6	PASS
SRR12286725	GC2	2.5	2.5.6	GC2	2.5	2.5.6	PASS
SRR12286449	GC2	2.5	2.5.6	GC2	2.5	2.5.6	PASS
SRR18215747	GC2	2.5	2.5.6	GC2	2.5	2.5.6	PASS
SRR16304228	GC2	2.5	2.5.6	GC2	2.5	2.5.6	PASS
SRR16359931	GC2	2.5	2.5.6	GC2	2.5	2.5.6	PASS
SRR16474321	GC2	2.5	2.5.6	GC2	2.5	2.5.6	PASS
SRR17311629	GC2	2.5	2.5.6	GC2	2.5	2.5.6	PASS
SRR17311626	GC2	2.5	2.5.6	GC2	2.5	2.5.6	PASS
SRR17311631	GC2	2.5	2.5.6	GC2	2.5	2.5.6	PASS
SRR16267905	GC2	2.5	2.5.6	GC2	2.5	2.5.6	PASS
SRR16474319	GC2	2.5	2.5.6	GC2	2.5	2.5.6	PASS
SRR18215753	GC2	2.5	2.5.6	GC2	2.5	2.5.6	PASS
SRR12286847	GC2	2.5	2.5.6	GC2	2.5	2.5.6	PASS
SRR16267908	GC2	2.5	2.5.6	GC2	2.5	2.5.6	PASS
SRR12286574	GC2	2.5	2.5.6	GC2	2.5	2.5.6	PASS
SRR12286662	GC2	2.5	2.5.6	GC2	2.5	2.5.6	PASS
SRR17311619	GC2	2.5	2.5.6	GC2	2.5	2.5.6	PASS
SRR16267912	GC2	2.5	2.5.6	GC2	2.5	2.5.6	PASS
SRR16359962	GC2	2.5	2.5.6	GC2	2.5	2.5.6	PASS
SRR16304279	GC2	2.5	2.5.6	GC2	2.5	2.5.6	PASS
SRR17311683	GC2	2.5	2.5.6	GC2	2.5	2.5.6	PASS
SRR17311648	GC2	2.5	2.5.6	GC2	2.5	2.5.6	PASS
SRR17311642	GC2	2.5	2.5.6	GC2	2.5	2.5.6	PASS
SRR17311682	GC2	2.5	2.5.6	GC2	2.5	2.5.6	PASS
SRR17311649	GC2	2.5	2.5.6	GC2	2.5	2.5.6	PASS
SRR17311680	GC2	2.5	2.5.6	GC2	2.5	2.5.6	PASS
SRR16292942	GC2	2.5	2.5.6	GC2	2.5	2.5.6	PASS
SRR17311685	GC2	2.5	2.5.6	GC2	2.5	2.5.6	PASS
SRR16359963	GC2	2.5	2.5.6	GC2	2.5	2.5.6	PASS
SRR16359964	GC2	2.5	2.5.6	GC2	2.5	2.5.6	PASS
SRR17311686	GC2	2.5	2.5.6	GC2	2.5	2.5.6	PASS
SRR17311719	GC2	2.5	2.5.6	GC2	2.5	2.5.6	PASS
ERR4436683	GC2	2.5	2.5.6	GC2	2.5	2.5.6	PASS
SRR11589136	GC2	2.5	2.5.6	GC2	2.5	2.5.6	PASS
GCF_013185245	GC2	2.5	2.5.6	GC2	2.5	2.5.6	PASS
GCF_002249135	GC2	2.5	2.5.6	GC2	2.5	2.5.6	PASS
GCF_002249185	GC2	2.5	2.5.6	GC2	2.5	2.5.6	PASS
GCF_002249245	GC2	2.5	2.5.6	GC2	2.5	2.5.6	PASS
GCF_002239735	GC2	2.5	2.5.6	GC2	2.5	2.5.6	PASS
GCF_002249525	GC2	2.5	2.5.6	GC2	2.5	2.5.6	PASS
SRR11746226	GC2	2.5	2.5.6	GC2	2.5	2.5.6	PASS
GCF_900495055	GC2	2.5	2.5.6	GC2	2.5	2.5.6	PASS
GCF_900495155	GC2	2.5	2.5.6	GC2	2.5	2.5.6	PASS
GCF_002249605	GC2	2.5	2.5.6	GC2	2.5	2.5.6	PASS
ERR2712398	GC2	2.5	2.5.6	GC2	2.5	2.5.6	PASS
GCF_900494465	GC2	2.5	2.5.6	GC2	2.5	2.5.6	PASS
GCF_900495075	GC2	2.5	2.5.6	GC2	2.5	2.5.6	PASS
GCF_002249405	GC2	2.5	2.5.6	GC2	2.5	2.5.6	PASS
GCF_900494455	GC2	2.5	2.5.6	GC2	2.5	2.5.6	PASS
GCF_017169215	GC2	2.5	2.5.6	GC2	2.5	2.5.6	PASS
GCF_017169455	GC2	2.5	2.5.6	GC2	2.5	2.5.6	PASS
GCF_017169415	GC2	2.5	2.5.6	GC2	2.5	2.5.6	PASS
GCF_017169465	GC2	2.5	2.5.6	GC2	2.5	2.5.6	PASS
GCF_017169435	GC2	2.5	2.5.6	GC2	2.5	2.5.6	PASS
GCF_017168795	GC2	2.5	2.5.6	GC2	2.5	2.5.6	PASS
GCF_017169175	GC2	2.5	2.5.6	GC2	2.5	2.5.6	PASS
GCF_904884645	GC2	2.5	2.5.6	GC2	2.5	2.5.6	PASS
SRR14634835	GC2	2.5	2.5.6	GC2	2.5	2.5.6	PASS
SRR14996257	GC2	2.5	2.5.6	GC2	2.5	2.5.6	PASS
GCF_904886965	GC2	2.5	2.5.6	GC2	2.5	2.5.6	PASS
SRR18241994	GC2	2.5	2.5.6	GC2	2.5	2.5.6	PASS
SRR18241995	GC2	2.5	2.5.6	GC2	2.5	2.5.6	PASS
GCF_904884595	GC2	2.5	2.5.6	GC2	2.5	2.5.6	PASS
ERR5465084	GC2	2.5	2.5.6	GC2	2.5	2.5.6	PASS
ERR4436687	GC2	2.5	2.5.6	GC2	2.5	2.5.6	PASS
GCF_019920745	GC2	2.5	2.5.6	GC2	2.5	2.5.6	PASS
GCF_020251305	GC2	2.5	2.5.6	GC2	2.5	2.5.6	PASS
GCF_019920595	GC2	2.5	2.5.6	GC2	2.5	2.5.6	PASS
GCF_019919955	GC2	2.5	2.5.6	GC2	2.5	2.5.6	PASS
GCF_019920125	GC2	2.5	2.5.6	GC2	2.5	2.5.6	PASS
GCF_014531585	GC2	2.5	2.5.6	GC2	2.5	2.5.6	PASS
GCF_019891095	GC2	2.5	2.5.6	GC2	2.5	2.5.6	PASS
GCF_020255725	GC2	2.5	2.5.6	GC2	2.5	2.5.6	PASS
GCF_020254525	GC2	2.5	2.5.6	GC2	2.5	2.5.6	PASS
SRR18499982	GC2	2.5	2.5.6	GC2	2.5	2.5.6	PASS
GCF_020254965	GC2	2.5	2.5.6	GC2	2.5	2.5.6	PASS
SRR13327188	GC2	2.5	2.5.6	GC2	2.5	2.5.6	PASS
SRR13327208	GC2	2.5	2.5.6	GC2	2.5	2.5.6	PASS
GCF_005819405	GC2	2.5	2.5.6	GC2	2.5	2.5.6	PASS
GCF_019891065	GC2	2.5	2.5.6	GC2	2.5	2.5.6	PASS
GCF_904885725	GC2	2.5	2.5.6	GC2	2.5	2.5.6	PASS
GCF_005819175	GC2	2.5	2.5.6	GC2	2.5	2.5.6	PASS
GCF_003941515	GC2	2.5	2.5.6	GC2	2.5	2.5.6	PASS
SRR11589154	GC2	2.5	2.5.6	GC2	2.5	2.5.6	PASS
SRR16508434	GC2	2.5	2.5.6	GC2	2.5	2.5.6	PASS
SRR16508435	GC2	2.5	2.5.6	GC2	2.5	2.5.6	PASS
GCF_003941185	GC2	2.5	2.5.6	GC2	2.5	2.5.6	PASS
GCF_003941785	GC2	2.5	2.5.6	GC2	2.5	2.5.6	PASS
GCF_001624975	GC2	2.5	2.5.6	GC2	2.5	2.5.6	PASS
GCF_017599685	GC2	2.5	2.5.6	GC2	2.5	2.5.6	PASS
GCF_017600105	GC2	2.5	2.5.6	GC2	2.5	2.5.6	PASS
GCF_019428805	GC2	2.5	2.5.6	GC2	2.5	2.5.6	PASS
GCF_010179275	GC2	2.5	2.5.6	GC2	2.5	2.5.6	PASS
ERR6132442	GC2	2.5	2.5.6	GC2	2.5	2.5.6	PASS
GCF_012934965	GC2	2.5	2.5.6	GC2	2.5	2.5.6	PASS
ERR6132390	GC2	2.5	2.5.6	GC2	2.5	2.5.6	PASS
GCF_010179205	GC2	2.5	2.5.6	GC2	2.5	2.5.6	PASS
ERR6132505	GC2	2.5	2.5.6	GC2	2.5	2.5.6	PASS
GCF_011603245	GC2	2.5	2.5.6	GC2	2.5	2.5.6	PASS
ERR6132508	GC2	2.5	2.5.6	GC2	2.5	2.5.6	PASS
GCF_011603705	GC2	2.5	2.5.6	GC2	2.5	2.5.6	PASS
ERR6132378	GC2	2.5	2.5.6	GC2	2.5	2.5.6	PASS
GCF_010178645	GC2	2.5	2.5.6	GC2	2.5	2.5.6	PASS
GCF_000576535	GC2	2.5	2.5.6	GC2	2.5	2.5.6	PASS
GCF_015694245	GC2	2.5	2.5.6	GC2	2.5	2.5.6	PASS
GCF_020251345	GC2	2.5	2.5.6	GC2	2.5	2.5.6	PASS
ERR4436751	GC2	2.5	2.5.6	GC2	2.5	2.5.6	PASS
GCF_002863545	GC2	2.5	2.5.6	GC2	2.5	2.5.6	PASS
SRR17849660	GC2	2.5	2.5.6	GC2	2.5	2.5.6	PASS
DRR039863	GC2	2.5	2.5.6	GC2	2.5	2.5.6	PASS
DRR039880	GC2	2.5	2.5.6	GC2	2.5	2.5.6	PASS
DRR039873	GC2	2.5	2.5.6	GC2	2.5	2.5.6	PASS
DRR039876	GC2	2.5	2.5.6	GC2	2.5	2.5.6	PASS
GCF_001939605	GC2	2.5	2.5.6	GC2	2.5	2.5.6	PASS
ERR6132379	GC2	2.5	2.5.6	GC2	2.5	2.5.6	PASS
ERR6132482	GC2	2.5	2.5.6	GC2	2.5	2.5.6	PASS
GCF_010178695	GC2	2.5	2.5.6	GC2	2.5	2.5.6	PASS
GCF_010500035	GC2	2.5	2.5.6	GC2	2.5	2.5.6	PASS
GCF_010179295	GC2	2.5	2.5.6	GC2	2.5	2.5.6	PASS
ERR6132485	GC2	2.5	2.5.6	GC2	2.5	2.5.6	PASS
GCF_010500185	GC2	2.5	2.5.6	GC2	2.5	2.5.6	PASS
GCF_012935165	GC2	2.5	2.5.6	GC2	2.5	2.5.6	PASS
ERR6132437	GC2	2.5	2.5.6	GC2	2.5	2.5.6	PASS
GCF_012935025	GC2	2.5	2.5.6	GC2	2.5	2.5.6	PASS
ERR3181586	GC2	2.5	2.5.6	GC2	2.5	2.5.6	PASS
ERR3181564	GC2	2.5	2.5.6	GC2	2.5	2.5.6	PASS
ERR3181568	GC2	2.5	2.5.6	GC2	2.5	2.5.6	PASS
ERR3181588	GC2	2.5	2.5.6	GC2	2.5	2.5.6	PASS
ERR3181567	GC2	2.5	2.5.6	GC2	2.5	2.5.6	PASS
ERR3181583	GC2	2.5	2.5.6	GC2	2.5	2.5.6	PASS
ERR3181587	GC2	2.5	2.5.6	GC2	2.5	2.5.6	PASS
ERR6132395	GC2	2.5	2.5.6	GC2	2.5	2.5.6	PASS
GCF_010179075	GC2	2.5	2.5.6	GC2	2.5	2.5.6	PASS
SRR13302059	GC2	2.5	2.5.6	GC2	2.5	2.5.6	PASS
ERR3181641	GC2	2.5	2.5.6	GC2	2.5	2.5.6	PASS
GCF_003711895	GC2	2.5	2.5.6	GC2	2.5	2.5.6	PASS
GCF_010500475	GC2	2.5	2.5.6	GC2	2.5	2.5.6	PASS
ERR6132453	GC2	2.5	2.5.6	GC2	2.5	2.5.6	PASS
GCF_012935065	GC2	2.5	2.5.6	GC2	2.5	2.5.6	PASS
SRR5739089	GC2	2.5	2.5.6	GC2	2.5	2.5.6	PASS
GCF_001909135	GC2	2.5	2.5.6	GC2	2.5	2.5.6	PASS
GCF_904884585	GC2	2.5	2.5.6	GC2	2.5	2.5.6	PASS
GCF_904885675	GC2	2.5	2.5.6	GC2	2.5	NA	UNRESOLVED
GCF_904886945	GC2	2.5	2.5.6	GC2	2.5	NA	UNRESOLVED
GCF_007113625	GC2	2.5	2.5.6	GC2	2.5	2.5.6	PASS
GCF_000307975	GC2	2.5	2.5.6	GC2	2.5	2.5.6	PASS
GCF_000695855	GC2	2.5	2.5.6	GC2	2.5	2.5.6	PASS
GCF_000802895	GC2	2.5	2.5.6	GC2	2.5	2.5.6	PASS
ERR3653703	GC2	2.5	2.5.6	GC2	2.5	2.5.6	PASS
GCF_003020505	GC2	2.5	2.5.6	GC2	2.5	2.5.6	PASS
GCF_003020485	GC2	2.5	2.5.6	GC2	2.5	2.5.6	PASS
ERR246927	GC2	2.5	2.5.6	GC2	2.5	2.5.6	PASS
ERR3653748	GC2	2.5	2.5.6	GC2	2.5	2.5.6	PASS
ERR246935	GC2	2.5	2.5.6	GC2	2.5	2.5.6	PASS
ERR246943	GC2	2.5	2.5.6	GC2	2.5	2.5.6	PASS
ERR3653761	GC2	2.5	2.5.6	GC2	2.5	2.5.6	PASS
ERR3653772	GC2	2.5	2.5.6	GC2	2.5	2.5.6	PASS
ERR3653725	GC2	2.5	2.5.6	GC2	2.5	2.5.6	PASS
ERR3653782	GC2	2.5	2.5.6	GC2	2.5	2.5.6	PASS
GCF_900495845	GC2	2.5	2.5.6	GC2	2.5	2.5.6	PASS
GCF_014560685	GC2	2.5	2.5.6	GC2	2.5	2.5.6	PASS
ERR6132489	GC2	2.5	2.5.6	GC2	2.5	2.5.6	PASS
GCF_010499935	GC2	2.5	2.5.6	GC2	2.5	2.5.6	PASS
ERR6132560	GC2	2.5	2.5.6	GC2	2.5	2.5.6	PASS
GCF_010500715	GC2	2.5	2.5.6	GC2	2.5	2.5.6	PASS
ERR6132464	GC2	2.5	2.5.6	GC2	2.5	2.5.6	PASS
ERR6132546	GC2	2.5	2.5.6	GC2	2.5	2.5.6	PASS
ERR6132471	GC2	2.5	2.5.6	GC2	2.5	2.5.6	PASS
ERR6132563	GC2	2.5	2.5.6	GC2	2.5	2.5.6	PASS
GCF_011745885	GC2	2.5	2.5.6	GC2	2.5	2.5.6	PASS
GCF_011601735	GC2	2.5	2.5.6	GC2	2.5	2.5.6	PASS
GCF_011601925	GC2	2.5	2.5.6	GC2	2.5	2.5.6	PASS
ERR6132539	GC2	2.5	2.5.6	GC2	2.5	2.5.6	PASS
GCF_011602545	GC2	2.5	2.5.6	GC2	2.5	2.5.6	PASS
ERR6132486	GC2	2.5	2.5.6	GC2	2.5	2.5.6	PASS
GCF_011601845	GC2	2.5	2.5.6	GC2	2.5	2.5.6	PASS
ERR6132540	GC2	2.5	2.5.6	GC2	2.5	2.5.6	PASS
GCF_011602305	GC2	2.5	2.5.6	GC2	2.5	2.5.6	PASS
GCF_011603415	GC2	2.5	2.5.6	GC2	2.5	2.5.6	PASS
ERR6132522	GC2	2.5	2.5.6	GC2	2.5	2.5.6	PASS
GCF_011601965	GC2	2.5	2.5.6	GC2	2.5	2.5.6	PASS
GCF_011602155	GC2	2.5	2.5.6	GC2	2.5	2.5.6	PASS
ERR6132463	GC2	2.5	2.5.6	GC2	2.5	2.5.6	PASS
GCF_011601975	GC2	2.5	2.5.6	GC2	2.5	2.5.6	PASS
ERR6132435	GC2	2.5	2.5.6	GC2	2.5	2.5.6	PASS
GCF_011601685	GC2	2.5	2.5.6	GC2	2.5	2.5.6	PASS
GCF_010178625	GC2	2.5	2.5.6	GC2	2.5	2.5.6	PASS
ERR6132433	GC2	2.5	2.5.6	GC2	2.5	2.5.6	PASS
GCF_012935145	GC2	2.5	2.5.6	GC2	2.5	2.5.6	PASS
ERR6132429	GC2	2.5	2.5.6	GC2	2.5	2.5.6	PASS
GCF_010179545	GC2	2.5	2.5.6	GC2	2.5	2.5.6	PASS
SRR12903853	GC2	2.5	2.5.6	GC2	2.5	2.5.6	PASS
SRR17084737	GC2	2.5	2.5.6	GC2	2.5	2.5.6	PASS
SRR14433861	GC2	2.5	2.5.6	GC2	2.5	2.5.6	PASS
SRR14433857	GC2	2.5	2.5.6	GC2	2.5	2.5.6	PASS
SRR13619170	GC2	2.5	2.5.6	GC2	2.5	2.5.6	PASS
SRR17084742	GC2	2.5	2.5.6	GC2	2.5	2.5.6	PASS
SRR13619161	GC2	2.5	2.5.6	GC2	2.5	2.5.6	PASS
SRR15503286	GC2	2.5	2.5.6	GC2	2.5	2.5.6	PASS
SRR14433835	GC2	2.5	2.5.6	GC2	2.5	2.5.6	PASS
SRR14433863	GC2	2.5	2.5.6	GC2	2.5	2.5.6	PASS
SRR14832348	GC2	2.5	2.5.6	GC2	2.5	2.5.6	PASS
SRR14832349	GC2	2.5	2.5.6	GC2	2.5	2.5.6	PASS
SRR16200929	GC2	2.5	2.5.6	GC2	2.5	2.5.6	PASS
SRR14433845	GC2	2.5	2.5.6	GC2	2.5	2.5.6	PASS
SRR16200907	GC2	2.5	2.5.6	GC2	2.5	2.5.6	PASS
SRR16610089	GC2	2.5	2.5.6	GC2	2.5	2.5.6	PASS
SRR16610092	GC2	2.5	2.5.6	GC2	2.5	2.5.6	PASS
GCF_018442465	GC2	2.5	2.5.6	GC2	2.5	2.5.6	PASS
SRR17944010	GC2	2.5	2.5.6	GC2	2.5	2.5.6	PASS
SRR13748138	GC2	2.5	2.5.6	GC2	2.5	2.5.6	PASS
SRR16520582	GC2	2.5	2.5.6	GC2	2.5	2.5.6	PASS
SRR13228557	GC2	2.5	2.5.6	GC2	2.5	2.5.6	PASS
SRR14996248	GC2	2.5	2.5.6	GC2	2.5	2.5.6	PASS
SRR11725264	GC2	2.5	2.5.6	GC2	2.5	2.5.6	PASS
SRR13643268	GC2	2.5	2.5.6	GC2	2.5	2.5.6	PASS
SRR17944009	GC2	2.5	2.5.6	GC2	2.5	2.5.6	PASS
SRR12743864	GC2	2.5	2.5.6	GC2	2.5	2.5.6	PASS
SRR14792822	GC2	2.5	2.5.6	GC2	2.5	2.5.6	PASS
SRR17250575	GC2	2.5	2.5.6	GC2	2.5	2.5.6	PASS
SRR13021254	GC2	2.5	2.5.6	GC2	2.5	2.5.6	PASS
SRR16526561	GC2	2.5	2.5.6	GC2	2.5	2.5.6	PASS
SRR17250651	GC2	2.5	2.5.6	GC2	2.5	2.5.6	PASS
SRR12519209	GC2	2.5	2.5.6	GC2	2.5	2.5.6	PASS
SRR14634823	GC2	2.5	2.5.6	GC2	2.5	2.5.6	PASS
SRR12865210	GC2	2.5	2.5.6	GC2	2.5	2.5.6	PASS
SRR14436847	GC2	2.5	2.5.6	GC2	2.5	2.5.6	PASS
SRR14996243	GC2	2.5	2.5.6	GC2	2.5	2.5.6	PASS
SRR14996250	GC2	2.5	2.5.6	GC2	2.5	2.5.6	PASS
SRR17250643	GC2	2.5	2.5.6	GC2	2.5	2.5.6	PASS
SRR18062993	GC2	2.5	2.5.6	GC2	2.5	2.5.6	PASS
SRR11725317	GC2	2.5	2.5.6	GC2	2.5	2.5.6	PASS
SRR14792804	GC2	2.5	2.5.6	GC2	2.5	2.5.6	PASS
SRR12743885	GC2	2.5	2.5.6	GC2	2.5	2.5.6	PASS
SRR12743935	GC2	2.5	2.5.6	GC2	2.5	2.5.6	PASS
SRR13362861	GC2	2.5	2.5.6	GC2	2.5	2.5.6	PASS
SRR14436844	GC2	2.5	2.5.6	GC2	2.5	2.5.6	PASS
SRR15210552	GC2	2.5	2.5.6	GC2	2.5	2.5.6	PASS
SRR13643254	GC2	2.5	2.5.6	GC2	2.5	2.5.6	PASS
SRR14634805	GC2	2.5	2.5.6	GC2	2.5	2.5.6	PASS
SRR17250573	GC2	2.5	2.5.6	GC2	2.5	2.5.6	PASS
SRR12743950	GC2	2.5	2.5.6	GC2	2.5	2.5.6	PASS
SRR14154263	GC2	2.5	2.5.6	GC2	2.5	2.5.6	PASS
SRR12519157	GC2	2.5	2.5.6	GC2	2.5	2.5.6	PASS
SRR14154229	GC2	2.5	2.5.6	GC2	2.5	2.5.6	PASS
SRR15210565	GC2	2.5	2.5.6	GC2	2.5	2.5.6	PASS
SRR17250598	GC2	2.5	2.5.6	GC2	2.5	2.5.6	PASS
SRR13362845	GC2	2.5	2.5.6	GC2	2.5	2.5.6	PASS
SRR13362850	GC2	2.5	2.5.6	GC2	2.5	2.5.6	PASS
SRR14634833	GC2	2.5	2.5.6	GC2	2.5	2.5.6	PASS
SRR16520660	GC2	2.5	2.5.6	GC2	2.5	2.5.6	PASS
SRR17250569	GC2	2.5	2.5.6	GC2	2.5	2.5.6	PASS
SRR12743858	GC2	2.5	2.5.6	GC2	2.5	2.5.6	PASS
SRR13362826	GC2	2.5	2.5.6	GC2	2.5	2.5.6	PASS
SRR12743884	GC2	2.5	2.5.6	GC2	2.5	2.5.6	PASS
SRR12743933	GC2	2.5	2.5.6	GC2	2.5	2.5.6	PASS
SRR14996242	GC2	2.5	2.5.6	GC2	2.5	2.5.6	PASS
SRR13965478	GC2	2.5	2.5.6	GC2	2.5	2.5.6	PASS
SRR13362875	GC2	2.5	2.5.6	GC2	2.5	2.5.6	PASS
SRR15376998	GC2	2.5	2.5.6	GC2	2.5	2.5.6	PASS
SRR17943989	GC2	2.5	2.5.6	GC2	2.5	2.5.6	PASS
SRR17250636	GC2	2.5	2.5.6	GC2	2.5	2.5.6	PASS
SRR12519165	GC2	2.5	2.5.6	GC2	2.5	2.5.6	PASS
SRR12743850	GC2	2.5	2.5.6	GC2	2.5	2.5.6	PASS
ERR3653722	GC2	2.5	2.5.6	GC2	2.5	2.5.6	PASS
ERR3653697	GC2	2.5	2.5.6	GC2	2.5	2.5.6	PASS
GCF_019969095	GC2	2.5	2.5.6	GC2	2.5	2.5.6	PASS
GCF_900118055	GC2	2.5	2.5.6	GC2	2.5	2.5.6	PASS
ERR246717	GC2	2.5	2.5.6	GC2	2.5	2.5.6	PASS
ERR246764	GC2	2.5	2.5.6	GC2	2.5	2.5.6	PASS
ERR246744	GC2	2.5	2.5.6	GC2	2.5	2.5.6	PASS
ERR246739	GC2	2.5	2.5.6	GC2	2.5	2.5.6	PASS
ERR246760	GC2	2.5	2.5.6	GC2	2.5	2.5.6	PASS
ERR246775	GC2	2.5	2.5.6	GC2	2.5	2.5.6	PASS
ERR246736	GC2	2.5	2.5.6	GC2	2.5	2.5.6	PASS
SRR11483048	GC2	2.5	2.5.6	GC2	2.5	2.5.6	PASS
GCF_900495335	GC2	2.5	2.5.6	GC2	2.5	2.5.6	PASS
ERR2712242	GC2	2.5	2.5.6	GC2	2.5	2.5.6	PASS
GCF_002249545	GC2	2.5	2.5.6	GC2	2.5	2.5.6	PASS
GCF_900494845	GC2	2.5	2.5.6	GC2	2.5	2.5.6	PASS
GCF_900495095	GC2	2.5	2.5.6	GC2	2.5	2.5.6	PASS
GCF_002249255	GC2	2.5	2.5.6	GC2	2.5	2.5.6	PASS
GCF_002239885	GC2	2.5	2.5.6	GC2	2.5	2.5.6	PASS
GCF_002249585	GC2	2.5	2.5.6	GC2	2.5	2.5.6	PASS
GCF_900495185	GC2	2.5	2.5.6	GC2	2.5	2.5.6	PASS
GCF_002249305	GC2	2.5	2.5.6	GC2	2.5	2.5.6	PASS
GCF_900495085	GC2	2.5	2.5.6	GC2	2.5	2.5.6	PASS
GCF_002249385	GC2	2.5	2.5.6	GC2	2.5	2.5.6	PASS
GCF_900494515	GC2	2.5	2.5.6	GC2	2.5	2.5.6	PASS
GCF_900495165	GC2	2.5	2.5.6	GC2	2.5	2.5.6	PASS
GCF_900495255	GC2	2.5	2.5.6	GC2	2.5	2.5.6	PASS
ERR2712244	GC2	2.5	2.5.6	GC2	2.5	2.5.6	PASS
GCF_002249325	GC2	2.5	2.5.6	GC2	2.5	2.5.6	PASS
GCF_900495715	GC2	2.5	2.5.6	GC2	2.5	2.5.6	PASS
GCF_900496075	GC2	2.5	2.5.6	GC2	2.5	2.5.6	PASS
GCF_900495995	GC2	2.5	2.5.6	GC2	2.5	2.5.6	PASS
GCF_900496025	GC2	2.5	2.5.6	GC2	2.5	2.5.6	PASS
GCF_900495915	GC2	2.5	2.5.6	GC2	2.5	2.5.6	PASS
GCF_900495695	GC2	2.5	2.5.6	GC2	2.5	2.5.6	PASS
GCF_900495905	GC2	2.5	2.5.6	GC2	2.5	2.5.6	PASS
GCF_900495485	GC2	2.5	2.5.6	GC2	2.5	2.5.6	PASS
GCF_005819755	GC2	2.5	2.5.6	GC2	2.5	2.5.6	PASS
GCF_900495465	GC2	2.5	2.5.6	GC2	2.5	2.5.6	PASS
ERR3653721	GC2	2.5	2.5.6	GC2	2.5	2.5.6	PASS
ERR3653754	GC2	2.5	2.5.6	GC2	2.5	2.5.6	PASS
GCF_019846375	GC2	2.5	2.5.6	GC2	2.5	2.5.6	PASS
GCF_900494425	GC2	2.5	2.5.6	GC2	2.5	2.5.6	PASS
GCF_900495425	GC2	2.5	2.5.6	GC2	2.5	2.5.6	PASS
GCF_002249225	GC2	2.5	2.5.6	GC2	2.5	2.5.6	PASS
GCF_900494415	GC2	2.5	2.5.6	GC2	2.5	2.5.6	PASS
ERR2712246	GC2	2.5	2.5.6	GC2	2.5	2.5.6	PASS
GCF_002249265	GC2	2.5	2.5.6	GC2	2.5	2.5.6	PASS
GCF_900494835	GC2	2.5	2.5.6	GC2	2.5	2.5.6	PASS
GCF_900494995	GC2	2.5	2.5.6	GC2	2.5	2.5.6	PASS
GCF_900494915	GC2	2.5	2.5.6	GC2	2.5	2.5.6	PASS
GCF_900494985	GC2	2.5	2.5.6	GC2	2.5	2.5.6	PASS
GCF_006368025	GC2	2.5	2.5.6	GC2	2.5	2.5.6	PASS
SRR3381405	GC2	2.5	2.5.6	GC2	2.5	2.5.6	PASS
GCF_006367275	GC2	2.5	2.5.6	GC2	2.5	2.5.6	PASS
GCF_006365355	GC2	2.5	2.5.6	GC2	2.5	2.5.6	PASS
GCF_006366645	GC2	2.5	2.5.6	GC2	2.5	2.5.6	PASS
GCF_006367695	GC2	2.5	2.5.6	GC2	2.5	2.5.6	PASS
GCF_006368055	GC2	2.5	2.5.6	GC2	2.5	2.5.6	PASS
GCF_006367475	GC2	2.5	2.5.6	GC2	2.5	2.5.6	PASS
GCF_001862345	GC2	2.5	2.5.6	GC2	2.5	2.5.6	PASS
GCF_001862075	GC2	2.5	2.5.6	GC2	2.5	2.5.6	PASS
SRR12008629	GC2	2.5	2.5.6	GC2	2.5	2.5.6	PASS
GCF_001862895	GC2	2.5	2.5.6	GC2	2.5	2.5.6	PASS
GCF_006366975	GC2	2.5	2.5.6	GC2	2.5	2.5.6	PASS
GCF_009753745	GC2	2.5	2.5.6	GC2	2.5	2.5.6	PASS
GCF_009753995	GC2	2.5	2.5.6	GC2	2.5	2.5.6	PASS
GCF_001861695	GC2	2.5	2.5.6	GC2	2.5	2.5.6	PASS
SRR3381396	GC2	2.5	2.5.6	GC2	2.5	2.5.6	PASS
SRR3381417	GC2	2.5	2.5.6	GC2	2.5	2.5.6	PASS
GCF_006367115	GC2	2.5	2.5.6	GC2	2.5	2.5.6	PASS
SRR3381542	GC2	2.5	2.5.6	GC2	2.5	2.5.6	PASS
GCF_001862055	GC2	2.5	2.5.6	GC2	2.5	2.5.6	PASS
GCF_001861375	GC2	2.5	2.5.6	GC2	2.5	2.5.6	PASS
SRR3381530	GC2	2.5	2.5.6	GC2	2.5	2.5.6	PASS
GCF_009753645	GC2	2.5	2.5.6	GC2	2.5	2.5.6	PASS
GCF_009753965	GC2	2.5	2.5.6	GC2	2.5	2.5.6	PASS
GCF_001863295	GC2	2.5	2.5.6	GC2	2.5	2.5.6	PASS
SRR3381430	GC2	2.5	2.5.6	GC2	2.5	2.5.6	PASS
GCF_001861905	GC2	2.5	2.5.6	GC2	2.5	2.5.6	PASS
SRR3381429	GC2	2.5	2.5.6	GC2	2.5	2.5.6	PASS
GCF_006367045	GC2	2.5	2.5.6	GC2	2.5	2.5.6	PASS
GCF_006366275	GC2	2.5	2.5.6	GC2	2.5	2.5.6	PASS
GCF_006367285	GC2	2.5	2.5.6	GC2	2.5	2.5.6	PASS
GCF_001863455	GC2	2.5	2.5.6	GC2	2.5	2.5.6	PASS
SRR3381477	GC2	2.5	2.5.6	GC2	2.5	2.5.6	PASS
GCF_006366085	GC2	2.5	2.5.6	GC2	2.5	2.5.6	PASS
GCF_006367505	GC2	2.5	2.5.6	GC2	2.5	2.5.6	PASS
SRR3381371	GC2	2.5	2.5.6	GC2	2.5	2.5.6	PASS
GCF_001862375	GC2	2.5	2.5.6	GC2	2.5	2.5.6	PASS
SRR3381537	GC2	2.5	2.5.6	GC2	2.5	2.5.6	PASS
GCF_006366125	GC2	2.5	2.5.6	GC2	2.5	2.5.6	PASS
GCF_009753685	GC2	2.5	2.5.6	GC2	2.5	2.5.6	PASS
GCF_001861895	GC2	2.5	2.5.6	GC2	2.5	2.5.6	PASS
SRR3381376	GC2	2.5	2.5.6	GC2	2.5	2.5.6	PASS
GCF_001862645	GC2	2.5	2.5.6	GC2	2.5	2.5.6	PASS
SRR3381428	GC2	2.5	2.5.6	GC2	2.5	2.5.6	PASS
GCF_001861995	GC2	2.5	2.5.6	GC2	2.5	2.5.6	PASS
SRR3381509	GC2	2.5	2.5.6	GC2	2.5	2.5.6	PASS
SRR3381424	GC2	2.5	2.5.6	GC2	2.5	2.5.6	PASS
GCF_001680345	GC2	2.5	2.5.6	GC2	2.5	2.5.6	PASS
GCF_001680375	GC2	2.5	2.5.6	GC2	2.5	2.5.6	PASS
GCF_001680475	GC2	2.5	2.5.6	GC2	2.5	2.5.6	PASS
GCF_001680445	GC2	2.5	2.5.6	GC2	2.5	2.5.6	PASS
GCF_001680395	GC2	2.5	2.5.6	GC2	2.5	2.5.6	PASS
GCF_006368095	GC2	2.5	2.5.6	GC2	2.5	2.5.6	PASS
GCF_001680365	GC2	2.5	2.5.6	GC2	2.5	2.5.6	PASS
GCF_001680425	GC2	2.5	2.5.6	GC2	2.5	2.5.6	PASS
GCF_001863905	GC2	2.5	2.5.6	GC2	2.5	2.5.6	PASS
SRR3381372	GC2	2.5	2.5.6	GC2	2.5	2.5.6	PASS
GCF_001862585	GC2	2.5	2.5.6	GC2	2.5	2.5.6	PASS
SRR3381490	GC2	2.5	2.5.6	GC2	2.5	2.5.6	PASS
SRR3381536	GC2	2.5	2.5.6	GC2	2.5	2.5.6	PASS
SRR3381512	GC2	2.5	2.5.6	GC2	2.5	2.5.6	PASS
GCF_001862035	GC2	2.5	2.5.6	GC2	2.5	2.5.6	PASS
GCF_001862215	GC2	2.5	2.5.6	GC2	2.5	2.5.6	PASS
GCF_006366315	GC2	2.5	2.5.6	GC2	2.5	2.5.6	PASS
GCF_001862955	GC2	2.5	2.5.6	GC2	2.5	2.5.6	PASS
SRR3381398	GC2	2.5	2.5.6	GC2	2.5	2.5.6	PASS
GCF_001862235	GC2	2.5	2.5.6	GC2	2.5	2.5.6	PASS
SRR3381526	GC2	2.5	2.5.6	GC2	2.5	2.5.6	PASS
GCF_006366985	GC2	2.5	2.5.6	GC2	2.5	2.5.6	PASS
GCF_006367945	GC2	2.5	2.5.6	GC2	2.5	2.5.6	PASS
GCF_006365955	GC2	2.5	2.5.6	GC2	2.5	2.5.6	PASS
SRR3381421	GC2	2.5	2.5.6	GC2	2.5	2.5.6	PASS
GCF_001861515	GC2	2.5	2.5.6	GC2	2.5	2.5.6	PASS
GCF_006365575	GC2	2.5	2.5.6	GC2	2.5	2.5.6	PASS
GCF_006365685	GC2	2.5	2.5.6	GC2	2.5	2.5.6	PASS
GCF_006366875	GC2	2.5	2.5.6	GC2	2.5	2.5.6	PASS
GCF_006366405	GC2	2.5	2.5.6	GC2	2.5	2.5.6	PASS
GCF_006367435	GC2	2.5	2.5.6	GC2	2.5	2.5.6	PASS
GCF_006366545	GC2	2.5	2.5.6	GC2	2.5	2.5.6	PASS
GCF_006366355	GC2	2.5	2.5.6	GC2	2.5	2.5.6	PASS
GCF_006366035	GC2	2.5	2.5.6	GC2	2.5	2.5.6	PASS
GCF_001861835	GC2	2.5	2.5.6	GC2	2.5	2.5.6	PASS
GCF_006365845	GC2	2.5	2.5.6	GC2	2.5	2.5.6	PASS
SRR3381525	GC2	2.5	2.5.6	GC2	2.5	2.5.6	PASS
GCF_001863935	GC2	2.5	2.5.6	GC2	2.5	2.5.6	PASS
GCF_006365805	GC2	2.5	2.5.6	GC2	2.5	2.5.6	PASS
SRR3381361	GC2	2.5	2.5.6	GC2	2.5	2.5.6	PASS
SRR3381360	GC2	2.5	2.5.6	GC2	2.5	2.5.6	PASS
GCF_006367205	GC2	2.5	2.5.6	GC2	2.5	2.5.6	PASS
GCF_001861465	GC2	2.5	2.5.6	GC2	2.5	2.5.6	PASS
SRR3381492	GC2	2.5	2.5.6	GC2	2.5	2.5.6	PASS
GCF_009758295	GC2	2.5	2.5.6	GC2	2.5	2.5.6	PASS
GCF_006365735	GC2	2.5	2.5.6	GC2	2.5	2.5.6	PASS
GCF_006368005	GC2	2.5	2.5.6	GC2	2.5	2.5.6	PASS
GCF_001862425	GC2	2.5	2.5.6	GC2	2.5	2.5.6	PASS
GCF_006368125	GC2	2.5	2.5.6	GC2	2.5	2.5.6	PASS
GCF_006368155	GC2	2.5	2.5.6	GC2	2.5	2.5.6	PASS
GCF_001861475	GC2	2.5	2.5.6	GC2	2.5	2.5.6	PASS
SRR3381541	GC2	2.5	2.5.6	GC2	2.5	2.5.6	PASS
GCF_001863085	GC2	2.5	2.5.6	GC2	2.5	2.5.6	PASS
SRR3381410	GC2	2.5	2.5.6	GC2	2.5	2.5.6	PASS
GCF_006366445	GC2	2.5	2.5.6	GC2	2.5	2.5.6	PASS
GCF_006367765	GC2	2.5	2.5.6	GC2	2.5	2.5.6	PASS
SRR3381521	GC2	2.5	2.5.6	GC2	2.5	2.5.6	PASS
GCF_006365795	GC2	2.5	2.5.6	GC2	2.5	2.5.6	PASS
SRR3381520	GC2	2.5	2.5.6	GC2	2.5	2.5.6	PASS
GCF_009758395	GC2	2.5	2.5.6	GC2	2.5	2.5.6	PASS
GCF_006367245	GC2	2.5	2.5.6	GC2	2.5	2.5.6	PASS
SRR3381540	GC2	2.5	2.5.6	GC2	2.5	2.5.6	PASS
SRR3381359	GC2	2.5	2.5.6	GC2	2.5	2.5.6	PASS
GCF_001862505	GC2	2.5	2.5.6	GC2	2.5	2.5.6	PASS
GCF_006366435	GC2	2.5	2.5.6	GC2	2.5	2.5.6	PASS
GCF_001863555	GC2	2.5	2.5.6	GC2	2.5	2.5.6	PASS
SRR3381356	GC2	2.5	2.5.6	GC2	2.5	2.5.6	PASS
GCF_001863475	GC2	2.5	2.5.6	GC2	2.5	2.5.6	PASS
SRR3381355	GC2	2.5	2.5.6	GC2	2.5	2.5.6	PASS
GCF_014560715	GC2	2.5	2.5.6	GC2	2.5	2.5.6	PASS
GCF_014560775	GC2	2.5	2.5.6	GC2	2.5	2.5.6	PASS
GCF_001864195	GC2	2.5	2.5.6	GC2	2.5	2.5.6	PASS
SRR3381392	GC2	2.5	2.5.6	GC2	2.5	2.5.6	PASS
GCF_001863665	GC2	2.5	2.5.6	GC2	2.5	2.5.6	PASS
SRR3381464	GC2	2.5	2.5.6	GC2	2.5	2.5.6	PASS
SRR3381515	GC2	2.5	2.5.6	GC2	2.5	2.5.6	PASS
GCF_001861855	GC2	2.5	2.5.6	GC2	2.5	2.5.6	PASS
GCF_006366825	GC2	2.5	2.5.6	GC2	2.5	2.5.6	PASS
SRR3381401	GC2	2.5	2.5.6	GC2	2.5	2.5.6	PASS
GCF_001862975	GC2	2.5	2.5.6	GC2	2.5	2.5.6	PASS
GCF_006365665	GC2	2.5	2.5.6	GC2	2.5	2.5.6	PASS
GCF_006367405	GC2	2.5	2.5.6	GC2	2.5	2.5.6	PASS
SRR3381373	GC2	2.5	2.5.6	GC2	2.5	2.5.6	PASS
GCF_001861585	GC2	2.5	2.5.6	GC2	2.5	2.5.6	PASS
SRR3381374	GC2	2.5	2.5.6	GC2	2.5	2.5.6	PASS
GCF_001862615	GC2	2.5	2.5.6	GC2	2.5	2.5.6	PASS
GCF_006365945	GC2	2.5	2.5.6	GC2	2.5	2.5.6	PASS
GCF_006367915	GC2	2.5	2.5.6	GC2	2.5	2.5.6	PASS
GCF_006366385	GC2	2.5	2.5.6	GC2	2.5	2.5.6	PASS
GCF_006367345	GC2	2.5	2.5.6	GC2	2.5	2.5.6	PASS
GCF_015731955	GC2	2.5	2.5.6	GC2	2.5	2.5.6	PASS
GCF_015731965	GC2	2.5	2.5.6	GC2	2.5	2.5.6	PASS
GCF_015731975	GC2	2.5	2.5.6	GC2	2.5	2.5.6	PASS
GCF_009753845	GC2	2.5	2.5.6	GC2	2.5	2.5.6	PASS
GCF_001864035	GC2	2.5	2.5.6	GC2	2.5	2.5.6	PASS
GCF_006366905	GC2	2.5	2.5.6	GC2	2.5	2.5.6	PASS
GCF_001863205	GC2	2.5	2.5.6	GC2	2.5	2.5.6	PASS
GCF_006367795	GC2	2.5	2.5.6	GC2	2.5	2.5.6	PASS
GCF_006365935	GC2	2.5	2.5.6	GC2	2.5	2.5.6	PASS
GCF_006365655	GC2	2.5	2.5.6	GC2	2.5	2.5.6	PASS
GCF_006365675	GC2	2.5	2.5.6	GC2	2.5	2.5.6	PASS
GCF_006366935	GC2	2.5	2.5.6	GC2	2.5	2.5.6	PASS
GCF_006367015	GC2	2.5	2.5.6	GC2	2.5	2.5.6	PASS
GCF_009754005	GC2	2.5	2.5.6	GC2	2.5	2.5.6	PASS
SRR3381363	GC2	2.5	2.5.6	GC2	2.5	2.5.6	PASS
GCF_006366065	GC2	2.5	2.5.6	GC2	2.5	2.5.6	PASS
GCF_001861535	GC2	2.5	2.5.6	GC2	2.5	2.5.6	PASS
GCF_006376725	GC2	2.5	2.5.6	GC2	2.5	2.5.6	PASS
GCF_001862485	GC2	2.5	2.5.6	GC2	2.5	2.5.6	PASS
SRR3381365	GC2	2.5	2.5.6	GC2	2.5	2.5.6	PASS
SRR3381423	GC2	2.5	2.5.6	GC2	2.5	2.5.6	PASS
GCF_001863625	GC2	2.5	2.5.6	GC2	2.5	2.5.6	PASS
SRR3381522	GC2	2.5	2.5.6	GC2	2.5	2.5.6	PASS
GCF_001863535	GC2	2.5	2.5.6	GC2	2.5	2.5.6	PASS
SRR3381533	GC2	2.5	2.5.6	GC2	2.5	2.5.6	PASS
GCF_001863575	GC2	2.5	2.5.6	GC2	2.5	2.5.6	PASS
SRR3381465	GC2	2.5	2.5.6	GC2	2.5	2.5.6	PASS
GCF_001863695	GC2	2.5	2.5.6	GC2	2.5	2.5.6	PASS
SRR3381415	GC2	2.5	2.5.6	GC2	2.5	2.5.6	PASS
GCF_014560735	GC2	2.5	2.5.6	GC2	2.5	2.5.6	PASS
GCF_014560765	GC2	2.5	2.5.6	GC2	2.5	2.5.6	PASS
SRR3381380	GC2	2.5	2.5.6	GC2	2.5	2.5.6	PASS
GCF_001862875	GC2	2.5	2.5.6	GC2	2.5	2.5.6	PASS
GCF_001862885	GC2	2.5	2.5.6	GC2	2.5	2.5.6	PASS
SRR3381394	GC2	2.5	2.5.6	GC2	2.5	2.5.6	PASS
GCF_006367175	GC2	2.5	2.5.6	GC2	2.5	2.5.6	PASS
GCF_006366135	GC2	2.5	2.5.6	GC2	2.5	2.5.6	PASS
GCF_006366925	GC2	2.5	2.5.6	GC2	2.5	2.5.6	PASS
GCF_006366845	GC2	2.5	2.5.6	GC2	2.5	2.5.6	PASS
GCF_009753925	GC2	2.5	2.5.6	GC2	2.5	2.5.6	PASS
GCF_006366895	GC2	2.5	2.5.6	GC2	2.5	2.5.6	PASS
GCF_006366055	GC2	2.5	2.5.6	GC2	2.5	2.5.6	PASS
GCF_001862715	GC2	2.5	2.5.6	GC2	2.5	2.5.6	PASS
SRR3381420	GC2	2.5	2.5.6	GC2	2.5	2.5.6	PASS
GCF_006367225	GC2	2.5	2.5.6	GC2	2.5	2.5.6	PASS
GCF_001862855	GC2	2.5	2.5.6	GC2	2.5	2.5.6	PASS
SRR3381391	GC2	2.5	2.5.6	GC2	2.5	2.5.6	PASS
SRR3381426	GC2	2.5	2.5.6	GC2	2.5	2.5.6	PASS
GCF_001864315	GC2	2.5	2.5.6	GC2	2.5	2.5.6	PASS
SRR3381472	GC2	2.5	2.5.6	GC2	2.5	2.5.6	PASS
GCF_001864305	GC2	2.5	2.5.6	GC2	2.5	2.5.6	PASS
SRR3381473	GC2	2.5	2.5.6	GC2	2.5	2.5.6	PASS
GCF_001863465	GC2	2.5	2.5.6	GC2	2.5	2.5.6	PASS
SRR3381488	GC2	2.5	2.5.6	GC2	2.5	2.5.6	PASS
GCF_006366575	GC2	2.5	2.5.6	GC2	2.5	2.5.6	PASS
GCF_006367515	GC2	2.5	2.5.6	GC2	2.5	2.5.6	PASS
GCF_006368105	GC2	2.5	2.5.6	GC2	2.5	2.5.6	PASS
GCF_001864795	GC2	2.5	2.5.6	GC2	2.5	2.5.6	PASS
SRR3381506	GC2	2.5	2.5.6	GC2	2.5	2.5.6	PASS
GCF_001863055	GC2	2.5	2.5.6	GC2	2.5	2.5.6	PASS
SRR3381408	GC2	2.5	2.5.6	GC2	2.5	2.5.6	PASS
GCF_006365365	GC2	2.5	2.5.6	GC2	2.5	2.5.6	PASS
GCF_001862535	GC2	2.5	2.5.6	GC2	2.5	2.5.6	PASS
SRR3381366	GC2	2.5	2.5.6	GC2	2.5	2.5.6	PASS
GCF_006367675	GC2	2.5	2.5.6	GC2	2.5	2.5.6	PASS
GCF_008807055	GC2	2.5	2.5.6	GC2	2.5	2.5.6	PASS
GCF_014560525	GC2	2.5	2.5.6	GC2	2.5	2.5.6	PASS
GCF_014560535	GC2	2.5	2.5.6	GC2	2.5	2.5.6	PASS
GCF_014560395	GC2	2.5	2.5.6	GC2	2.5	2.5.6	PASS
GCF_014596675	GC2	2.5	2.5.6	GC2	2.5	2.5.6	PASS
GCF_014560045	GC2	2.5	2.5.6	GC2	2.5	2.5.6	PASS
SRR14852443	GC2	2.5	2.5.6	GC2	2.5	2.5.6	PASS
SRR14862530	GC2	2.5	2.5.6	GC2	2.5	2.5.6	PASS
SRR14852362	GC2	2.5	2.5.6	GC2	2.5	2.5.6	PASS
SRR14852363	GC2	2.5	2.5.6	GC2	2.5	2.5.6	PASS
SRR14852336	GC2	2.5	2.5.6	GC2	2.5	2.5.6	PASS
SRR14852387	GC2	2.5	2.5.6	GC2	2.5	2.5.6	PASS
SRR14852212	GC2	2.5	2.5.6	GC2	2.5	2.5.6	PASS
SRR14862498	GC2	2.5	2.5.6	GC2	2.5	2.5.6	PASS
SRR14852285	GC2	2.5	2.5.6	GC2	2.5	2.5.6	PASS
SRR14852290	GC2	2.5	2.5.6	GC2	2.5	2.5.6	PASS
SRR14852291	GC2	2.5	2.5.6	GC2	2.5	2.5.6	PASS
SRR14852283	GC2	2.5	2.5.6	GC2	2.5	2.5.6	PASS
SRR14852210	GC2	2.5	2.5.6	GC2	2.5	2.5.6	PASS
SRR14852284	GC2	2.5	2.5.6	GC2	2.5	2.5.6	PASS
SRR14852469	GC2	2.5	2.5.6	GC2	2.5	2.5.6	PASS
SRR14852381	GC2	2.5	2.5.6	GC2	2.5	2.5.6	PASS
SRR14862566	GC2	2.5	2.5.6	GC2	2.5	2.5.6	PASS
SRR14852278	GC2	2.5	2.5.6	GC2	2.5	2.5.6	PASS
SRR14852382	GC2	2.5	2.5.6	GC2	2.5	2.5.6	PASS
SRR14852419	GC2	2.5	2.5.6	GC2	2.5	2.5.6	PASS
SRR14862546	GC2	2.5	2.5.6	GC2	2.5	2.5.6	PASS
SRR14862533	GC2	2.5	2.5.6	GC2	2.5	2.5.6	PASS
SRR14852420	GC2	2.5	2.5.6	GC2	2.5	2.5.6	PASS
SRR14862565	GC2	2.5	2.5.6	GC2	2.5	2.5.6	PASS
SRR14852316	GC2	2.5	2.5.6	GC2	2.5	2.5.6	PASS
SRR14852491	GC2	2.5	2.5.6	GC2	2.5	2.5.6	PASS
GCF_001863015	GC2	2.5	2.5.6	GC2	2.5	2.5.6	PASS
GCF_001862475	GC2	2.5	2.5.6	GC2	2.5	2.5.6	PASS
GCF_009753855	GC2	2.5	2.5.6	GC2	2.5	2.5.6	PASS
GCF_003264295	GC2	2.5	2.5.6	GC2	2.5	2.5.6	PASS
SRR3381395	GC2	2.5	2.5.6	GC2	2.5	2.5.6	PASS
GCF_001862565	GC2	2.5	2.5.6	GC2	2.5	2.5.6	PASS
GCF_001862455	GC2	2.5	2.5.6	GC2	2.5	2.5.6	PASS
GCF_003264255	GC2	2.5	2.5.6	GC2	2.5	2.5.6	PASS
GCF_001617895	GC2	2.5	2.5.6	GC2	2.5	2.5.6	PASS
GCF_006365835	GC2	2.5	2.5.6	GC2	2.5	2.5.6	PASS
GCF_005048905	GC2	2.5	2.5.6	GC2	2.5	2.5.6	PASS
GCF_001864475	GC2	2.5	2.5.6	GC2	2.5	2.5.6	PASS
SRR3381486	GC2	2.5	2.5.6	GC2	2.5	2.5.6	PASS
GCF_004209675	GC2	2.5	2.5.6	GC2	2.5	2.5.6	PASS
GCF_019968965	GC2	2.5	2.5.6	GC2	2.5	2.5.6	PASS
GCF_009498335	GC2	2.5	2.5.6	GC2	2.5	2.5.6	PASS
GCF_018789415	GC2	2.5	2.5.6	GC2	2.5	2.5.6	PASS
GCF_904887645	GC2	2.5	2.5.6	GC2	2.5	2.5.6	PASS
ERR2712252	GC2	2.5	2.5.6	GC2	2.5	2.5.6	PASS
GCF_904887555	GC2	2.5	2.5.6	GC2	2.5	2.5.6	PASS
GCF_900493395	GC2	2.5	2.5.6	GC2	2.5	2.5.6	PASS
GCF_900494905	GC2	2.5	2.5.6	GC2	2.5	2.5.6	PASS
SRR11483047	GC2	2.5	2.5.6	GC2	2.5	2.5.6	PASS
GCF_018788705	GC2	2.5	2.5.6	GC2	2.5	2.5.6	PASS
GCF_019969035	GC2	2.5	2.5.6	GC2	2.5	2.5.6	PASS
GCF_013778405	GC2	2.5	2.5.6	GC2	2.5	2.5.6	PASS
SRR14792796	GC2	2.5	2.5.6	GC2	2.5	2.5.6	PASS
SRR13748152	GC2	2.5	2.5.6	GC2	2.5	2.5.6	PASS
SRR17250597	GC2	2.5	2.5.6	GC2	2.5	2.5.6	PASS
SRR13362832	GC2	2.5	2.5.6	GC2	2.5	2.5.6	PASS
SRR13228566	GC2	2.5	2.5.6	GC2	2.5	2.5.6	PASS
SRR14792798	GC2	2.5	2.5.6	GC2	2.5	2.5.6	PASS
SRR16520654	GC2	2.5	2.5.6	GC2	2.5	2.5.6	PASS
SRR13075494	GC2	2.5	2.5.6	GC2	2.5	2.5.6	PASS
SRR15597982	GC2	2.5	2.5.6	GC2	2.5	2.5.6	PASS
SRR17944000	GC2	2.5	2.5.6	GC2	2.5	2.5.6	PASS
SRR16132296	GC2	2.5	2.5.6	GC2	2.5	2.5.6	PASS
SRR14792791	GC2	2.5	2.5.6	GC2	2.5	2.5.6	PASS
SRR14792820	GC2	2.5	2.5.6	GC2	2.5	2.5.6	PASS
SRR15210547	GC2	2.5	2.5.6	GC2	2.5	2.5.6	PASS
SRR16132279	GC2	2.5	2.5.6	GC2	2.5	2.5.6	PASS
SRR13965480	GC2	2.5	2.5.6	GC2	2.5	2.5.6	PASS
SRR14634853	GC2	2.5	2.5.6	GC2	2.5	2.5.6	PASS
SRR17944031	GC2	2.5	2.5.6	GC2	2.5	2.5.6	PASS
SRR16520595	GC2	2.5	2.5.6	GC2	2.5	2.5.6	PASS
SRR16520597	GC2	2.5	2.5.6	GC2	2.5	2.5.6	PASS
SRR16520612	GC2	2.5	2.5.6	GC2	2.5	2.5.6	PASS
SRR16520662	GC2	2.5	2.5.6	GC2	2.5	2.5.6	PASS
SRR17944005	GC2	2.5	2.5.6	GC2	2.5	2.5.6	PASS
SRR17611313	GC2	2.5	2.5.6	GC2	2.5	2.5.6	PASS
SRR18214927	GC2	2.5	2.5.6	GC2	2.5	2.5.6	PASS
SRR14436826	GC2	2.5	2.5.6	GC2	2.5	2.5.6	PASS
SRR17250627	GC2	2.5	2.5.6	GC2	2.5	2.5.6	PASS
SRR17250642	GC2	2.5	2.5.6	GC2	2.5	2.5.6	PASS
SRR17250594	GC2	2.5	2.5.6	GC2	2.5	2.5.6	PASS
SRR18214926	GC2	2.5	2.5.6	GC2	2.5	2.5.6	PASS
SRR15377054	GC2	2.5	2.5.6	GC2	2.5	2.5.6	PASS
SRR14154273	GC2	2.5	2.5.6	GC2	2.5	2.5.6	PASS
SRR16132286	GC2	2.5	2.5.6	GC2	2.5	2.5.6	PASS
SRR17084767	GC2	2.5	2.5.6	GC2	2.5	2.5.6	PASS
SRR18062992	GC2	2.5	2.5.6	GC2	2.5	2.5.6	PASS
GCF_900495395	GC2	2.5	2.5.6	GC2	2.5	2.5.6	PASS
GCF_900495455	GC2	2.5	2.5.6	GC2	2.5	2.5.6	PASS
GCF_900495175	GC2	2.5	2.5.6	GC2	2.5	2.5.6	PASS
ERR2712401	GC2	2.5	2.5.6	GC2	2.5	2.5.6	PASS
GCF_900494555	GC2	2.5	2.5.6	GC2	2.5	2.5.6	PASS
GCF_018445085	GC2	2.5	2.5.6	GC2	2.5	2.5.6	PASS
GCF_018445345	GC2	2.5	2.5.6	GC2	2.5	2.5.6	PASS
GCF_900493565	GC2	2.5	2.5.6	GC2	2.5	2.5.6	PASS
GCF_900496085	GC2	2.5	2.5.6	GC2	2.5	2.5.6	PASS
GCF_900494825	GC2	2.5	2.5.6	GC2	2.5	2.5.6	PASS
GCF_900496285	GC2	2.5	2.5.6	GC2	2.5	2.5.6	PASS
GCF_900496055	GC2	2.5	2.5.6	GC2	2.5	2.5.6	PASS
GCF_000969285	GC2	2.5	2.5.6	GC2	2.5	2.5.6	PASS
GCF_002992485	GC2	2.5	2.5.6	GC2	2.5	2.5.6	PASS
GCF_002992845	GC2	2.5	2.5.6	GC2	2.5	2.5.6	PASS
GCF_018105985	GC2	2.5	2.5.6	GC2	2.5	2.5.6	PASS
GCF_019969055	GC2	2.5	2.5.6	GC2	2.5	2.5.6	PASS
GCF_900494395	GC2	2.5	2.5.6	GC2	2.5	2.5.6	PASS
GCF_900494925	GC2	2.5	2.5.6	GC2	2.5	2.5.6	PASS
GCF_900494765	GC2	2.5	2.5.6	GC2	2.5	2.5.6	PASS
GCF_900495065	GC2	2.5	2.5.6	GC2	2.5	2.5.6	PASS
GCF_900494695	GC2	2.5	2.5.6	GC2	2.5	2.5.6	PASS
ERR246699	GC2	2.5	2.5.6	GC2	2.5	2.5.6	PASS
ERR246712	GC2	2.5	2.5.6	GC2	2.5	2.5.6	PASS
ERR4046382	GC2	2.5	2.5.6	GC2	2.5	2.5.6	PASS
ERR4045922	GC2	2.5	2.5.6	GC2	2.5	2.5.6	PASS
ERR4045984	GC2	2.5	2.5.6	GC2	2.5	2.5.6	PASS
ERR4046451	GC2	2.5	2.5.6	GC2	2.5	2.5.6	PASS
ERR4045926	GC2	2.5	2.5.6	GC2	2.5	2.5.6	PASS
ERR4046515	GC2	2.5	2.5.6	GC2	2.5	2.5.6	PASS
ERR4046532	GC2	2.5	2.5.6	GC2	2.5	2.5.6	PASS
ERR4046423	GC2	2.5	2.5.6	GC2	2.5	2.5.6	PASS
ERR4045996	GC2	2.5	2.5.6	GC2	2.5	2.5.6	PASS
ERR4046481	GC2	2.5	2.5.6	GC2	2.5	2.5.6	PASS
ERR4046614	GC2	2.5	2.5.6	GC2	2.5	2.5.6	PASS
ERR4046254	GC2	2.5	2.5.6	GC2	2.5	2.5.6	PASS
ERR4046258	GC2	2.5	2.5.6	GC2	2.5	2.5.6	PASS
ERR4045796	GC2	2.5	2.5.6	GC2	2.5	2.5.6	PASS
ERR4045930	GC2	2.5	2.5.6	GC2	2.5	2.5.6	PASS
ERR4045943	GC2	2.5	2.5.6	GC2	2.5	2.5.6	PASS
ERR4045992	GC2	2.5	2.5.6	GC2	2.5	2.5.6	PASS
ERR3642223	GC2	2.5	2.5.6	GC2	2.5	2.5.6	PASS
ERR3642247	GC2	2.5	2.5.6	GC2	2.5	2.5.6	PASS
ERR3642346	GC2	2.5	2.5.6	GC2	2.5	2.5.6	PASS
ERR3642241	GC2	2.5	2.5.6	GC2	2.5	2.5.6	PASS
ERR4046527	GC2	2.5	2.5.6	GC2	2.5	2.5.6	PASS
ERR3642354	GC2	2.5	2.5.6	GC2	2.5	2.5.6	PASS
ERR3642298	GC2	2.5	2.5.6	GC2	2.5	2.5.6	PASS
ERR3642103	GC2	2.5	2.5.6	GC2	2.5	2.5.6	PASS
ERR3642233	GC2	2.5	2.5.6	GC2	2.5	2.5.6	PASS
ERR4782515	GC2	2.5	2.5.6	GC2	2.5	2.5.6	PASS
SRR3057118	GC2	2.5	2.5.6	GC2	2.5	2.5.6	PASS
GCF_002992285	GC2	2.5	2.5.6	GC2	2.5	2.5.6	PASS
GCF_002992805	GC2	2.5	2.5.6	GC2	2.5	2.5.6	PASS
GCF_002992235	GC2	2.5	2.5.6	GC2	2.5	2.5.6	PASS
GCF_002992365	GC2	2.5	2.5.6	GC2	2.5	2.5.6	PASS
GCF_002992445	GC2	2.5	2.5.6	GC2	2.5	2.5.6	PASS
GCF_002992775	GC2	2.5	2.5.6	GC2	2.5	2.5.6	PASS
GCF_002992465	GC2	2.5	2.5.6	GC2	2.5	2.5.6	PASS
GCF_002992525	GC2	2.5	2.5.6	GC2	2.5	2.5.6	PASS
GCF_000766105	GC2	2.5	2.5.6	GC2	2.5	2.5.6	PASS
GCF_017349135	GC2	2.5	2.5.6	GC2	2.5	2.5.6	PASS
GCF_001669735	GC2	2.5	2.5.6	GC2	2.5	2.5.6	PASS
GCF_900496565	GC2	2.5	2.5.6	GC2	2.5	2.5.6	PASS
GCF_018105945	GC2	2.5	2.5.6	GC2	2.5	2.5.6	PASS
GCF_018106015	GC2	2.5	2.5.6	GC2	2.5	2.5.6	PASS
SRR14852562	GC2	2.5	2.5.6	GC2	2.5	2.5.6	PASS
SRR14852225	GC2	2.5	2.5.6	GC2	2.5	2.5.6	PASS
SRR14862516	GC2	2.5	2.5.6	GC2	2.5	2.5.6	PASS
SRR14862614	GC2	2.5	2.5.6	GC2	2.5	2.5.6	PASS
SRR14862513	GC2	2.5	2.5.6	GC2	2.5	2.5.6	PASS
SRR14852557	GC2	2.5	2.5.6	GC2	2.5	2.5.6	PASS
SRR14862600	GC2	2.5	2.5.6	GC2	2.5	2.5.6	PASS
SRR14852184	GC2	2.5	2.5.6	GC2	2.5	2.5.6	PASS
SRR14852179	GC2	2.5	2.5.6	GC2	2.5	2.5.6	PASS
SRR14852228	GC2	2.5	2.5.6	GC2	2.5	2.5.6	PASS
SRR14852198	GC2	2.5	2.5.6	GC2	2.5	2.5.6	PASS
SRR14852224	GC2	2.5	2.5.6	GC2	2.5	2.5.6	PASS
SRR14852180	GC2	2.5	2.5.6	GC2	2.5	2.5.6	PASS
SRR14862499	GC2	2.5	2.5.6	GC2	2.5	2.5.6	PASS
SRR14852273	GC2	2.5	2.5.6	GC2	2.5	2.5.6	PASS
SRR14852219	GC2	2.5	2.5.6	GC2	2.5	2.5.6	PASS
SRR14852272	GC2	2.5	2.5.6	GC2	2.5	2.5.6	PASS
SRR14862509	GC2	2.5	2.5.6	GC2	2.5	2.5.6	PASS
SRR14852277	GC2	2.5	2.5.6	GC2	2.5	2.5.6	PASS
SRR14852280	GC2	2.5	2.5.6	GC2	2.5	2.5.6	PASS
SRR14852227	GC2	2.5	2.5.6	GC2	2.5	2.5.6	PASS
SRR14852232	GC2	2.5	2.5.6	GC2	2.5	2.5.6	PASS
SRR14852229	GC2	2.5	2.5.6	GC2	2.5	2.5.6	PASS
SRR14852220	GC2	2.5	2.5.6	GC2	2.5	2.5.6	PASS
SRR14862487	GC2	2.5	2.5.6	GC2	2.5	2.5.6	PASS
SRR14852266	GC2	2.5	2.5.6	GC2	2.5	2.5.6	PASS
SRR14852235	GC2	2.5	2.5.6	GC2	2.5	2.5.6	PASS
SRR14852276	GC2	2.5	2.5.6	GC2	2.5	2.5.6	PASS
SRR14852279	GC2	2.5	2.5.6	GC2	2.5	2.5.6	PASS
SRR14852271	GC2	2.5	2.5.6	GC2	2.5	2.5.6	PASS
SRR14852292	GC2	2.5	2.5.6	GC2	2.5	2.5.6	PASS
SRR14852230	GC2	2.5	2.5.6	GC2	2.5	2.5.6	PASS
SRR14862615	GC2	2.5	2.5.6	GC2	2.5	2.5.6	PASS
SRR14852221	GC2	2.5	2.5.6	GC2	2.5	2.5.6	PASS
SRR14852226	GC2	2.5	2.5.6	GC2	2.5	2.5.6	PASS
SRR14862488	GC2	2.5	2.5.6	GC2	2.5	2.5.6	PASS
SRR14852275	GC2	2.5	2.5.6	GC2	2.5	2.5.6	PASS
SRR14862605	GC2	2.5	2.5.6	GC2	2.5	2.5.6	PASS
SRR14862508	GC2	2.5	2.5.6	GC2	2.5	2.5.6	PASS
SRR14852281	GC2	2.5	2.5.6	GC2	2.5	2.5.6	PASS
SRR14852126	GC2	2.5	2.5.6	GC2	2.5	2.5.6	PASS
SRR14852274	GC2	2.5	2.5.6	GC2	2.5	2.5.6	PASS
SRR14852561	GC2	2.5	2.5.6	GC2	2.5	2.5.6	PASS
SRR14852559	GC2	2.5	2.5.6	GC2	2.5	2.5.6	PASS
SRR14852233	GC2	2.5	2.5.6	GC2	2.5	2.5.6	PASS
SRR14852563	GC2	2.5	2.5.6	GC2	2.5	2.5.6	PASS
GCF_017349215	GC2	2.5	2.5.6	GC2	2.5	2.5.6	PASS
GCF_019336685	GC2	2.5	2.5.6	GC2	2.5	2.5.6	PASS
GCF_019336705	GC2	2.5	2.5.6	GC2	2.5	2.5.6	PASS
GCF_019336715	GC2	2.5	2.5.6	GC2	2.5	2.5.6	PASS
GCF_019336825	GC2	2.5	2.5.6	GC2	2.5	2.5.6	PASS
GCF_019336765	GC2	2.5	2.5.6	GC2	2.5	2.5.6	PASS
GCF_019336665	GC2	2.5	2.5.6	GC2	2.5	2.5.6	PASS
GCF_019336785	GC2	2.5	2.5.6	GC2	2.5	2.5.6	PASS
GCF_019336805	GC2	2.5	2.5.6	GC2	2.5	2.5.6	PASS
GCF_019336905	GC2	2.5	2.5.6	GC2	2.5	2.5.6	PASS
GCF_019336925	GC2	2.5	2.5.6	GC2	2.5	2.5.6	PASS
GCF_019336865	GC2	2.5	2.5.6	GC2	2.5	2.5.6	PASS
GCF_019336845	GC2	2.5	2.5.6	GC2	2.5	2.5.6	PASS
GCF_019336885	GC2	2.5	2.5.6	GC2	2.5	2.5.6	PASS
GCF_019336745	GC2	2.5	2.5.6	GC2	2.5	2.5.6	PASS
GCF_019356095	GC2	2.5	2.5.6	GC2	2.5	2.5.6	PASS
SRR11248281	GC2	2.5	2.5.6	GC2	2.5	2.5.6	PASS
ERR4919988	GC2	2.5	2.5.6	GC2	2.5	2.5.6	PASS
GCF_003356635	GC2	2.5	2.5.6	GC2	2.5	2.5.6	PASS
GCF_003356605	GC2	2.5	2.5.6	GC2	2.5	2.5.6	PASS
GCF_003355845	GC2	2.5	2.5.6	GC2	2.5	2.5.6	PASS
GCF_003356625	GC2	2.5	2.5.6	GC2	2.5	2.5.6	PASS
GCF_003356645	GC2	2.5	2.5.6	GC2	2.5	2.5.6	PASS
GCF_003356685	GC2	2.5	2.5.6	GC2	2.5	2.5.6	PASS
GCF_003355785	GC2	2.5	2.5.6	GC2	2.5	2.5.6	PASS
GCF_003356505	GC2	2.5	2.5.6	GC2	2.5	2.5.6	PASS
GCF_003356525	GC2	2.5	2.5.6	GC2	2.5	2.5.6	PASS
GCF_003356535	GC2	2.5	2.5.6	GC2	2.5	2.5.6	PASS
ERR3585124	GC2	2.5	2.5.6	GC2	2.5	2.5.6	PASS
ERR3585126	GC2	2.5	2.5.6	GC2	2.5	2.5.6	PASS
ERR3585125	GC2	2.5	2.5.6	GC2	2.5	2.5.6	PASS
ERR4023907	GC2	2.5	2.5.6	GC2	2.5	2.5.6	PASS
ERR3585280	GC2	2.5	2.5.6	GC2	2.5	2.5.6	PASS
ERR4023852	GC2	2.5	2.5.6	GC2	2.5	2.5.6	PASS
ERR3655954	GC2	2.5	2.5.6	GC2	2.5	2.5.6	PASS
ERR4045553	GC2	2.5	2.5.6	GC2	2.5	2.5.6	PASS
ERR4023855	GC2	2.5	2.5.6	GC2	2.5	2.5.6	PASS
ERR4046267	GC2	2.5	2.5.6	GC2	2.5	2.5.6	PASS
ERR4046513	GC2	2.5	2.5.6	GC2	2.5	2.5.6	PASS
ERR4046275	GC2	2.5	2.5.6	GC2	2.5	2.5.6	PASS
ERR4045718	GC2	2.5	2.5.6	GC2	2.5	2.5.6	PASS
ERR3655860	GC2	2.5	2.5.6	GC2	2.5	2.5.6	PASS
ERR3655960	GC2	2.5	2.5.6	GC2	2.5	2.5.6	PASS
ERR3655919	GC2	2.5	2.5.6	GC2	2.5	2.5.6	PASS
ERR3655921	GC2	2.5	2.5.6	GC2	2.5	2.5.6	PASS
ERR4046518	GC2	2.5	2.5.6	GC2	2.5	2.5.6	PASS
ERR4046649	GC2	2.5	2.5.6	GC2	2.5	2.5.6	PASS
ERR4046502	GC2	2.5	2.5.6	GC2	2.5	2.5.6	PASS
ERR4046478	GC2	2.5	2.5.6	GC2	2.5	2.5.6	PASS
ERR4046474	GC2	2.5	2.5.6	GC2	2.5	2.5.6	PASS
ERR3642278	GC2	2.5	2.5.6	GC2	2.5	2.5.6	PASS
ERR4046522	GC2	2.5	2.5.6	GC2	2.5	2.5.6	PASS
ERR3655936	GC2	2.5	2.5.6	GC2	2.5	2.5.6	PASS
ERR3655932	GC2	2.5	2.5.6	GC2	2.5	2.5.6	PASS
ERR3655940	GC2	2.5	2.5.6	GC2	2.5	2.5.6	PASS
ERR4024104	GC2	2.5	2.5.6	GC2	2.5	2.5.6	PASS
ERR3585277	GC2	2.5	2.5.6	GC2	2.5	2.5.6	PASS
ERR4045777	GC2	2.5	2.5.6	GC2	2.5	2.5.6	PASS
ERR4045798	GC2	2.5	2.5.6	GC2	2.5	2.5.6	PASS
ERR4045818	GC2	2.5	2.5.6	GC2	2.5	2.5.6	PASS
ERR4046061	GC2	2.5	2.5.6	GC2	2.5	2.5.6	PASS
ERR4046052	GC2	2.5	2.5.6	GC2	2.5	2.5.6	PASS
ERR4046065	GC2	2.5	2.5.6	GC2	2.5	2.5.6	PASS
GCF_002212235	GC2	2.5	2.5.6	GC2	2.5	2.5.6	PASS
ERR4781997	GC2	2.5	2.5.6	GC2	2.5	2.5.6	PASS
ERR1947015	GC2	2.5	2.5.6	GC2	2.5	2.5.6	PASS
SRR18500001	GC2	2.5	2.5.6	GC2	2.5	2.5.6	PASS
ERR7123517	GC2	2.5	2.5.6	GC2	2.5	2.5.6	PASS
GCF_002212445	GC2	2.5	2.5.6	GC2	2.5	2.5.6	PASS
GCF_016901075	GC2	2.5	2.5.6	GC2	2.5	2.5.6	PASS
SRR18500037	GC2	2.5	2.5.6	GC2	2.5	2.5.6	PASS
SRR18499914	GC2	2.5	2.5.6	GC2	2.5	2.5.6	PASS
SRR18499922	GC2	2.5	2.5.6	GC2	2.5	2.5.6	PASS
SRR18499949	GC2	2.5	2.5.6	GC2	2.5	2.5.6	PASS
SRR18499990	GC2	2.5	2.5.6	GC2	2.5	2.5.6	PASS
GCF_002992305	GC2	2.5	2.5.6	GC2	2.5	2.5.6	PASS
GCF_002992715	GC2	2.5	2.5.6	GC2	2.5	2.5.6	PASS
GCF_002992325	GC2	2.5	2.5.6	GC2	2.5	2.5.6	PASS
GCF_002992745	GC2	2.5	2.5.6	GC2	2.5	2.5.6	PASS
GCF_900490105	GC2	2.5	2.5.6	GC2	2.5	2.5.6	PASS
GCF_020254585	GC2	2.5	2.5.6	GC2	2.5	2.5.6	PASS
GCF_020255245	GC2	2.5	2.5.6	GC2	2.5	2.5.6	PASS
GCF_900519195	GC2	2.5	2.5.6	GC2	2.5	2.5.6	PASS
ERR4782479	GC2	2.5	2.5.6	GC2	2.5	2.5.6	PASS
ERR4782495	GC2	2.5	2.5.6	GC2	2.5	2.5.6	PASS
ERR4782475	GC2	2.5	2.5.6	GC2	2.5	2.5.6	PASS
ERR4782487	GC2	2.5	2.5.6	GC2	2.5	2.5.6	PASS
GCF_019920985	GC2	2.5	2.5.6	GC2	2.5	2.5.6	PASS
GCF_002265675	GC2	2.5	2.5.6	GC2	2.5	2.5.6	PASS
GCF_012934985	GC2	2.5	2.5.6	GC2	2.5	2.5.6	PASS
ERR6132484	GC2	2.5	2.5.6	GC2	2.5	2.5.6	PASS
GCF_010500535	GC2	2.5	2.5.6	GC2	2.5	2.5.6	PASS
SRR13327186	GC2	2.5	2.5.6	GC2	2.5	2.5.6	PASS
SRR13327205	GC2	2.5	2.5.6	GC2	2.5	2.5.6	PASS
GCF_019920165	GC2	2.5	2.5.6	GC2	2.5	2.5.6	PASS
GCF_019920145	GC2	2.5	2.5.6	GC2	2.5	2.5.6	PASS
GCF_019920405	GC2	2.5	2.5.6	GC2	2.5	2.5.6	PASS
GCF_019919945	GC2	2.5	2.5.6	GC2	2.5	2.5.6	PASS
GCF_019920045	GC2	2.5	2.5.6	GC2	2.5	2.5.6	PASS
GCF_019920065	GC2	2.5	2.5.6	GC2	2.5	2.5.6	PASS
GCF_019920555	GC2	2.5	2.5.6	GC2	2.5	2.5.6	PASS
GCF_019920665	GC2	2.5	2.5.6	GC2	2.5	2.5.6	PASS
GCF_019921105	GC2	2.5	2.5.6	GC2	2.5	2.5.6	PASS
GCF_019920715	GC2	2.5	2.5.6	GC2	2.5	2.5.6	PASS
GCF_019920625	GC2	2.5	2.5.6	GC2	2.5	2.5.6	PASS
GCF_019920005	GC2	2.5	2.5.6	GC2	2.5	2.5.6	PASS
GCF_019920205	GC2	2.5	2.5.6	GC2	2.5	2.5.6	PASS
GCF_019921035	GC2	2.5	2.5.6	GC2	2.5	2.5.6	PASS
GCF_019920545	GC2	2.5	2.5.6	GC2	2.5	2.5.6	PASS
GCF_019920955	GC2	2.5	2.5.6	GC2	2.5	2.5.6	PASS
GCF_019920855	GC2	2.5	2.5.6	GC2	2.5	2.5.6	PASS
GCF_019920845	GC2	2.5	2.5.6	GC2	2.5	2.5.6	PASS
GCF_019921005	GC2	2.5	2.5.6	GC2	2.5	2.5.6	PASS
GCF_017600995	GC2	2.5	2.5.6	GC2	2.5	2.5.6	PASS
GCF_000802885	GC2	2.5	2.5.6	GC2	2.5	2.5.6	PASS
GCF_900495325	GC2	2.5	2.5.6	GC2	2.5	2.5.6	PASS
GCF_900495285	GC2	2.5	2.5.6	GC2	2.5	2.5.6	PASS
GCF_013185265	GC2	2.5	2.5.6	GC2	2.5	2.5.6	PASS
GCF_900495275	GC2	2.5	2.5.6	GC2	2.5	2.5.6	PASS
GCF_900495375	GC2	2.5	2.5.6	GC2	2.5	2.5.6	PASS
ERR246753	GC2	2.5	2.5.6	GC2	2.5	2.5.6	PASS
ERR246680	GC2	2.5	2.5.6	GC2	2.5	2.5.6	PASS
ERR246745	GC2	2.5	2.5.6	GC2	2.5	2.5.6	PASS
ERR246697	GC2	2.5	2.5.6	GC2	2.5	2.5.6	PASS
ERR246730	GC2	2.5	2.5.6	GC2	2.5	2.5.6	PASS
ERR246689	GC2	2.5	2.5.6	GC2	2.5	2.5.6	PASS
ERR246714	GC2	2.5	2.5.6	GC2	2.5	2.5.6	PASS
ERR246691	GC2	2.5	2.5.6	GC2	2.5	2.5.6	PASS
ERR246698	GC2	2.5	2.5.6	GC2	2.5	2.5.6	PASS
ERR246723	GC2	2.5	2.5.6	GC2	2.5	2.5.6	PASS
ERR246731	GC2	2.5	2.5.6	GC2	2.5	2.5.6	PASS
ERR246770	GC2	2.5	2.5.6	GC2	2.5	2.5.6	PASS
ERR246768	GC2	2.5	2.5.6	GC2	2.5	2.5.6	PASS
ERR246690	GC2	2.5	2.5.6	GC2	2.5	2.5.6	PASS
ERR246681	GC2	2.5	2.5.6	GC2	2.5	2.5.6	PASS
ERR246713	GC2	2.5	2.5.6	GC2	2.5	2.5.6	PASS
ERR246747	GC2	2.5	2.5.6	GC2	2.5	2.5.6	PASS
ERR246761	GC2	2.5	2.5.6	GC2	2.5	2.5.6	PASS
GCF_005863395	GC2	2.5	2.5.6	GC2	2.5	2.5.6	PASS
GCF_005863285	GC2	2.5	2.5.6	GC2	2.5	2.5.6	PASS
GCF_005863385	GC2	2.5	2.5.6	GC2	2.5	2.5.6	PASS
GCF_005863345	GC2	2.5	2.5.6	GC2	2.5	2.5.6	PASS
GCF_005863535	GC2	2.5	2.5.6	GC2	2.5	2.5.6	PASS
GCF_005863405	GC2	2.5	2.5.6	GC2	2.5	2.5.6	PASS
GCF_005863455	GC2	2.5	2.5.6	GC2	2.5	2.5.6	PASS
GCF_005863355	GC2	2.5	2.5.6	GC2	2.5	2.5.6	PASS
GCF_005863415	GC2	2.5	2.5.6	GC2	2.5	2.5.6	PASS
GCF_005863305	GC2	2.5	2.5.6	GC2	2.5	2.5.6	PASS
SRR12008641	GC2	2.5	2.5.6	GC2	2.5	2.5.6	PASS
GCF_000761465	GC2	2.5	2.5.6	GC2	2.5	2.5.6	PASS
GCF_900495125	GC2	2.5	2.5.6	GC2	2.5	2.5.6	PASS
GCF_002992225	GC2	2.5	2.5.6	GC2	2.5	2.5.6	PASS
GCF_002992825	GC2	2.5	2.5.6	GC2	2.5	2.5.6	PASS
GCF_003355965	GC2	2.5	2.5.6	GC2	2.5	2.5.6	PASS
GCF_007999605	GC2	2.5	2.5.6	GC2	2.5	2.5.6	PASS
GCF_007999555	GC2	2.5	2.5.6	GC2	2.5	2.5.6	PASS
GCF_007999635	GC2	2.5	2.5.6	GC2	2.5	2.5.6	PASS
GCF_005784785	GC2	2.5	2.5.6	GC2	2.5	2.5.6	PASS
SRR12008592	GC2	2.5	2.5.6	GC2	2.5	2.5.6	PASS
ERR246738	GC2	2.5	2.5.6	GC2	2.5	2.5.6	PASS
GCF_012935185	GC2	2.5	2.5.6	GC2	2.5	2.5.6	PASS
ERR6132479	GC2	2.5	2.5.6	GC2	2.5	2.5.6	PASS
GCF_010499955	GC2	2.5	2.5.6	GC2	2.5	2.5.6	PASS
GCF_008830955	GC2	2.5	2.5.6	GC2	2.5	2.5.6	PASS
GCF_008806485	GC2	2.5	2.5.6	GC2	2.5	2.5.6	PASS
GCF_017349195	GC2	2.5	2.5.6	GC2	2.5	2.5.6	PASS
GCF_017098185	GC2	2.5	2.5.6	GC2	2.5	2.5.6	PASS
GCF_011683275	GC2	2.5	2.5.6	GC2	2.5	2.5.6	PASS
GCF_011683255	GC2	2.5	2.5.6	GC2	2.5	2.5.6	PASS
GCF_011683265	GC2	2.5	2.5.6	GC2	2.5	2.5.6	PASS
SRR11248308	GC2	2.5	2.5.6	GC2	2.5	2.5.6	PASS
GCF_011683235	GC2	2.5	2.5.6	GC2	2.5	2.5.6	PASS
GCF_011683305	GC2	2.5	2.5.6	GC2	2.5	2.5.6	PASS
SRR14154271	GC2	2.5	2.5.6	GC2	2.5	2.5.6	PASS
SRR13748182	GC2	2.5	2.5.6	GC2	2.5	2.5.6	PASS
SRR17944040	GC2	2.5	2.5.6	GC2	2.5	2.5.6	PASS
SRR14154270	GC2	2.5	2.5.6	GC2	2.5	2.5.6	PASS
SRR14792823	GC2	2.5	2.5.6	GC2	2.5	2.5.6	PASS
SRR14436854	GC2	2.5	2.5.6	GC2	2.5	2.5.6	PASS
SRR17250638	GC2	2.5	2.5.6	GC2	2.5	2.5.6	PASS
SRR12743844	GC2	2.5	2.5.6	GC2	2.5	2.5.6	PASS
SRR15210561	GC2	2.5	2.5.6	GC2	2.5	2.5.6	PASS
SRR17250601	GC2	2.5	2.5.6	GC2	2.5	2.5.6	PASS
SRR17685479	GC2	2.5	2.5.6	GC2	2.5	2.5.6	PASS
SRR14436870	GC2	2.5	2.5.6	GC2	2.5	2.5.6	PASS
SRR17383783	GC2	2.5	2.5.6	GC2	2.5	2.5.6	PASS
SRR17250626	GC2	2.5	2.5.6	GC2	2.5	2.5.6	PASS
SRR13643262	GC2	2.5	2.5.6	GC2	2.5	2.5.6	PASS
SRR13643263	GC2	2.5	2.5.6	GC2	2.5	2.5.6	PASS
SRR14154218	GC2	2.5	2.5.6	GC2	2.5	2.5.6	PASS
SRR16132280	GC2	2.5	2.5.6	GC2	2.5	2.5.6	PASS
SRR16520644	GC2	2.5	2.5.6	GC2	2.5	2.5.6	PASS
SRR16520586	GC2	2.5	2.5.6	GC2	2.5	2.5.6	PASS
SRR17383792	GC2	2.5	2.5.6	GC2	2.5	2.5.6	PASS
SRR13643270	GC2	2.5	2.5.6	GC2	2.5	2.5.6	PASS
GCF_008830995	GC2	2.5	2.5.6	GC2	2.5	2.5.6	PASS
GCF_008830895	GC2	2.5	2.5.6	GC2	2.5	2.5.6	PASS
GCF_008830795	GC2	2.5	2.5.6	GC2	2.5	2.5.6	PASS
GCF_008830805	GC2	2.5	2.5.6	GC2	2.5	2.5.6	PASS
GCF_008830855	GC2	2.5	2.5.6	GC2	2.5	2.5.6	PASS
GCF_008830785	GC2	2.5	2.5.6	GC2	2.5	2.5.6	PASS
GCF_008831005	GC2	2.5	2.5.6	GC2	2.5	2.5.6	PASS
GCF_008830945	GC2	2.5	2.5.6	GC2	2.5	2.5.6	PASS
GCF_008806475	GC2	2.5	2.5.6	GC2	2.5	2.5.6	PASS
GCF_017349005	GC2	2.5	2.5.6	GC2	2.5	2.5.6	PASS
GCF_003355865	GC2	2.5	2.5.6	GC2	2.5	2.5.6	PASS
GCF_005784835	GC2	2.5	2.5.6	GC2	2.5	2.5.6	PASS
ERR2712197	GC2	2.5	2.5.6	GC2	2.5	2.5.6	PASS
ERR2712202	GC2	2.5	2.5.6	GC2	2.5	2.5.6	PASS
GCF_008806505	GC2	2.5	2.5.6	GC2	2.5	2.5.6	PASS
GCF_002992425	GC2	2.5	2.5.6	GC2	2.5	2.5.6	PASS
GCF_002992205	GC2	2.5	2.5.6	GC2	2.5	2.5.6	PASS
GCF_002992545	GC2	2.5	2.5.6	GC2	2.5	2.5.6	PASS
GCF_002992255	GC2	2.5	2.5.6	GC2	2.5	2.5.6	PASS
GCF_002992865	GC2	2.5	2.5.6	GC2	2.5	2.5.6	PASS
GCF_019189035	GC2	2.5	2.5.6	GC2	2.5	2.5.6	PASS
GCF_019189125	GC2	2.5	2.5.6	GC2	2.5	2.5.6	PASS
GCF_020254865	GC2	2.5	2.5.6	GC2	2.5	2.5.6	PASS
GCF_900494665	GC2	2.5	2.5.6	GC2	2.5	2.5.6	PASS
GCF_900495145	GC2	2.5	2.5.6	GC2	2.5	2.5.6	PASS
ERR2712273	GC2	2.5	2.5.6	GC2	2.5	2.5.6	PASS
ERR7123300	GC2	2.5	2.5.6	GC2	2.5	2.5.6	PASS
ERR7123425	GC2	2.5	2.5.6	GC2	2.5	2.5.6	PASS
ERR246709	GC2	2.5	2.5.6	GC2	2.5	2.5.6	PASS
GCF_005786375	GC2	2.5	2.5.6	GC2	2.5	2.5.6	PASS
SRR12008589	GC2	2.5	2.5.6	GC2	2.5	2.5.6	PASS
ERR4095952	GC2	2.5	2.5.6	GC2	2.5	2.5.6	PASS
SRR12008597	GC2	2.5	2.5.6	GC2	2.5	2.5.6	PASS
GCF_003007655	GC2	2.5	2.5.6	GC2	2.5	2.5.6	PASS
ERR246902	GC2	2.5	2.5.6	GC2	2.5	2.5.6	PASS
ERR246879	GC2	2.5	2.5.6	GC2	2.5	2.5.6	PASS
ERR246910	GC2	2.5	2.5.6	GC2	2.5	2.5.6	PASS
ERR246894	GC2	2.5	2.5.6	GC2	2.5	2.5.6	PASS
ERR1947017	GC2	2.5	2.5.6	GC2	2.5	2.5.6	PASS
ERR246886	GC2	2.5	2.5.6	GC2	2.5	2.5.6	PASS
ERR246966	GC2	2.5	2.5.6	GC2	2.5	2.5.6	PASS
GCF_003020275	GC2	2.5	2.5.6	GC2	2.5	2.5.6	PASS
ERR1947016	GC2	2.5	2.5.6	GC2	2.5	2.5.6	PASS
ERR246958	GC2	2.5	2.5.6	GC2	2.5	2.5.6	PASS
ERR246942	GC2	2.5	2.5.6	GC2	2.5	2.5.6	PASS
GCF_003020455	GC2	2.5	2.5.6	GC2	2.5	2.5.6	PASS
ERR1947018	GC2	2.5	2.5.6	GC2	2.5	2.5.6	PASS
ERR1946967	GC2	2.5	2.5.6	GC2	2.5	2.5.6	PASS
ERR246903	GC2	2.5	2.5.6	GC2	2.5	2.5.6	PASS
ERR246887	GC2	2.5	2.5.6	GC2	2.5	2.5.6	PASS
ERR246950	GC2	2.5	2.5.6	GC2	2.5	2.5.6	PASS
ERR246918	GC2	2.5	2.5.6	GC2	2.5	2.5.6	PASS
ERR246895	GC2	2.5	2.5.6	GC2	2.5	2.5.6	PASS
ERR246934	GC2	2.5	2.5.6	GC2	2.5	2.5.6	PASS
GCF_003020285	GC2	2.5	2.5.6	GC2	2.5	2.5.6	PASS
SRR11676270	GC2	2.5	2.5.6	GC2	2.5	2.5.6	PASS
ERR1946963	GC2	2.5	2.5.6	GC2	2.5	2.5.6	PASS
ERR246926	GC2	2.5	2.5.6	GC2	2.5	2.5.6	PASS
GCF_005786065	GC2	2.5	2.5.6	GC2	2.5	2.5.6	PASS
SRR11248271	GC2	2.5	2.5.6	GC2	2.5	2.5.6	PASS
SRR11248318	GC2	2.5	2.5.6	GC2	2.5	2.5.6	PASS
SRR11248295	GC2	2.5	2.5.6	GC2	2.5	2.5.6	PASS
SRR11248317	GC2	2.5	2.5.6	GC2	2.5	2.5.6	PASS
GCF_014560755	GC2	2.5	2.5.6	GC2	2.5	2.5.6	PASS
GCF_014560815	GC2	2.5	2.5.6	GC2	2.5	2.5.6	PASS
GCF_900495585	GC2	2.5	2.5.6	GC2	2.5	2.5.6	PASS
SRR16359920	GC2	2.5	2.5.6	GC2	2.5	2.5.6	PASS
SRR18215752	GC2	2.5	2.5.6	GC2	2.5	2.5.6	PASS
GCF_007999905	GC2	2.5	2.5.6	GC2	2.5	2.5.6	PASS
GCF_007113795	GC2	2.5	2.5.6	GC2	2.5	2.5.6	PASS
GCF_007999765	GC2	2.5	2.5.6	GC2	2.5	2.5.6	PASS
GCF_007999805	GC2	2.5	2.5.6	GC2	2.5	2.5.6	PASS
GCF_007999705	GC2	2.5	2.5.6	GC2	2.5	2.5.6	PASS
GCF_007113875	GC2	2.5	2.5.6	GC2	2.5	2.5.6	PASS
GCF_007999815	GC2	2.5	2.5.6	GC2	2.5	2.5.6	PASS
GCF_007999745	GC2	2.5	2.5.6	GC2	2.5	2.5.6	PASS
GCF_007999855	GC2	2.5	2.5.6	GC2	2.5	2.5.6	PASS
GCF_007999875	GC2	2.5	2.5.6	GC2	2.5	2.5.6	PASS
GCF_007999755	GC2	2.5	2.5.6	GC2	2.5	2.5.6	PASS
GCF_007999885	GC2	2.5	2.5.6	GC2	2.5	2.5.6	PASS
GCF_007999725	GC2	2.5	2.5.6	GC2	2.5	2.5.6	PASS
GCF_007999665	GC2	2.5	2.5.6	GC2	2.5	2.5.6	PASS
GCF_007113765	GC2	2.5	2.5.6	GC2	2.5	2.5.6	PASS
GCF_007999955	GC2	2.5	2.5.6	GC2	2.5	2.5.6	PASS
SRR5739046	GC2	2.5	2.5.6	GC2	2.5	2.5.6	PASS
GCF_011683365	GC2	2.5	2.5.6	GC2	2.5	2.5.6	PASS
GCF_011683395	GC2	2.5	2.5.6	GC2	2.5	2.5.6	PASS
GCF_007113715	GC2	2.5	2.5.6	GC2	2.5	2.5.6	PASS
GCF_007113845	GC2	2.5	2.5.6	GC2	2.5	2.5.6	PASS
GCF_900495515	GC2	2.5	2.5.6	GC2	2.5	2.5.6	PASS
SRR12008607	GC2	2.5	2.5.6	GC2	2.5	2.5.6	PASS
GCF_003357025	GC2	2.5	2.5.6	GC2	2.5	2.5.6	PASS
ERR2712340	GC2	2.5	2.5.6	GC2	2.5	2.5.6	PASS
GCF_016745695	GC2	2.5	2.5.6	GC2	2.5	2.5.6	PASS
GCF_016745615	GC2	2.5	2.5.6	GC2	2.5	2.5.6	PASS
GCF_016745975	GC2	2.5	2.5.6	GC2	2.5	2.5.6	PASS
SRR13965472	GC2	2.5	2.5.6	GC2	2.5	2.5.6	PASS
ERR6132448	GC2	2.5	2.5.6	GC2	2.5	2.5.6	PASS
GCF_010499705	GC2	2.5	2.5.6	GC2	2.5	2.5.6	PASS
GCF_017349175	GC2	2.5	2.5.6	GC2	2.5	2.5.6	PASS
GCF_017349095	GC2	2.5	2.5.6	GC2	2.5	2.5.6	PASS
GCF_017349255	GC2	2.5	2.5.6	GC2	2.5	2.5.6	PASS
GCF_018106095	GC2	2.5	2.5.6	GC2	2.5	2.5.6	PASS
GCF_005785555	GC2	2.5	2.5.6	GC2	2.5	2.5.6	PASS
GCF_005786445	GC2	2.5	2.5.6	GC2	2.5	2.5.6	PASS
GCF_005786435	GC2	2.5	2.5.6	GC2	2.5	2.5.6	PASS
GCF_005786455	GC2	2.5	2.5.6	GC2	2.5	2.5.6	PASS
GCF_003356045	GC2	2.5	2.5.6	GC2	2.5	2.5.6	PASS
GCF_014560315	GC2	2.5	2.5.6	GC2	2.5	2.5.6	PASS
GCF_005784645	GC2	2.5	2.5.6	GC2	2.5	2.5.6	PASS
GCF_005784655	GC2	2.5	2.5.6	GC2	2.5	2.5.6	PASS
GCF_005784625	GC2	2.5	2.5.6	GC2	2.5	2.5.6	PASS
GCF_005785115	GC2	2.5	2.5.6	GC2	2.5	2.5.6	PASS
SRR12008644	GC2	2.5	2.5.6	GC2	2.5	2.5.6	PASS
SRR14852183	GC2	2.5	2.5.6	GC2	2.5	2.5.6	PASS
SRR14852182	GC2	2.5	2.5.6	GC2	2.5	2.5.6	PASS
SRR14862576	GC2	2.5	2.5.6	GC2	2.5	2.5.6	PASS
GCF_011683455	GC2	2.5	2.5.6	GC2	2.5	2.5.6	PASS
GCF_011683605	GC2	2.5	2.5.6	GC2	2.5	2.5.6	PASS
GCF_011683425	GC2	2.5	2.5.6	GC2	2.5	2.5.6	PASS
GCF_011683465	GC2	2.5	2.5.6	GC2	2.5	2.5.6	PASS
GCF_011683575	GC2	2.5	2.5.6	GC2	2.5	2.5.6	PASS
GCF_011683485	GC2	2.5	2.5.6	GC2	2.5	2.5.6	PASS
GCF_011683475	GC2	2.5	2.5.6	GC2	2.5	2.5.6	PASS
GCF_011683355	GC2	2.5	2.5.6	GC2	2.5	2.5.6	PASS
GCF_011683505	GC2	2.5	2.5.6	GC2	2.5	2.5.6	PASS
SRR7014931	GC2	2.5	2.5.6	GC2	2.5	2.5.6	PASS
SRR7014934	GC2	2.5	2.5.6	GC2	2.5	2.5.6	PASS
GCF_900496905	GC2	2.5	2.5.6	GC2	2.5	2.5.6	PASS
SRR11248289	GC2	2.5	2.5.6	GC2	2.5	2.5.6	PASS
SRR11248305	GC2	2.5	2.5.6	GC2	2.5	2.5.6	PASS
GCF_000722985	GC2	2.5	2.5.6	GC2	2.5	2.5.6	PASS
GCF_003332235	GC2	2.5	2.5.6	GC2	2.5	2.5.6	PASS
GCF_005784825	GC2	2.5	2.5.6	GC2	2.5	2.5.6	PASS
GCF_005784865	GC2	2.5	2.5.6	GC2	2.5	2.5.6	PASS
ERR246692	GC2	2.5	2.5.6	GC2	2.5	2.5.6	PASS
GCF_014560855	GC2	2.5	2.5.6	GC2	2.5	2.5.6	PASS
GCF_003356975	GC2	2.5	2.5.6	GC2	2.5	2.5.6	PASS
GCF_008000235	GC2	2.5	2.5.6	GC2	2.5	2.5.6	PASS
ERR6132533	GC2	2.5	2.5.6	GC2	2.5	2.5.6	PASS
GCF_011603535	GC2	2.5	2.5.6	GC2	2.5	2.5.6	PASS
ERR6132427	GC2	2.5	2.5.6	GC2	2.5	2.5.6	PASS
GCF_010178795	GC2	2.5	2.5.6	GC2	2.5	2.5.6	PASS
GCF_005786185	GC2	2.5	2.5.6	GC2	2.5	2.5.6	PASS
GCF_005786215	GC2	2.5	2.5.6	GC2	2.5	2.5.6	PASS
GCF_003355995	GC2	2.5	2.5.6	GC2	2.5	2.5.6	PASS
GCF_003355945	GC2	2.5	2.5.6	GC2	2.5	2.5.6	PASS
GCF_003355985	GC2	2.5	2.5.6	GC2	2.5	2.5.6	PASS
GCF_008000725	GC2	2.5	2.5.6	GC2	2.5	2.5.6	PASS
SRR16132297	GC2	2.5	2.5.6	GC2	2.5	2.5.6	PASS
SRR15210578	GC2	2.5	2.5.6	GC2	2.5	2.5.6	PASS
SRR15210513	GC2	2.5	2.5.6	GC2	2.5	2.5.6	PASS
SRR15377045	GC2	2.5	2.5.6	GC2	2.5	2.5.6	PASS
SRR16520590	GC2	2.5	2.5.6	GC2	2.5	2.5.6	PASS
GCF_003007455	GC2	2.5	2.5.6	GC2	2.5	2.5.6	PASS
GCF_005786305	GC2	2.5	2.5.6	GC2	2.5	2.5.6	PASS
SRR11248299	GC2	2.5	2.5.6	GC2	2.5	2.5.6	PASS
ERR2711674	GC2	2.5	2.5.6	GC2	2.5	2.5.6	PASS
GCF_006366365	GC2	2.5	2.5.6	GC2	2.5	2.5.6	PASS
GCF_006365865	GC2	2.5	2.5.6	GC2	2.5	2.5.6	PASS
GCF_006366665	GC2	2.5	2.5.6	GC2	2.5	2.5.6	PASS
SRR3381419	GC2	2.5	2.5.6	GC2	2.5	2.5.6	PASS
GCF_006367735	GC2	2.5	2.5.6	GC2	2.5	2.5.6	PASS
GCF_006368045	GC2	2.5	2.5.6	GC2	2.5	2.5.6	PASS
GCF_006367195	GC2	2.5	2.5.6	GC2	2.5	2.5.6	PASS
GCF_001861775	GC2	2.5	2.5.6	GC2	2.5	2.5.6	PASS
SRR3381418	GC2	2.5	2.5.6	GC2	2.5	2.5.6	PASS
GCF_015694565	GC2	2.5	2.5.6	GC2	2.5	2.5.6	PASS
ERR246746	GC2	2.5	2.5.6	GC2	2.5	2.5.6	PASS
ERR5928230	GC2	2.5	2.5.6	GC2	2.5	2.5.6	PASS
GCF_007197865	GC2	2.5	2.5.6	GC2	2.5	2.5.6	PASS
GCF_003357045	GC2	2.5	2.5.6	GC2	2.5	2.5.6	PASS
GCF_003007615	GC2	2.5	2.5.6	GC2	2.5	2.5.6	PASS
GCF_003355795	GC2	2.5	2.5.6	GC2	2.5	2.5.6	PASS
GCF_003355815	GC2	2.5	2.5.6	GC2	2.5	2.5.6	PASS
SRR12008586	GC2	2.5	2.5.6	GC2	2.5	2.5.6	PASS
SRR12008638	GC2	2.5	2.5.6	GC2	2.5	2.5.6	PASS
SRR12008600	GC2	2.5	2.5.6	GC2	2.5	2.5.6	PASS
SRR12008594	GC2	2.5	2.5.6	GC2	2.5	2.5.6	PASS
GCF_003941405	GC2	2.5	2.5.6	GC2	2.5	2.5.6	PASS
GCF_003940875	GC2	2.5	2.5.6	GC2	2.5	2.5.6	PASS
GCF_003941065	GC2	2.5	2.5.6	GC2	2.5	2.5.6	PASS
GCF_003939625	GC2	2.5	2.5.6	GC2	2.5	2.5.6	PASS
GCF_003941615	GC2	2.5	2.5.6	GC2	2.5	2.5.6	PASS
SRR2075885	GC2	2.5	2.5.6	GC2	2.5	2.5.6	PASS
GCF_005786335	GC2	2.5	2.5.6	GC2	2.5	2.5.6	PASS
GCF_005786115	GC2	2.5	2.5.6	GC2	2.5	2.5.6	PASS
GCF_005786585	GC2	2.5	2.5.6	GC2	2.5	2.5.6	PASS
SRR18499992	GC2	2.5	2.5.6	GC2	2.5	2.5.6	PASS
GCF_007999225	GC2	2.5	2.5.6	GC2	2.5	2.5.6	PASS
ERR246759	GC2	2.5	2.5.6	GC2	2.5	2.5.6	PASS
ERR246762	GC2	2.5	2.5.6	GC2	2.5	2.5.6	PASS
ERR246765	GC2	2.5	2.5.6	GC2	2.5	2.5.6	PASS
GCF_017169155	GC2	2.5	2.5.6	GC2	2.5	2.5.6	PASS
ERR246752	GC2	2.5	2.5.6	GC2	2.5	2.5.6	PASS
GCF_005785785	GC2	2.5	2.5.6	GC2	2.5	2.5.6	PASS
GCF_005786365	GC2	2.5	2.5.6	GC2	2.5	2.5.6	PASS
ERR5770800	GC2	2.5	2.5.6	GC2	2.5	2.5.6	PASS
SRR12008579	GC2	2.5	2.5.6	GC2	2.5	2.5.6	PASS
GCF_008806435	GC2	2.5	2.5.6	GC2	2.5	2.5.6	PASS
SRR12008625	GC2	2.5	2.5.6	GC2	2.5	2.5.6	PASS
ERR246767	GC2	2.5	2.5.6	GC2	2.5	2.5.6	PASS
GCF_002992585	GC2	2.5	2.5.6	GC2	2.5	2.5.6	PASS
GCF_002992875	GC2	2.5	2.5.6	GC2	2.5	2.5.6	PASS
GCF_003356945	GC2	2.5	2.5.6	GC2	2.5	2.5.6	PASS
SRR11746286	GC2	2.5	2.5.6	GC2	2.5	2.5.6	PASS
GCF_003007535	GC2	2.5	2.5.6	GC2	2.5	2.5.6	PASS
GCF_005785605	GC2	2.5	2.5.6	GC2	2.5	2.5.6	PASS
SRR12008628	GC2	2.5	2.5.6	GC2	2.5	2.5.6	PASS
SRR3381517	GC2	2.5	2.5.6	GC2	2.5	2.5.6	PASS
GCF_001008125	GC2	2.5	2.5.6	GC2	2.5	2.5.6	PASS
GCF_001864505	GC2	2.5	2.5.6	GC2	2.5	2.5.6	PASS
SRR3381487	GC2	2.5	2.5.6	GC2	2.5	2.5.6	PASS
SRR12008584	GC2	2.5	2.5.6	GC2	2.5	2.5.6	PASS
SRR12008593	GC2	2.5	2.5.6	GC2	2.5	2.5.6	PASS
SRR12008620	GC2	2.5	2.5.6	GC2	2.5	2.5.6	PASS
GCF_005786545	GC2	2.5	2.5.6	GC2	2.5	2.5.6	PASS
GCF_003941205	GC2	2.5	2.5.6	GC2	2.5	2.5.6	PASS
GCF_003941605	GC2	2.5	2.5.6	GC2	2.5	2.5.6	PASS
GCF_003941585	GC2	2.5	2.5.6	GC2	2.5	2.5.6	PASS
GCF_003941145	GC2	2.5	2.5.6	GC2	2.5	2.5.6	PASS
GCF_003941525	GC2	2.5	2.5.6	GC2	2.5	2.5.6	PASS
SRR5739084	GC2	2.5	2.5.6	GC2	2.5	2.5.6	PASS
GCF_014561175	GC2	2.5	2.5.6	GC2	2.5	2.5.6	PASS
GCF_003357005	GC2	2.5	2.5.6	GC2	2.5	2.5.6	PASS
SRR11589219	GC2	2.5	2.5.6	GC2	2.5	2.5.6	PASS
GCF_003356085	GC2	2.5	2.5.6	GC2	2.5	2.5.6	PASS
SRR14862549	GC2	2.5	2.5.6	GC2	2.5	2.5.6	PASS
GCF_007999365	GC2	2.5	2.5.6	GC2	2.5	2.5.6	PASS
GCF_017169085	GC2	2.5	2.5.6	GC2	2.5	2.5.6	PASS
ERR6132460	GC2	2.5	2.5.6	GC2	2.5	2.5.6	PASS
GCF_010500255	GC2	2.5	2.5.6	GC2	2.5	2.5.6	PASS
GCF_005784965	GC2	2.5	2.5.6	GC2	2.5	2.5.6	PASS
ERR246708	GC2	2.5	2.5.6	GC2	2.5	2.5.6	PASS
GCF_002992505	GC2	2.5	2.5.6	GC2	2.5	2.5.6	PASS
GCF_002992665	GC2	2.5	2.5.6	GC2	2.5	2.5.6	PASS
SRR12008624	GC2	2.5	2.5.6	GC2	2.5	2.5.6	PASS
GCF_003355875	GC2	2.5	2.5.6	GC2	2.5	2.5.6	PASS
GCF_003356965	GC2	2.5	2.5.6	GC2	2.5	2.5.6	PASS
GCF_003356055	GC2	2.5	2.5.6	GC2	2.5	2.5.6	PASS
GCF_007713655	GC2	2.5	2.5.6	GC2	2.5	2.5.6	PASS
GCF_002116575	GC2	2.5	2.5.6	GC2	2.5	2.5.6	PASS
GCF_005819545	GC2	2.5	2.5.6	GC2	2.5	2.5.6	PASS
GCF_018106125	GC2	2.5	2.5.6	GC2	2.5	2.5.6	PASS
SRR5739099	GC2	2.5	2.5.6	GC2	2.5	2.5.6	PASS
ERR246721	GC2	2.5	2.5.6	GC2	2.5	2.5.6	PASS
GCF_003355885	GC2	2.5	2.5.6	GC2	2.5	2.5.6	PASS
GCF_017096345	GC2	2.5	2.5.6	GC2	2.5	2.5.6	PASS
GCF_003357035	GC2	2.5	2.5.6	GC2	2.5	2.5.6	PASS
GCF_005784585	GC2	2.5	2.5.6	GC2	2.5	2.5.6	PASS
ERR246710	GC2	2.5	2.5.6	GC2	2.5	2.5.6	PASS
GCF_003357085	GC2	2.5	2.5.6	GC2	2.5	2.5.6	PASS
SRR12008588	GC2	2.5	2.5.6	GC2	2.5	2.5.6	PASS
GCF_018105895	GC2	2.5	2.5.6	GC2	2.5	2.5.6	PASS
SRR12008627	GC2	2.5	2.5.6	GC2	2.5	2.5.6	PASS
GCF_005786205	GC2	2.5	2.5.6	GC2	2.5	2.5.6	PASS
GCF_014561145	GC2	2.5	2.5.6	GC2	2.5	2.5.6	PASS
GCF_007999395	GC2	2.5	2.5.6	GC2	2.5	2.5.6	PASS
GCF_003355915	GC2	2.5	2.5.6	GC2	2.5	2.5.6	PASS
GCF_003356105	GC2	2.5	2.5.6	GC2	2.5	2.5.6	PASS
GCF_005785025	GC2	2.5	2.5.6	GC2	2.5	2.5.6	PASS
SRR12008622	GC2	2.5	2.5.6	GC2	2.5	2.5.6	PASS
GCF_007999055	GC2	2.5	2.5.6	GC2	2.5	2.5.6	PASS
GCF_008629945	GC2	2.5	2.5.6	GC2	2.5	2.5.6	PASS
GCF_003288775	GC2	2.5	2.5.6	GC2	2.5	2.5.6	PASS
GCF_007999525	GC2	2.5	2.5.6	GC2	2.5	2.5.6	PASS
GCF_017169275	GC2	2.5	2.5.6	GC2	2.5	2.5.6	PASS
GCF_005785415	GC2	2.5	2.5.6	GC2	2.5	2.5.6	PASS
GCF_007999305	GC2	2.5	2.5.6	GC2	2.5	2.5.6	PASS
GCF_005786315	GC2	2.5	2.5.6	GC2	2.5	2.5.6	PASS
GCF_007999375	GC2	2.5	2.5.6	GC2	2.5	2.5.6	PASS
GCF_007999345	GC2	2.5	2.5.6	GC2	2.5	2.5.6	PASS
GCF_007999645	GC2	2.5	2.5.6	GC2	2.5	2.5.6	PASS
SRR12008649	GC2	2.5	2.5.6	GC2	2.5	2.5.6	PASS
GCF_008629755	GC2	2.5	2.5.6	GC2	2.5	2.5.6	PASS
GCF_005785995	GC2	2.5	2.5.6	GC2	2.5	2.5.6	PASS
GCF_007999075	GC2	2.5	2.5.6	GC2	2.5	2.5.6	PASS
ERR246758	GC2	2.5	2.5.6	GC2	2.5	2.5.6	PASS
GCF_005786285	GC2	2.5	2.5.6	GC2	2.5	2.5.6	PASS
GCF_013154985	GC2	2.5	2.5.6	GC2	2.5	2.5.6	PASS
GCF_005785575	GC2	2.5	2.5.6	GC2	2.5	2.5.6	PASS
GCF_012935045	GC2	2.5	2.5.6	GC2	2.5	2.5.6	PASS
SRR12008608	GC2	2.5	2.5.6	GC2	2.5	2.5.6	PASS
GCF_014560895	GC2	2.5	2.5.6	GC2	2.5	2.5.6	PASS
SRR12008619	GC2	2.5	2.5.6	GC2	2.5	2.5.6	PASS
GCF_005785675	GC2	2.5	2.5.6	GC2	2.5	2.5.6	PASS
GCF_007999255	GC2	2.5	2.5.6	GC2	2.5	2.5.6	PASS
GCF_900496655	GC2	2.5	2.5.6	GC2	2.5	2.5.6	PASS
GCF_005786005	GC2	2.5	2.5.6	GC2	2.5	2.5.6	PASS
ERR6132451	GC2	2.5	2.5.6	GC2	2.5	2.5.6	PASS
GCF_007713645	GC2	2.5	2.5.6	GC2	2.5	2.5.6	PASS
GCF_014560655	GC2	2.5	2.5.6	GC2	2.5	2.5.6	PASS
GCF_007999515	GC2	2.5	2.5.6	GC2	2.5	2.5.6	PASS
GCF_005786405	GC2	2.5	2.5.6	GC2	2.5	2.5.6	PASS
GCF_008830905	GC2	2.5	2.5.6	GC2	2.5	2.5.6	PASS
ERR246718	GC2	2.5	2.5.6	GC2	2.5	2.5.6	PASS
GCF_005785545	GC2	2.5	2.5.6	GC2	2.5	2.5.6	PASS
GCF_005786225	GC2	2.5	2.5.6	GC2	2.5	2.5.6	PASS
GCF_007999165	GC2	2.5	2.5.6	GC2	2.5	2.5.6	PASS
GCF_014560955	GC2	2.5	2.5.6	GC2	2.5	2.5.6	PASS
GCF_007113635	GC2	2.5	2.5.6	GC2	2.5	2.5.6	PASS
GCF_014560495	GC2	2.5	2.5.6	GC2	2.5	2.5.6	PASS
SRR12008618	GC2	2.5	2.5.6	GC2	2.5	2.5.6	PASS
GCF_007999465	GC2	2.5	2.5.6	GC2	2.5	2.5.6	PASS
GCF_005786015	GC2	2.5	2.5.6	GC2	2.5	2.5.6	PASS
GCF_007999145	GC2	2.5	2.5.6	GC2	2.5	2.5.6	PASS
GCF_008000175	GC2	2.5	2.5.6	GC2	2.5	2.5.6	PASS
ERR2711684	GC2	2.5	2.5.6	GC2	2.5	2.5.6	PASS
GCF_010500515	GC2	2.5	2.5.6	GC2	2.5	2.5.6	PASS
SRR12008587	GC2	2.5	2.5.6	GC2	2.5	2.5.6	PASS
GCF_005785865	GC2	2.5	2.5.6	GC2	2.5	2.5.6	PASS
GCF_014560935	GC2	2.5	2.5.6	GC2	2.5	2.5.6	PASS
SRR12008647	GC2	2.5	2.5.6	GC2	2.5	2.5.6	PASS
SRR12008617	GC2	2.5	2.5.6	GC2	2.5	2.5.6	PASS
GCF_005786595	GC2	2.5	2.5.6	GC2	2.5	2.5.6	PASS
GCF_005785445	GC2	2.5	2.5.6	GC2	2.5	2.5.6	PASS
GCF_007999405	GC2	2.5	2.5.6	GC2	2.5	2.5.6	PASS
SRR12008590	GC2	2.5	2.5.6	GC2	2.5	2.5.6	PASS
SRR11589220	GC2	2.5	2.5.6	GC2	2.5	2.5.6	PASS
GCF_005786235	GC2	2.5	2.5.6	GC2	2.5	2.5.6	PASS
GCF_007999045	GC2	2.5	2.5.6	GC2	2.5	2.5.6	PASS
SRR11554749	GC2	2.5	2.5.6	GC2	2.5	2.5.6	PASS
GCF_007999175	GC2	2.5	2.5.6	GC2	2.5	2.5.6	PASS
GCF_008830985	GC2	2.5	2.5.6	GC2	2.5	2.5.6	PASS
GCF_007999425	GC2	2.5	2.5.6	GC2	2.5	2.5.6	PASS
GCF_007113815	GC2	2.5	2.5.6	GC2	2.5	2.5.6	PASS
GCF_008830835	GC2	2.5	2.5.6	GC2	2.5	2.5.6	PASS
GCF_007999155	GC2	2.5	2.5.6	GC2	2.5	2.5.6	PASS
GCF_014560515	GC2	2.5	2.5.6	GC2	2.5	2.5.6	PASS
GCF_005785985	GC2	2.5	2.5.6	GC2	2.5	2.5.6	PASS
GCF_007999485	GC2	2.5	2.5.6	GC2	2.5	2.5.6	PASS
GCF_008000715	GC2	2.5	2.5.6	GC2	2.5	2.5.6	PASS
ERR246703	GC2	2.5	2.5.6	GC2	2.5	2.5.6	PASS
GCF_003007375	GC2	2.5	2.5.6	GC2	2.5	2.5.6	PASS
SRR18499921	GC2	2.5	NA	GC2	2.5	NA	UNRESOLVED
ERR246684	GC2	2.5	NA	GC2	2.5	NA	UNRESOLVED
GCF_003335955	GC2	2.5	NA	GC2	2.5	NA	UNRESOLVED
ERR246695	GC2	2.5	NA	GC2	2.5	NA	UNRESOLVED
ERR246773	GC2	2.5	NA	GC2	2.5	NA	UNRESOLVED
ERR6132443	GC2	2.5	2.5.9	GC2	2.5	2.5.9	PASS
GCF_010179585	GC2	2.5	2.5.9	GC2	2.5	2.5.9	PASS
GCF_010500115	GC2	2.5	2.5.9	GC2	2.5	2.5.9	PASS
ERR6132444	GC2	2.5	2.5.9	GC2	2.5	2.5.9	PASS
GCF_012934945	GC2	2.5	2.5.9	GC2	2.5	2.5.9	PASS
ERR246737	GC2	2.5	NA	GC2	2.5	NA	UNRESOLVED
ERR246683	GC2	2.5	NA	GC2	2.5	NA	UNRESOLVED
ERR246706	GC2	2.5	NA	GC2	2.5	NA	UNRESOLVED
ERR6132423	GC2	2.5	NA	GC2	2.5	NA	UNRESOLVED
GCF_010178715	GC2	2.5	NA	GC2	2.5	NA	UNRESOLVED
ERR246688	GC2	2.5	2.5.7	GC2	2.5	2.5.7	PASS
ERR246754	GC2	2.5	2.5.7	GC2	2.5	2.5.7	PASS
ERR246771	GC2	2.5	2.5.7	GC2	2.5	2.5.7	PASS
ERR246704	GC2	2.5	2.5.7	GC2	2.5	2.5.7	PASS
ERR246705	GC2	2.5	2.5.7	GC2	2.5	2.5.7	PASS
ERR246729	GC2	2.5	2.5.7	GC2	2.5	2.5.7	PASS
ERR246696	GC2	2.5	2.5.7	GC2	2.5	2.5.7	PASS
ERR246755	GC2	2.5	2.5.7	GC2	2.5	2.5.7	PASS
ERR246707	GC2	2.5	2.5.7	GC2	2.5	2.5.7	PASS
ERR246720	GC2	2.5	2.5.7	GC2	2.5	2.5.7	PASS
SRR11589238	GC2	2.5	2.5.7	GC2	2.5	2.5.7	PASS
SRR11554751	GC2	2.5	2.5.5	GC2	2.5	2.5.5	PASS
GCF_900496305	GC2	2.5	2.5.5	GC2	2.5	2.5.5	PASS
SRR10127055	GC2	2.5	2.5.5	GC2	2.5	2.5.5	PASS
GCF_900496915	GC2	2.5	2.5.5	GC2	2.5	2.5.5	PASS
GCF_900496795	GC2	2.5	2.5.5	GC2	2.5	2.5.5	PASS
ERR246756	GC2	2.5	NA	GC2	2.5	NA	UNRESOLVED
GCF_003336005	GC2	2.4	NA	NA	NA	NA	UNRESOLVED
DRR054699	GC2	2.4	NA	NA	NA	NA	UNRESOLVED
GCF_001874915	GC2	2.4	NA	NA	NA	NA	UNRESOLVED
GCF_003352495	GC2	2.4	NA	NA	NA	NA	UNRESOLVED
GCF_014560295	GC2	2.4	NA	NA	NA	NA	UNRESOLVED
ERR5928237	GC2	2.4	2.4.4	GC2	2.4	2.4.4	PASS
GCF_018788675	GC2	2.4	2.4.4	GC2	2.4	2.4.4	PASS
GCF_018788775	GC2	2.4	2.4.4	GC2	2.4	2.4.4	PASS
SRR17849608	GC2	2.4	2.4.4	GC2	2.4	2.4.4	PASS
SRR17849616	GC2	2.4	2.4.4	GC2	2.4	2.4.4	PASS
GCF_006493815	GC2	2.4	2.4.4	GC2	2.4	2.4.4	PASS
GCF_000810105	GC2	2.4	NA	NA	NA	NA	UNRESOLVED
GCF_000811605	GC2	2.4	NA	NA	NA	NA	UNRESOLVED
GCF_000811125	GC2	2.4	NA	NA	NA	NA	UNRESOLVED
GCF_000805195	GC2	2.4	NA	NA	NA	NA	UNRESOLVED
GCF_003202135	GC2	2.4	2.4.9	GC2	2.4	2.4.9	PASS
SRR14154236	GC2	2.4	2.4.9	GC2	2.4	2.4.9	PASS
SRR15376985	GC2	2.4	2.4.9	GC2	2.4	2.4.9	PASS
SRR12743890	GC2	2.4	2.4.9	GC2	2.4	2.4.9	PASS
SRR12865195	GC2	2.4	2.4.9	GC2	2.4	2.4.9	PASS
SRR13362839	GC2	2.4	2.4.9	GC2	2.4	2.4.9	PASS
SRR7014933	GC2	2.4	2.4.9	GC2	2.4	2.4.9	PASS
SRR14634825	GC2	2.4	2.4.2	NA	NA	NA	UNRESOLVED
GCF_000939475	GC2	2.4	2.4.2	NA	NA	NA	UNRESOLVED
GCF_000939425	GC2	2.4	2.4.2	NA	NA	NA	UNRESOLVED
GCF_001052675	GC2	2.4	2.4.2	NA	NA	NA	UNRESOLVED
GCF_000939495	GC2	2.4	2.4.2	NA	NA	NA	UNRESOLVED
GCF_000939415	GC2	2.4	2.4.2	NA	NA	NA	UNRESOLVED
GCF_001531205	GC2	2.4	2.4.2	NA	NA	NA	UNRESOLVED
ERR4436589	GC2	2.4	2.4.2	NA	NA	NA	UNRESOLVED
GCF_000939615	GC2	2.4	2.4.2	NA	NA	NA	UNRESOLVED
GCF_000939405	GC2	2.4	2.4.2	NA	NA	NA	UNRESOLVED
GCF_000939565	GC2	2.4	2.4.2	NA	NA	NA	UNRESOLVED
GCF_000939575	GC2	2.4	2.4.2	NA	NA	NA	UNRESOLVED
GCF_001531455	GC2	2.4	2.4.2	NA	NA	NA	UNRESOLVED
SRR15845960	GC2	2.4	2.4.2	NA	NA	NA	UNRESOLVED
SRR4417602	GC2	2.4	2.4.2	NA	NA	NA	UNRESOLVED
GCF_001059495	GC2	2.4	2.4.2	NA	NA	NA	UNRESOLVED
GCF_000939535	GC2	2.4	2.4.2	NA	NA	NA	UNRESOLVED
GCF_001052015	GC2	2.4	2.4.2	NA	NA	NA	UNRESOLVED
GCF_001052775	GC2	2.4	2.4.2	NA	NA	NA	UNRESOLVED
GCF_001541025	GC2	2.4	2.4.2	NA	NA	NA	UNRESOLVED
GCF_000939555	GC2	2.4	2.4.2	NA	NA	NA	UNRESOLVED
GCF_001541035	GC2	2.4	2.4.2	NA	NA	NA	UNRESOLVED
GCF_000939635	GC2	2.4	2.4.2	NA	NA	NA	UNRESOLVED
GCF_001053695	GC2	2.4	2.4.2	NA	NA	NA	UNRESOLVED
GCF_000939395	GC2	2.4	2.4.2	NA	NA	NA	UNRESOLVED
GCF_001052325	GC2	2.4	2.4.2	NA	NA	NA	UNRESOLVED
SRR11725217	GC2	2.4	2.4.2	NA	NA	NA	UNRESOLVED
SRR17943988	GC2	2.4	2.4.2	NA	NA	NA	UNRESOLVED
SRR11725323	GC2	2.4	2.4.2	NA	NA	NA	UNRESOLVED
SRR12519214	GC2	2.4	2.4.2	NA	NA	NA	UNRESOLVED
SRR16292953	GC2	2.4	2.4.2	NA	NA	NA	UNRESOLVED
SRR16292912	GC2	2.4	2.4.2	NA	NA	NA	UNRESOLVED
SRR16292920	GC2	2.4	2.4.2	NA	NA	NA	UNRESOLVED
SRR17311709	GC2	2.4	2.4.2	NA	NA	NA	UNRESOLVED
SRR18215764	GC2	2.4	2.4.2	NA	NA	NA	UNRESOLVED
SRR16267926	GC2	2.4	2.4.2	NA	NA	NA	UNRESOLVED
SRR17311633	GC2	2.4	2.4.2	NA	NA	NA	UNRESOLVED
SRR17311620	GC2	2.4	2.4.2	NA	NA	NA	UNRESOLVED
SRR18215759	GC2	2.4	2.4.2	NA	NA	NA	UNRESOLVED
SRR16359967	GC2	2.4	2.4.2	NA	NA	NA	UNRESOLVED
SRR17311753	GC2	2.4	2.4.2	NA	NA	NA	UNRESOLVED
SRR18215748	GC2	2.4	2.4.2	NA	NA	NA	UNRESOLVED
SRR16359968	GC2	2.4	2.4.2	NA	NA	NA	UNRESOLVED
SRR17311736	GC2	2.4	2.4.2	NA	NA	NA	UNRESOLVED
GCF_014880665	GC2	2.4	2.4.2	NA	NA	NA	UNRESOLVED
GCF_014881035	GC2	2.4	2.4.2	NA	NA	NA	UNRESOLVED
SRR16304272	GC2	2.4	2.4.2	NA	NA	NA	UNRESOLVED
SRR16359941	GC2	2.4	2.4.2	NA	NA	NA	UNRESOLVED
SRR16359973	GC2	2.4	2.4.2	NA	NA	NA	UNRESOLVED
SRR16359937	GC2	2.4	2.4.2	NA	NA	NA	UNRESOLVED
SRR17311637	GC2	2.4	2.4.2	NA	NA	NA	UNRESOLVED
SRR16359961	GC2	2.4	2.4.2	NA	NA	NA	UNRESOLVED
SRR12286696	GC2	2.4	2.4.2	NA	NA	NA	UNRESOLVED
SRR16359935	GC2	2.4	2.4.2	NA	NA	NA	UNRESOLVED
SRR12519101	GC2	2.4	2.4.2	NA	NA	NA	UNRESOLVED
SRR13748173	GC2	2.4	2.4.2	NA	NA	NA	UNRESOLVED
SRR17250563	GC2	2.4	2.4.2	NA	NA	NA	UNRESOLVED
SRR17944020	GC2	2.4	2.4.2	NA	NA	NA	UNRESOLVED
SRR18214928	GC2	2.4	2.4.2	NA	NA	NA	UNRESOLVED
SRR13643249	GC2	2.4	2.4.2	NA	NA	NA	UNRESOLVED
SRR16359911	GC2	2.4	2.4.2	NA	NA	NA	UNRESOLVED
SRR4417591	GC2	2.4	2.4.2	NA	NA	NA	UNRESOLVED
GCF_000804895	GC2	2.4	2.4.2	NA	NA	NA	UNRESOLVED
GCF_014947135	GC2	2.4	2.4.2	NA	NA	NA	UNRESOLVED
GCF_014947125	GC2	2.4	2.4.2	NA	NA	NA	UNRESOLVED
GCF_014947085	GC2	2.4	2.4.2	NA	NA	NA	UNRESOLVED
GCF_014947185	GC2	2.4	2.4.2	NA	NA	NA	UNRESOLVED
GCF_006369695	GC2	2.4	2.4.2	NA	NA	NA	UNRESOLVED
GCF_000226275	GC2	2.4	2.4.2	NA	NA	NA	UNRESOLVED
GCF_014947215	GC2	2.4	2.4.2	NA	NA	NA	UNRESOLVED
GCF_014947145	GC2	2.4	2.4.2	NA	NA	NA	UNRESOLVED
GCF_002093815	GC2	2.4	2.4.2	NA	NA	NA	UNRESOLVED
GCF_000805205	GC2	2.4	2.4.2	NA	NA	NA	UNRESOLVED
GCF_006366785	GC2	2.4	2.4.2	NA	NA	NA	UNRESOLVED
GCF_006366155	GC2	2.4	2.4.2	NA	NA	NA	UNRESOLVED
GCF_006367845	GC2	2.4	2.4.2	NA	NA	NA	UNRESOLVED
GCF_006365565	GC2	2.4	2.4.2	NA	NA	NA	UNRESOLVED
GCF_006365885	GC2	2.4	2.4.2	NA	NA	NA	UNRESOLVED
SRR2190216	GC2	2.4	2.4.2	NA	NA	NA	UNRESOLVED
ERR3402341	GC2	2.4	2.4.2	NA	NA	NA	UNRESOLVED
GCF_002085505	GC2	2.4	2.4.2	NA	NA	NA	UNRESOLVED
SRR14634861	GC2	2.4	2.4.2	NA	NA	NA	UNRESOLVED
SRR18214933	GC2	2.4	2.4.2	NA	NA	NA	UNRESOLVED
SRR12519098	GC2	2.4	2.4.2	NA	NA	NA	UNRESOLVED
SRR12519161	GC2	2.4	2.4.2	NA	NA	NA	UNRESOLVED
SRR17611326	GC2	2.4	2.4.2	NA	NA	NA	UNRESOLVED
SRR15377043	GC2	2.4	2.4.2	NA	NA	NA	UNRESOLVED
SRR16520652	GC2	2.4	2.4.2	NA	NA	NA	UNRESOLVED
SRR16520656	GC2	2.4	2.4.2	NA	NA	NA	UNRESOLVED
SRR17250631	GC2	2.4	2.4.2	NA	NA	NA	UNRESOLVED
SRR17250668	GC2	2.4	2.4.2	NA	NA	NA	UNRESOLVED
SRR11725320	GC2	2.4	2.4.2	NA	NA	NA	UNRESOLVED
SRR11725310	GC2	2.4	2.4.2	NA	NA	NA	UNRESOLVED
SRR11725325	GC2	2.4	2.4.2	NA	NA	NA	UNRESOLVED
SRR12519129	GC2	2.4	2.4.2	NA	NA	NA	UNRESOLVED
SRR15210517	GC2	2.4	2.4.2	NA	NA	NA	UNRESOLVED
SRR15377016	GC2	2.4	2.4.2	NA	NA	NA	UNRESOLVED
SRR12519162	GC2	2.4	2.4.2	NA	NA	NA	UNRESOLVED
SRR13643260	GC2	2.4	2.4.2	NA	NA	NA	UNRESOLVED
SRR14436842	GC2	2.4	2.4.2	NA	NA	NA	UNRESOLVED
SRR15846000	GC2	2.4	2.4.2	NA	NA	NA	UNRESOLVED
SRR11725254	GC2	2.4	2.4.2	NA	NA	NA	UNRESOLVED
SRR11725248	GC2	2.4	2.4.2	NA	NA	NA	UNRESOLVED
SRR11725244	GC2	2.4	2.4.2	NA	NA	NA	UNRESOLVED
SRR12743887	GC2	2.4	2.4.2	NA	NA	NA	UNRESOLVED
SRR13748162	GC2	2.4	2.4.2	NA	NA	NA	UNRESOLVED
SRR11725259	GC2	2.4	2.4.2	NA	NA	NA	UNRESOLVED
SRR14154211	GC2	2.4	2.4.2	NA	NA	NA	UNRESOLVED
SRR14634858	GC2	2.4	2.4.2	NA	NA	NA	UNRESOLVED
SRR14154266	GC2	2.4	2.4.2	NA	NA	NA	UNRESOLVED
SRR14154205	GC2	2.4	2.4.2	NA	NA	NA	UNRESOLVED
SRR14792833	GC2	2.4	2.4.2	NA	NA	NA	UNRESOLVED
SRR14436872	GC2	2.4	2.4.2	NA	NA	NA	UNRESOLVED
SRR14154213	GC2	2.4	2.4.2	NA	NA	NA	UNRESOLVED
SRR14154202	GC2	2.4	2.4.2	NA	NA	NA	UNRESOLVED
SRR14154251	GC2	2.4	2.4.2	NA	NA	NA	UNRESOLVED
GCF_001672535	GC2	2.4	2.4.2	NA	NA	NA	UNRESOLVED
SRR16520601	GC2	2.4	2.4.2	NA	NA	NA	UNRESOLVED
GCF_014880525	GC2	2.4	2.4.2	NA	NA	NA	UNRESOLVED
GCF_014880565	GC2	2.4	2.4.2	NA	NA	NA	UNRESOLVED
SRR11589187	GC2	2.4	2.4.2	NA	NA	NA	UNRESOLVED
GCF_014881295	GC2	2.4	2.4.2	NA	NA	NA	UNRESOLVED
SRR11725237	GC2	2.4	2.4.2	NA	NA	NA	UNRESOLVED
SRR11725239	GC2	2.4	2.4.2	NA	NA	NA	UNRESOLVED
SRR12519163	GC2	2.4	2.4.2	NA	NA	NA	UNRESOLVED
SRR11725314	GC2	2.4	2.4.2	NA	NA	NA	UNRESOLVED
SRR14581016	GC2	2.4	2.4.2	NA	NA	NA	UNRESOLVED
SRR14083985	GC2	2.4	2.4.2	NA	NA	NA	UNRESOLVED
SRR14083979	GC2	2.4	2.4.2	NA	NA	NA	UNRESOLVED
SRR12743865	GC2	2.4	2.4.2	NA	NA	NA	UNRESOLVED
SRR17944033	GC2	2.4	2.4.2	NA	NA	NA	UNRESOLVED
SRR17944034	GC2	2.4	2.4.2	NA	NA	NA	UNRESOLVED
SRR15263991	GC2	2.4	2.4.2	NA	NA	NA	UNRESOLVED
SRR16492492	GC2	2.4	2.4.2	NA	NA	NA	UNRESOLVED
ERR1946970	GC2	2.4	2.4.2	NA	NA	NA	UNRESOLVED
SRR2047545	GC2	2.4	2.4.2	NA	NA	NA	UNRESOLVED
GCF_003948145	GC2	2.4	2.4.2	NA	NA	NA	UNRESOLVED
GCF_000453525	GC2	2.4	2.4.2	NA	NA	NA	UNRESOLVED
GCF_003949325	GC2	2.4	2.4.2	NA	NA	NA	UNRESOLVED
GCF_000453845	GC2	2.4	2.4.2	NA	NA	NA	UNRESOLVED
GCF_003949555	GC2	2.4	2.4.2	NA	NA	NA	UNRESOLVED
GCF_001895985	GC2	2.4	2.4.2	NA	NA	NA	UNRESOLVED
SRR17383803	GC2	2.4	2.4.2	NA	NA	NA	UNRESOLVED
GCF_000453865	GC2	2.4	2.4.2	NA	NA	NA	UNRESOLVED
GCF_003949765	GC2	2.4	2.4.2	NA	NA	NA	UNRESOLVED
GCF_000302195	GC2	2.4	2.4.2	NA	NA	NA	UNRESOLVED
GCF_003948975	GC2	2.4	2.4.2	NA	NA	NA	UNRESOLVED
SRR18214940	GC2	2.4	2.4.2	NA	NA	NA	UNRESOLVED
GCF_000453405	GC2	2.4	2.4.2	NA	NA	NA	UNRESOLVED
GCF_001700395	GC2	2.4	2.4.2	NA	NA	NA	UNRESOLVED
SRR17250562	GC2	2.4	2.4.2	NA	NA	NA	UNRESOLVED
SRR17611347	GC2	2.4	2.4.2	NA	NA	NA	UNRESOLVED
SRR17685481	GC2	2.4	2.4.2	NA	NA	NA	UNRESOLVED
SRR18062997	GC2	2.4	2.4.2	NA	NA	NA	UNRESOLVED
SRR18214939	GC2	2.4	2.4.2	NA	NA	NA	UNRESOLVED
GCF_000453385	GC2	2.4	2.4.2	NA	NA	NA	UNRESOLVED
ERR4436654	GC2	2.4	2.4.2	NA	NA	NA	UNRESOLVED
SRR5739071	GC2	2.4	2.4.2	NA	NA	NA	UNRESOLVED
SRR5739095	GC2	2.4	2.4.2	NA	NA	NA	UNRESOLVED
GCF_004101705	GC2	2.4	2.4.2	NA	NA	NA	UNRESOLVED
SRR5739039	GC2	2.4	2.4.2	NA	NA	NA	UNRESOLVED
SRR5739082	GC2	2.4	2.4.2	NA	NA	NA	UNRESOLVED
SRR5739091	GC2	2.4	2.4.2	NA	NA	NA	UNRESOLVED
SRR5739036	GC2	2.4	2.4.2	NA	NA	NA	UNRESOLVED
SRR5739073	GC2	2.4	2.4.2	NA	NA	NA	UNRESOLVED
SRR5739102	GC2	2.4	2.4.2	NA	NA	NA	UNRESOLVED
SRR5739100	GC2	2.4	2.4.2	NA	NA	NA	UNRESOLVED
SRR5739058	GC2	2.4	2.4.2	NA	NA	NA	UNRESOLVED
SRR5739098	GC2	2.4	2.4.2	NA	NA	NA	UNRESOLVED
SRR5739026	GC2	2.4	2.4.2	NA	NA	NA	UNRESOLVED
SRR5739055	GC2	2.4	2.4.2	NA	NA	NA	UNRESOLVED
SRR5739078	GC2	2.4	2.4.2	NA	NA	NA	UNRESOLVED
GCF_008244885	GC2	2.4	2.4.2	NA	NA	NA	UNRESOLVED
GCF_008244865	GC2	2.4	2.4.2	NA	NA	NA	UNRESOLVED
SRR5739077	GC2	2.4	2.4.2	NA	NA	NA	UNRESOLVED
SRR5739031	GC2	2.4	2.4.2	NA	NA	NA	UNRESOLVED
SRR5739087	GC2	2.4	2.4.2	NA	NA	NA	UNRESOLVED
SRR5739088	GC2	2.4	2.4.2	NA	NA	NA	UNRESOLVED
SRR5739075	GC2	2.4	2.4.2	NA	NA	NA	UNRESOLVED
GCF_008244905	GC2	2.4	2.4.2	NA	NA	NA	UNRESOLVED
SRR5739109	GC2	2.4	2.4.2	NA	NA	NA	UNRESOLVED
GCF_004101745	GC2	2.4	2.4.2	NA	NA	NA	UNRESOLVED
SRR5739105	GC2	2.4	2.4.2	NA	NA	NA	UNRESOLVED
SRR5739103	GC2	2.4	2.4.2	NA	NA	NA	UNRESOLVED
SRR5739081	GC2	2.4	2.4.2	NA	NA	NA	UNRESOLVED
SRR5739065	GC2	2.4	2.4.2	NA	NA	NA	UNRESOLVED
SRR5739033	GC2	2.4	2.4.2	NA	NA	NA	UNRESOLVED
GCF_004101725	GC2	2.4	2.4.2	NA	NA	NA	UNRESOLVED
SRR5739069	GC2	2.4	2.4.2	NA	NA	NA	UNRESOLVED
GCF_004101685	GC2	2.4	2.4.2	NA	NA	NA	UNRESOLVED
SRR5739030	GC2	2.4	2.4.2	NA	NA	NA	UNRESOLVED
GCF_002082685	GC2	2.4	2.4.2	NA	NA	NA	UNRESOLVED
GCF_009736935	GC2	2.4	2.4.2	NA	NA	NA	UNRESOLVED
GCF_009737545	GC2	2.4	2.4.2	NA	NA	NA	UNRESOLVED
GCF_011067065	GC2	2.4	2.4.2	NA	NA	NA	UNRESOLVED
GCF_009737575	GC2	2.4	2.4.2	NA	NA	NA	UNRESOLVED
GCF_009736655	GC2	2.4	2.4.2	NA	NA	NA	UNRESOLVED
GCF_002082745	GC2	2.4	2.4.2	NA	NA	NA	UNRESOLVED
GCF_009736705	GC2	2.4	2.4.2	NA	NA	NA	UNRESOLVED
GCF_003954795	GC2	2.4	2.4.2	NA	NA	NA	UNRESOLVED
GCF_009736865	GC2	2.4	2.4.2	NA	NA	NA	UNRESOLVED
GCF_009736965	GC2	2.4	2.4.2	NA	NA	NA	UNRESOLVED
GCF_002082725	GC2	2.4	2.4.2	NA	NA	NA	UNRESOLVED
SRR12519173	GC2	2.4	2.4.2	NA	NA	NA	UNRESOLVED
GCF_009736405	GC2	2.4	2.4.2	NA	NA	NA	UNRESOLVED
SRR11725309	GC2	2.4	2.4.2	NA	NA	NA	UNRESOLVED
GCF_001414645	GC2	2.4	2.4.2	NA	NA	NA	UNRESOLVED
SRR4417574	GC2	2.4	2.4.2	NA	NA	NA	UNRESOLVED
ERR2712313	GC2	2.4	2.4.2	NA	NA	NA	UNRESOLVED
GCF_010587545	GC2	2.4	2.4.2	NA	NA	NA	UNRESOLVED
GCF_010587575	GC2	2.4	2.4.2	NA	NA	NA	UNRESOLVED
SRR11589270	GC2	2.4	2.4.2	NA	NA	NA	UNRESOLVED
ERR2711678	GC2	2.4	2.4.2	NA	NA	NA	UNRESOLVED
ERR4436585	GC2	2.4	2.4.2	NA	NA	NA	UNRESOLVED
GCF_001415255	GC2	2.4	2.4.2	NA	NA	NA	UNRESOLVED
GCF_001415465	GC2	2.4	2.4.2	NA	NA	NA	UNRESOLVED
SRR11096099	GC2	2.4	2.4.2	NA	NA	NA	UNRESOLVED
GCF_001416095	GC2	2.4	2.4.2	NA	NA	NA	UNRESOLVED
GCF_001415815	GC2	2.4	2.4.2	NA	NA	NA	UNRESOLVED
GCF_001415275	GC2	2.4	2.4.2	NA	NA	NA	UNRESOLVED
ERR2712324	GC2	2.4	2.4.2	NA	NA	NA	UNRESOLVED
GCF_001416465	GC2	2.4	2.4.2	NA	NA	NA	UNRESOLVED
SRR16492514	GC2	2.4	2.4.2	NA	NA	NA	UNRESOLVED
SRR11096077	GC2	2.4	2.4.2	NA	NA	NA	UNRESOLVED
SRR11096078	GC2	2.4	2.4.2	NA	NA	NA	UNRESOLVED
SRR17682118	GC2	2.4	2.4.2	NA	NA	NA	UNRESOLVED
SRR11096069	GC2	2.4	2.4.2	NA	NA	NA	UNRESOLVED
SRR14613706	GC2	2.4	2.4.2	NA	NA	NA	UNRESOLVED
SRR17988907	GC2	2.4	2.4.2	NA	NA	NA	UNRESOLVED
SRR17988906	GC2	2.4	2.4.2	NA	NA	NA	UNRESOLVED
SRR17988908	GC2	2.4	2.4.2	NA	NA	NA	UNRESOLVED
SRR18115363	GC2	2.4	2.4.2	NA	NA	NA	UNRESOLVED
SRR11589258	GC2	2.4	2.4.2	NA	NA	NA	UNRESOLVED
SRR13618090	GC2	2.4	2.4.2	NA	NA	NA	UNRESOLVED
SRR17988914	GC2	2.4	2.4.2	NA	NA	NA	UNRESOLVED
SRR17988912	GC2	2.4	2.4.2	NA	NA	NA	UNRESOLVED
SRR17657418	GC2	2.4	2.4.2	NA	NA	NA	UNRESOLVED
SRR17657487	GC2	2.4	2.4.2	NA	NA	NA	UNRESOLVED
SRR18508229	GC2	2.4	2.4.2	NA	NA	NA	UNRESOLVED
SRR14874873	GC2	2.4	2.4.2	NA	NA	NA	UNRESOLVED
SRR14613507	GC2	2.4	2.4.2	NA	NA	NA	UNRESOLVED
SRR14616017	GC2	2.4	2.4.2	NA	NA	NA	UNRESOLVED
SRR14874872	GC2	2.4	2.4.2	NA	NA	NA	UNRESOLVED
SRR14613515	GC2	2.4	2.4.2	NA	NA	NA	UNRESOLVED
SRR14613696	GC2	2.4	2.4.2	NA	NA	NA	UNRESOLVED
SRR14616013	GC2	2.4	2.4.2	NA	NA	NA	UNRESOLVED
SRR16987655	GC2	2.4	2.4.2	NA	NA	NA	UNRESOLVED
SRR18115380	GC2	2.4	2.4.2	NA	NA	NA	UNRESOLVED
SRR14613505	GC2	2.4	2.4.2	NA	NA	NA	UNRESOLVED
SRR14701500	GC2	2.4	2.4.2	NA	NA	NA	UNRESOLVED
SRR16987654	GC2	2.4	2.4.2	NA	NA	NA	UNRESOLVED
SRR15060461	GC2	2.4	2.4.2	NA	NA	NA	UNRESOLVED
SRR17157391	GC2	2.4	2.4.2	NA	NA	NA	UNRESOLVED
SRR17657420	GC2	2.4	2.4.2	NA	NA	NA	UNRESOLVED
SRR16987656	GC2	2.4	2.4.2	NA	NA	NA	UNRESOLVED
SRR17157390	GC2	2.4	2.4.2	NA	NA	NA	UNRESOLVED
SRR17657431	GC2	2.4	2.4.2	NA	NA	NA	UNRESOLVED
SRR14613699	GC2	2.4	2.4.2	NA	NA	NA	UNRESOLVED
SRR18115361	GC2	2.4	2.4.2	NA	NA	NA	UNRESOLVED
SRR14613511	GC2	2.4	2.4.2	NA	NA	NA	UNRESOLVED
SRR14701496	GC2	2.4	2.4.2	NA	NA	NA	UNRESOLVED
SRR14616009	GC2	2.4	2.4.2	NA	NA	NA	UNRESOLVED
SRR14616010	GC2	2.4	2.4.2	NA	NA	NA	UNRESOLVED
SRR18115381	GC2	2.4	2.4.2	NA	NA	NA	UNRESOLVED
SRR18115360	GC2	2.4	2.4.2	NA	NA	NA	UNRESOLVED
SRR16987658	GC2	2.4	2.4.2	NA	NA	NA	UNRESOLVED
SRR18115382	GC2	2.4	2.4.2	NA	NA	NA	UNRESOLVED
SRR14613516	GC2	2.4	2.4.2	NA	NA	NA	UNRESOLVED
SRR14616014	GC2	2.4	2.4.2	NA	NA	NA	UNRESOLVED
SRR16987653	GC2	2.4	2.4.2	NA	NA	NA	UNRESOLVED
SRR14616015	GC2	2.4	2.4.2	NA	NA	NA	UNRESOLVED
SRR14613705	GC2	2.4	2.4.2	NA	NA	NA	UNRESOLVED
SRR14613510	GC2	2.4	2.4.2	NA	NA	NA	UNRESOLVED
SRR18115379	GC2	2.4	2.4.2	NA	NA	NA	UNRESOLVED
SRR14613514	GC2	2.4	2.4.2	NA	NA	NA	UNRESOLVED
SRR17988915	GC2	2.4	2.4.2	NA	NA	NA	UNRESOLVED
SRR14613695	GC2	2.4	2.4.2	NA	NA	NA	UNRESOLVED
SRR14613697	GC2	2.4	2.4.2	NA	NA	NA	UNRESOLVED
SRR14613506	GC2	2.4	2.4.2	NA	NA	NA	UNRESOLVED
GCF_001415095	GC2	2.4	2.4.2	NA	NA	NA	UNRESOLVED
GCF_001415715	GC2	2.4	2.4.2	NA	NA	NA	UNRESOLVED
GCF_001416275	GC2	2.4	2.4.2	NA	NA	NA	UNRESOLVED
GCF_001416075	GC2	2.4	2.4.2	NA	NA	NA	UNRESOLVED
GCF_001416225	GC2	2.4	2.4.2	NA	NA	NA	UNRESOLVED
GCF_001415645	GC2	2.4	2.4.2	NA	NA	NA	UNRESOLVED
SRR13619214	GC2	2.4	2.4.2	NA	NA	NA	UNRESOLVED
SRR14832343	GC2	2.4	2.4.2	NA	NA	NA	UNRESOLVED
SRR13619153	GC2	2.4	2.4.2	NA	NA	NA	UNRESOLVED
SRR12903880	GC2	2.4	2.4.2	NA	NA	NA	UNRESOLVED
SRR18095496	GC2	2.4	2.4.2	NA	NA	NA	UNRESOLVED
SRR13619206	GC2	2.4	2.4.2	NA	NA	NA	UNRESOLVED
SRR14433874	GC2	2.4	2.4.2	NA	NA	NA	UNRESOLVED
SRR17335463	GC2	2.4	2.4.2	NA	NA	NA	UNRESOLVED
SRR18170985	GC2	2.4	2.4.2	NA	NA	NA	UNRESOLVED
GCF_001415735	GC2	2.4	2.4.2	NA	NA	NA	UNRESOLVED
GCF_001415765	GC2	2.4	2.4.2	NA	NA	NA	UNRESOLVED
SRR12903877	GC2	2.4	2.4.2	NA	NA	NA	UNRESOLVED
SRR14832340	GC2	2.4	2.4.2	NA	NA	NA	UNRESOLVED
SRR12903816	GC2	2.4	2.4.2	NA	NA	NA	UNRESOLVED
SRR13619223	GC2	2.4	2.4.2	NA	NA	NA	UNRESOLVED
SRR12903817	GC2	2.4	2.4.2	NA	NA	NA	UNRESOLVED
SRR14433828	GC2	2.4	2.4.2	NA	NA	NA	UNRESOLVED
SRR13619226	GC2	2.4	2.4.2	NA	NA	NA	UNRESOLVED
SRR13619235	GC2	2.4	2.4.2	NA	NA	NA	UNRESOLVED
SRR16200935	GC2	2.4	2.4.2	NA	NA	NA	UNRESOLVED
SRR12903818	GC2	2.4	2.4.2	NA	NA	NA	UNRESOLVED
SRR13619185	GC2	2.4	2.4.2	NA	NA	NA	UNRESOLVED
SRR17084757	GC2	2.4	2.4.2	NA	NA	NA	UNRESOLVED
SRR12903840	GC2	2.4	2.4.2	NA	NA	NA	UNRESOLVED
SRR14433851	GC2	2.4	2.4.2	NA	NA	NA	UNRESOLVED
SRR14433868	GC2	2.4	2.4.2	NA	NA	NA	UNRESOLVED
SRR14832337	GC2	2.4	2.4.2	NA	NA	NA	UNRESOLVED
SRR13057514	GC2	2.4	2.4.2	NA	NA	NA	UNRESOLVED
SRR17084755	GC2	2.4	2.4.2	NA	NA	NA	UNRESOLVED
SRR16610192	GC2	2.4	2.4.2	NA	NA	NA	UNRESOLVED
SRR17001162	GC2	2.4	2.4.2	NA	NA	NA	UNRESOLVED
SRR13619202	GC2	2.4	2.4.2	NA	NA	NA	UNRESOLVED
SRR14568712	GC2	2.4	2.4.2	NA	NA	NA	UNRESOLVED
SRR14568707	GC2	2.4	2.4.2	NA	NA	NA	UNRESOLVED
SRR14568711	GC2	2.4	2.4.2	NA	NA	NA	UNRESOLVED
SRR14568710	GC2	2.4	2.4.2	NA	NA	NA	UNRESOLVED
SRR14568706	GC2	2.4	2.4.2	NA	NA	NA	UNRESOLVED
SRR14568709	GC2	2.4	2.4.2	NA	NA	NA	UNRESOLVED
SRR12903825	GC2	2.4	2.4.2	NA	NA	NA	UNRESOLVED
SRR13619184	GC2	2.4	2.4.2	NA	NA	NA	UNRESOLVED
SRR14433866	GC2	2.4	2.4.2	NA	NA	NA	UNRESOLVED
SRR12903887	GC2	2.4	2.4.2	NA	NA	NA	UNRESOLVED
SRR16200917	GC2	2.4	2.4.2	NA	NA	NA	UNRESOLVED
SRR12903866	GC2	2.4	2.4.2	NA	NA	NA	UNRESOLVED
SRR12009596	GC2	2.4	2.4.2	NA	NA	NA	UNRESOLVED
SRR16506224	GC2	2.4	2.4.2	NA	NA	NA	UNRESOLVED
SRR16200899	GC2	2.4	2.4.2	NA	NA	NA	UNRESOLVED
SRR16200931	GC2	2.4	2.4.2	NA	NA	NA	UNRESOLVED
SRR16506219	GC2	2.4	2.4.2	NA	NA	NA	UNRESOLVED
SRR14832326	GC2	2.4	2.4.2	NA	NA	NA	UNRESOLVED
SRR16200904	GC2	2.4	2.4.2	NA	NA	NA	UNRESOLVED
SRR16200897	GC2	2.4	2.4.2	NA	NA	NA	UNRESOLVED
SRR13619229	GC2	2.4	2.4.2	NA	NA	NA	UNRESOLVED
SRR16200938	GC2	2.4	2.4.2	NA	NA	NA	UNRESOLVED
SRR16200918	GC2	2.4	2.4.2	NA	NA	NA	UNRESOLVED
SRR16200903	GC2	2.4	2.4.2	NA	NA	NA	UNRESOLVED
SRR16506225	GC2	2.4	2.4.2	NA	NA	NA	UNRESOLVED
SRR14433871	GC2	2.4	2.4.2	NA	NA	NA	UNRESOLVED
SRR16200927	GC2	2.4	2.4.2	NA	NA	NA	UNRESOLVED
SRR16200940	GC2	2.4	2.4.2	NA	NA	NA	UNRESOLVED
SRR14832327	GC2	2.4	2.4.2	NA	NA	NA	UNRESOLVED
SRR16200915	GC2	2.4	2.4.2	NA	NA	NA	UNRESOLVED
SRR16506227	GC2	2.4	2.4.2	NA	NA	NA	UNRESOLVED
SRR17084756	GC2	2.4	2.4.2	NA	NA	NA	UNRESOLVED
SRR14433873	GC2	2.4	2.4.2	NA	NA	NA	UNRESOLVED
SRR12903820	GC2	2.4	2.4.2	NA	NA	NA	UNRESOLVED
SRR13619213	GC2	2.4	2.4.2	NA	NA	NA	UNRESOLVED
SRR12903844	GC2	2.4	2.4.2	NA	NA	NA	UNRESOLVED
SRR13619212	GC2	2.4	2.4.2	NA	NA	NA	UNRESOLVED
SRR13619219	GC2	2.4	2.4.2	NA	NA	NA	UNRESOLVED
SRR13619179	GC2	2.4	2.4.2	NA	NA	NA	UNRESOLVED
SRR16506220	GC2	2.4	2.4.2	NA	NA	NA	UNRESOLVED
SRR17084752	GC2	2.4	2.4.2	NA	NA	NA	UNRESOLVED
SRR14433841	GC2	2.4	2.4.2	NA	NA	NA	UNRESOLVED
SRR12903871	GC2	2.4	2.4.2	NA	NA	NA	UNRESOLVED
SRR13619210	GC2	2.4	2.4.2	NA	NA	NA	UNRESOLVED
SRR14433890	GC2	2.4	2.4.2	NA	NA	NA	UNRESOLVED
SRR17657474	GC2	2.4	2.4.2	NA	NA	NA	UNRESOLVED
SRR12903846	GC2	2.4	2.4.2	NA	NA	NA	UNRESOLVED
SRR13619180	GC2	2.4	2.4.2	NA	NA	NA	UNRESOLVED
SRR13619157	GC2	2.4	2.4.2	NA	NA	NA	UNRESOLVED
SRR13619154	GC2	2.4	2.4.2	NA	NA	NA	UNRESOLVED
SRR12903869	GC2	2.4	2.4.2	NA	NA	NA	UNRESOLVED
SRR13619177	GC2	2.4	2.4.2	NA	NA	NA	UNRESOLVED
GCF_001433045	GC2	2.4	2.4.2	NA	NA	NA	UNRESOLVED
GCF_001415535	GC2	2.4	2.4.2	NA	NA	NA	UNRESOLVED
SRR11096085	GC2	2.4	2.4.2	NA	NA	NA	UNRESOLVED
SRR12286544	GC2	2.4	2.4.2	NA	NA	NA	UNRESOLVED
SRR1685812	GC2	2.4	2.4.2	NA	NA	NA	UNRESOLVED
GCF_000808845	GC2	2.4	2.4.2	NA	NA	NA	UNRESOLVED
GCF_002136965	GC2	2.4	2.4.2	NA	NA	NA	UNRESOLVED
GCF_002183875	GC2	2.4	2.4.2	NA	NA	NA	UNRESOLVED
GCF_000809025	GC2	2.4	2.4.2	NA	NA	NA	UNRESOLVED
GCF_002184265	GC2	2.4	2.4.2	NA	NA	NA	UNRESOLVED
GCF_000810875	GC2	2.4	2.4.2	NA	NA	NA	UNRESOLVED
GCF_000809325	GC2	2.4	2.4.2	NA	NA	NA	UNRESOLVED
GCF_000810865	GC2	2.4	2.4.2	NA	NA	NA	UNRESOLVED
GCF_000515695	GC2	2.4	2.4.2	NA	NA	NA	UNRESOLVED
GCF_000949175	GC2	2.4	2.4.2	NA	NA	NA	UNRESOLVED
GCF_000515995	GC2	2.4	2.4.2	NA	NA	NA	UNRESOLVED
GCF_000516015	GC2	2.4	2.4.2	NA	NA	NA	UNRESOLVED
GCF_000809585	GC2	2.4	2.4.2	NA	NA	NA	UNRESOLVED
GCF_000810745	GC2	2.4	2.4.2	NA	NA	NA	UNRESOLVED
SRR1685955	GC2	2.4	2.4.2	NA	NA	NA	UNRESOLVED
SRR1685954	GC2	2.4	2.4.2	NA	NA	NA	UNRESOLVED
GCF_000516035	GC2	2.4	2.4.2	NA	NA	NA	UNRESOLVED
GCF_000809665	GC2	2.4	2.4.2	NA	NA	NA	UNRESOLVED
GCF_000811185	GC2	2.4	2.4.2	NA	NA	NA	UNRESOLVED
GCF_002182615	GC2	2.4	2.4.2	NA	NA	NA	UNRESOLVED
GCF_002183665	GC2	2.4	2.4.2	NA	NA	NA	UNRESOLVED
GCF_000811105	GC2	2.4	2.4.2	NA	NA	NA	UNRESOLVED
SRR18399863	GC2	2.4	2.4.2	NA	NA	NA	UNRESOLVED
SRR18399872	GC2	2.4	2.4.2	NA	NA	NA	UNRESOLVED
SRR18399854	GC2	2.4	2.4.2	NA	NA	NA	UNRESOLVED
SRR18399864	GC2	2.4	2.4.2	NA	NA	NA	UNRESOLVED
SRR18399866	GC2	2.4	2.4.2	NA	NA	NA	UNRESOLVED
SRR18399855	GC2	2.4	2.4.2	NA	NA	NA	UNRESOLVED
SRR18399865	GC2	2.4	2.4.2	NA	NA	NA	UNRESOLVED
SRR4417598	GC2	2.4	2.4.2	NA	NA	NA	UNRESOLVED
ERR2712277	GC2	2.4	2.4.2	NA	NA	NA	UNRESOLVED
ERR2711691	GC2	2.4	2.4.2	NA	NA	NA	UNRESOLVED
SRR15845964	GC2	2.4	2.4.2	NA	NA	NA	UNRESOLVED
SRR4417587	GC2	2.4	2.4.2	NA	NA	NA	UNRESOLVED
GCF_002184285	GC2	2.4	2.4.2	NA	NA	NA	UNRESOLVED
GCF_002183195	GC2	2.4	2.4.2	NA	NA	NA	UNRESOLVED
GCF_002183215	GC2	2.4	2.4.2	NA	NA	NA	UNRESOLVED
GCF_002016865	GC2	2.4	2.4.2	NA	NA	NA	UNRESOLVED
GCF_002183245	GC2	2.4	2.4.2	NA	NA	NA	UNRESOLVED
GCF_002017415	GC2	2.4	2.4.2	NA	NA	NA	UNRESOLVED
SRR17157392	GC2	2.4	2.4.2	NA	NA	NA	UNRESOLVED
SRR16492507	GC2	2.4	2.4.2	NA	NA	NA	UNRESOLVED
SRR16492518	GC2	2.4	2.4.2	NA	NA	NA	UNRESOLVED
SRR14613700	GC2	2.4	2.4.2	NA	NA	NA	UNRESOLVED
SRR14616011	GC2	2.4	2.4.2	NA	NA	NA	UNRESOLVED
GCF_016506855	GC2	2.4	2.4.2	NA	NA	NA	UNRESOLVED
SRR16492487	GC2	2.4	2.4.2	NA	NA	NA	UNRESOLVED
SRR16610103	GC2	2.4	2.4.2	NA	NA	NA	UNRESOLVED
SRR16610104	GC2	2.4	2.4.2	NA	NA	NA	UNRESOLVED
GCF_001922205	GC2	2.4	2.4.2	NA	NA	NA	UNRESOLVED
GCF_001922245	GC2	2.4	2.4.2	NA	NA	NA	UNRESOLVED
GCF_002183815	GC2	2.4	2.4.2	NA	NA	NA	UNRESOLVED
SRR1685782	GC2	2.4	2.4.2	NA	NA	NA	UNRESOLVED
GCF_000809465	GC2	2.4	2.4.2	NA	NA	NA	UNRESOLVED
GCF_000809385	GC2	2.4	2.4.2	NA	NA	NA	UNRESOLVED
GCF_000515515	GC2	2.4	2.4.2	NA	NA	NA	UNRESOLVED
GCF_002136745	GC2	2.4	2.4.2	NA	NA	NA	UNRESOLVED
GCF_000811505	GC2	2.4	2.4.2	NA	NA	NA	UNRESOLVED
GCF_000809215	GC2	2.4	2.4.2	NA	NA	NA	UNRESOLVED
GCF_000810545	GC2	2.4	2.4.2	NA	NA	NA	UNRESOLVED
GCF_000515475	GC2	2.4	2.4.2	NA	NA	NA	UNRESOLVED
GCF_000811225	GC2	2.4	2.4.2	NA	NA	NA	UNRESOLVED
GCF_000809205	GC2	2.4	2.4.2	NA	NA	NA	UNRESOLVED
GCF_000809225	GC2	2.4	2.4.2	NA	NA	NA	UNRESOLVED
GCF_000516195	GC2	2.4	2.4.2	NA	NA	NA	UNRESOLVED
GCF_000516215	GC2	2.4	2.4.2	NA	NA	NA	UNRESOLVED
GCF_000809525	GC2	2.4	2.4.2	NA	NA	NA	UNRESOLVED
GCF_000810505	GC2	2.4	2.4.2	NA	NA	NA	UNRESOLVED
GCF_000810565	GC2	2.4	2.4.2	NA	NA	NA	UNRESOLVED
GCF_000516355	GC2	2.4	2.4.2	NA	NA	NA	UNRESOLVED
GCF_000809565	GC2	2.4	2.4.2	NA	NA	NA	UNRESOLVED
GCF_000809545	GC2	2.4	2.4.2	NA	NA	NA	UNRESOLVED
GCF_000809305	GC2	2.4	2.4.2	NA	NA	NA	UNRESOLVED
GCF_000811245	GC2	2.4	2.4.2	NA	NA	NA	UNRESOLVED
GCF_000810525	GC2	2.4	2.4.2	NA	NA	NA	UNRESOLVED
GCF_000811485	GC2	2.4	2.4.2	NA	NA	NA	UNRESOLVED
GCF_002143265	GC2	2.4	2.4.2	NA	NA	NA	UNRESOLVED
GCF_000810285	GC2	2.4	2.4.2	NA	NA	NA	UNRESOLVED
GCF_002183845	GC2	2.4	2.4.2	NA	NA	NA	UNRESOLVED
GCF_000811565	GC2	2.4	2.4.2	NA	NA	NA	UNRESOLVED
GCF_000810385	GC2	2.4	2.4.2	NA	NA	NA	UNRESOLVED
GCF_000808775	GC2	2.4	2.4.2	NA	NA	NA	UNRESOLVED
GCF_000808905	GC2	2.4	2.4.2	NA	NA	NA	UNRESOLVED
GCF_000809985	GC2	2.4	2.4.2	NA	NA	NA	UNRESOLVED
GCF_000810405	GC2	2.4	2.4.2	NA	NA	NA	UNRESOLVED
GCF_000809885	GC2	2.4	2.4.2	NA	NA	NA	UNRESOLVED
GCF_002183905	GC2	2.4	2.4.2	NA	NA	NA	UNRESOLVED
GCF_000811645	GC2	2.4	2.4.2	NA	NA	NA	UNRESOLVED
GCF_000811745	GC2	2.4	2.4.2	NA	NA	NA	UNRESOLVED
GCF_002182965	GC2	2.4	2.4.2	NA	NA	NA	UNRESOLVED
GCF_000811765	GC2	2.4	2.4.2	NA	NA	NA	UNRESOLVED
GCF_002143315	GC2	2.4	2.4.2	NA	NA	NA	UNRESOLVED
GCF_002028445	GC2	2.4	2.4.2	NA	NA	NA	UNRESOLVED
GCF_000809765	GC2	2.4	2.4.2	NA	NA	NA	UNRESOLVED
GCF_000810445	GC2	2.4	2.4.2	NA	NA	NA	UNRESOLVED
GCF_000810645	GC2	2.4	2.4.2	NA	NA	NA	UNRESOLVED
SRR1685849	GC2	2.4	2.4.2	NA	NA	NA	UNRESOLVED
GCF_000810665	GC2	2.4	2.4.2	NA	NA	NA	UNRESOLVED
GCF_000810725	GC2	2.4	2.4.2	NA	NA	NA	UNRESOLVED
SRR1685860	GC2	2.4	2.4.2	NA	NA	NA	UNRESOLVED
SRR1685850	GC2	2.4	2.4.2	NA	NA	NA	UNRESOLVED
SRR1685851	GC2	2.4	2.4.2	NA	NA	NA	UNRESOLVED
GCF_002143395	GC2	2.4	2.4.2	NA	NA	NA	UNRESOLVED
GCF_000808945	GC2	2.4	2.4.2	NA	NA	NA	UNRESOLVED
GCF_002138375	GC2	2.4	2.4.2	NA	NA	NA	UNRESOLVED
GCF_002017675	GC2	2.4	2.4.2	NA	NA	NA	UNRESOLVED
GCF_002183275	GC2	2.4	2.4.2	NA	NA	NA	UNRESOLVED
GCF_002145065	GC2	2.4	2.4.2	NA	NA	NA	UNRESOLVED
GCF_002183325	GC2	2.4	2.4.2	NA	NA	NA	UNRESOLVED
GCF_000809745	GC2	2.4	2.4.2	NA	NA	NA	UNRESOLVED
GCF_000809785	GC2	2.4	2.4.2	NA	NA	NA	UNRESOLVED
GCF_000811145	GC2	2.4	2.4.2	NA	NA	NA	UNRESOLVED
GCF_002014445	GC2	2.4	2.4.2	NA	NA	NA	UNRESOLVED
GCF_002182765	GC2	2.4	2.4.2	NA	NA	NA	UNRESOLVED
GCF_000810165	GC2	2.4	2.4.2	NA	NA	NA	UNRESOLVED
GCF_000809705	GC2	2.4	2.4.2	NA	NA	NA	UNRESOLVED
SRR1685830	GC2	2.4	2.4.2	NA	NA	NA	UNRESOLVED
GCF_002028475	GC2	2.4	2.4.2	NA	NA	NA	UNRESOLVED
GCF_000809725	GC2	2.4	2.4.2	NA	NA	NA	UNRESOLVED
GCF_000810185	GC2	2.4	2.4.2	NA	NA	NA	UNRESOLVED
GCF_002143495	GC2	2.4	2.4.2	NA	NA	NA	UNRESOLVED
GCF_000810145	GC2	2.4	2.4.2	NA	NA	NA	UNRESOLVED
GCF_002137795	GC2	2.4	2.4.2	NA	NA	NA	UNRESOLVED
GCF_002182645	GC2	2.4	2.4.2	NA	NA	NA	UNRESOLVED
GCF_000516175	GC2	2.4	2.4.2	NA	NA	NA	UNRESOLVED
GCF_002143685	GC2	2.4	2.4.2	NA	NA	NA	UNRESOLVED
GCF_000809685	GC2	2.4	2.4.2	NA	NA	NA	UNRESOLVED
GCF_000809365	GC2	2.4	2.4.2	NA	NA	NA	UNRESOLVED
GCF_000809485	GC2	2.4	2.4.2	NA	NA	NA	UNRESOLVED
GCF_002017425	GC2	2.4	2.4.2	NA	NA	NA	UNRESOLVED
GCF_002137875	GC2	2.4	2.4.2	NA	NA	NA	UNRESOLVED
GCF_002017405	GC2	2.4	2.4.2	NA	NA	NA	UNRESOLVED
GCF_000811865	GC2	2.4	2.4.2	NA	NA	NA	UNRESOLVED
GCF_000811925	GC2	2.4	2.4.2	NA	NA	NA	UNRESOLVED
GCF_002136935	GC2	2.4	2.4.2	NA	NA	NA	UNRESOLVED
GCF_002183545	GC2	2.4	2.4.2	NA	NA	NA	UNRESOLVED
GCF_002016915	GC2	2.4	2.4.2	NA	NA	NA	UNRESOLVED
GCF_002183555	GC2	2.4	2.4.2	NA	NA	NA	UNRESOLVED
GCF_002182365	GC2	2.4	2.4.2	NA	NA	NA	UNRESOLVED
GCF_002182865	GC2	2.4	2.4.2	NA	NA	NA	UNRESOLVED
SRR4417581	GC2	2.4	2.4.2	NA	NA	NA	UNRESOLVED
GCF_002182425	GC2	2.4	2.4.2	NA	NA	NA	UNRESOLVED
GCF_002143795	GC2	2.4	2.4.2	NA	NA	NA	UNRESOLVED
GCF_002183735	GC2	2.4	2.4.2	NA	NA	NA	UNRESOLVED
GCF_002183485	GC2	2.4	2.4.2	NA	NA	NA	UNRESOLVED
SRR4417571	GC2	2.4	2.4.2	NA	NA	NA	UNRESOLVED
GCF_000809005	GC2	2.4	2.4.2	NA	NA	NA	UNRESOLVED
GCF_000809045	GC2	2.4	2.4.2	NA	NA	NA	UNRESOLVED
GCF_002143655	GC2	2.4	2.4.2	NA	NA	NA	UNRESOLVED
GCF_002182875	GC2	2.4	2.4.2	NA	NA	NA	UNRESOLVED
GCF_002137285	GC2	2.4	2.4.2	NA	NA	NA	UNRESOLVED
GCF_002183945	GC2	2.4	2.4.2	NA	NA	NA	UNRESOLVED
GCF_000810245	GC2	2.4	2.4.2	NA	NA	NA	UNRESOLVED
GCF_002028535	GC2	2.4	2.4.2	NA	NA	NA	UNRESOLVED
GCF_000810265	GC2	2.4	2.4.2	NA	NA	NA	UNRESOLVED
SRR4417579	GC2	2.4	2.4.2	NA	NA	NA	UNRESOLVED
GCF_002014435	GC2	2.4	2.4.2	NA	NA	NA	UNRESOLVED
GCF_002183025	GC2	2.4	2.4.2	NA	NA	NA	UNRESOLVED
SRR1685871	GC2	2.4	2.4.2	NA	NA	NA	UNRESOLVED
GCF_002014235	GC2	2.4	2.4.2	NA	NA	NA	UNRESOLVED
GCF_000515815	GC2	2.4	2.4.2	NA	NA	NA	UNRESOLVED
GCF_001666195	GC2	2.4	2.4.2	NA	NA	NA	UNRESOLVED
GCF_001666665	GC2	2.4	2.4.2	NA	NA	NA	UNRESOLVED
GCF_002951075	GC2	2.4	2.4.2	NA	NA	NA	UNRESOLVED
GCF_002148725	GC2	2.4	2.4.2	NA	NA	NA	UNRESOLVED
SRR1685874	GC2	2.4	2.4.2	NA	NA	NA	UNRESOLVED
GCF_000808925	GC2	2.4	2.4.2	NA	NA	NA	UNRESOLVED
GCF_002143555	GC2	2.4	2.4.2	NA	NA	NA	UNRESOLVED
SRR1685872	GC2	2.4	2.4.2	NA	NA	NA	UNRESOLVED
GCF_002014195	GC2	2.4	2.4.2	NA	NA	NA	UNRESOLVED
GCF_002137045	GC2	2.4	2.4.2	NA	NA	NA	UNRESOLVED
GCF_002143775	GC2	2.4	2.4.2	NA	NA	NA	UNRESOLVED
GCF_002183765	GC2	2.4	2.4.2	NA	NA	NA	UNRESOLVED
SRR1685807	GC2	2.4	2.4.2	NA	NA	NA	UNRESOLVED
SRR1685808	GC2	2.4	2.4.2	NA	NA	NA	UNRESOLVED
GCF_000808765	GC2	2.4	2.4.2	NA	NA	NA	UNRESOLVED
GCF_000515715	GC2	2.4	2.4.2	NA	NA	NA	UNRESOLVED
SRR4417611	GC2	2.4	2.4.2	NA	NA	NA	UNRESOLVED
GCF_000810835	GC2	2.4	2.4.2	NA	NA	NA	UNRESOLVED
SRR4417610	GC2	2.4	2.4.2	NA	NA	NA	UNRESOLVED
GCF_000515915	GC2	2.4	2.4.2	NA	NA	NA	UNRESOLVED
GCF_000515675	GC2	2.4	2.4.2	NA	NA	NA	UNRESOLVED
GCF_000808965	GC2	2.4	2.4.2	NA	NA	NA	UNRESOLVED
GCF_001442575	GC2	2.4	2.4.2	NA	NA	NA	UNRESOLVED
GCF_002951015	GC2	2.4	2.4.2	NA	NA	NA	UNRESOLVED
SRR2047451	GC2	2.4	2.4.2	NA	NA	NA	UNRESOLVED
GCF_002950995	GC2	2.4	2.4.2	NA	NA	NA	UNRESOLVED
SRR4417614	GC2	2.4	2.4.2	NA	NA	NA	UNRESOLVED
GCF_002951055	GC2	2.4	2.4.2	NA	NA	NA	UNRESOLVED
GCF_002948475	GC2	2.4	2.4.2	NA	NA	NA	UNRESOLVED
SRR2047450	GC2	2.4	2.4.2	NA	NA	NA	UNRESOLVED
GCF_008726135	GC2	2.4	2.4.2	NA	NA	NA	UNRESOLVED
SRR2047452	GC2	2.4	2.4.2	NA	NA	NA	UNRESOLVED
SRR2047454	GC2	2.4	2.4.2	NA	NA	NA	UNRESOLVED
SRR4417590	GC2	2.4	2.4.2	NA	NA	NA	UNRESOLVED
SRR2047449	GC2	2.4	2.4.2	NA	NA	NA	UNRESOLVED
SRR2047453	GC2	2.4	2.4.2	NA	NA	NA	UNRESOLVED
SRR3381427	GC2	2.4	2.4.2	NA	NA	NA	UNRESOLVED
GCF_001863855	GC2	2.4	2.4.2	NA	NA	NA	UNRESOLVED
GCF_001864395	GC2	2.4	2.4.2	NA	NA	NA	UNRESOLVED
SRR3381480	GC2	2.4	2.4.2	NA	NA	NA	UNRESOLVED
GCF_001680305	GC2	2.4	2.4.2	NA	NA	NA	UNRESOLVED
SRR3381481	GC2	2.4	2.4.2	NA	NA	NA	UNRESOLVED
SRR11248261	GC2	2.4	2.4.2	NA	NA	NA	UNRESOLVED
GCF_001861865	GC2	2.4	2.4.2	NA	NA	NA	UNRESOLVED
GCF_009753665	GC2	2.4	2.4.2	NA	NA	NA	UNRESOLVED
SRR12008606	GC2	2.4	2.4.2	NA	NA	NA	UNRESOLVED
GCF_001864755	GC2	2.4	2.4.2	NA	NA	NA	UNRESOLVED
SRR3381505	GC2	2.4	2.4.2	NA	NA	NA	UNRESOLVED
GCF_001861545	GC2	2.4	2.4.2	NA	NA	NA	UNRESOLVED
SRR3381367	GC2	2.4	2.4.2	NA	NA	NA	UNRESOLVED
GCF_006365635	GC2	2.4	2.4.2	NA	NA	NA	UNRESOLVED
GCF_006367085	GC2	2.4	2.4.2	NA	NA	NA	UNRESOLVED
GCF_006366805	GC2	2.4	2.4.2	NA	NA	NA	UNRESOLVED
GCF_006367625	GC2	2.4	2.4.2	NA	NA	NA	UNRESOLVED
GCF_006365455	GC2	2.4	2.4.2	NA	NA	NA	UNRESOLVED
GCF_006366715	GC2	2.4	2.4.2	NA	NA	NA	UNRESOLVED
GCF_006366595	GC2	2.4	2.4.2	NA	NA	NA	UNRESOLVED
GCF_009753885	GC2	2.4	2.4.2	NA	NA	NA	UNRESOLVED
GCF_001863865	GC2	2.4	2.4.2	NA	NA	NA	UNRESOLVED
SRR3381475	GC2	2.4	2.4.2	NA	NA	NA	UNRESOLVED
GCF_006367575	GC2	2.4	2.4.2	NA	NA	NA	UNRESOLVED
GCF_009753915	GC2	2.4	2.4.2	NA	NA	NA	UNRESOLVED
SRR14852444	GC2	2.4	2.4.2	NA	NA	NA	UNRESOLVED
SRR5739064	GC2	2.4	2.4.2	NA	NA	NA	UNRESOLVED
GCF_001026965	GC2	2.4	2.4.2	NA	NA	NA	UNRESOLVED
GCF_003264275	GC2	2.4	2.4.2	NA	NA	NA	UNRESOLVED
GCF_001863955	GC2	2.4	2.4.2	NA	NA	NA	UNRESOLVED
SRR3381513	GC2	2.4	2.4.2	NA	NA	NA	UNRESOLVED
SRR14852211	GC2	2.4	2.4.2	NA	NA	NA	UNRESOLVED
SRR14862558	GC2	2.4	2.4.2	NA	NA	NA	UNRESOLVED
GCF_019920345	GC2	2.4	2.4.2	NA	NA	NA	UNRESOLVED
GCF_019920355	GC2	2.4	2.4.2	NA	NA	NA	UNRESOLVED
SRR15185777	GC2	2.4	2.4.2	NA	NA	NA	UNRESOLVED
SRR15185778	GC2	2.4	2.4.2	NA	NA	NA	UNRESOLVED
SRR15185784	GC2	2.4	2.4.2	NA	NA	NA	UNRESOLVED
SRR15185780	GC2	2.4	2.4.2	NA	NA	NA	UNRESOLVED
SRR15185782	GC2	2.4	2.4.2	NA	NA	NA	UNRESOLVED
SRR15185776	GC2	2.4	2.4.2	NA	NA	NA	UNRESOLVED
SRR15185779	GC2	2.4	2.4.2	NA	NA	NA	UNRESOLVED
SRR2075878	GC2	2.4	2.4.2	NA	NA	NA	UNRESOLVED
GCF_013387305	GC2	2.4	2.4.2	NA	NA	NA	UNRESOLVED
GCF_013387385	GC2	2.4	2.4.2	NA	NA	NA	UNRESOLVED
SRR11589142	GC2	2.4	2.4.2	NA	NA	NA	UNRESOLVED
SRR5739116	GC2	2.4	2.4.2	NA	NA	NA	UNRESOLVED
SRR17311622	GC2	2.4	2.4.2	NA	NA	NA	UNRESOLVED
SRR10413449	GC2	2.4	2.4.2	NA	NA	NA	UNRESOLVED
SRR10413446	GC2	2.4	2.4.2	NA	NA	NA	UNRESOLVED
SRR10413447	GC2	2.4	2.4.2	NA	NA	NA	UNRESOLVED
SRR10413442	GC2	2.4	2.4.2	NA	NA	NA	UNRESOLVED
SRR10413443	GC2	2.4	2.4.2	NA	NA	NA	UNRESOLVED
SRR10413444	GC2	2.4	2.4.2	NA	NA	NA	UNRESOLVED
SRR10413450	GC2	2.4	2.4.2	NA	NA	NA	UNRESOLVED
SRR10413445	GC2	2.4	2.4.2	NA	NA	NA	UNRESOLVED
SRR12743873	GC2	2.4	2.4.2	NA	NA	NA	UNRESOLVED
SRR12519095	GC2	2.4	2.4.2	NA	NA	NA	UNRESOLVED
SRR12519207	GC2	2.4	2.4.2	NA	NA	NA	UNRESOLVED
GCF_003522785	GC2	2.4	2.4.2	NA	NA	NA	UNRESOLVED
GCF_003522885	GC2	2.4	2.4.2	NA	NA	NA	UNRESOLVED
SRR11589147	GC2	2.4	2.4.2	NA	NA	NA	UNRESOLVED
GCF_004296275	GC2	2.4	2.4.2	NA	NA	NA	UNRESOLVED
SRR11589155	GC2	2.4	2.4.2	NA	NA	NA	UNRESOLVED
SRR11589164	GC2	2.4	2.4.2	NA	NA	NA	UNRESOLVED
SRR11589165	GC2	2.4	2.4.2	NA	NA	NA	UNRESOLVED
ERR2712065	GC2	2.4	2.4.2	NA	NA	NA	UNRESOLVED
ERR2712066	GC2	2.4	2.4.2	NA	NA	NA	UNRESOLVED
ERR2712337	GC2	2.4	2.4.2	NA	NA	NA	UNRESOLVED
SRR14792819	GC2	2.4	2.4.2	NA	NA	NA	UNRESOLVED
SRR15377056	GC2	2.4	2.4.2	NA	NA	NA	UNRESOLVED
SRR15376975	GC2	2.4	2.4.2	NA	NA	NA	UNRESOLVED
SRR15210526	GC2	2.4	2.4.2	NA	NA	NA	UNRESOLVED
SRR15845946	GC2	2.4	2.4.2	NA	NA	NA	UNRESOLVED
GCF_000301215	GC2	2.4	2.4.2	NA	NA	NA	UNRESOLVED
GCF_000301375	GC2	2.4	2.4.2	NA	NA	NA	UNRESOLVED
GCF_000453285	GC2	2.4	2.4.2	NA	NA	NA	UNRESOLVED
GCF_006492385	GC2	2.4	2.4.2	NA	NA	NA	UNRESOLVED
GCF_003516005	GC2	2.4	2.4.2	NA	NA	NA	UNRESOLVED
GCF_003948645	GC2	2.4	2.4.2	NA	NA	NA	UNRESOLVED
GCF_003948585	GC2	2.4	2.4.2	NA	NA	NA	UNRESOLVED
GCF_003979005	GC2	2.4	2.4.2	NA	NA	NA	UNRESOLVED
SRR2047547	GC2	2.4	2.4.2	NA	NA	NA	UNRESOLVED
SRR2047544	GC2	2.4	2.4.2	NA	NA	NA	UNRESOLVED
GCF_002951275	GC2	2.4	2.4.2	NA	NA	NA	UNRESOLVED
GCF_014560865	GC2	2.4	2.4.2	NA	NA	NA	UNRESOLVED
ERR4436638	GC2	2.4	2.4.2	NA	NA	NA	UNRESOLVED
SRR17943984	GC2	2.4	2.4.2	NA	NA	NA	UNRESOLVED
GCF_002082645	GC2	2.4	2.4.2	NA	NA	NA	UNRESOLVED
GCF_002237955	GC2	2.4	2.4.2	NA	NA	NA	UNRESOLVED
SRR11589248	GC2	2.4	2.4.2	NA	NA	NA	UNRESOLVED
GCF_009736565	GC2	2.4	2.4.2	NA	NA	NA	UNRESOLVED
GCF_009736745	GC2	2.4	2.4.2	NA	NA	NA	UNRESOLVED
GCF_009736755	GC2	2.4	2.4.2	NA	NA	NA	UNRESOLVED
GCF_009736765	GC2	2.4	2.4.2	NA	NA	NA	UNRESOLVED
GCF_015356135	GC2	2.4	2.4.2	NA	NA	NA	UNRESOLVED
GCF_015356145	GC2	2.4	2.4.2	NA	NA	NA	UNRESOLVED
GCF_015356155	GC2	2.4	2.4.2	NA	NA	NA	UNRESOLVED
SRR17849620	GC2	2.4	2.4.2	NA	NA	NA	UNRESOLVED
GCF_000301275	GC2	2.4	2.4.2	NA	NA	NA	UNRESOLVED
GCF_001806485	GC2	2.4	2.4.2	NA	NA	NA	UNRESOLVED
GCF_003954235	GC2	2.4	2.4.2	NA	NA	NA	UNRESOLVED
SRR18145524	GC2	2.4	2.4.2	NA	NA	NA	UNRESOLVED
SRR18399862	GC2	2.4	2.4.2	NA	NA	NA	UNRESOLVED
GCF_016506215	GC2	2.4	2.4.2	NA	NA	NA	UNRESOLVED
GCF_016506135	GC2	2.4	2.4.2	NA	NA	NA	UNRESOLVED
GCF_016508325	GC2	2.4	2.4.2	NA	NA	NA	UNRESOLVED
GCF_002144725	GC2	2.4	2.4.2	NA	NA	NA	UNRESOLVED
GCF_002184105	GC2	2.4	2.4.2	NA	NA	NA	UNRESOLVED
GCF_002950655	GC2	2.4	2.4.2	NA	NA	NA	UNRESOLVED
GCF_002950675	GC2	2.4	2.4.2	NA	NA	NA	UNRESOLVED
SRR11725304	GC2	2.4	2.4.2	NA	NA	NA	UNRESOLVED
SRR13362824	GC2	2.4	2.4.2	NA	NA	NA	UNRESOLVED
SRR13965531	GC2	2.4	2.4.2	NA	NA	NA	UNRESOLVED
SRR12519208	GC2	2.4	2.4.2	NA	NA	NA	UNRESOLVED
SRR12519212	GC2	2.4	2.4.2	NA	NA	NA	UNRESOLVED
SRR11725243	GC2	2.4	2.4.2	NA	NA	NA	UNRESOLVED
SRR12865196	GC2	2.4	2.4.2	NA	NA	NA	UNRESOLVED
SRR16132288	GC2	2.4	2.4.2	NA	NA	NA	UNRESOLVED
GCF_003843745	GC2	2.4	2.4.2	NA	NA	NA	UNRESOLVED
GCF_016506055	GC2	2.4	2.4.2	NA	NA	NA	UNRESOLVED
GCF_016506305	GC2	2.4	2.4.2	NA	NA	NA	UNRESOLVED
GCF_000809645	GC2	2.4	2.4.2	NA	NA	NA	UNRESOLVED
GCF_000515935	GC2	2.4	2.4.2	NA	NA	NA	UNRESOLVED
GCF_000809625	GC2	2.4	2.4.2	NA	NA	NA	UNRESOLVED
GCF_000515955	GC2	2.4	2.4.2	NA	NA	NA	UNRESOLVED
GCF_000809605	GC2	2.4	2.4.2	NA	NA	NA	UNRESOLVED
GCF_001666475	GC2	2.4	2.4.2	NA	NA	NA	UNRESOLVED
GCF_001669355	GC2	2.4	2.4.2	NA	NA	NA	UNRESOLVED
GCF_001669535	GC2	2.4	2.4.2	NA	NA	NA	UNRESOLVED
GCF_001674665	GC2	2.4	2.4.2	NA	NA	NA	UNRESOLVED
GCF_003948785	GC2	2.4	2.4.2	NA	NA	NA	UNRESOLVED
SRR18508231	GC2	2.4	2.4.2	NA	NA	NA	UNRESOLVED
GCF_015708195	GC2	2.4	2.4.2	NA	NA	NA	UNRESOLVED
SRR2047554	GC2	2.4	2.4.2	NA	NA	NA	UNRESOLVED
SRR2047555	GC2	2.4	2.4.2	NA	NA	NA	UNRESOLVED
SRR18399873	GC2	2.4	2.4.2	NA	NA	NA	UNRESOLVED
GCF_000308995	GC2	2.4	2.4.2	NA	NA	NA	UNRESOLVED
GCF_002950975	GC2	2.4	2.4.2	NA	NA	NA	UNRESOLVED
GCF_002951315	GC2	2.4	2.4.2	NA	NA	NA	UNRESOLVED
GCF_002951335	GC2	2.4	2.4.2	NA	NA	NA	UNRESOLVED
GCF_003948885	GC2	2.4	2.4.2	NA	NA	NA	UNRESOLVED
GCF_001922225	GC2	2.4	2.4.2	NA	NA	NA	UNRESOLVED
SRR4417593	GC2	2.4	2.4.2	NA	NA	NA	UNRESOLVED
ERR1946941	GC2	2.4	2.4.2	NA	NA	NA	UNRESOLVED
ERR1947005	GC2	2.4	2.4.2	NA	NA	NA	UNRESOLVED
ERR1946943	GC2	2.4	2.4.2	NA	NA	NA	UNRESOLVED
ERR1947000	GC2	2.4	2.4.2	NA	NA	NA	UNRESOLVED
ERR4782238	GC2	2.4	2.4.2	NA	NA	NA	UNRESOLVED
ERR1946944	GC2	2.4	2.4.2	NA	NA	NA	UNRESOLVED
ERR1947003	GC2	2.4	2.4.2	NA	NA	NA	UNRESOLVED
ERR1947002	GC2	2.4	2.4.2	NA	NA	NA	UNRESOLVED
ERR4766509	GC2	2.4	2.4.2	NA	NA	NA	UNRESOLVED
ERR1947004	GC2	2.4	2.4.2	NA	NA	NA	UNRESOLVED
ERR1947006	GC2	2.4	2.4.2	NA	NA	NA	UNRESOLVED
GCF_001664895	GC2	2.4	2.4.2	NA	NA	NA	UNRESOLVED
GCF_001664915	GC2	2.4	2.4.2	NA	NA	NA	UNRESOLVED
GCF_001665065	GC2	2.4	2.4.2	NA	NA	NA	UNRESOLVED
GCF_002137525	GC2	2.4	2.4.2	NA	NA	NA	UNRESOLVED
GCF_002183585	GC2	2.4	2.4.2	NA	NA	NA	UNRESOLVED
GCF_001664985	GC2	2.4	2.4.2	NA	NA	NA	UNRESOLVED
GCF_002183355	GC2	2.4	2.4.2	NA	NA	NA	UNRESOLVED
GCF_002137345	GC2	2.4	2.4.2	NA	NA	NA	UNRESOLVED
GCF_002017055	GC2	2.4	2.4.2	NA	NA	NA	UNRESOLVED
GCF_002184055	GC2	2.4	2.4.2	NA	NA	NA	UNRESOLVED
GCF_002017125	GC2	2.4	2.4.2	NA	NA	NA	UNRESOLVED
GCF_002138345	GC2	2.4	2.4.2	NA	NA	NA	UNRESOLVED
GCF_002184085	GC2	2.4	2.4.2	NA	NA	NA	UNRESOLVED
GCF_002145055	GC2	2.4	2.4.2	NA	NA	NA	UNRESOLVED
GCF_002017475	GC2	2.4	2.4.2	NA	NA	NA	UNRESOLVED
GCF_002017525	GC2	2.4	2.4.2	NA	NA	NA	UNRESOLVED
GCF_002137815	GC2	2.4	2.4.2	NA	NA	NA	UNRESOLVED
GCF_002138115	GC2	2.4	2.4.2	NA	NA	NA	UNRESOLVED
GCF_000808865	GC2	2.4	2.4.2	NA	NA	NA	UNRESOLVED
GCF_002136775	GC2	2.4	2.4.2	NA	NA	NA	UNRESOLVED
ERR1947011	GC2	2.4	2.4.2	NA	NA	NA	UNRESOLVED
ERR1946948	GC2	2.4	2.4.2	NA	NA	NA	UNRESOLVED
ERR1947009	GC2	2.4	2.4.2	NA	NA	NA	UNRESOLVED
ERR1947010	GC2	2.4	2.4.2	NA	NA	NA	UNRESOLVED
ERR1946947	GC2	2.4	2.4.2	NA	NA	NA	UNRESOLVED
ERR1946949	GC2	2.4	2.4.2	NA	NA	NA	UNRESOLVED
ERR1946950	GC2	2.4	2.4.2	NA	NA	NA	UNRESOLVED
ERR4782004	GC2	2.4	2.4.2	NA	NA	NA	UNRESOLVED
ERR4782223	GC2	2.4	2.4.2	NA	NA	NA	UNRESOLVED
ERR1946946	GC2	2.4	2.4.2	NA	NA	NA	UNRESOLVED
ERR1946951	GC2	2.4	2.4.2	NA	NA	NA	UNRESOLVED
ERR1947014	GC2	2.4	2.4.2	NA	NA	NA	UNRESOLVED
SRR5739050	GC2	2.4	2.4.2	NA	NA	NA	UNRESOLVED
GCF_009737595	GC2	2.4	2.4.2	NA	NA	NA	UNRESOLVED
GCF_000301495	GC2	2.4	2.4.2	NA	NA	NA	UNRESOLVED
GCF_000301575	GC2	2.4	2.4.2	NA	NA	NA	UNRESOLVED
GCF_002950755	GC2	2.4	2.4.2	NA	NA	NA	UNRESOLVED
GCF_002950795	GC2	2.4	2.4.2	NA	NA	NA	UNRESOLVED
GCF_002951135	GC2	2.4	2.4.2	NA	NA	NA	UNRESOLVED
SRR2047521	GC2	2.4	2.4.2	NA	NA	NA	UNRESOLVED
GCF_003010655	GC2	2.4	2.4.2	NA	NA	NA	UNRESOLVED
SRR17153372	GC2	2.4	2.4.2	NA	NA	NA	UNRESOLVED
SRR16492563	GC2	2.4	2.4.2	NA	NA	NA	UNRESOLVED
SRR16492521	GC2	2.4	2.4.2	NA	NA	NA	UNRESOLVED
SRR13067909	GC2	2.4	2.4.2	NA	NA	NA	UNRESOLVED
SRR17993125	GC2	2.4	2.4.2	NA	NA	NA	UNRESOLVED
SRR16492567	GC2	2.4	2.4.2	NA	NA	NA	UNRESOLVED
SRR16492495	GC2	2.4	2.4.2	NA	NA	NA	UNRESOLVED
SRR17993126	GC2	2.4	2.4.2	NA	NA	NA	UNRESOLVED
SRR16492571	GC2	2.4	2.4.2	NA	NA	NA	UNRESOLVED
SRR16492572	GC2	2.4	2.4.2	NA	NA	NA	UNRESOLVED
SRR16492517	GC2	2.4	2.4.2	NA	NA	NA	UNRESOLVED
SRR16492582	GC2	2.4	2.4.2	NA	NA	NA	UNRESOLVED
SRR16492547	GC2	2.4	2.4.2	NA	NA	NA	UNRESOLVED
SRR16492548	GC2	2.4	2.4.2	NA	NA	NA	UNRESOLVED
SRR16610133	GC2	2.4	2.4.2	NA	NA	NA	UNRESOLVED
SRR16492486	GC2	2.4	2.4.2	NA	NA	NA	UNRESOLVED
SRR16492576	GC2	2.4	2.4.2	NA	NA	NA	UNRESOLVED
SRR16492577	GC2	2.4	2.4.2	NA	NA	NA	UNRESOLVED
SRR16492489	GC2	2.4	2.4.2	NA	NA	NA	UNRESOLVED
SRR16492578	GC2	2.4	2.4.2	NA	NA	NA	UNRESOLVED
SRR16492587	GC2	2.4	2.4.2	NA	NA	NA	UNRESOLVED
SRR16492496	GC2	2.4	2.4.2	NA	NA	NA	UNRESOLVED
SRR16492516	GC2	2.4	2.4.2	NA	NA	NA	UNRESOLVED
SRR16610093	GC2	2.4	2.4.2	NA	NA	NA	UNRESOLVED
SRR16987657	GC2	2.4	2.4.2	NA	NA	NA	UNRESOLVED
SRR17657432	GC2	2.4	2.4.2	NA	NA	NA	UNRESOLVED
SRR15845923	GC2	2.4	2.4.2	NA	NA	NA	UNRESOLVED
SRR16217714	GC2	2.4	2.4.2	NA	NA	NA	UNRESOLVED
SRR16219302	GC2	2.4	2.4.2	NA	NA	NA	UNRESOLVED
SRR16492584	GC2	2.4	2.4.2	NA	NA	NA	UNRESOLVED
SRR16492596	GC2	2.4	2.4.2	NA	NA	NA	UNRESOLVED
SRR10413448	GC2	2.4	2.4.2	NA	NA	NA	UNRESOLVED
SRR17311690	GC2	2.4	2.4.2	NA	NA	NA	UNRESOLVED
SRR16267909	GC2	2.4	2.4.2	NA	NA	NA	UNRESOLVED
SRR16267910	GC2	2.4	2.4.2	NA	NA	NA	UNRESOLVED
SRR16304277	GC2	2.4	2.4.2	NA	NA	NA	UNRESOLVED
SRR17311741	GC2	2.4	2.4.2	NA	NA	NA	UNRESOLVED
SRR16359936	GC2	2.4	2.4.2	NA	NA	NA	UNRESOLVED
SRR17311634	GC2	2.4	2.4.2	NA	NA	NA	UNRESOLVED
SRR17311652	GC2	2.4	2.4.2	NA	NA	NA	UNRESOLVED
SRR16359910	GC2	2.4	2.4.2	NA	NA	NA	UNRESOLVED
SRR18215746	GC2	2.4	2.4.2	NA	NA	NA	UNRESOLVED
GCF_002142995	GC2	2.4	2.4.2	NA	NA	NA	UNRESOLVED
GCF_002017685	GC2	2.4	2.4.2	NA	NA	NA	UNRESOLVED
GCF_002182505	GC2	2.4	2.4.2	NA	NA	NA	UNRESOLVED
SRR5739090	GC2	2.4	2.4.2	NA	NA	NA	UNRESOLVED
GCF_003931775	GC2	2.4	2.4.2	NA	NA	NA	UNRESOLVED
SRR5739048	GC2	2.4	2.4.2	NA	NA	NA	UNRESOLVED
GCF_003931755	GC2	2.4	2.4.2	NA	NA	NA	UNRESOLVED
SRR5739037	GC2	2.4	2.4.2	NA	NA	NA	UNRESOLVED
SRR5739104	GC2	2.4	2.4.2	NA	NA	NA	UNRESOLVED
SRR5739040	GC2	2.4	2.4.2	NA	NA	NA	UNRESOLVED
SRR5739112	GC2	2.4	2.4.2	NA	NA	NA	UNRESOLVED
GCF_000302095	GC2	2.4	2.4.2	NA	NA	NA	UNRESOLVED
GCF_003947865	GC2	2.4	2.4.2	NA	NA	NA	UNRESOLVED
GCF_009738015	GC2	2.4	2.4.2	NA	NA	NA	UNRESOLVED
SRR17849627	GC2	2.4	2.4.2	NA	NA	NA	UNRESOLVED
SRR17849656	GC2	2.4	2.4.2	NA	NA	NA	UNRESOLVED
SRR17282457	GC2	2.4	2.4.2	NA	NA	NA	UNRESOLVED
SRR17849631	GC2	2.4	2.4.2	NA	NA	NA	UNRESOLVED
SRR17849607	GC2	2.4	2.4.2	NA	NA	NA	UNRESOLVED
GCF_003948875	GC2	2.4	2.4.2	NA	NA	NA	UNRESOLVED
SRR16359934	GC2	2.4	2.4.2	NA	NA	NA	UNRESOLVED
ERR1946942	GC2	2.4	2.4.2	NA	NA	NA	UNRESOLVED
ERR1946981	GC2	2.4	2.4.2	NA	NA	NA	UNRESOLVED
ERR1947027	GC2	2.4	2.4.2	NA	NA	NA	UNRESOLVED
ERR4782323	GC2	2.4	2.4.2	NA	NA	NA	UNRESOLVED
ERR7225947	GC2	2.4	2.4.2	NA	NA	NA	UNRESOLVED
ERR7225948	GC2	2.4	2.4.2	NA	NA	NA	UNRESOLVED
ERR4766669	GC2	2.4	2.4.2	NA	NA	NA	UNRESOLVED
ERR4766673	GC2	2.4	2.4.2	NA	NA	NA	UNRESOLVED
GCF_000453145	GC2	2.4	2.4.2	NA	NA	NA	UNRESOLVED
GCF_003948455	GC2	2.4	2.4.2	NA	NA	NA	UNRESOLVED
GCF_003948505	GC2	2.4	2.4.2	NA	NA	NA	UNRESOLVED
GCF_003949175	GC2	2.4	2.4.2	NA	NA	NA	UNRESOLVED
GCF_003949295	GC2	2.4	2.4.2	NA	NA	NA	UNRESOLVED
GCF_003948795	GC2	2.4	2.4.2	NA	NA	NA	UNRESOLVED
GCF_015356165	GC2	2.4	2.4.2	NA	NA	NA	UNRESOLVED
SRR11589207	GC2	2.4	2.4.2	NA	NA	NA	UNRESOLVED
GCF_016506795	GC2	2.4	2.4.2	NA	NA	NA	UNRESOLVED
GCF_016507055	GC2	2.4	2.4.2	NA	NA	NA	UNRESOLVED
SRR2047520	GC2	2.4	2.4.2	NA	NA	NA	UNRESOLVED
GCF_000453365	GC2	2.4	2.4.2	NA	NA	NA	UNRESOLVED
SRR2047546	GC2	2.4	2.4.2	NA	NA	NA	UNRESOLVED
GCF_000453425	GC2	2.4	2.4.2	NA	NA	NA	UNRESOLVED
SRR2047522	GC2	2.4	2.4.2	NA	NA	NA	UNRESOLVED
GCF_003949225	GC2	2.4	2.4.2	NA	NA	NA	UNRESOLVED
GCF_000301615	GC2	2.4	2.4.2	NA	NA	NA	UNRESOLVED
SRR2047519	GC2	2.4	2.4.2	NA	NA	NA	UNRESOLVED
GCF_000453345	GC2	2.4	2.4.2	NA	NA	NA	UNRESOLVED
GCF_000302215	GC2	2.4	2.4.2	NA	NA	NA	UNRESOLVED
GCF_003948185	GC2	2.4	2.4.2	NA	NA	NA	UNRESOLVED
GCF_000453545	GC2	2.4	2.4.2	NA	NA	NA	UNRESOLVED
SRR2047557	GC2	2.4	2.4.2	NA	NA	NA	UNRESOLVED
ERR4781996	GC2	2.4	2.4.2	NA	NA	NA	UNRESOLVED
GCF_000301595	GC2	2.4	2.4.2	NA	NA	NA	UNRESOLVED
GCF_006365525	GC2	2.4	2.4.7	NA	NA	NA	UNRESOLVED
ERR5928255	GC2	2.4	2.4.7	NA	NA	NA	UNRESOLVED
GCF_006937725	GC2	2.4	2.4.7	NA	NA	NA	UNRESOLVED
GCF_007113705	GC2	2.4	2.4.7	NA	NA	NA	UNRESOLVED
GCF_016745715	GC2	2.4	2.4.7	NA	NA	NA	UNRESOLVED
GCF_001864375	GC2	2.4	2.4.7	NA	NA	NA	UNRESOLVED
GCF_006367905	GC2	2.4	2.4.7	NA	NA	NA	UNRESOLVED
SRR3381478	GC2	2.4	2.4.7	NA	NA	NA	UNRESOLVED
GCF_005784445	GC2	2.4	2.4.7	NA	NA	NA	UNRESOLVED
GCF_005784565	GC2	2.4	2.4.7	NA	NA	NA	UNRESOLVED
GCF_005784945	GC2	2.4	2.4.7	NA	NA	NA	UNRESOLVED
GCF_005784985	GC2	2.4	2.4.7	NA	NA	NA	UNRESOLVED
GCF_005784525	GC2	2.4	2.4.7	NA	NA	NA	UNRESOLVED
GCF_005785185	GC2	2.4	2.4.7	NA	NA	NA	UNRESOLVED
GCF_005784975	GC2	2.4	2.4.7	NA	NA	NA	UNRESOLVED
GCF_005784705	GC2	2.4	2.4.7	NA	NA	NA	UNRESOLVED
GCF_005785075	GC2	2.4	2.4.7	NA	NA	NA	UNRESOLVED
GCF_005785205	GC2	2.4	2.4.7	NA	NA	NA	UNRESOLVED
GCF_005784925	GC2	2.4	2.4.7	NA	NA	NA	UNRESOLVED
GCF_005785065	GC2	2.4	2.4.7	NA	NA	NA	UNRESOLVED
GCF_005785045	GC2	2.4	2.4.7	NA	NA	NA	UNRESOLVED
GCF_005785165	GC2	2.4	2.4.7	NA	NA	NA	UNRESOLVED
GCF_005784575	GC2	2.4	2.4.7	NA	NA	NA	UNRESOLVED
GCF_005784535	GC2	2.4	2.4.7	NA	NA	NA	UNRESOLVED
GCF_005785095	GC2	2.4	2.4.7	NA	NA	NA	UNRESOLVED
GCF_000734775	GC2	2.4	2.4.7	NA	NA	NA	UNRESOLVED
GCF_001573125	GC2	2.4	2.4.7	NA	NA	NA	UNRESOLVED
GCF_000805115	GC2	2.4	2.4.7	NA	NA	NA	UNRESOLVED
GCF_003007395	GC2	2.4	2.4.7	NA	NA	NA	UNRESOLVED
SRR12352160	GC2	2.4	2.4.7	NA	NA	NA	UNRESOLVED
SRR17449093	GC2	2.4	2.4.7	NA	NA	NA	UNRESOLVED
SRR16200896	GC2	2.4	2.4.7	NA	NA	NA	UNRESOLVED
SRR3381470	GC2	2.4	2.4.7	NA	NA	NA	UNRESOLVED
GCF_003356575	GC2	2.4	2.4.7	NA	NA	NA	UNRESOLVED
GCF_003355755	GC2	2.4	2.4.7	NA	NA	NA	UNRESOLVED
GCF_003355745	GC2	2.4	2.4.7	NA	NA	NA	UNRESOLVED
GCF_003355705	GC2	2.4	2.4.7	NA	NA	NA	UNRESOLVED
GCF_003355585	GC2	2.4	2.4.7	NA	NA	NA	UNRESOLVED
GCF_003355675	GC2	2.4	2.4.7	NA	NA	NA	UNRESOLVED
GCF_003355725	GC2	2.4	2.4.7	NA	NA	NA	UNRESOLVED
GCF_003355665	GC2	2.4	2.4.7	NA	NA	NA	UNRESOLVED
GCF_003355595	GC2	2.4	2.4.7	NA	NA	NA	UNRESOLVED
GCF_003355605	GC2	2.4	2.4.7	NA	NA	NA	UNRESOLVED
SRR9164839	GC2	2.4	2.4.7	NA	NA	NA	UNRESOLVED
SRR9164838	GC2	2.4	2.4.7	NA	NA	NA	UNRESOLVED
SRR9164840	GC2	2.4	2.4.7	NA	NA	NA	UNRESOLVED
GCF_001864385	GC2	2.4	2.4.7	NA	NA	NA	UNRESOLVED
SRR10276623	GC2	2.4	2.4.7	NA	NA	NA	UNRESOLVED
GCF_001864285	GC2	2.4	2.4.7	NA	NA	NA	UNRESOLVED
SRR3381479	GC2	2.4	2.4.7	NA	NA	NA	UNRESOLVED
GCF_003356405	GC2	2.4	2.4.5	GC2	2.4	2.4.5	PASS
GCF_003356485	GC2	2.4	2.4.5	GC2	2.4	2.4.5	PASS
GCF_003356385	GC2	2.4	2.4.5	GC2	2.4	2.4.5	PASS
GCF_001902375	GC2	2.4	2.4.5	GC2	2.4	2.4.5	PASS
SRR10276641	GC2	2.4	2.4.5	GC2	2.4	2.4.5	PASS
GCF_003356455	GC2	2.4	2.4.5	GC2	2.4	2.4.5	PASS
GCF_003356565	GC2	2.4	2.4.5	GC2	2.4	2.4.5	PASS
SRR11248273	GC2	2.4	2.4.5	GC2	2.4	2.4.5	PASS
GCF_003356295	GC2	2.4	2.4.5	GC2	2.4	2.4.5	PASS
GCF_003356365	GC2	2.4	2.4.5	GC2	2.4	2.4.5	PASS
GCF_003356315	GC2	2.4	2.4.5	GC2	2.4	2.4.5	PASS
GCF_003356345	GC2	2.4	2.4.5	GC2	2.4	2.4.5	PASS
SRR10276640	GC2	2.4	2.4.5	GC2	2.4	2.4.5	PASS
GCF_000419385	GC2	2.4	2.4.5	GC2	2.4	2.4.5	PASS
GCF_003356425	GC2	2.4	2.4.5	GC2	2.4	2.4.5	PASS
SRR10276621	GC2	2.4	2.4.5	GC2	2.4	2.4.5	PASS
GCF_003356235	GC2	2.4	2.4.5	GC2	2.4	2.4.5	PASS
GCF_003356265	GC2	2.4	2.4.5	GC2	2.4	2.4.5	PASS
GCF_003356185	GC2	2.4	2.4.5	GC2	2.4	2.4.5	PASS
GCF_003356155	GC2	2.4	2.4.5	GC2	2.4	2.4.5	PASS
GCF_003356145	GC2	2.4	2.4.5	GC2	2.4	2.4.5	PASS
GCF_003356125	GC2	2.4	2.4.5	GC2	2.4	2.4.5	PASS
GCF_003356205	GC2	2.4	2.4.5	GC2	2.4	2.4.5	PASS
GCF_003356225	GC2	2.4	2.4.5	GC2	2.4	2.4.5	PASS
GCF_003356285	GC2	2.4	2.4.5	GC2	2.4	2.4.5	PASS
GCF_003356445	GC2	2.4	2.4.5	GC2	2.4	2.4.5	PASS
GCF_014560575	GC2	2.4	2.4.5	GC2	2.4	2.4.5	PASS
GCF_014560905	GC2	2.4	2.4.5	GC2	2.4	2.4.5	PASS
GCF_014561035	GC2	2.4	2.4.5	GC2	2.4	2.4.5	PASS
GCF_014560665	GC2	2.4	2.4.5	GC2	2.4	2.4.5	PASS
GCF_014561045	GC2	2.4	2.4.5	GC2	2.4	2.4.5	PASS
GCF_000804645	GC2	2.4	NA	NA	NA	NA	UNRESOLVED
GCF_014560965	GC2	2.4	NA	NA	NA	NA	UNRESOLVED
GCF_014560625	GC2	2.4	NA	NA	NA	NA	UNRESOLVED
GCF_014560995	GC2	2.4	NA	NA	NA	NA	UNRESOLVED
GCF_000804795	GC2	2.4	2.4.6	GC2	2.4	2.4.6	PASS
GCF_001617885	GC2	2.4	2.4.6	GC2	2.4	2.4.6	PASS
GCF_001864615	GC2	2.4	2.4.6	GC2	2.4	2.4.6	PASS
GCF_001617825	GC2	2.4	2.4.6	GC2	2.4	2.4.6	PASS
SRR3381495	GC2	2.4	2.4.6	GC2	2.4	2.4.6	PASS
GCF_001864125	GC2	2.4	2.4.6	GC2	2.4	2.4.6	PASS
SRR3381458	GC2	2.4	2.4.6	GC2	2.4	2.4.6	PASS
GCF_001864115	GC2	2.4	2.4.6	GC2	2.4	2.4.6	PASS
SRR3381460	GC2	2.4	2.4.6	GC2	2.4	2.4.6	PASS
GCF_001862225	GC2	2.4	2.4.6	GC2	2.4	2.4.6	PASS
SRR3381524	GC2	2.4	2.4.6	GC2	2.4	2.4.6	PASS
SRR3381523	GC2	2.4	2.4.6	GC2	2.4	2.4.6	PASS
GCF_001862175	GC2	2.4	2.4.6	GC2	2.4	2.4.6	PASS
GCF_001862265	GC2	2.4	2.4.6	GC2	2.4	2.4.6	PASS
SRR3381527	GC2	2.4	2.4.6	GC2	2.4	2.4.6	PASS
GCF_001862295	GC2	2.4	2.4.6	GC2	2.4	2.4.6	PASS
SRR3381528	GC2	2.4	2.4.6	GC2	2.4	2.4.6	PASS
GCF_001617835	GC2	2.4	2.4.6	GC2	2.4	2.4.6	PASS
GCF_001863035	GC2	2.4	2.4.6	GC2	2.4	2.4.6	PASS
GCF_001863975	GC2	2.4	2.4.6	GC2	2.4	2.4.6	PASS
SRR3381501	GC2	2.4	2.4.6	GC2	2.4	2.4.6	PASS
GCF_001864675	GC2	2.4	2.4.6	GC2	2.4	2.4.6	PASS
GCF_006367685	GC2	2.4	2.4.6	GC2	2.4	2.4.6	PASS
SRR3381529	GC2	2.4	2.4.6	GC2	2.4	2.4.6	PASS
SRR3381407	GC2	2.4	2.4.6	GC2	2.4	2.4.6	PASS
SRR3381500	GC2	2.4	2.4.6	GC2	2.4	2.4.6	PASS
GCF_001862305	GC2	2.4	2.4.6	GC2	2.4	2.4.6	PASS
GCF_006366195	GC2	2.4	2.4.6	GC2	2.4	2.4.6	PASS
GCF_001864065	GC2	2.4	2.4.6	GC2	2.4	2.4.6	PASS
SRR3381453	GC2	2.4	2.4.6	GC2	2.4	2.4.6	PASS
GCF_001863815	GC2	2.4	2.4.6	GC2	2.4	2.4.6	PASS
SRR3381463	GC2	2.4	2.4.6	GC2	2.4	2.4.6	PASS
GCF_006367965	GC2	2.4	2.4.6	GC2	2.4	2.4.6	PASS
GCF_001862985	GC2	2.4	2.4.6	GC2	2.4	2.4.6	PASS
GCF_006365975	GC2	2.4	2.4.6	GC2	2.4	2.4.6	PASS
GCF_006367745	GC2	2.4	2.4.6	GC2	2.4	2.4.6	PASS
GCF_006366515	GC2	2.4	2.4.6	GC2	2.4	2.4.6	PASS
GCF_009758335	GC2	2.4	2.4.6	GC2	2.4	2.4.6	PASS
SRR3381402	GC2	2.4	2.4.6	GC2	2.4	2.4.6	PASS
GCF_001861735	GC2	2.4	2.4.6	GC2	2.4	2.4.6	PASS
SRR3381403	GC2	2.4	2.4.6	GC2	2.4	2.4.6	PASS
GCF_001863965	GC2	2.4	2.4.6	GC2	2.4	2.4.6	PASS
SRR3381514	GC2	2.4	2.4.6	GC2	2.4	2.4.6	PASS
GCF_009753905	GC2	2.4	2.4.6	GC2	2.4	2.4.6	PASS
GCF_001862805	GC2	2.4	2.4.6	GC2	2.4	2.4.6	PASS
SRR3381389	GC2	2.4	2.4.6	GC2	2.4	2.4.6	PASS
GCF_001864535	GC2	2.4	2.4.6	GC2	2.4	2.4.6	PASS
SRR3381489	GC2	2.4	2.4.6	GC2	2.4	2.4.6	PASS
SRR3381375	GC2	2.4	2.4.6	GC2	2.4	2.4.6	PASS
GCF_001863135	GC2	2.4	2.4.6	GC2	2.4	2.4.6	PASS
SRR3381412	GC2	2.4	2.4.6	GC2	2.4	2.4.6	PASS
GCF_014560155	GC2	2.4	2.4.6	GC2	2.4	2.4.6	PASS
GCF_003007215	GC2	2.4	2.4.6	GC2	2.4	2.4.6	PASS
GCF_014560405	GC2	2.4	2.4.6	GC2	2.4	2.4.6	PASS
SRR14852437	GC2	2.4	2.4.6	GC2	2.4	2.4.6	PASS
GCF_001665095	GC2	2.4	2.4.6	GC2	2.4	2.4.6	PASS
GCF_011683335	GC2	2.4	2.4.6	GC2	2.4	2.4.6	PASS
GCF_011683375	GC2	2.4	2.4.6	GC2	2.4	2.4.6	PASS
SRR11248254	GC2	2.4	2.4.6	GC2	2.4	2.4.6	PASS
SRR11248314	GC2	2.4	2.4.6	GC2	2.4	2.4.6	PASS
SRR11248256	GC2	2.4	2.4.6	GC2	2.4	2.4.6	PASS
SRR11248302	GC2	2.4	2.4.6	GC2	2.4	2.4.6	PASS
GCF_012272795	GC2	2.4	2.4.6	GC2	2.4	2.4.6	PASS
SRR11248312	GC2	2.4	2.4.6	GC2	2.4	2.4.6	PASS
GCF_012272755	GC2	2.4	2.4.6	GC2	2.4	2.4.6	PASS
SRR11248303	GC2	2.4	2.4.6	GC2	2.4	2.4.6	PASS
SRR11248263	GC2	2.4	2.4.6	GC2	2.4	2.4.6	PASS
GCF_012272735	GC2	2.4	2.4.6	GC2	2.4	2.4.6	PASS
SRR11248251	GC2	2.4	2.4.6	GC2	2.4	2.4.6	PASS
SRR11248280	GC2	2.4	2.4.6	GC2	2.4	2.4.6	PASS
SRR11248253	GC2	2.4	2.4.6	GC2	2.4	2.4.6	PASS
SRR11248258	GC2	2.4	2.4.6	GC2	2.4	2.4.6	PASS
SRR11248284	GC2	2.4	2.4.6	GC2	2.4	2.4.6	PASS
SRR11248316	GC2	2.4	2.4.6	GC2	2.4	2.4.6	PASS
SRR11248301	GC2	2.4	2.4.6	GC2	2.4	2.4.6	PASS
GCF_012272715	GC2	2.4	2.4.6	GC2	2.4	2.4.6	PASS
SRR11248285	GC2	2.4	2.4.6	GC2	2.4	2.4.6	PASS
SRR11248286	GC2	2.4	2.4.6	GC2	2.4	2.4.6	PASS
SRR11248298	GC2	2.4	2.4.6	GC2	2.4	2.4.6	PASS
SRR11248310	GC2	2.4	2.4.6	GC2	2.4	2.4.6	PASS
SRR11248313	GC2	2.4	2.4.6	GC2	2.4	2.4.6	PASS
SRR11248282	GC2	2.4	2.4.6	GC2	2.4	2.4.6	PASS
SRR11248304	GC2	2.4	2.4.6	GC2	2.4	2.4.6	PASS
SRR11248250	GC2	2.4	2.4.6	GC2	2.4	2.4.6	PASS
SRR11248291	GC2	2.4	2.4.6	GC2	2.4	2.4.6	PASS
SRR11248292	GC2	2.4	2.4.6	GC2	2.4	2.4.6	PASS
GCF_018454385	GC2	2.4	2.4.6	GC2	2.4	2.4.6	PASS
