sequence	start	end	source_line
NC_017847.1	1	383	4
NC_017847.1	385	388	5
NC_017847.1	6258	6259	6
NC_017847.1	6261	6269	7
NC_017847.1	7198	7199	8
NC_017847.1	7201	7359	9
NC_017847.1	7364	7364	10
NC_017847.1	7518	7518	11
NC_017847.1	7522	7522	12
NC_017847.1	7525	7526	13
NC_017847.1	7528	7531	14
NC_017847.1	7533	7540	15
NC_017847.1	7792	8054	16
NC_017847.1	8396	8401	17
NC_017847.1	10137	10143	18
NC_017847.1	10146	10147	19
NC_017847.1	10253	10256	20
NC_017847.1	11291	11291	21
NC_017847.1	11296	11296	22
NC_017847.1	11298	11298	23
NC_017847.1	11301	11306	24
NC_017847.1	11308	11308	25
NC_017847.1	11310	11483	26
NC_017847.1	12814	12815	27
NC_017847.1	12817	12818	28
NC_017847.1	14344	14562	29
NC_017847.1	14645	14645	30
NC_017847.1	14988	15064	31
NC_017847.1	17849	17850	32
NC_017847.1	17863	17863	33
NC_017847.1	17903	24241	34
NC_017847.1	24518	24518	35
NC_017847.1	24522	24522	36
NC_017847.1	24532	24534	37
NC_017847.1	24735	24744	38
NC_017847.1	24751	24751	39
NC_017847.1	24768	24769	40
NC_017847.1	25477	26030	41
NC_017847.1	26035	26038	42
NC_017847.1	26040	26040	43
NC_017847.1	26250	26384	44
NC_017847.1	27136	27144	45
NC_017847.1	27748	27749	46
NC_017847.1	27771	27771	47
NC_017847.1	28466	28473	48
NC_017847.1	28475	28476	49
NC_017847.1	29241	29290	50
NC_017847.1	30106	30106	51
NC_017847.1	30131	30212	52
NC_017847.1	33856	33857	53
NC_017847.1	34077	34185	54
NC_017847.1	36971	37164	55
NC_017847.1	37181	37190	56
NC_017847.1	37193	37194	57
NC_017847.1	37306	39004	58
NC_017847.1	40697	40750	59
NC_017847.1	40752	40758	60
NC_017847.1	40760	40760	61
NC_017847.1	40762	40762	62
NC_017847.1	45568	45568	63
NC_017847.1	47122	47124	64
NC_017847.1	47346	47387	65
NC_017847.1	47439	47439	66
NC_017847.1	47527	47702	67
NC_017847.1	48978	48979	68
NC_017847.1	49003	49003	69
NC_017847.1	49068	49068	70
NC_017847.1	49077	49077	71
NC_017847.1	49083	49083	72
NC_017847.1	49089	49089	73
NC_017847.1	51237	51870	74
NC_017847.1	56767	56768	75
NC_017847.1	56776	56777	76
NC_017847.1	57565	57566	77
NC_017847.1	58041	58041	78
NC_017847.1	58082	58082	79
NC_017847.1	58911	58970	80
NC_017847.1	58987	58988	81
NC_017847.1	59422	59430	82
NC_017847.1	59887	59926	83
NC_017847.1	59930	59933	84
NC_017847.1	59935	59935	85
NC_017847.1	60218	60309	86
NC_017847.1	61132	61133	87
NC_017847.1	61135	61141	88
NC_017847.1	62500	62500	89
NC_017847.1	62679	62679	90
NC_017847.1	63376	63380	91
NC_017847.1	63382	63405	92
NC_017847.1	63481	63482	93
NC_017847.1	63515	63515	94
NC_017847.1	63525	63526	95
NC_017847.1	63586	63586	96
NC_017847.1	63846	63984	97
NC_017847.1	63990	63990	98
NC_017847.1	64008	64009	99
NC_017847.1	64012	64020	100
NC_017847.1	64028	64029	101
NC_017847.1	64765	64766	102
NC_017847.1	68427	68427	103
NC_017847.1	68441	68441	104
NC_017847.1	69283	69283	105
NC_017847.1	69588	69786	106
NC_017847.1	69800	69800	107
NC_017847.1	69807	69814	108
NC_017847.1	70133	70143	109
NC_017847.1	70148	70149	110
NC_017847.1	70337	70337	111
NC_017847.1	70365	70365	112
NC_017847.1	70368	70424	113
NC_017847.1	70426	70426	114
NC_017847.1	70430	70430	115
NC_017847.1	71909	71910	116
NC_017847.1	71923	71924	117
NC_017847.1	71945	71963	118
NC_017847.1	74577	74982	119
NC_017847.1	75640	75640	120
NC_017847.1	75665	75706	121
NC_017847.1	77245	77251	122
NC_017847.1	77264	77393	123
NC_017847.1	79497	79497	124
NC_017847.1	79508	79508	125
NC_017847.1	79525	79534	126
NC_017847.1	79536	79536	127
NC_017847.1	79542	79543	128
NC_017847.1	79783	79783	129
NC_017847.1	80581	80924	130
NC_017847.1	82306	82494	131
NC_017847.1	82546	82547	132
NC_017847.1	85972	85972	133
NC_017847.1	88044	88143	134
NC_017847.1	89514	89923	135
NC_017847.1	89925	89926	136
NC_017847.1	89928	89929	137
NC_017847.1	89932	89932	138
NC_017847.1	89940	89940	139
NC_017847.1	89944	89944	140
NC_017847.1	89948	89948	141
NC_017847.1	90132	90202	142
NC_017847.1	91619	91619	143
NC_017847.1	91634	91634	144
NC_017847.1	91648	93244	145
NC_017847.1	94863	95007	146
NC_017847.1	96754	96764	147
NC_017847.1	96766	96767	148
NC_017847.1	100100	100193	149
NC_017847.1	103094	103095	150
NC_017847.1	103582	103590	151
NC_017847.1	104291	104294	152
NC_017847.1	104322	104323	153
NC_017847.1	104325	104325	154
NC_017847.1	104327	104327	155
NC_017847.1	104329	104329	156
NC_017847.1	104645	104900	157
NC_017847.1	106093	106200	158
NC_017847.1	107460	111454	159
NC_017847.1	112442	112442	160
NC_017847.1	112444	112507	161
NC_017847.1	112509	112509	162
NC_017847.1	112511	112515	163
NC_017847.1	112517	112517	164
NC_017847.1	112520	112520	165
NC_017847.1	112522	112524	166
NC_017847.1	113141	113204	167
NC_017847.1	114827	114827	168
NC_017847.1	116597	116597	169
NC_017847.1	116632	116639	170
NC_017847.1	117329	117464	171
NC_017847.1	118180	118180	172
NC_017847.1	120845	120845	173
NC_017847.1	124049	124218	174
NC_017847.1	124225	124225	175
NC_017847.1	124471	130380	176
NC_017847.1	130382	130382	177
NC_017847.1	130539	130539	178
NC_017847.1	130595	130595	179
NC_017847.1	131098	131098	180
NC_017847.1	131101	131101	181
NC_017847.1	131106	131141	182
NC_017847.1	131143	131144	183
NC_017847.1	131151	131151	184
NC_017847.1	131158	131158	185
NC_017847.1	131160	131160	186
NC_017847.1	131162	131162	187
NC_017847.1	131164	131164	188
NC_017847.1	131169	131170	189
NC_017847.1	131173	131173	190
NC_017847.1	131332	131332	191
NC_017847.1	131458	131466	192
NC_017847.1	131489	131569	193
NC_017847.1	131622	131623	194
NC_017847.1	131625	131626	195
NC_017847.1	131630	131631	196
NC_017847.1	131633	131634	197
NC_017847.1	131636	131636	198
NC_017847.1	131638	131638	199
NC_017847.1	131643	131643	200
NC_017847.1	131661	131661	201
NC_017847.1	131665	131665	202
NC_017847.1	131676	131676	203
NC_017847.1	131679	131680	204
NC_017847.1	131683	131878	205
NC_017847.1	134254	134254	206
NC_017847.1	134293	135727	207
NC_017847.1	135730	135733	208
NC_017847.1	137007	137007	209
NC_017847.1	137013	137013	210
NC_017847.1	137017	137017	211
NC_017847.1	138587	138587	212
NC_017847.1	139456	139456	213
NC_017847.1	143352	143353	214
NC_017847.1	143396	143397	215
NC_017847.1	147218	147218	216
NC_017847.1	147226	147226	217
NC_017847.1	147230	147230	218
NC_017847.1	147235	147235	219
NC_017847.1	147417	147424	220
NC_017847.1	147437	147438	221
NC_017847.1	147932	147983	222
NC_017847.1	148936	148936	223
NC_017847.1	148938	148939	224
NC_017847.1	148941	148942	225
NC_017847.1	148944	148947	226
NC_017847.1	149550	149551	227
NC_017847.1	149998	150056	228
NC_017847.1	151835	151845	229
NC_017847.1	151847	151847	230
NC_017847.1	151856	151856	231
NC_017847.1	151858	151900	232
NC_017847.1	151923	151925	233
NC_017847.1	152122	152144	234
NC_017847.1	153083	153083	235
NC_017847.1	154099	154384	236
NC_017847.1	154572	154674	237
NC_017847.1	165347	165347	238
NC_017847.1	165349	165361	239
NC_017847.1	165365	165365	240
NC_017847.1	165371	165371	241
NC_017847.1	165472	165473	242
NC_017847.1	168610	168611	243
NC_017847.1	169208	169262	244
NC_017847.1	171538	171541	245
NC_017847.1	171544	171544	246
NC_017847.1	171546	171590	247
NC_017847.1	171592	171592	248
NC_017847.1	171665	174048	249
NC_017847.1	174219	174227	250
NC_017847.1	174474	174513	251
NC_017847.1	174925	175175	252
NC_017847.1	175177	175180	253
NC_017847.1	178547	178547	254
NC_017847.1	181874	181874	255
NC_017847.1	182772	182894	256
NC_017847.1	184231	184296	257
NC_017847.1	185876	185877	258
NC_017847.1	186435	186435	259
NC_017847.1	188685	188693	260
NC_017847.1	189612	189677	261
NC_017847.1	189679	189680	262
NC_017847.1	189682	189682	263
NC_017847.1	189684	189684	264
NC_017847.1	192228	192228	265
NC_017847.1	192903	192904	266
NC_017847.1	192922	194249	267
NC_017847.1	195450	195451	268
NC_017847.1	196242	196242	269
NC_017847.1	196308	196506	270
NC_017847.1	197228	197247	271
NC_017847.1	197251	197252	272
NC_017847.1	197255	197255	273
NC_017847.1	198132	198151	274
NC_017847.1	198153	198154	275
NC_017847.1	198156	198256	276
NC_017847.1	198431	198432	277
NC_017847.1	198836	198836	278
NC_017847.1	204272	204272	279
NC_017847.1	204285	204286	280
NC_017847.1	204294	204294	281
NC_017847.1	204296	204296	282
NC_017847.1	204306	204311	283
NC_017847.1	204322	204326	284
NC_017847.1	204328	204338	285
NC_017847.1	204809	204809	286
NC_017847.1	205059	205059	287
NC_017847.1	205074	205102	288
NC_017847.1	206584	206584	289
NC_017847.1	206787	206787	290
NC_017847.1	207202	207239	291
NC_017847.1	207244	207244	292
NC_017847.1	207273	207924	293
NC_017847.1	207996	207997	294
NC_017847.1	208000	208001	295
NC_017847.1	208004	208004	296
NC_017847.1	208201	208201	297
NC_017847.1	208203	208843	298
NC_017847.1	208845	208845	299
NC_017847.1	208847	208848	300
NC_017847.1	208981	208987	301
NC_017847.1	209069	209077	302
NC_017847.1	209210	209210	303
NC_017847.1	209212	209212	304
NC_017847.1	209216	209216	305
NC_017847.1	209219	209219	306
NC_017847.1	209221	209221	307
NC_017847.1	209229	209229	308
NC_017847.1	209231	209231	309
NC_017847.1	209234	209234	310
NC_017847.1	209242	209242	311
NC_017847.1	209247	209247	312
NC_017847.1	209252	209252	313
NC_017847.1	209255	209255	314
NC_017847.1	209356	209356	315
NC_017847.1	209361	209362	316
NC_017847.1	209364	209364	317
NC_017847.1	209406	209415	318
NC_017847.1	209419	209419	319
NC_017847.1	209422	209445	320
NC_017847.1	209905	209905	321
NC_017847.1	210688	210696	322
NC_017847.1	210830	212585	323
NC_017847.1	217333	217341	324
NC_017847.1	217355	217356	325
NC_017847.1	217540	217540	326
NC_017847.1	217543	217543	327
NC_017847.1	218812	218812	328
NC_017847.1	218814	218976	329
NC_017847.1	222329	222329	330
NC_017847.1	225695	225816	331
NC_017847.1	226941	227016	332
NC_017847.1	227417	227417	333
NC_017847.1	230263	230263	334
NC_017847.1	230294	230294	335
NC_017847.1	231924	231924	336
NC_017847.1	232626	232627	337
NC_017847.1	233249	233249	338
NC_017847.1	233254	233254	339
NC_017847.1	233256	233475	340
NC_017847.1	233706	233715	341
NC_017847.1	233798	233805	342
NC_017847.1	233925	233933	343
NC_017847.1	234774	234775	344
NC_017847.1	235010	235011	345
NC_017847.1	235014	235015	346
NC_017847.1	235018	235020	347
NC_017847.1	235127	235127	348
NC_017847.1	235132	235132	349
NC_017847.1	235134	235143	350
NC_017847.1	235145	235145	351
NC_017847.1	235174	235174	352
NC_017847.1	235211	235218	353
NC_017847.1	235402	235403	354
NC_017847.1	235405	235413	355
NC_017847.1	236212	236440	356
NC_017847.1	236616	236660	357
NC_017847.1	236663	236664	358
NC_017847.1	236684	236684	359
NC_017847.1	236697	236698	360
NC_017847.1	236716	236793	361
NC_017847.1	236812	236812	362
NC_017847.1	236820	236820	363
NC_017847.1	236828	236828	364
NC_017847.1	236830	236870	365
NC_017847.1	239200	239200	366
NC_017847.1	239654	239654	367
NC_017847.1	239672	239672	368
NC_017847.1	240081	240354	369
NC_017847.1	240356	240356	370
NC_017847.1	240358	240359	371
NC_017847.1	240842	240842	372
NC_017847.1	240847	240848	373
NC_017847.1	241073	241074	374
NC_017847.1	241076	241187	375
NC_017847.1	241521	241521	376
NC_017847.1	241526	241527	377
NC_017847.1	241529	241535	378
NC_017847.1	243089	243157	379
NC_017847.1	243160	243160	380
NC_017847.1	243162	243198	381
NC_017847.1	243201	243203	382
NC_017847.1	243205	243205	383
NC_017847.1	243225	243226	384
NC_017847.1	243229	243231	385
NC_017847.1	243234	243235	386
NC_017847.1	243237	243238	387
NC_017847.1	243243	243243	388
NC_017847.1	243247	243255	389
NC_017847.1	243263	243267	390
NC_017847.1	243269	243307	391
NC_017847.1	243330	243330	392
NC_017847.1	243343	243345	393
NC_017847.1	243348	243348	394
NC_017847.1	243361	243362	395
NC_017847.1	243372	243374	396
NC_017847.1	243377	243380	397
NC_017847.1	243382	243382	398
NC_017847.1	243387	243387	399
NC_017847.1	243390	243391	400
NC_017847.1	243393	243423	401
NC_017847.1	243433	243433	402
NC_017847.1	243435	243436	403
NC_017847.1	243438	244441	404
NC_017847.1	244465	244466	405
NC_017847.1	244468	244469	406
NC_017847.1	244572	244572	407
NC_017847.1	244582	244582	408
NC_017847.1	244584	244584	409
NC_017847.1	244586	248170	410
NC_017847.1	248173	248173	411
NC_017847.1	248181	248189	412
NC_017847.1	248338	248338	413
NC_017847.1	248347	248348	414
NC_017847.1	248359	248367	415
NC_017847.1	248370	248370	416
NC_017847.1	248372	248375	417
NC_017847.1	248387	248387	418
NC_017847.1	248389	248390	419
NC_017847.1	248395	248395	420
NC_017847.1	248412	248414	421
NC_017847.1	248442	248443	422
NC_017847.1	248506	251512	423
NC_017847.1	252201	252201	424
NC_017847.1	253629	253629	425
NC_017847.1	255449	255450	426
NC_017847.1	256423	256626	427
NC_017847.1	257317	257317	428
NC_017847.1	257319	257319	429
NC_017847.1	257322	257324	430
NC_017847.1	257327	257329	431
NC_017847.1	258510	258518	432
NC_017847.1	261402	261477	433
NC_017847.1	261773	261781	434
NC_017847.1	262107	262108	435
NC_017847.1	262114	262424	436
NC_017847.1	262450	262451	437
NC_017847.1	264048	264049	438
NC_017847.1	264052	264053	439
NC_017847.1	264069	264069	440
NC_017847.1	266134	266166	441
NC_017847.1	266185	266185	442
NC_017847.1	266189	266290	443
NC_017847.1	268131	268412	444
NC_017847.1	268415	268415	445
NC_017847.1	268431	268770	446
NC_017847.1	270752	270806	447
NC_017847.1	270926	270926	448
NC_017847.1	273252	273252	449
NC_017847.1	273254	273586	450
NC_017847.1	275947	276007	451
NC_017847.1	276347	276397	452
NC_017847.1	276519	276573	453
NC_017847.1	278598	278599	454
NC_017847.1	279654	279778	455
NC_017847.1	281144	281221	456
NC_017847.1	281344	281344	457
NC_017847.1	283086	283812	458
NC_017847.1	283815	283815	459
NC_017847.1	283817	283817	460
NC_017847.1	284096	284329	461
NC_017847.1	284332	284336	462
NC_017847.1	284339	284341	463
NC_017847.1	284345	284353	464
NC_017847.1	284356	284359	465
NC_017847.1	284513	284513	466
NC_017847.1	284518	284553	467
NC_017847.1	285085	292464	468
NC_017847.1	294177	294177	469
NC_017847.1	294186	294234	470
NC_017847.1	295403	296825	471
NC_017847.1	298161	298161	472
NC_017847.1	298251	298251	473
NC_017847.1	298274	298349	474
NC_017847.1	300511	300539	475
NC_017847.1	300541	300855	476
NC_017847.1	301849	301942	477
NC_017847.1	301949	301949	478
NC_017847.1	301953	301954	479
NC_017847.1	301956	301956	480
NC_017847.1	301958	301962	481
NC_017847.1	301971	301971	482
NC_017847.1	304439	304440	483
NC_017847.1	305313	305314	484
NC_017847.1	313103	313104	485
NC_017847.1	313569	313570	486
NC_017847.1	315827	315827	487
NC_017847.1	316153	316157	488
NC_017847.1	317201	317203	489
NC_017847.1	321021	321077	490
NC_017847.1	327360	327361	491
NC_017847.1	327410	327410	492
NC_017847.1	327851	327859	493
NC_017847.1	328428	328468	494
NC_017847.1	330138	330229	495
NC_017847.1	330788	334040	496
NC_017847.1	334674	334678	497
NC_017847.1	334704	334705	498
NC_017847.1	335395	335395	499
NC_017847.1	335397	335433	500
NC_017847.1	335626	335848	501
NC_017847.1	335857	335857	502
NC_017847.1	336277	336285	503
NC_017847.1	338496	338496	504
NC_017847.1	338499	338642	505
NC_017847.1	338645	338646	506
NC_017847.1	338652	338652	507
NC_017847.1	340724	340724	508
NC_017847.1	340727	340884	509
NC_017847.1	340886	340886	510
NC_017847.1	340888	340892	511
NC_017847.1	340894	340895	512
NC_017847.1	345266	345335	513
NC_017847.1	345691	345717	514
NC_017847.1	347303	347631	515
NC_017847.1	347879	348187	516
NC_017847.1	350318	350318	517
NC_017847.1	350864	350864	518
NC_017847.1	351693	351693	519
NC_017847.1	351697	351697	520
NC_017847.1	352839	352841	521
NC_017847.1	354163	354286	522
NC_017847.1	354834	354835	523
NC_017847.1	354848	354848	524
NC_017847.1	354869	355050	525
NC_017847.1	356378	356378	526
NC_017847.1	358943	358944	527
NC_017847.1	360442	360443	528
NC_017847.1	360935	360935	529
NC_017847.1	361925	361978	530
NC_017847.1	361981	361981	531
NC_017847.1	364054	364107	532
NC_017847.1	365228	365263	533
NC_017847.1	365265	365267	534
NC_017847.1	365763	365768	535
NC_017847.1	365920	365921	536
NC_017847.1	365923	365923	537
NC_017847.1	365931	365932	538
NC_017847.1	365936	365988	539
NC_017847.1	365990	365991	540
NC_017847.1	366177	366427	541
NC_017847.1	366430	366430	542
NC_017847.1	373087	373573	543
NC_017847.1	375003	375003	544
NC_017847.1	375005	375886	545
NC_017847.1	377374	377376	546
NC_017847.1	377378	377379	547
NC_017847.1	377465	377465	548
NC_017847.1	377468	378334	549
NC_017847.1	378640	378640	550
NC_017847.1	380461	380468	551
NC_017847.1	380471	380472	552
NC_017847.1	380806	380806	553
NC_017847.1	383525	383525	554
NC_017847.1	383529	383529	555
NC_017847.1	383535	383550	556
NC_017847.1	383552	383552	557
NC_017847.1	383568	383569	558
NC_017847.1	383741	383912	559
NC_017847.1	383933	384079	560
NC_017847.1	384479	384606	561
NC_017847.1	384608	384610	562
NC_017847.1	384612	384619	563
NC_017847.1	384638	384639	564
NC_017847.1	384641	384641	565
NC_017847.1	384644	384645	566
NC_017847.1	384648	384651	567
NC_017847.1	384680	384681	568
NC_017847.1	384683	384684	569
NC_017847.1	384698	384699	570
NC_017847.1	384701	384902	571
NC_017847.1	386636	386668	572
NC_017847.1	386671	386671	573
NC_017847.1	386677	386685	574
NC_017847.1	386706	386707	575
NC_017847.1	386716	386716	576
NC_017847.1	387767	387835	577
NC_017847.1	388523	388634	578
NC_017847.1	388957	390095	579
NC_017847.1	393167	394110	580
NC_017847.1	396230	396261	581
NC_017847.1	397821	397822	582
NC_017847.1	397860	397861	583
NC_017847.1	398392	398400	584
NC_017847.1	398593	398594	585
NC_017847.1	398597	398637	586
NC_017847.1	398639	398639	587
NC_017847.1	398754	398754	588
NC_017847.1	400779	400874	589
NC_017847.1	401313	401313	590
NC_017847.1	401326	401326	591
NC_017847.1	401328	401331	592
NC_017847.1	401333	401334	593
NC_017847.1	401338	401357	594
NC_017847.1	401359	401505	595
NC_017847.1	401507	401513	596
NC_017847.1	403166	403174	597
NC_017847.1	405169	405266	598
NC_017847.1	405481	405481	599
NC_017847.1	405487	405487	600
NC_017847.1	408921	408983	601
NC_017847.1	410643	410644	602
NC_017847.1	410687	411178	603
NC_017847.1	411280	411313	604
NC_017847.1	412090	413142	605
NC_017847.1	416061	416061	606
NC_017847.1	420596	420604	607
NC_017847.1	421180	421180	608
NC_017847.1	424208	424209	609
NC_017847.1	424372	424372	610
NC_017847.1	424374	424374	611
NC_017847.1	424376	424454	612
NC_017847.1	424459	424459	613
NC_017847.1	424461	424462	614
NC_017847.1	430154	430286	615
NC_017847.1	440034	440090	616
NC_017847.1	447752	447913	617
NC_017847.1	449463	449464	618
NC_017847.1	450749	450749	619
NC_017847.1	450777	450777	620
NC_017847.1	451094	451094	621
NC_017847.1	451127	451127	622
NC_017847.1	451244	451252	623
NC_017847.1	451254	451256	624
NC_017847.1	451258	451258	625
NC_017847.1	451260	451261	626
NC_017847.1	451263	451266	627
NC_017847.1	451272	451272	628
NC_017847.1	451274	451275	629
NC_017847.1	451281	451592	630
NC_017847.1	451751	451751	631
NC_017847.1	451753	451753	632
NC_017847.1	456373	456376	633
NC_017847.1	456379	456379	634
NC_017847.1	456414	456468	635
NC_017847.1	456496	456496	636
NC_017847.1	461953	461955	637
NC_017847.1	461964	461964	638
NC_017847.1	461968	461968	639
NC_017847.1	461975	462029	640
NC_017847.1	462183	466401	641
NC_017847.1	466982	466982	642
NC_017847.1	467002	467002	643
NC_017847.1	467010	467010	644
NC_017847.1	467015	467015	645
NC_017847.1	467132	467279	646
NC_017847.1	468475	468585	647
NC_017847.1	470272	470332	648
NC_017847.1	472554	472555	649
NC_017847.1	472560	472560	650
NC_017847.1	472562	472595	651
NC_017847.1	474840	474960	652
NC_017847.1	475024	475025	653
NC_017847.1	483246	483247	654
NC_017847.1	483680	483688	655
NC_017847.1	486680	486681	656
NC_017847.1	487775	494586	657
NC_017847.1	499518	499892	658
NC_017847.1	502578	502580	659
NC_017847.1	504929	505227	660
NC_017847.1	505396	505396	661
NC_017847.1	505400	505460	662
NC_017847.1	511055	511061	663
NC_017847.1	511067	511069	664
NC_017847.1	511360	511361	665
NC_017847.1	517794	517862	666
NC_017847.1	517864	517870	667
NC_017847.1	517874	517874	668
NC_017847.1	518073	518103	669
NC_017847.1	518363	518371	670
NC_017847.1	518742	518809	671
NC_017847.1	518940	518948	672
NC_017847.1	519672	519719	673
NC_017847.1	519723	519723	674
NC_017847.1	519865	519866	675
NC_017847.1	519868	519873	676
NC_017847.1	519875	519876	677
NC_017847.1	520060	526107	678
NC_017847.1	526140	526141	679
NC_017847.1	526685	526706	680
NC_017847.1	526784	526785	681
NC_017847.1	526788	526800	682
NC_017847.1	527075	527085	683
NC_017847.1	527430	529451	684
NC_017847.1	531728	531768	685
NC_017847.1	531772	531777	686
NC_017847.1	531779	531779	687
NC_017847.1	531782	531782	688
NC_017847.1	532667	532667	689
NC_017847.1	532675	532675	690
NC_017847.1	533243	533244	691
NC_017847.1	540570	540571	692
NC_017847.1	540583	540586	693
NC_017847.1	540594	540595	694
NC_017847.1	545178	545179	695
NC_017847.1	545253	545260	696
NC_017847.1	545268	545269	697
NC_017847.1	545542	545543	698
NC_017847.1	545545	545546	699
NC_017847.1	545717	545816	700
NC_017847.1	545900	545901	701
NC_017847.1	545906	545908	702
NC_017847.1	547010	547092	703
NC_017847.1	548160	548160	704
NC_017847.1	548411	552959	705
NC_017847.1	552961	552961	706
NC_017847.1	559033	566856	707
NC_017847.1	568705	568706	708
NC_017847.1	569039	569047	709
NC_017847.1	570263	570617	710
NC_017847.1	573337	573527	711
NC_017847.1	574221	574277	712
NC_017847.1	574510	574510	713
NC_017847.1	575031	576963	714
NC_017847.1	576966	576966	715
NC_017847.1	588427	590629	716
NC_017847.1	591251	591252	717
NC_017847.1	591258	591259	718
NC_017847.1	593968	594334	719
NC_017847.1	600319	600630	720
NC_017847.1	602394	602394	721
NC_017847.1	603241	603242	722
NC_017847.1	603244	603247	723
NC_017847.1	603250	603350	724
NC_017847.1	606361	606362	725
NC_017847.1	606930	606931	726
NC_017847.1	606956	606958	727
NC_017847.1	606974	606998	728
NC_017847.1	609062	609062	729
NC_017847.1	609064	609064	730
NC_017847.1	609067	609143	731
NC_017847.1	609438	609439	732
NC_017847.1	609502	609503	733
NC_017847.1	609524	609532	734
NC_017847.1	610248	610248	735
NC_017847.1	610263	610263	736
NC_017847.1	611310	611439	737
NC_017847.1	612086	612125	738
NC_017847.1	615538	615538	739
NC_017847.1	615565	615565	740
NC_017847.1	616080	616195	741
NC_017847.1	618050	618051	742
NC_017847.1	618074	618127	743
NC_017847.1	618249	618251	744
NC_017847.1	624321	624368	745
NC_017847.1	625292	625300	746
NC_017847.1	627123	627388	747
NC_017847.1	627390	627391	748
NC_017847.1	627453	627454	749
NC_017847.1	627775	627957	750
NC_017847.1	628637	628638	751
NC_017847.1	628644	628644	752
NC_017847.1	628695	628696	753
NC_017847.1	628711	628715	754
NC_017847.1	630256	630256	755
NC_017847.1	630319	630320	756
NC_017847.1	636294	636294	757
NC_017847.1	636307	636307	758
NC_017847.1	636338	636339	759
NC_017847.1	636356	636456	760
NC_017847.1	637112	637113	761
NC_017847.1	640072	644268	762
NC_017847.1	646617	646617	763
NC_017847.1	646619	646714	764
NC_017847.1	647557	647596	765
NC_017847.1	647614	647622	766
NC_017847.1	648110	648210	767
NC_017847.1	648212	648217	768
NC_017847.1	648220	648220	769
NC_017847.1	648521	648526	770
NC_017847.1	648528	649146	771
NC_017847.1	649602	649602	772
NC_017847.1	649627	649627	773
NC_017847.1	655847	655855	774
NC_017847.1	656328	656612	775
NC_017847.1	665221	665322	776
NC_017847.1	666655	666655	777
NC_017847.1	666657	666663	778
NC_017847.1	666670	666792	779
NC_017847.1	668167	668168	780
NC_017847.1	668203	668204	781
NC_017847.1	668206	668206	782
NC_017847.1	668759	669772	783
NC_017847.1	669774	669774	784
NC_017847.1	670335	670370	785
NC_017847.1	670380	670380	786
NC_017847.1	670383	670383	787
NC_017847.1	670385	670386	788
NC_017847.1	670388	670390	789
NC_017847.1	673362	673410	790
NC_017847.1	678413	678746	791
NC_017847.1	678748	678748	792
NC_017847.1	680929	681075	793
NC_017847.1	684944	684999	794
NC_017847.1	685016	685016	795
NC_017847.1	685338	685615	796
NC_017847.1	685617	685618	797
NC_017847.1	685621	685621	798
NC_017847.1	685627	685627	799
NC_017847.1	685629	685630	800
NC_017847.1	685632	685633	801
NC_017847.1	685635	685637	802
NC_017847.1	685645	685646	803
NC_017847.1	685650	685650	804
NC_017847.1	685656	685669	805
NC_017847.1	685671	685943	806
NC_017847.1	685946	685949	807
NC_017847.1	686194	686194	808
NC_017847.1	686196	686198	809
NC_017847.1	686202	686202	810
NC_017847.1	687560	687568	811
NC_017847.1	688244	689884	812
NC_017847.1	699694	699694	813
NC_017847.1	701308	701340	814
NC_017847.1	701342	701343	815
NC_017847.1	701684	702639	816
NC_017847.1	702997	703368	817
NC_017847.1	706390	706509	818
NC_017847.1	706512	706512	819
NC_017847.1	706514	706514	820
NC_017847.1	707319	707428	821
NC_017847.1	708483	708484	822
NC_017847.1	708521	708576	823
NC_017847.1	710603	710620	824
NC_017847.1	710623	710628	825
NC_017847.1	710632	710632	826
NC_017847.1	710635	710651	827
NC_017847.1	710681	710682	828
NC_017847.1	710684	710685	829
NC_017847.1	711648	711674	830
NC_017847.1	712288	712288	831
NC_017847.1	713195	713195	832
NC_017847.1	713197	713199	833
NC_017847.1	713202	713202	834
NC_017847.1	713207	713352	835
NC_017847.1	716228	716228	836
NC_017847.1	716258	716259	837
NC_017847.1	719345	719353	838
NC_017847.1	720686	720694	839
NC_017847.1	720697	721020	840
NC_017847.1	721420	721483	841
NC_017847.1	721918	722295	842
NC_017847.1	722328	722337	843
NC_017847.1	722399	722403	844
NC_017847.1	722408	722408	845
NC_017847.1	722418	722419	846
NC_017847.1	722438	722438	847
NC_017847.1	722453	722453	848
NC_017847.1	722455	722455	849
NC_017847.1	722459	722473	850
NC_017847.1	722475	722475	851
NC_017847.1	722477	724618	852
NC_017847.1	724621	724621	853
NC_017847.1	724623	724625	854
NC_017847.1	724640	724640	855
NC_017847.1	724708	724728	856
NC_017847.1	724732	724732	857
NC_017847.1	724734	724817	858
NC_017847.1	724819	724820	859
NC_017847.1	724825	725045	860
NC_017847.1	725047	725071	861
NC_017847.1	725074	725093	862
NC_017847.1	725096	725102	863
NC_017847.1	725123	725155	864
NC_017847.1	725157	725202	865
NC_017847.1	725524	725537	866
NC_017847.1	725539	725550	867
NC_017847.1	725552	725552	868
NC_017847.1	725561	725614	869
NC_017847.1	725629	725629	870
NC_017847.1	725635	725635	871
NC_017847.1	725643	725651	872
NC_017847.1	726082	726087	873
NC_017847.1	726093	726184	874
NC_017847.1	726897	726898	875
NC_017847.1	726904	726904	876
NC_017847.1	726907	726907	877
NC_017847.1	726912	726913	878
NC_017847.1	726915	726916	879
NC_017847.1	726973	726980	880
NC_017847.1	727040	727218	881
NC_017847.1	728742	728805	882
NC_017847.1	729697	729798	883
NC_017847.1	729803	729803	884
NC_017847.1	729817	729830	885
NC_017847.1	729832	729833	886
NC_017847.1	729856	729885	887
NC_017847.1	730510	730727	888
NC_017847.1	730740	730741	889
NC_017847.1	730993	730995	890
NC_017847.1	731042	732892	891
NC_017847.1	737602	737611	892
NC_017847.1	738139	738140	893
NC_017847.1	738440	738502	894
NC_017847.1	738504	738513	895
NC_017847.1	744876	744884	896
NC_017847.1	745177	745177	897
NC_017847.1	751225	751227	898
NC_017847.1	751229	751233	899
NC_017847.1	754958	754962	900
NC_017847.1	754964	755142	901
NC_017847.1	757273	757273	902
NC_017847.1	757276	757374	903
NC_017847.1	757377	757377	904
NC_017847.1	757380	757382	905
NC_017847.1	759166	759168	906
NC_017847.1	759170	759171	907
NC_017847.1	759175	759179	908
NC_017847.1	759181	759181	909
NC_017847.1	759191	759192	910
NC_017847.1	759968	759999	911
NC_017847.1	762425	762610	912
NC_017847.1	763460	764870	913
NC_017847.1	766377	766443	914
NC_017847.1	767981	767981	915
NC_017847.1	767989	767989	916
NC_017847.1	767992	767996	917
NC_017847.1	767998	767998	918
NC_017847.1	768002	768462	919
NC_017847.1	772071	772072	920
NC_017847.1	772107	772107	921
NC_017847.1	772109	772109	922
NC_017847.1	772119	772119	923
NC_017847.1	772121	772125	924
NC_017847.1	772127	772127	925
NC_017847.1	772131	772398	926
NC_017847.1	780352	780791	927
NC_017847.1	781873	781885	928
NC_017847.1	781887	781964	929
NC_017847.1	783835	783835	930
NC_017847.1	783840	783842	931
NC_017847.1	783844	783858	932
NC_017847.1	783860	783860	933
NC_017847.1	783863	783867	934
NC_017847.1	783909	783910	935
NC_017847.1	783912	783913	936
NC_017847.1	783916	783929	937
NC_017847.1	783931	783931	938
NC_017847.1	785178	785178	939
NC_017847.1	785528	797562	940
NC_017847.1	797652	797652	941
NC_017847.1	798619	798619	942
NC_017847.1	798623	798993	943
NC_017847.1	799670	799700	944
NC_017847.1	799702	799706	945
NC_017847.1	799708	799767	946
NC_017847.1	801342	801344	947
NC_017847.1	801458	801646	948
NC_017847.1	801746	801775	949
NC_017847.1	802639	802782	950
NC_017847.1	802784	802784	951
NC_017847.1	802791	802792	952
NC_017847.1	802794	802801	953
NC_017847.1	802808	802811	954
NC_017847.1	802856	802859	955
NC_017847.1	808396	808396	956
NC_017847.1	808541	808624	957
NC_017847.1	808626	808626	958
NC_017847.1	808629	808630	959
NC_017847.1	809095	809162	960
NC_017847.1	809321	809324	961
NC_017847.1	809326	809326	962
NC_017847.1	813444	813444	963
NC_017847.1	814944	815148	964
NC_017847.1	815150	815150	965
NC_017847.1	815152	815152	966
NC_017847.1	817019	817020	967
NC_017847.1	817043	817043	968
NC_017847.1	817107	817107	969
NC_017847.1	817110	817110	970
NC_017847.1	817116	817116	971
NC_017847.1	817119	817119	972
NC_017847.1	817127	817192	973
NC_017847.1	819211	819211	974
NC_017847.1	821156	821401	975
NC_017847.1	822728	823139	976
NC_017847.1	826608	827118	977
NC_017847.1	827120	827133	978
NC_017847.1	827135	827143	979
NC_017847.1	827145	827145	980
NC_017847.1	827155	827155	981
NC_017847.1	827157	827157	982
NC_017847.1	827159	827159	983
NC_017847.1	827168	827168	984
NC_017847.1	827170	827170	985
NC_017847.1	828413	830767	986
NC_017847.1	831439	831439	987
NC_017847.1	831441	831445	988
NC_017847.1	831447	831495	989
NC_017847.1	832948	836075	990
NC_017847.1	836636	838234	991
NC_017847.1	838280	838337	992
NC_017847.1	838663	838663	993
NC_017847.1	838665	838827	994
NC_017847.1	840951	840952	995
NC_017847.1	840976	840976	996
NC_017847.1	840985	840986	997
NC_017847.1	840995	840996	998
NC_017847.1	840999	841002	999
NC_017847.1	841098	841098	1000
NC_017847.1	841476	841484	1001
NC_017847.1	841514	841560	1002
NC_017847.1	842546	842547	1003
NC_017847.1	843418	843419	1004
NC_017847.1	844509	844510	1005
NC_017847.1	844513	844514	1006
NC_017847.1	846410	846410	1007
NC_017847.1	848715	848738	1008
NC_017847.1	849796	850055	1009
NC_017847.1	851851	851895	1010
NC_017847.1	853225	853303	1011
NC_017847.1	853886	854084	1012
NC_017847.1	854096	854098	1013
NC_017847.1	854121	854122	1014
NC_017847.1	854600	854657	1015
NC_017847.1	854659	855248	1016
NC_017847.1	855260	855260	1017
NC_017847.1	857259	857260	1018
NC_017847.1	859239	863863	1019
NC_017847.1	863865	863865	1020
NC_017847.1	867197	867198	1021
NC_017847.1	867207	867208	1022
NC_017847.1	867211	867211	1023
NC_017847.1	867221	867222	1024
NC_017847.1	867226	867226	1025
NC_017847.1	867232	867320	1026
NC_017847.1	867491	867491	1027
NC_017847.1	870824	870824	1028
NC_017847.1	870828	870828	1029
NC_017847.1	870857	870859	1030
NC_017847.1	870862	870886	1031
NC_017847.1	873454	873455	1032
NC_017847.1	873457	873458	1033
NC_017847.1	873467	873468	1034
NC_017847.1	873481	873482	1035
NC_017847.1	874044	874045	1036
NC_017847.1	876088	876088	1037
NC_017847.1	877839	877853	1038
NC_017847.1	878152	878160	1039
NC_017847.1	880409	880424	1040
NC_017847.1	881152	881152	1041
NC_017847.1	882114	882115	1042
NC_017847.1	882136	882440	1043
NC_017847.1	884255	884405	1044
NC_017847.1	886822	886860	1045
NC_017847.1	887324	887324	1046
NC_017847.1	887347	887348	1047
NC_017847.1	887770	887799	1048
NC_017847.1	887801	887801	1049
NC_017847.1	887803	887806	1050
NC_017847.1	887808	887808	1051
NC_017847.1	887810	887810	1052
NC_017847.1	888171	888172	1053
NC_017847.1	888174	888176	1054
NC_017847.1	888217	888217	1055
NC_017847.1	888219	888321	1056
NC_017847.1	888323	888325	1057
NC_017847.1	891228	891455	1058
NC_017847.1	891674	891676	1059
NC_017847.1	892398	892455	1060
NC_017847.1	892876	892884	1061
NC_017847.1	896310	896549	1062
NC_017847.1	896551	896551	1063
NC_017847.1	896553	896553	1064
NC_017847.1	897768	897798	1065
NC_017847.1	897800	897805	1066
NC_017847.1	897894	897894	1067
NC_017847.1	897901	897904	1068
NC_017847.1	897907	898001	1069
NC_017847.1	898007	898007	1070
NC_017847.1	899067	899067	1071
NC_017847.1	899072	899131	1072
NC_017847.1	900519	900524	1073
NC_017847.1	902744	902744	1074
NC_017847.1	903123	903126	1075
NC_017847.1	903128	903263	1076
NC_017847.1	903844	903851	1077
NC_017847.1	903860	903861	1078
NC_017847.1	906208	906208	1079
NC_017847.1	906210	906288	1080
NC_017847.1	908186	908187	1081
NC_017847.1	911969	912137	1082
NC_017847.1	912374	916709	1083
NC_017847.1	918911	918911	1084
NC_017847.1	918919	918919	1085
NC_017847.1	922697	923107	1086
NC_017847.1	923174	923220	1087
NC_017847.1	926834	927026	1088
NC_017847.1	927028	927028	1089
NC_017847.1	927030	927030	1090
NC_017847.1	935489	935491	1091
NC_017847.1	935493	935497	1092
NC_017847.1	935499	935502	1093
NC_017847.1	935504	935601	1094
NC_017847.1	935603	935603	1095
NC_017847.1	935632	935633	1096
NC_017847.1	937720	937721	1097
NC_017847.1	937736	937736	1098
NC_017847.1	937774	937774	1099
NC_017847.1	938431	938432	1100
NC_017847.1	938454	938455	1101
NC_017847.1	938473	938474	1102
NC_017847.1	939685	939685	1103
NC_017847.1	940082	940082	1104
NC_017847.1	942473	942731	1105
NC_017847.1	943006	943480	1106
NC_017847.1	943527	943528	1107
NC_017847.1	943534	943586	1108
NC_017847.1	949171	949338	1109
NC_017847.1	952472	952480	1110
NC_017847.1	956344	956345	1111
NC_017847.1	963719	963902	1112
NC_017847.1	963905	963905	1113
NC_017847.1	964102	964110	1114
NC_017847.1	964787	964787	1115
NC_017847.1	964858	964934	1116
NC_017847.1	966161	966241	1117
NC_017847.1	966418	966418	1118
NC_017847.1	966422	966739	1119
NC_017847.1	966741	966741	1120
NC_017847.1	966743	966746	1121
NC_017847.1	966749	966749	1122
NC_017847.1	967623	967623	1123
NC_017847.1	968350	968351	1124
NC_017847.1	968358	968360	1125
NC_017847.1	968363	968400	1126
NC_017847.1	969531	969965	1127
NC_017847.1	973619	973729	1128
NC_017847.1	974647	974823	1129
NC_017847.1	977622	977635	1130
NC_017847.1	977646	977658	1131
NC_017847.1	982049	982049	1132
NC_017847.1	982451	1034369	1133
NC_017847.1	1036339	1036339	1134
NC_017847.1	1036477	1036478	1135
NC_017847.1	1036481	1036536	1136
NC_017847.1	1037227	1037514	1137
NC_017847.1	1038690	1038738	1138
NC_017847.1	1040715	1040770	1139
NC_017847.1	1043998	1044002	1140
NC_017847.1	1045484	1045501	1141
NC_017847.1	1045503	1045520	1142
NC_017847.1	1045523	1045523	1143
NC_017847.1	1045559	1045561	1144
NC_017847.1	1045571	1045590	1145
NC_017847.1	1045592	1045592	1146
NC_017847.1	1047097	1047152	1147
NC_017847.1	1047154	1047154	1148
NC_017847.1	1047175	1047175	1149
NC_017847.1	1048898	1048898	1150
NC_017847.1	1049087	1049087	1151
NC_017847.1	1049089	1049173	1152
NC_017847.1	1052415	1052417	1153
NC_017847.1	1052452	1052453	1154
NC_017847.1	1052456	1052464	1155
NC_017847.1	1052472	1052472	1156
NC_017847.1	1052480	1052630	1157
NC_017847.1	1054531	1054531	1158
NC_017847.1	1054534	1054534	1159
NC_017847.1	1055057	1055057	1160
NC_017847.1	1055059	1055169	1161
NC_017847.1	1055922	1055935	1162
NC_017847.1	1056085	1056119	1163
NC_017847.1	1057429	1057529	1164
NC_017847.1	1057531	1057532	1165
NC_017847.1	1057682	1057682	1166
NC_017847.1	1057684	1057719	1167
NC_017847.1	1057721	1057722	1168
NC_017847.1	1057734	1057735	1169
NC_017847.1	1057743	1057748	1170
NC_017847.1	1057750	1057751	1171
NC_017847.1	1057753	1057762	1172
NC_017847.1	1057768	1057768	1173
NC_017847.1	1057771	1057771	1174
NC_017847.1	1057773	1057773	1175
NC_017847.1	1057776	1057776	1176
NC_017847.1	1057780	1057827	1177
NC_017847.1	1057829	1057945	1178
NC_017847.1	1058413	1058414	1179
NC_017847.1	1058419	1058534	1180
NC_017847.1	1058536	1058536	1181
NC_017847.1	1058538	1058538	1182
NC_017847.1	1058542	1058542	1183
NC_017847.1	1058544	1058544	1184
NC_017847.1	1058645	1058854	1185
NC_017847.1	1059948	1059996	1186
NC_017847.1	1060895	1060980	1187
NC_017847.1	1062561	1062562	1188
NC_017847.1	1062564	1062630	1189
NC_017847.1	1062640	1062640	1190
NC_017847.1	1062792	1062800	1191
NC_017847.1	1063491	1063492	1192
NC_017847.1	1063546	1063652	1193
NC_017847.1	1063654	1063654	1194
NC_017847.1	1063683	1063683	1195
NC_017847.1	1063693	1063693	1196
NC_017847.1	1063700	1063707	1197
NC_017847.1	1063709	1063710	1198
NC_017847.1	1063712	1063715	1199
NC_017847.1	1063720	1063721	1200
NC_017847.1	1063723	1063723	1201
NC_017847.1	1063732	1063734	1202
NC_017847.1	1063737	1063755	1203
NC_017847.1	1069562	1069689	1204
NC_017847.1	1071990	1071990	1205
NC_017847.1	1074275	1074275	1206
NC_017847.1	1076196	1076198	1207
NC_017847.1	1076200	1076202	1208
NC_017847.1	1076205	1076311	1209
NC_017847.1	1076314	1076327	1210
NC_017847.1	1076329	1076330	1211
NC_017847.1	1076332	1076344	1212
NC_017847.1	1076349	1076349	1213
NC_017847.1	1076354	1076360	1214
NC_017847.1	1076650	1076658	1215
NC_017847.1	1076986	1077084	1216
NC_017847.1	1077091	1077091	1217
NC_017847.1	1078188	1078190	1218
NC_017847.1	1080443	1080444	1219
NC_017847.1	1080639	1080639	1220
NC_017847.1	1080682	1080682	1221
NC_017847.1	1080940	1080986	1222
NC_017847.1	1081677	1081702	1223
NC_017847.1	1082398	1082398	1224
NC_017847.1	1082400	1082709	1225
NC_017847.1	1082908	1082908	1226
NC_017847.1	1085852	1085853	1227
NC_017847.1	1085855	1085875	1228
NC_017847.1	1085879	1085881	1229
NC_017847.1	1085978	1085978	1230
NC_017847.1	1086784	1086784	1231
NC_017847.1	1087537	1087538	1232
NC_017847.1	1088090	1088179	1233
NC_017847.1	1091457	1091458	1234
NC_017847.1	1091465	1091778	1235
NC_017847.1	1091781	1091781	1236
NC_017847.1	1096749	1096750	1237
NC_017847.1	1096752	1096753	1238
NC_017847.1	1096755	1096774	1239
NC_017847.1	1096777	1096777	1240
NC_017847.1	1097798	1098105	1241
NC_017847.1	1100184	1100191	1242
NC_017847.1	1100784	1100844	1243
NC_017847.1	1100852	1100852	1244
NC_017847.1	1100854	1100854	1245
NC_017847.1	1100856	1100856	1246
NC_017847.1	1100946	1101086	1247
NC_017847.1	1105562	1105598	1248
NC_017847.1	1105602	1105651	1249
NC_017847.1	1107900	1107911	1250
NC_017847.1	1109735	1109743	1251
NC_017847.1	1110990	1110990	1252
NC_017847.1	1114226	1114304	1253
NC_017847.1	1114307	1114307	1254
NC_017847.1	1118842	1118850	1255
NC_017847.1	1119740	1119741	1256
NC_017847.1	1119743	1119744	1257
NC_017847.1	1119746	1119748	1258
NC_017847.1	1124451	1160133	1259
NC_017847.1	1160173	1160174	1260
NC_017847.1	1160190	1160190	1261
NC_017847.1	1160238	1160238	1262
NC_017847.1	1160246	1160247	1263
NC_017847.1	1160589	1160590	1264
NC_017847.1	1161386	1161510	1265
NC_017847.1	1161554	1161554	1266
NC_017847.1	1162122	1162123	1267
NC_017847.1	1162458	1162466	1268
NC_017847.1	1162511	1162511	1269
NC_017847.1	1162518	1162523	1270
NC_017847.1	1162527	1162527	1271
NC_017847.1	1162544	1162728	1272
NC_017847.1	1162731	1162732	1273
NC_017847.1	1162753	1162753	1274
NC_017847.1	1164312	1164765	1275
NC_017847.1	1168132	1168134	1276
NC_017847.1	1168354	1168359	1277
NC_017847.1	1168679	1169028	1278
NC_017847.1	1169059	1169059	1279
NC_017847.1	1172901	1172902	1280
NC_017847.1	1172908	1172914	1281
NC_017847.1	1172916	1172921	1282
NC_017847.1	1172923	1172949	1283
NC_017847.1	1172951	1172956	1284
NC_017847.1	1173174	1175312	1285
NC_017847.1	1177813	1177815	1286
NC_017847.1	1177820	1177820	1287
NC_017847.1	1177822	1177843	1288
NC_017847.1	1179684	1179743	1289
NC_017847.1	1183579	1183580	1290
NC_017847.1	1183582	1183766	1291
NC_017847.1	1186986	1186986	1292
NC_017847.1	1187014	1187022	1293
NC_017847.1	1187027	1187027	1294
NC_017847.1	1187061	1187061	1295
NC_017847.1	1188228	1188703	1296
NC_017847.1	1188707	1188707	1297
NC_017847.1	1188908	1189026	1298
NC_017847.1	1189033	1189057	1299
NC_017847.1	1189902	1189902	1300
NC_017847.1	1189912	1189912	1301
NC_017847.1	1192094	1192430	1302
NC_017847.1	1193006	1193006	1303
NC_017847.1	1193013	1193013	1304
NC_017847.1	1193015	1193531	1305
NC_017847.1	1193547	1193548	1306
NC_017847.1	1193614	1193621	1307
NC_017847.1	1194054	1194077	1308
NC_017847.1	1194111	1194672	1309
NC_017847.1	1194675	1194676	1310
NC_017847.1	1194960	1194960	1311
NC_017847.1	1194969	1194969	1312
NC_017847.1	1195083	1195083	1313
NC_017847.1	1195086	1195086	1314
NC_017847.1	1195314	1195314	1315
NC_017847.1	1195318	1195318	1316
NC_017847.1	1195332	1195332	1317
NC_017847.1	1195347	1195347	1318
NC_017847.1	1195368	1195368	1319
NC_017847.1	1195395	1195395	1320
NC_017847.1	1195533	1195533	1321
NC_017847.1	1195584	1195584	1322
NC_017847.1	1195658	1195658	1323
NC_017847.1	1195878	1198453	1324
NC_017847.1	1198461	1198461	1325
NC_017847.1	1199993	1199996	1326
NC_017847.1	1202639	1202647	1327
NC_017847.1	1204778	1204822	1328
NC_017847.1	1206892	1206893	1329
NC_017847.1	1206972	1207170	1330
NC_017847.1	1208724	1208724	1331
NC_017847.1	1209955	1209955	1332
NC_017847.1	1209966	1209974	1333
NC_017847.1	1211558	1211650	1334
NC_017847.1	1212326	1212334	1335
NC_017847.1	1212674	1212675	1336
NC_017847.1	1212700	1212700	1337
NC_017847.1	1213324	1213581	1338
NC_017847.1	1213603	1213603	1339
NC_017847.1	1214210	1214516	1340
NC_017847.1	1214876	1214877	1341
NC_017847.1	1214881	1214896	1342
NC_017847.1	1215084	1215084	1343
NC_017847.1	1215088	1215088	1344
NC_017847.1	1215092	1215092	1345
NC_017847.1	1215099	1215099	1346
NC_017847.1	1215103	1215103	1347
NC_017847.1	1215110	1215110	1348
NC_017847.1	1216088	1216096	1349
NC_017847.1	1216098	1216118	1350
NC_017847.1	1216404	1216404	1351
NC_017847.1	1216977	1217368	1352
NC_017847.1	1217371	1217371	1353
NC_017847.1	1217373	1217375	1354
NC_017847.1	1217377	1217378	1355
NC_017847.1	1217381	1217381	1356
NC_017847.1	1220581	1220581	1357
NC_017847.1	1220583	1220719	1358
NC_017847.1	1221295	1221871	1359
NC_017847.1	1222207	1222231	1360
NC_017847.1	1223001	1223001	1361
NC_017847.1	1223006	1224332	1362
NC_017847.1	1225171	1225286	1363
NC_017847.1	1231513	1231675	1364
NC_017847.1	1231677	1231681	1365
NC_017847.1	1231693	1231695	1366
NC_017847.1	1231698	1231698	1367
NC_017847.1	1232944	1232959	1368
NC_017847.1	1233070	1233373	1369
NC_017847.1	1233375	1233375	1370
NC_017847.1	1239935	1239943	1371
NC_017847.1	1243021	1243110	1372
NC_017847.1	1244524	1244591	1373
NC_017847.1	1244936	1244936	1374
NC_017847.1	1246156	1246156	1375
NC_017847.1	1246158	1246434	1376
NC_017847.1	1246439	1247365	1377
NC_017847.1	1247473	1247719	1378
NC_017847.1	1251119	1251119	1379
NC_017847.1	1251974	1251975	1380
NC_017847.1	1252762	1253119	1381
NC_017847.1	1253123	1253123	1382
NC_017847.1	1253753	1253753	1383
NC_017847.1	1254007	1254105	1384
NC_017847.1	1254109	1254109	1385
NC_017847.1	1254984	1254984	1386
NC_017847.1	1255004	1255006	1387
NC_017847.1	1260595	1260674	1388
NC_017847.1	1261536	1261537	1389
NC_017847.1	1262404	1262419	1390
NC_017847.1	1262449	1262457	1391
NC_017847.1	1263201	1264780	1392
NC_017847.1	1266074	1266116	1393
NC_017847.1	1266652	1266660	1394
NC_017847.1	1278740	1278767	1395
NC_017847.1	1279515	1279515	1396
NC_017847.1	1279798	1279800	1397
NC_017847.1	1280251	1280438	1398
NC_017847.1	1280446	1280454	1399
NC_017847.1	1280577	1281286	1400
NC_017847.1	1281336	1281337	1401
NC_017847.1	1281339	1281350	1402
NC_017847.1	1281354	1281360	1403
NC_017847.1	1284418	1284582	1404
NC_017847.1	1288929	1288930	1405
NC_017847.1	1289223	1289226	1406
NC_017847.1	1289228	1289243	1407
NC_017847.1	1290164	1290164	1408
NC_017847.1	1291661	1291661	1409
NC_017847.1	1294535	1294754	1410
NC_017847.1	1297762	1297769	1411
NC_017847.1	1298950	1298950	1412
NC_017847.1	1299712	1299712	1413
NC_017847.1	1299834	1299834	1414
NC_017847.1	1299836	1299837	1415
NC_017847.1	1299839	1299952	1416
NC_017847.1	1301250	1301250	1417
NC_017847.1	1304089	1304090	1418
NC_017847.1	1304092	1304212	1419
NC_017847.1	1304956	1304962	1420
NC_017847.1	1305059	1305060	1421
NC_017847.1	1305063	1305064	1422
NC_017847.1	1305762	1305763	1423
NC_017847.1	1306733	1306800	1424
NC_017847.1	1306816	1306817	1425
NC_017847.1	1307662	1307662	1426
NC_017847.1	1308437	1309242	1427
NC_017847.1	1309247	1309247	1428
NC_017847.1	1311675	1312194	1429
NC_017847.1	1313807	1313807	1430
NC_017847.1	1313810	1313810	1431
NC_017847.1	1313812	1313812	1432
NC_017847.1	1313815	1313859	1433
NC_017847.1	1315527	1315527	1434
NC_017847.1	1316650	1316662	1435
NC_017847.1	1321670	1321677	1436
NC_017847.1	1321679	1321679	1437
NC_017847.1	1321682	1321683	1438
NC_017847.1	1321686	1321692	1439
NC_017847.1	1321695	1321699	1440
NC_017847.1	1321701	1321702	1441
NC_017847.1	1325291	1325291	1442
NC_017847.1	1325298	1325307	1443
NC_017847.1	1325309	1325310	1444
NC_017847.1	1325312	1325403	1445
NC_017847.1	1326841	1326850	1446
NC_017847.1	1326852	1326852	1447
NC_017847.1	1326882	1326883	1448
NC_017847.1	1331728	1331731	1449
NC_017847.1	1331733	1331735	1450
NC_017847.1	1331740	1331740	1451
NC_017847.1	1332699	1332700	1452
NC_017847.1	1332802	1332843	1453
NC_017847.1	1333350	1333351	1454
NC_017847.1	1333401	1334061	1455
NC_017847.1	1334063	1334063	1456
NC_017847.1	1334066	1334944	1457
NC_017847.1	1334946	1334954	1458
NC_017847.1	1334958	1334958	1459
NC_017847.1	1334966	1334966	1460
NC_017847.1	1334987	1334997	1461
NC_017847.1	1334999	1334999	1462
NC_017847.1	1335013	1335014	1463
NC_017847.1	1335018	1335018	1464
NC_017847.1	1335021	1335021	1465
NC_017847.1	1335028	1335028	1466
NC_017847.1	1335577	1335577	1467
NC_017847.1	1336007	1336034	1468
NC_017847.1	1336037	1336037	1469
NC_017847.1	1336040	1336042	1470
NC_017847.1	1336045	1336048	1471
NC_017847.1	1336096	1336096	1472
NC_017847.1	1336119	1336119	1473
NC_017847.1	1336151	1336151	1474
NC_017847.1	1336158	1336158	1475
NC_017847.1	1336363	1336431	1476
NC_017847.1	1336519	1336519	1477
NC_017847.1	1336537	1336537	1478
NC_017847.1	1336539	1401117	1479
NC_017847.1	1401119	1401166	1480
NC_017847.1	1401873	1401874	1481
NC_017847.1	1404692	1404807	1482
NC_017847.1	1404810	1404811	1483
NC_017847.1	1408509	1408510	1484
NC_017847.1	1408514	1408520	1485
NC_017847.1	1408526	1408532	1486
NC_017847.1	1408534	1408537	1487
NC_017847.1	1409090	1409127	1488
NC_017847.1	1410749	1410751	1489
NC_017847.1	1410753	1410753	1490
NC_017847.1	1410755	1410755	1491
NC_017847.1	1410898	1410899	1492
NC_017847.1	1412838	1412839	1493
NC_017847.1	1412842	1412872	1494
NC_017847.1	1412874	1412875	1495
NC_017847.1	1412881	1412883	1496
NC_017847.1	1412885	1412887	1497
NC_017847.1	1412893	1412902	1498
NC_017847.1	1412904	1412904	1499
NC_017847.1	1412906	1412907	1500
NC_017847.1	1413064	1413159	1501
NC_017847.1	1414331	1414387	1502
NC_017847.1	1418135	1418135	1503
NC_017847.1	1418908	1418976	1504
NC_017847.1	1420774	1420896	1505
NC_017847.1	1422112	1422148	1506
NC_017847.1	1427329	1427329	1507
NC_017847.1	1427331	1427338	1508
NC_017847.1	1427344	1427347	1509
NC_017847.1	1427350	1427350	1510
NC_017847.1	1427353	1427353	1511
NC_017847.1	1427360	1427360	1512
NC_017847.1	1427426	1427426	1513
NC_017847.1	1430781	1430782	1514
NC_017847.1	1431184	1431184	1515
NC_017847.1	1431491	1431494	1516
NC_017847.1	1431503	1431946	1517
NC_017847.1	1431948	1431949	1518
NC_017847.1	1432124	1432132	1519
NC_017847.1	1437742	1437742	1520
NC_017847.1	1437950	1437952	1521
NC_017847.1	1437975	1437978	1522
NC_017847.1	1438571	1438572	1523
NC_017847.1	1438574	1438574	1524
NC_017847.1	1438576	1438577	1525
NC_017847.1	1438579	1438581	1526
NC_017847.1	1438583	1438584	1527
NC_017847.1	1438589	1438589	1528
NC_017847.1	1439890	1439958	1529
NC_017847.1	1440522	1440523	1530
NC_017847.1	1440724	1440724	1531
NC_017847.1	1440788	1440896	1532
NC_017847.1	1441129	1441169	1533
NC_017847.1	1441173	1441177	1534
NC_017847.1	1441179	1441179	1535
NC_017847.1	1441181	1441181	1536
NC_017847.1	1443010	1443010	1537
NC_017847.1	1443012	1443149	1538
NC_017847.1	1445051	1445052	1539
NC_017847.1	1445061	1445062	1540
NC_017847.1	1446966	1447192	1541
NC_017847.1	1447194	1447194	1542
NC_017847.1	1447568	1447568	1543
NC_017847.1	1447570	1447570	1544
NC_017847.1	1447572	1447572	1545
NC_017847.1	1447577	1447579	1546
NC_017847.1	1447581	1447584	1547
NC_017847.1	1447586	1447617	1548
NC_017847.1	1448246	1448246	1549
NC_017847.1	1450223	1450223	1550
NC_017847.1	1451360	1451360	1551
NC_017847.1	1451362	1451366	1552
NC_017847.1	1453805	1453828	1553
NC_017847.1	1453830	1453831	1554
NC_017847.1	1455801	1457225	1555
NC_017847.1	1460420	1460510	1556
NC_017847.1	1463977	1463977	1557
NC_017847.1	1464021	1464021	1558
NC_017847.1	1464038	1464038	1559
NC_017847.1	1464553	1464554	1560
NC_017847.1	1464984	1464997	1561
NC_017847.1	1465418	1465889	1562
NC_017847.1	1465891	1465891	1563
NC_017847.1	1466406	1466406	1564
NC_017847.1	1466409	1466457	1565
NC_017847.1	1466459	1466461	1566
NC_017847.1	1467205	1467227	1567
NC_017847.1	1467357	1467357	1568
NC_017847.1	1467362	1467362	1569
NC_017847.1	1471307	1471310	1570
NC_017847.1	1471312	1471312	1571
NC_017847.1	1471315	1471318	1572
NC_017847.1	1475897	1475898	1573
NC_017847.1	1479262	1479263	1574
NC_017847.1	1479272	1479272	1575
NC_017847.1	1479279	1479279	1576
NC_017847.1	1479282	1480013	1577
NC_017847.1	1480151	1480151	1578
NC_017847.1	1482263	1482263	1579
NC_017847.1	1482271	1482271	1580
NC_017847.1	1482274	1482475	1581
NC_017847.1	1482481	1482481	1582
NC_017847.1	1482483	1482483	1583
NC_017847.1	1482485	1482489	1584
NC_017847.1	1482574	1482575	1585
NC_017847.1	1482853	1482853	1586
NC_017847.1	1482857	1482857	1587
NC_017847.1	1482861	1482861	1588
NC_017847.1	1482863	1482864	1589
NC_017847.1	1482866	1483107	1590
NC_017847.1	1483167	1483182	1591
NC_017847.1	1483570	1483641	1592
NC_017847.1	1483806	1483806	1593
NC_017847.1	1483809	1484071	1594
NC_017847.1	1485065	1485073	1595
NC_017847.1	1485395	1485397	1596
NC_017847.1	1485544	1485544	1597
NC_017847.1	1485569	1485571	1598
NC_017847.1	1485573	1485573	1599
NC_017847.1	1485579	1485579	1600
NC_017847.1	1485581	1485581	1601
NC_017847.1	1485584	1485587	1602
NC_017847.1	1485589	1485596	1603
NC_017847.1	1485598	1485598	1604
NC_017847.1	1485601	1485602	1605
NC_017847.1	1485607	1485609	1606
NC_017847.1	1485613	1485793	1607
NC_017847.1	1485795	1485795	1608
NC_017847.1	1485971	1485971	1609
NC_017847.1	1485978	1486019	1610
NC_017847.1	1486021	1486023	1611
NC_017847.1	1486035	1486068	1612
NC_017847.1	1486070	1486071	1613
NC_017847.1	1486255	1486262	1614
NC_017847.1	1487274	1487275	1615
NC_017847.1	1487561	1487561	1616
NC_017847.1	1487569	1487569	1617
NC_017847.1	1487573	1487578	1618
NC_017847.1	1487580	1487581	1619
NC_017847.1	1487589	1487598	1620
NC_017847.1	1487601	1487669	1621
NC_017847.1	1488683	1488683	1622
NC_017847.1	1490289	1490424	1623
NC_017847.1	1491606	1493641	1624
NC_017847.1	1493646	1493661	1625
NC_017847.1	1494403	1494410	1626
NC_017847.1	1494414	1494868	1627
NC_017847.1	1495128	1495129	1628
NC_017847.1	1498002	1498003	1629
NC_017847.1	1498165	1498369	1630
NC_017847.1	1498536	1498543	1631
NC_017847.1	1499243	1499244	1632
NC_017847.1	1508457	1508468	1633
NC_017847.1	1510715	1510715	1634
NC_017847.1	1510718	1511556	1635
NC_017847.1	1511840	1511930	1636
NC_017847.1	1513825	1513829	1637
NC_017847.1	1514180	1514185	1638
NC_017847.1	1514189	1514215	1639
NC_017847.1	1514219	1514284	1640
NC_017847.1	1515624	1515624	1641
NC_017847.1	1516975	1517125	1642
NC_017847.1	1517128	1517129	1643
NC_017847.1	1518380	1518390	1644
NC_017847.1	1520453	1522960	1645
NC_017847.1	1523597	1523599	1646
NC_017847.1	1524703	1524703	1647
NC_017847.1	1524717	1524717	1648
NC_017847.1	1524721	1524721	1649
NC_017847.1	1524725	1524725	1650
NC_017847.1	1525170	1525171	1651
NC_017847.1	1525175	1525175	1652
NC_017847.1	1525181	1525182	1653
NC_017847.1	1525184	1525726	1654
NC_017847.1	1525728	1525729	1655
NC_017847.1	1525731	1525731	1656
NC_017847.1	1525802	1525803	1657
NC_017847.1	1525807	1525807	1658
NC_017847.1	1525809	1525809	1659
NC_017847.1	1525824	1525824	1660
NC_017847.1	1525826	1525826	1661
NC_017847.1	1525987	1525991	1662
NC_017847.1	1525993	1525994	1663
NC_017847.1	1525997	1525998	1664
NC_017847.1	1526000	1526000	1665
NC_017847.1	1526002	1526068	1666
NC_017847.1	1526904	1536216	1667
NC_017847.1	1536219	1536220	1668
NC_017847.1	1536223	1536225	1669
NC_017847.1	1536227	1536227	1670
NC_017847.1	1536265	1536269	1671
NC_017847.1	1536367	1536367	1672
NC_017847.1	1536370	1536373	1673
NC_017847.1	1536375	1536375	1674
NC_017847.1	1536386	1536386	1675
NC_017847.1	1536388	1536389	1676
NC_017847.1	1536680	1536680	1677
NC_017847.1	1536684	1536690	1678
NC_017847.1	1536692	1536697	1679
NC_017847.1	1536740	1536741	1680
NC_017847.1	1537891	1537964	1681
NC_017847.1	1537966	1537967	1682
NC_017847.1	1537969	1537974	1683
NC_017847.1	1538198	1538199	1684
NC_017847.1	1538209	1538209	1685
NC_017847.1	1538212	1538212	1686
NC_017847.1	1538214	1538216	1687
NC_017847.1	1538218	1538218	1688
NC_017847.1	1538221	1538221	1689
NC_017847.1	1538227	1538227	1690
NC_017847.1	1538229	1538230	1691
NC_017847.1	1538232	1538233	1692
NC_017847.1	1538236	1538236	1693
NC_017847.1	1538238	1538238	1694
NC_017847.1	1538241	1538241	1695
NC_017847.1	1538243	1539636	1696
NC_017847.1	1539638	1539639	1697
NC_017847.1	1539641	1539642	1698
NC_017847.1	1539981	1539981	1699
NC_017847.1	1539983	1540022	1700
NC_017847.1	1540162	1540167	1701
NC_017847.1	1540169	1540194	1702
NC_017847.1	1540196	1540196	1703
NC_017847.1	1540199	1540199	1704
NC_017847.1	1540204	1540205	1705
NC_017847.1	1540208	1540210	1706
NC_017847.1	1540448	1540497	1707
NC_017847.1	1543208	1543210	1708
NC_017847.1	1543215	1543215	1709
NC_017847.1	1543217	1543225	1710
NC_017847.1	1543228	1543230	1711
NC_017847.1	1543232	1543232	1712
NC_017847.1	1543780	1543788	1713
NC_017847.1	1545320	1545444	1714
NC_017847.1	1546084	1546092	1715
NC_017847.1	1546631	1546688	1716
NC_017847.1	1547798	1547806	1717
NC_017847.1	1548711	1548805	1718
NC_017847.1	1548808	1548808	1719
NC_017847.1	1548811	1548811	1720
NC_017847.1	1549278	1549279	1721
NC_017847.1	1552538	1552543	1722
NC_017847.1	1552545	1552547	1723
NC_017847.1	1552549	1552553	1724
NC_017847.1	1555678	1555678	1725
NC_017847.1	1558333	1559488	1726
NC_017847.1	1563477	1563686	1727
NC_017847.1	1565148	1565228	1728
NC_017847.1	1567150	1567155	1729
NC_017847.1	1572352	1572352	1730
NC_017847.1	1572354	1573915	1731
NC_017847.1	1573932	1573932	1732
NC_017847.1	1573949	1573951	1733
NC_017847.1	1573970	1573970	1734
NC_017847.1	1573985	1573993	1735
NC_017847.1	1574001	1574006	1736
NC_017847.1	1574011	1574012	1737
NC_017847.1	1574019	1574019	1738
NC_017847.1	1574047	1574047	1739
NC_017847.1	1574051	1574051	1740
NC_017847.1	1574098	1574099	1741
NC_017847.1	1574101	1574106	1742
NC_017847.1	1574108	1574159	1743
NC_017847.1	1574161	1574161	1744
NC_017847.1	1574170	1574252	1745
NC_017847.1	1574255	1574255	1746
NC_017847.1	1574533	1617559	1747
NC_017847.1	1618681	1618895	1748
NC_017847.1	1621828	1621828	1749
NC_017847.1	1621872	1621880	1750
NC_017847.1	1623526	1623526	1751
NC_017847.1	1623731	1623731	1752
NC_017847.1	1625378	1625571	1753
NC_017847.1	1625579	1625581	1754
NC_017847.1	1625590	1625590	1755
NC_017847.1	1625593	1625593	1756
NC_017847.1	1633436	1633643	1757
NC_017847.1	1633645	1633645	1758
NC_017847.1	1633648	1633648	1759
NC_017847.1	1635616	1637464	1760
NC_017847.1	1638538	1638564	1761
NC_017847.1	1638567	1638568	1762
NC_017847.1	1639352	1639373	1763
NC_017847.1	1639394	1639394	1764
NC_017847.1	1639401	1639402	1765
NC_017847.1	1639404	1639409	1766
NC_017847.1	1640096	1640256	1767
NC_017847.1	1647284	1649321	1768
NC_017847.1	1652594	1652658	1769
NC_017847.1	1652660	1652666	1770
NC_017847.1	1653722	1653722	1771
NC_017847.1	1653744	1653747	1772
NC_017847.1	1653750	1653769	1773
NC_017847.1	1653777	1653777	1774
NC_017847.1	1653854	1653862	1775
NC_017847.1	1653916	1654018	1776
NC_017847.1	1654048	1654056	1777
NC_017847.1	1654077	1654096	1778
NC_017847.1	1654113	1654114	1779
NC_017847.1	1654135	1654136	1780
NC_017847.1	1654192	1654197	1781
NC_017847.1	1654207	1654208	1782
NC_017847.1	1654231	1654249	1783
NC_017847.1	1654274	1654274	1784
NC_017847.1	1654278	1654362	1785
NC_017847.1	1654374	1654375	1786
NC_017847.1	1654494	1654583	1787
NC_017847.1	1654585	1654586	1788
NC_017847.1	1662289	1662289	1789
NC_017847.1	1665222	1665225	1790
NC_017847.1	1665227	1665292	1791
NC_017847.1	1665296	1665298	1792
NC_017847.1	1667096	1667114	1793
NC_017847.1	1667556	1667601	1794
NC_017847.1	1667603	1667605	1795
NC_017847.1	1669962	1669963	1796
NC_017847.1	1669978	1669978	1797
NC_017847.1	1669982	1670030	1798
NC_017847.1	1670033	1670033	1799
NC_017847.1	1670282	1670291	1800
NC_017847.1	1670899	1670955	1801
NC_017847.1	1670957	1670967	1802
NC_017847.1	1670972	1670972	1803
NC_017847.1	1674211	1676665	1804
NC_017847.1	1676669	1676670	1805
NC_017847.1	1678152	1678152	1806
NC_017847.1	1678156	1678156	1807
NC_017847.1	1678598	1678604	1808
NC_017847.1	1678830	1678838	1809
NC_017847.1	1679467	1679469	1810
NC_017847.1	1679479	1679480	1811
NC_017847.1	1680026	1681478	1812
NC_017847.1	1682511	1682530	1813
NC_017847.1	1682532	1682532	1814
NC_017847.1	1684568	1684569	1815
NC_017847.1	1684571	1684571	1816
NC_017847.1	1684573	1684573	1817
NC_017847.1	1684947	1685299	1818
NC_017847.1	1685301	1685304	1819
NC_017847.1	1685309	1685315	1820
NC_017847.1	1685323	1685324	1821
NC_017847.1	1685340	1685340	1822
NC_017847.1	1685353	1685382	1823
NC_017847.1	1685392	1685392	1824
NC_017847.1	1685394	1685394	1825
NC_017847.1	1685408	1685408	1826
NC_017847.1	1685410	1685410	1827
NC_017847.1	1685414	1685414	1828
NC_017847.1	1685621	1685623	1829
NC_017847.1	1685625	1685642	1830
NC_017847.1	1685650	1685652	1831
NC_017847.1	1685659	1685674	1832
NC_017847.1	1685743	1685799	1833
NC_017847.1	1685806	1685806	1834
NC_017847.1	1685808	1685808	1835
NC_017847.1	1685810	1685810	1836
NC_017847.1	1685814	1685817	1837
NC_017847.1	1685819	1685820	1838
NC_017847.1	1685828	1685828	1839
NC_017847.1	1685837	1685839	1840
NC_017847.1	1685848	1685849	1841
NC_017847.1	1685854	1685860	1842
NC_017847.1	1685870	1685901	1843
NC_017847.1	1685904	1685908	1844
NC_017847.1	1686684	1686759	1845
NC_017847.1	1687229	1687230	1846
NC_017847.1	1687232	1687232	1847
NC_017847.1	1687236	1687236	1848
NC_017847.1	1687238	1687306	1849
NC_017847.1	1687309	1687314	1850
NC_017847.1	1689439	1691564	1851
NC_017847.1	1691704	1691705	1852
NC_017847.1	1691933	1691933	1853
NC_017847.1	1691935	1691935	1854
NC_017847.1	1691953	1691953	1855
NC_017847.1	1691963	1692119	1856
NC_017847.1	1697868	1697868	1857
NC_017847.1	1697870	1697870	1858
NC_017847.1	1697879	1697879	1859
NC_017847.1	1699605	1699891	1860
NC_017847.1	1699893	1699893	1861
NC_017847.1	1700163	1700163	1862
NC_017847.1	1700166	1700170	1863
NC_017847.1	1700172	1700375	1864
NC_017847.1	1701727	1702247	1865
NC_017847.1	1703014	1703024	1866
NC_017847.1	1703837	1704453	1867
NC_017847.1	1706130	1706130	1868
NC_017847.1	1706217	1706279	1869
NC_017847.1	1707319	1707319	1870
NC_017847.1	1707321	1707322	1871
NC_017847.1	1707331	1708216	1872
NC_017847.1	1710229	1710229	1873
NC_017847.1	1710248	1710341	1874
NC_017847.1	1710343	1710343	1875
NC_017847.1	1710345	1710360	1876
NC_017847.1	1710363	1710363	1877
NC_017847.1	1710395	1710396	1878
NC_017847.1	1710407	1710415	1879
NC_017847.1	1710418	1710418	1880
NC_017847.1	1710420	1710420	1881
NC_017847.1	1711026	1711171	1882
NC_017847.1	1711173	1711176	1883
NC_017847.1	1711179	1711181	1884
NC_017847.1	1711184	1711185	1885
NC_017847.1	1711193	1711193	1886
NC_017847.1	1711871	1711871	1887
NC_017847.1	1711897	1712452	1888
NC_017847.1	1715764	1716235	1889
NC_017847.1	1716243	1716243	1890
NC_017847.1	1718300	1718371	1891
NC_017847.1	1719545	1719708	1892
NC_017847.1	1720049	1720072	1893
NC_017847.1	1720524	1720524	1894
NC_017847.1	1724896	1724897	1895
NC_017847.1	1726950	1726950	1896
NC_017847.1	1726954	1727054	1897
NC_017847.1	1727056	1727061	1898
NC_017847.1	1727063	1727065	1899
NC_017847.1	1731496	1731498	1900
NC_017847.1	1731686	1731687	1901
NC_017847.1	1736722	1736722	1902
NC_017847.1	1736727	1736886	1903
NC_017847.1	1736892	1736892	1904
NC_017847.1	1738263	1738263	1905
NC_017847.1	1738712	1738712	1906
NC_017847.1	1738717	1738717	1907
NC_017847.1	1738727	1738727	1908
NC_017847.1	1740086	1740086	1909
NC_017847.1	1741977	1741978	1910
NC_017847.1	1744215	1744222	1911
NC_017847.1	1744224	1744304	1912
NC_017847.1	1744306	1744307	1913
NC_017847.1	1744309	1744309	1914
NC_017847.1	1744311	1744311	1915
NC_017847.1	1745209	1745215	1916
NC_017847.1	1745225	1745227	1917
NC_017847.1	1745235	1745379	1918
NC_017847.1	1749959	1750161	1919
NC_017847.1	1750723	1751236	1920
NC_017847.1	1751238	1751246	1921
NC_017847.1	1751274	1751275	1922
NC_017847.1	1751333	1751333	1923
NC_017847.1	1751335	1751343	1924
NC_017847.1	1752446	1755319	1925
NC_017847.1	1766957	1767573	1926
NC_017847.1	1767575	1767575	1927
NC_017847.1	1767984	1768192	1928
NC_017847.1	1768997	1769062	1929
NC_017847.1	1769064	1769064	1930
NC_017847.1	1769066	1769066	1931
NC_017847.1	1769304	1769304	1932
NC_017847.1	1769306	1769412	1933
NC_017847.1	1769414	1769418	1934
NC_017847.1	1769897	1769926	1935
NC_017847.1	1771711	1771777	1936
NC_017847.1	1771789	1771789	1937
NC_017847.1	1773035	1773036	1938
NC_017847.1	1775628	1775759	1939
NC_017847.1	1775804	1775804	1940
NC_017847.1	1775806	1775806	1941
NC_017847.1	1776257	1776297	1942
NC_017847.1	1776300	1776300	1943
NC_017847.1	1776304	1776306	1944
NC_017847.1	1776311	1776311	1945
NC_017847.1	1776315	1776315	1946
NC_017847.1	1776322	1776322	1947
NC_017847.1	1776329	1776329	1948
NC_017847.1	1776347	1776347	1949
NC_017847.1	1776351	1776355	1950
NC_017847.1	1776361	1776363	1951
NC_017847.1	1776366	1777213	1952
NC_017847.1	1777216	1777217	1953
NC_017847.1	1777219	1777219	1954
NC_017847.1	1777224	1777224	1955
NC_017847.1	1777226	1777228	1956
NC_017847.1	1777230	1777231	1957
NC_017847.1	1777233	1777241	1958
NC_017847.1	1777244	1777244	1959
NC_017847.1	1777247	1777247	1960
NC_017847.1	1777252	1777252	1961
NC_017847.1	1777254	1777254	1962
NC_017847.1	1777256	1777348	1963
NC_017847.1	1777364	1777364	1964
NC_017847.1	1777371	1777371	1965
NC_017847.1	1777376	1777399	1966
NC_017847.1	1777404	1777404	1967
NC_017847.1	1777407	1777408	1968
NC_017847.1	1777418	1777418	1969
NC_017847.1	1777441	1777441	1970
NC_017847.1	1777446	1777446	1971
NC_017847.1	1777450	1777450	1972
NC_017847.1	1777452	1777458	1973
NC_017847.1	1777460	1777461	1974
NC_017847.1	1777463	1777464	1975
NC_017847.1	1777481	1777485	1976
NC_017847.1	1777488	1777488	1977
NC_017847.1	1777493	1777496	1978
NC_017847.1	1777501	1777501	1979
NC_017847.1	1777504	1777504	1980
NC_017847.1	1777507	1777507	1981
NC_017847.1	1777509	1777509	1982
NC_017847.1	1777514	1777520	1983
NC_017847.1	1777525	1777525	1984
NC_017847.1	1777529	1777529	1985
NC_017847.1	1777531	1777531	1986
NC_017847.1	1777547	1777548	1987
NC_017847.1	1777573	1777579	1988
NC_017847.1	1777668	1777668	1989
NC_017847.1	1777677	1954551	1990
NC_017847.1	1954668	1954668	1991
NC_017847.1	1954674	1954674	1992
NC_017847.1	1954678	1954692	1993
NC_017847.1	1954695	1955006	1994
NC_017847.1	1955430	1955433	1995
NC_017847.1	1955435	1974664	1996
NC_017847.1	1974666	1974680	1997
NC_017847.1	1974682	1974685	1998
NC_017847.1	1974688	1974688	1999
NC_017847.1	1974693	1974693	2000
NC_017847.1	1974695	1974695	2001
NC_017847.1	1974698	1974698	2002
NC_017847.1	1975551	1975551	2003
NC_017847.1	1975556	1975556	2004
NC_017847.1	1976863	1976872	2005
NC_017847.1	1976888	1976888	2006
NC_017847.1	1976890	1976890	2007
NC_017847.1	1976892	1976893	2008
NC_017847.1	1976895	1976896	2009
NC_017847.1	1977974	1977974	2010
NC_017847.1	1977986	1977986	2011
NC_017847.1	1977988	1977989	2012
NC_017847.1	1977991	1978189	2013
NC_017847.1	1978274	1978274	2014
NC_017847.1	1978417	1978417	2015
NC_017847.1	1978420	1978420	2016
NC_017847.1	1978422	1978422	2017
NC_017847.1	1978432	1978432	2018
NC_017847.1	1978499	1978973	2019
NC_017847.1	1978975	1978977	2020
NC_017847.1	1979005	1979005	2021
NC_017847.1	1979034	1979034	2022
NC_017847.1	1979036	1979036	2023
NC_017847.1	1979057	1979059	2024
NC_017847.1	1979061	1979061	2025
NC_017847.1	1979067	1979071	2026
NC_017847.1	1979073	1979240	2027
NC_017847.1	1979243	1979244	2028
NC_017847.1	1979249	1979249	2029
NC_017847.1	1979251	1979275	2030
NC_017847.1	1979277	1979277	2031
NC_017847.1	1979279	1979404	2032
NC_017847.1	1979412	1979412	2033
NC_017847.1	1979414	1979416	2034
NC_017847.1	1979418	1979466	2035
NC_017847.1	1979468	1979479	2036
NC_017847.1	1979481	1979481	2037
NC_017847.1	1979483	1979483	2038
NC_017847.1	1979492	1979607	2039
NC_017847.1	1979628	1979629	2040
NC_017847.1	1979970	1979970	2041
NC_017847.1	1980019	1980020	2042
NC_017847.1	1980024	1980024	2043
NC_017847.1	1980183	1980183	2044
NC_017847.1	1980198	1980198	2045
NC_017847.1	1980202	1980230	2046
NC_017847.1	1980233	1980234	2047
NC_017847.1	1980236	1980260	2048
NC_017847.1	1980262	1980275	2049
NC_017847.1	1980277	1980279	2050
NC_017847.1	1980282	1980282	2051
NC_017847.1	1980285	1980289	2052
NC_017847.1	1980291	1980294	2053
NC_017847.1	1980296	1980296	2054
NC_017847.1	1980300	1980300	2055
NC_017847.1	1980332	1980332	2056
NC_017847.1	1980336	1980337	2057
NC_017847.1	1980354	1980358	2058
NC_017847.1	1980360	1980360	2059
NC_017847.1	1980363	1980395	2060
NC_017847.1	1980400	1980400	2061
NC_017847.1	1980404	1980507	2062
NC_017847.1	1980516	1980516	2063
NC_017847.1	1980520	1980520	2064
NC_017847.1	1980526	1980527	2065
NC_017847.1	1980529	1980551	2066
NC_017847.1	1980555	1981386	2067
NC_017847.1	1981388	1981388	2068
NC_017847.1	1981390	1981390	2069
NC_017847.1	1981417	1981417	2070
NC_017847.1	1981536	1981537	2071
NC_017847.1	1981547	1981547	2072
NC_017847.1	1981665	1981665	2073
NC_017847.1	1981669	1981671	2074
NC_017847.1	1981673	1981675	2075
NC_017847.1	1981871	1981875	2076
NC_017847.1	1981877	1981879	2077
NC_017847.1	1981882	1981961	2078
NC_017847.1	1981964	1981978	2079
NC_017847.1	1981982	1981985	2080
NC_017847.1	1981988	1981988	2081
NC_017847.1	1981993	1981993	2082
NC_017847.1	1982001	1982002	2083
NC_017847.1	1982007	1982007	2084
NC_017847.1	1982011	1982011	2085
NC_017847.1	1982445	1982452	2086
NC_017847.1	1982507	1982507	2087
NC_017847.1	1982537	1982537	2088
NC_017847.1	1982569	1982569	2089
NC_017847.1	1982572	1982572	2090
NC_017847.1	1982579	1982579	2091
NC_017847.1	1982596	1982603	2092
NC_017847.1	1982961	1982962	2093
NC_017847.1	1982968	1982968	2094
NC_017847.1	1982971	1982971	2095
NC_017847.1	1982974	1982974	2096
NC_017847.1	1982977	1982977	2097
NC_017847.1	1982980	1982980	2098
NC_017847.1	1982986	1982987	2099
NC_017847.1	1982990	1982991	2100
NC_017847.1	1983003	1983004	2101
NC_017847.1	1983007	1983007	2102
NC_017847.1	1983009	1983039	2103
NC_017847.1	1983041	1983041	2104
NC_017847.1	1983043	1983043	2105
NC_017847.1	1983045	1984337	2106
NC_017847.1	1984341	1984341	2107
NC_017847.1	1984344	1984344	2108
NC_017847.1	1984347	1984353	2109
NC_017847.1	1984355	1984355	2110
NC_017847.1	1984357	1984359	2111
NC_017847.1	1984364	1984365	2112
NC_017847.1	1984368	1984368	2113
NC_017847.1	1984370	1984370	2114
NC_017847.1	1984373	1984381	2115
NC_017847.1	1984410	1984410	2116
NC_017847.1	1984418	1984418	2117
NC_017847.1	1984424	1984425	2118
NC_017847.1	1984438	1984438	2119
NC_017847.1	1984441	1984443	2120
NC_017847.1	1984445	1985007	2121
NC_017847.1	1985009	1985009	2122
NC_017847.1	1985025	1985025	2123
NC_017847.1	1985046	1985046	2124
NC_017847.1	1985055	1985057	2125
NC_017847.1	1985060	1985060	2126
NC_017847.1	1985062	1985062	2127
NC_017847.1	1985069	1985069	2128
NC_017847.1	1985075	1985077	2129
NC_017847.1	1985082	1985082	2130
NC_017847.1	1985087	1985093	2131
NC_017847.1	1985099	1985099	2132
NC_017847.1	1985129	1985129	2133
NC_017847.1	1985134	1985134	2134
NC_017847.1	1985167	1985180	2135
NC_017847.1	1985207	1985207	2136
NC_017847.1	1985213	1985213	2137
NC_017847.1	1985228	1985228	2138
NC_017847.1	1985231	1985232	2139
NC_017847.1	1985234	1985235	2140
NC_017847.1	1985237	1985242	2141
NC_017847.1	1985246	1985246	2142
NC_017847.1	1985249	1985249	2143
NC_017847.1	1985251	1985251	2144
NC_017847.1	1985256	1985261	2145
NC_017847.1	1985266	1985266	2146
NC_017847.1	1985268	1985283	2147
NC_017847.1	1985285	1985285	2148
NC_017847.1	1985288	1985288	2149
NC_017847.1	1985291	1985314	2150
NC_017847.1	1985316	1985317	2151
NC_017847.1	1985325	1985325	2152
NC_017847.1	1985368	1985376	2153
NC_017847.1	1985404	1985405	2154
NC_017847.1	1985407	1985415	2155
NC_017847.1	1985418	1985418	2156
NC_017847.1	1985422	1985422	2157
NC_017847.1	1985425	1985430	2158
NC_017847.1	1985434	1985434	2159
NC_017847.1	1985436	1985437	2160
NC_017847.1	1985440	1985440	2161
NC_017847.1	1985446	1985463	2162
NC_017847.1	1985469	1985469	2163
NC_017847.1	1985471	1985471	2164
NC_017847.1	1985473	1985473	2165
NC_017847.1	1985475	1985485	2166
NC_017847.1	1985487	1985494	2167
NC_017847.1	1985496	1986193	2168
NC_017847.1	1986198	1986198	2169
NC_017847.1	1986204	1986232	2170
NC_017847.1	1986234	1986234	2171
NC_017847.1	1986239	1986239	2172
NC_017847.1	1986241	1986266	2173
NC_017847.1	1986268	1986268	2174
NC_017847.1	1986271	1986271	2175
NC_017847.1	1986275	1986275	2176
NC_017847.1	1986277	1986279	2177
NC_017847.1	1986282	1986283	2178
NC_017847.1	1986285	1986285	2179
NC_017847.1	1986299	1986301	2180
NC_017847.1	1986303	1986345	2181
NC_017847.1	1986348	1986349	2182
NC_017847.1	1986357	1986357	2183
NC_017847.1	1986362	1986362	2184
NC_017847.1	1986366	1986366	2185
NC_017847.1	1986369	1986370	2186
NC_017847.1	1986373	1986373	2187
NC_017847.1	1986376	1986387	2188
NC_017847.1	1986396	1986396	2189
NC_017847.1	1986404	1986404	2190
NC_017847.1	1986418	1986418	2191
NC_017847.1	1986422	1986428	2192
NC_017847.1	1986430	1986437	2193
NC_017847.1	1986439	1986439	2194
NC_017847.1	1986799	1986802	2195
NC_017847.1	1986812	1986812	2196
NC_017847.1	1986866	1986873	2197
NC_017847.1	1986875	1986878	2198
NC_017847.1	1986883	1986885	2199
NC_017847.1	1986887	1986888	2200
NC_017847.1	1986891	1986892	2201
NC_017847.1	1986894	1986894	2202
NC_017847.1	1986897	1986897	2203
NC_017847.1	1986899	1986899	2204
NC_017847.1	1986903	1986903	2205
NC_017847.1	1986905	1986907	2206
NC_017847.1	1986918	1986919	2207
NC_017847.1	1987312	1987313	2208
NC_017847.1	1987347	1987356	2209
NC_017847.1	1987368	1987377	2210
NC_017847.1	1987723	1987723	2211
NC_017847.1	1987727	1987727	2212
NC_017847.1	1987729	1987729	2213
NC_017847.1	1987752	1987752	2214
NC_017847.1	1987755	1987755	2215
NC_017847.1	1987774	1987774	2216
NC_017847.1	1987804	1987804	2217
NC_017847.1	1987811	1987811	2218
NC_017847.1	1987844	1987849	2219
NC_017847.1	1987851	1987851	2220
NC_017847.1	1987857	1987857	2221
NC_017847.1	1987861	1987861	2222
NC_017847.1	1987864	1987870	2223
NC_017847.1	1987872	1987873	2224
NC_017847.1	1987875	1987875	2225
NC_017847.1	1987877	1987893	2226
NC_017847.1	1987895	1987927	2227
NC_017847.1	1987930	1987930	2228
NC_017847.1	1988130	1988130	2229
NC_017847.1	1988146	1988146	2230
NC_017847.1	1988148	1988148	2231
NC_017847.1	1988159	1988159	2232
NC_017847.1	1988173	1988878	2233
NC_017847.1	1988880	1988880	2234
NC_017847.1	1988882	1988882	2235
NC_017847.1	1988886	1988886	2236
NC_017847.1	1988889	1988894	2237
NC_017847.1	1988896	1988896	2238
NC_017847.1	1988898	1988898	2239
NC_017847.1	1988924	1988924	2240
NC_017847.1	1988943	1988947	2241
NC_017847.1	1988949	1988951	2242
NC_017847.1	1988970	1988970	2243
NC_017847.1	1988976	1988977	2244
NC_017847.1	1990802	1990802	2245
NC_017847.1	1990808	1990809	2246
NC_017847.1	1990811	1990812	2247
NC_017847.1	1990814	1990814	2248
NC_017847.1	1990816	1990818	2249
NC_017847.1	1990821	1990821	2250
NC_017847.1	1990823	1990823	2251
NC_017847.1	1990839	1990839	2252
NC_017847.1	1990841	1990841	2253
NC_017847.1	1990843	1990843	2254
NC_017847.1	1990849	1990849	2255
NC_017847.1	1990855	1990855	2256
NC_017847.1	1990857	1990864	2257
NC_017847.1	1990866	1990868	2258
NC_017847.1	1990870	1990870	2259
NC_017847.1	1990874	1990874	2260
NC_017847.1	1991084	1991086	2261
NC_017847.1	1991395	1991396	2262
NC_017847.1	1991399	1991403	2263
NC_017847.1	1991405	1991406	2264
NC_017847.1	1991408	1991410	2265
NC_017847.1	1991413	1991413	2266
NC_017847.1	1991415	1991418	2267
NC_017847.1	1991420	1991420	2268
NC_017847.1	1991423	1991423	2269
NC_017847.1	1991427	1991427	2270
NC_017847.1	1991633	1991633	2271
NC_017847.1	1991667	1991667	2272
NC_017847.1	1991678	1991678	2273
NC_017847.1	1991724	1991724	2274
NC_017847.1	1991727	1991727	2275
NC_017847.1	1991733	1991733	2276
NC_017847.1	1991736	1991737	2277
NC_017847.1	1991739	1992157	2278
NC_017847.1	1992841	1992842	2279
NC_017847.1	1992881	1995630	2280
NC_017847.1	1997777	1997777	2281
NC_017847.1	1998228	1998228	2282
NC_017847.1	1998234	1998234	2283
NC_017847.1	1998239	1998239	2284
NC_017847.1	1998241	1998241	2285
NC_017847.1	1998243	1998572	2286
NC_017847.1	1999098	1999098	2287
NC_017847.1	1999102	1999102	2288
NC_017847.1	1999113	1999113	2289
NC_017847.1	1999118	1999118	2290
NC_017847.1	1999125	1999125	2291
NC_017847.1	1999132	1999132	2292
NC_017847.1	1999717	1999717	2293
NC_017847.1	1999734	1999734	2294
NC_017847.1	1999746	1999746	2295
NC_017847.1	1999758	1999759	2296
NC_017847.1	1999761	1999767	2297
NC_017847.1	1999772	2000295	2298
NC_017847.1	2000297	2000297	2299
NC_017847.1	2000299	2000299	2300
NC_017847.1	2000306	2000421	2301
NC_017847.1	2001000	2001000	2302
NC_017847.1	2001002	2001002	2303
NC_017847.1	2001004	2001004	2304
NC_017847.1	2001006	2001006	2305
NC_017847.1	2001008	2002484	2306
NC_017847.1	2004667	2005828	2307
NC_017847.1	2006566	2006572	2308
NC_017847.1	2006617	2006946	2309
NC_017847.1	2011054	2011163	2310
NC_017847.1	2011949	2011950	2311
NC_017847.1	2011952	2012545	2312
NC_017847.1	2012547	2012547	2313
NC_017847.1	2012620	2012631	2314
NC_017847.1	2012633	2012640	2315
NC_017847.1	2012651	2012654	2316
NC_017847.1	2012657	2012658	2317
NC_017847.1	2012661	2014804	2318
NC_017847.1	2016279	2016279	2319
NC_017847.1	2016287	2016308	2320
NC_017847.1	2016310	2016373	2321
NC_017847.1	2016443	2016451	2322
NC_017847.1	2016811	2016865	2323
NC_017847.1	2018530	2018530	2324
NC_017847.1	2018630	2018956	2325
NC_017847.1	2024214	2024214	2326
NC_017847.1	2027624	2027871	2327
NC_017847.1	2032263	2032388	2328
NC_017847.1	2032390	2032457	2329
NC_017847.1	2033271	2033485	2330
NC_017847.1	2033489	2033489	2331
NC_017847.1	2034312	2034530	2332
NC_017847.1	2034627	2034627	2333
NC_017847.1	2036879	2037140	2334
NC_017847.1	2037143	2037144	2335
NC_017847.1	2037148	2037148	2336
NC_017847.1	2039340	2039341	2337
NC_017847.1	2039344	2039345	2338
NC_017847.1	2040606	2040617	2339
NC_017847.1	2046225	2046631	2340
NC_017847.1	2047230	2047238	2341
NC_017847.1	2048886	2048890	2342
NC_017847.1	2049832	2050342	2343
NC_017847.1	2050345	2050346	2344
NC_017847.1	2050944	2050944	2345
NC_017847.1	2051220	2051267	2346
NC_017847.1	2051270	2051270	2347
NC_017847.1	2053544	2053628	2348
NC_017847.1	2053638	2053638	2349
NC_017847.1	2053938	2054109	2350
NC_017847.1	2054875	2054875	2351
NC_017847.1	2054879	2054882	2352
NC_017847.1	2054884	2054885	2353
NC_017847.1	2054887	2054888	2354
NC_017847.1	2056473	2056474	2355
NC_017847.1	2056476	2056476	2356
NC_017847.1	2056479	2056479	2357
NC_017847.1	2056492	2056492	2358
NC_017847.1	2056497	2056497	2359
NC_017847.1	2056500	2056500	2360
NC_017847.1	2057585	2057585	2361
NC_017847.1	2057601	2057601	2362
NC_017847.1	2057608	2057614	2363
NC_017847.1	2057616	2057616	2364
NC_017847.1	2057642	2057643	2365
NC_017847.1	2057647	2057647	2366
NC_017847.1	2057654	2059917	2367
NC_017847.1	2059938	2059938	2368
NC_017847.1	2059972	2059972	2369
NC_017847.1	2059978	2059978	2370
NC_017847.1	2060011	2060024	2371
NC_017847.1	2060026	2060026	2372
NC_017847.1	2060028	2060029	2373
NC_017847.1	2060044	2060044	2374
NC_017847.1	2060046	2060046	2375
NC_017847.1	2060052	2060052	2376
NC_017847.1	2060087	2060088	2377
NC_017847.1	2060091	2060097	2378
NC_017847.1	2060139	2060141	2379
NC_017847.1	2060143	2060147	2380
NC_017847.1	2060150	2060153	2381
NC_017847.1	2060172	2060179	2382
NC_017847.1	2060181	2060181	2383
NC_017847.1	2060183	2060184	2384
NC_017847.1	2060189	2060189	2385
NC_017847.1	2060199	2060212	2386
NC_017847.1	2060219	2060219	2387
NC_017847.1	2060224	2060224	2388
NC_017847.1	2060241	2060262	2389
NC_017847.1	2060264	2060273	2390
NC_017847.1	2060275	2060282	2391
NC_017847.1	2060285	2060285	2392
NC_017847.1	2060289	2060291	2393
NC_017847.1	2060305	2060324	2394
NC_017847.1	2060331	2060331	2395
NC_017847.1	2060360	2060360	2396
NC_017847.1	2060676	2060676	2397
NC_017847.1	2060679	2060680	2398
NC_017847.1	2060683	2060684	2399
NC_017847.1	2060687	2060689	2400
NC_017847.1	2060692	2061037	2401
NC_017847.1	2061985	2061986	2402
NC_017847.1	2062047	2062058	2403
NC_017847.1	2062066	2062068	2404
NC_017847.1	2062071	2062071	2405
NC_017847.1	2062074	2062074	2406
NC_017847.1	2062078	2062154	2407
NC_017847.1	2062156	2062157	2408
NC_017847.1	2062216	2062216	2409
NC_017847.1	2062223	2062224	2410
NC_017847.1	2062226	2062230	2411
NC_017847.1	2062232	2062234	2412
NC_017847.1	2062236	2062236	2413
NC_017847.1	2062238	2062239	2414
NC_017847.1	2062241	2062241	2415
NC_017847.1	2062249	2062678	2416
NC_017847.1	2062680	2062680	2417
NC_017847.1	2062683	2062684	2418
NC_017847.1	2062932	2062932	2419
NC_017847.1	2065181	2065184	2420
NC_017847.1	2065186	2065188	2421
NC_017847.1	2065193	2065193	2422
NC_017847.1	2065196	2065196	2423
NC_017847.1	2065776	2065784	2424
NC_017847.1	2065816	2068348	2425
NC_017847.1	2068350	2068351	2426
NC_017847.1	2068357	2068357	2427
NC_017847.1	2068416	2068416	2428
NC_017847.1	2068420	2068420	2429
NC_017847.1	2068928	2068928	2430
NC_017847.1	2068935	2068935	2431
NC_017847.1	2068937	2068944	2432
NC_017847.1	2068947	2068947	2433
NC_017847.1	2068950	2068950	2434
NC_017847.1	2068954	2068955	2435
NC_017847.1	2068957	2069197	2436
NC_017847.1	2069356	2069356	2437
NC_017847.1	2070442	2070444	2438
NC_017847.1	2070446	2070549	2439
NC_017847.1	2072513	2072513	2440
NC_017847.1	2072519	2072539	2441
NC_017847.1	2072542	2072553	2442
NC_017847.1	2072588	2078450	2443
NC_017847.1	2079731	2079813	2444
NC_017847.1	2080439	2080447	2445
NC_017847.1	2080520	2080520	2446
NC_017847.1	2081113	2081121	2447
NC_017847.1	2081873	2081881	2448
NC_017847.1	2081887	2081887	2449
NC_017847.1	2081890	2081890	2450
NC_017847.1	2081980	2081981	2451
NC_017847.1	2082003	2082003	2452
NC_017847.1	2083664	2083862	2453
NC_017847.1	2084100	2084197	2454
NC_017847.1	2085140	2085141	2455
NC_017847.1	2086972	2086973	2456
NC_017847.1	2087242	2087263	2457
NC_017847.1	2087266	2087266	2458
NC_017847.1	2087272	2087272	2459
NC_017847.1	2088952	2089029	2460
NC_017847.1	2089033	2089033	2461
NC_017847.1	2089037	2089037	2462
NC_017847.1	2091484	2091610	2463
NC_017847.1	2091815	2091820	2464
NC_017847.1	2091822	2091824	2465
NC_017847.1	2091829	2091855	2466
NC_017847.1	2091857	2091857	2467
NC_017847.1	2093632	2093632	2468
NC_017847.1	2093634	2093650	2469
NC_017847.1	2093653	2093653	2470
NC_017847.1	2094119	2094162	2471
NC_017847.1	2094187	2094188	2472
NC_017847.1	2094228	2094228	2473
NC_017847.1	2095007	2095278	2474
NC_017847.1	2096114	2096128	2475
NC_017847.1	2096130	2096130	2476
NC_017847.1	2097101	2097306	2477
NC_017847.1	2099755	2099889	2478
NC_017847.1	2100372	2100374	2479
NC_017847.1	2104521	2104521	2480
NC_017847.1	2104524	2104610	2481
NC_017847.1	2104659	2104667	2482
NC_017847.1	2104669	2104675	2483
NC_017847.1	2104678	2104678	2484
NC_017847.1	2104680	2104812	2485
NC_017847.1	2107566	2107620	2486
NC_017847.1	2109623	2109953	2487
NC_017847.1	2109956	2109956	2488
NC_017847.1	2110446	2110539	2489
NC_017847.1	2111025	2111025	2490
NC_017847.1	2112569	2112653	2491
NC_017847.1	2112655	2112656	2492
NC_017847.1	2112658	2112658	2493
NC_017847.1	2115305	2115311	2494
NC_017847.1	2115339	2115339	2495
NC_017847.1	2115397	2115397	2496
NC_017847.1	2116518	2116520	2497
NC_017847.1	2116642	2116645	2498
NC_017847.1	2116647	2116929	2499
NC_017847.1	2117712	2117811	2500
NC_017847.1	2117815	2117823	2501
NC_017847.1	2120200	2120203	2502
NC_017847.1	2120206	2120208	2503
NC_017847.1	2120210	2120215	2504
NC_017847.1	2120217	2120218	2505
NC_017847.1	2120221	2120225	2506
NC_017847.1	2120227	2120230	2507
NC_017847.1	2120233	2120233	2508
NC_017847.1	2120733	2120988	2509
NC_017847.1	2120990	2120991	2510
NC_017847.1	2121520	2121611	2511
NC_017847.1	2124178	2124178	2512
NC_017847.1	2126994	2126994	2513
NC_017847.1	2126996	2127139	2514
NC_017847.1	2127141	2127141	2515
NC_017847.1	2127143	2127145	2516
NC_017847.1	2127149	2127149	2517
NC_017847.1	2127155	2127155	2518
NC_017847.1	2127235	2127252	2519
NC_017847.1	2128388	2128389	2520
NC_017847.1	2132798	2132798	2521
NC_017847.1	2132800	2132843	2522
NC_017847.1	2132845	2132845	2523
NC_017847.1	2132847	2132847	2524
NC_017847.1	2132872	2132872	2525
NC_017847.1	2132889	2132889	2526
NC_017847.1	2132947	2132982	2527
NC_017847.1	2132985	2133025	2528
NC_017847.1	2133030	2133030	2529
NC_017847.1	2133035	2133035	2530
NC_017847.1	2133058	2133066	2531
NC_017847.1	2133070	2133070	2532
NC_017847.1	2133086	2133086	2533
NC_017847.1	2133159	2133159	2534
NC_017847.1	2133162	2133162	2535
NC_017847.1	2133164	2133164	2536
NC_017847.1	2133188	2133204	2537
NC_017847.1	2133221	2133224	2538
NC_017847.1	2133247	2133247	2539
NC_017847.1	2134099	2134107	2540
NC_017847.1	2134309	2134316	2541
NC_017847.1	2134798	2134816	2542
NC_017847.1	2135142	2135143	2543
NC_017847.1	2135885	2135885	2544
NC_017847.1	2135887	2135930	2545
NC_017847.1	2135934	2135943	2546
NC_017847.1	2135945	2135945	2547
NC_017847.1	2135948	2135948	2548
NC_017847.1	2135953	2135954	2549
NC_017847.1	2135987	2135988	2550
NC_017847.1	2137493	2137493	2551
NC_017847.1	2137763	2137773	2552
NC_017847.1	2138523	2138523	2553
NC_017847.1	2138529	2138839	2554
NC_017847.1	2139171	2139171	2555
NC_017847.1	2139177	2139232	2556
NC_017847.1	2139235	2139237	2557
NC_017847.1	2139930	2139989	2558
NC_017847.1	2141815	2141815	2559
NC_017847.1	2141829	2141829	2560
NC_017847.1	2141841	2141852	2561
NC_017847.1	2141992	2141992	2562
NC_017847.1	2142249	2142255	2563
NC_017847.1	2142340	2142342	2564
NC_017847.1	2144221	2144232	2565
NC_017847.1	2145877	2145907	2566
NC_017847.1	2145910	2145910	2567
NC_017847.1	2147700	2147700	2568
NC_017847.1	2147707	2147710	2569
NC_017847.1	2147712	2147712	2570
NC_017847.1	2147715	2147716	2571
NC_017847.1	2147718	2147720	2572
NC_017847.1	2147726	2147753	2573
NC_017847.1	2148463	2148505	2574
NC_017847.1	2148507	2148510	2575
NC_017847.1	2148515	2148515	2576
NC_017847.1	2148517	2148524	2577
NC_017847.1	2148526	2148526	2578
NC_017847.1	2148532	2148577	2579
NC_017847.1	2148585	2148585	2580
NC_017847.1	2148592	2148596	2581
NC_017847.1	2148598	2148601	2582
NC_017847.1	2148605	2148606	2583
NC_017847.1	2148608	2148608	2584
NC_017847.1	2148613	2148613	2585
NC_017847.1	2148620	2148621	2586
NC_017847.1	2148636	2148639	2587
NC_017847.1	2148665	2148666	2588
NC_017847.1	2148688	2148688	2589
NC_017847.1	2148691	2148692	2590
NC_017847.1	2148697	2148697	2591
NC_017847.1	2149481	2150256	2592
NC_017847.1	2150261	2150264	2593
NC_017847.1	2150267	2150267	2594
NC_017847.1	2150309	2150310	2595
NC_017847.1	2150518	2152835	2596
NC_017847.1	2152875	2152876	2597
NC_017847.1	2152904	2152904	2598
NC_017847.1	2152907	2152907	2599
NC_017847.1	2152913	2152913	2600
NC_017847.1	2152922	2152925	2601
NC_017847.1	2152927	2152927	2602
NC_017847.1	2152930	2152930	2603
NC_017847.1	2152933	2152933	2604
NC_017847.1	2152954	2152954	2605
NC_017847.1	2152960	2152960	2606
NC_017847.1	2152963	2152963	2607
NC_017847.1	2152974	2152974	2608
NC_017847.1	2152976	2152979	2609
NC_017847.1	2152982	2153010	2610
NC_017847.1	2153030	2153031	2611
NC_017847.1	2153035	2153035	2612
NC_017847.1	2153044	2153044	2613
NC_017847.1	2153046	2153047	2614
NC_017847.1	2153795	2153795	2615
NC_017847.1	2153797	2153797	2616
NC_017847.1	2153799	2153802	2617
NC_017847.1	2153804	2153834	2618
NC_017847.1	2154960	2154968	2619
NC_017847.1	2155307	2155315	2620
NC_017847.1	2155666	2155980	2621
NC_017847.1	2156109	2156111	2622
NC_017847.1	2156114	2156194	2623
NC_017847.1	2158458	2158729	2624
NC_017847.1	2162371	2162371	2625
NC_017847.1	2162373	2162373	2626
NC_017847.1	2162382	2162387	2627
NC_017847.1	2162594	2162601	2628
NC_017847.1	2162614	2162844	2629
NC_017847.1	2162846	2162847	2630
NC_017847.1	2162974	2162982	2631
NC_017847.1	2163012	2163012	2632
NC_017847.1	2163014	2163014	2633
NC_017847.1	2163016	2163017	2634
NC_017847.1	2163131	2163140	2635
NC_017847.1	2163151	2163151	2636
NC_017847.1	2171359	2171593	2637
NC_017847.1	2172778	2172779	2638
NC_017847.1	2173182	2173200	2639
NC_017847.1	2173202	2173206	2640
NC_017847.1	2173208	2173209	2641
NC_017847.1	2177764	2177800	2642
NC_017847.1	2181503	2181503	2643
NC_017847.1	2181509	2181533	2644
NC_017847.1	2181542	2181542	2645
NC_017847.1	2186979	2187153	2646
NC_017847.1	2187303	2187326	2647
NC_017847.1	2187330	2187331	2648
NC_017847.1	2187682	2187683	2649
NC_017847.1	2189585	2189585	2650
NC_017847.1	2191098	2191101	2651
NC_017847.1	2191111	2191112	2652
NC_017847.1	2191125	2191125	2653
NC_017847.1	2194606	2196683	2654
NC_017847.1	2196685	2196685	2655
NC_017847.1	2196688	2196689	2656
NC_017847.1	2199215	2199216	2657
NC_017847.1	2199246	2199389	2658
NC_017847.1	2199394	2199394	2659
NC_017847.1	2199399	2199406	2660
NC_017847.1	2199409	2199410	2661
NC_017847.1	2199793	2199793	2662
NC_017847.1	2199862	2199908	2663
NC_017847.1	2203416	2203487	2664
NC_017847.1	2203509	2203509	2665
NC_017847.1	2203595	2203596	2666
NC_017847.1	2204164	2204493	2667
NC_017847.1	2204519	2204519	2668
NC_017847.1	2206153	2206154	2669
NC_017847.1	2210508	2210746	2670
NC_017847.1	2210748	2210749	2671
NC_017847.1	2210751	2210751	2672
NC_017847.1	2210753	2210757	2673
NC_017847.1	2210759	2210759	2674
NC_017847.1	2210761	2210762	2675
NC_017847.1	2210767	2210767	2676
NC_017847.1	2210821	2210826	2677
NC_017847.1	2210829	2210829	2678
NC_017847.1	2210831	2210867	2679
NC_017847.1	2210869	2210869	2680
NC_017847.1	2210873	2210873	2681
NC_017847.1	2210876	2210877	2682
NC_017847.1	2211005	2211005	2683
NC_017847.1	2211009	2211009	2684
NC_017847.1	2212281	2212509	2685
NC_017847.1	2212885	2212892	2686
NC_017847.1	2212896	2212898	2687
NC_017847.1	2212908	2212914	2688
NC_017847.1	2212918	2212918	2689
NC_017847.1	2212921	2213019	2690
NC_017847.1	2213540	2213617	2691
NC_017847.1	2213622	2213622	2692
NC_017847.1	2214291	2214364	2693
NC_017847.1	2214366	2214371	2694
NC_017847.1	2215000	2215165	2695
NC_017847.1	2215168	2215168	2696
NC_017847.1	2215591	2215591	2697
NC_017847.1	2217737	2218046	2698
NC_017847.1	2218930	2218930	2699
NC_017847.1	2219328	2219405	2700
NC_017847.1	2219710	2220258	2701
NC_017847.1	2220764	2221154	2702
NC_017847.1	2222001	2222002	2703
NC_017847.1	2222027	2222028	2704
NC_017847.1	2222034	2222035	2705
NC_017847.1	2223212	2223212	2706
NC_017847.1	2223214	2223273	2707
NC_017847.1	2223960	2223966	2708
NC_017847.1	2225898	2225907	2709
NC_017847.1	2227229	2227229	2710
NC_017847.1	2227484	2227484	2711
NC_017847.1	2227642	2227642	2712
NC_017847.1	2227672	2227673	2713
NC_017847.1	2227876	2227992	2714
NC_017847.1	2227997	2227997	2715
NC_017847.1	2227999	2228001	2716
NC_017847.1	2228128	2228128	2717
NC_017847.1	2228139	2228139	2718
NC_017847.1	2228143	2228143	2719
NC_017847.1	2228145	2228149	2720
NC_017847.1	2228152	2228906	2721
NC_017847.1	2228911	2228911	2722
NC_017847.1	2228914	2228918	2723
NC_017847.1	2228925	2228925	2724
NC_017847.1	2228929	2228929	2725
NC_017847.1	2228931	2228931	2726
NC_017847.1	2228933	2229145	2727
NC_017847.1	2229148	2229149	2728
NC_017847.1	2229164	2229166	2729
NC_017847.1	2229168	2229377	2730
NC_017847.1	2229381	2229382	2731
NC_017847.1	2229389	2229389	2732
NC_017847.1	2229392	2229392	2733
NC_017847.1	2229468	2229472	2734
NC_017847.1	2229607	2229615	2735
NC_017847.1	2229632	2229636	2736
NC_017847.1	2229644	2229651	2737
NC_017847.1	2229665	2230190	2738
NC_017847.1	2231036	2231039	2739
NC_017847.1	2231889	2231933	2740
NC_017847.1	2232166	2232175	2741
NC_017847.1	2232992	2233034	2742
NC_017847.1	2233738	2234498	2743
NC_017847.1	2234975	2234990	2744
NC_017847.1	2235578	2235581	2745
NC_017847.1	2236408	2236408	2746
NC_017847.1	2236410	2237188	2747
NC_017847.1	2237640	2237759	2748
NC_017847.1	2238245	2238247	2749
NC_017847.1	2238250	2239294	2750
NC_017847.1	2239329	2239329	2751
NC_017847.1	2239508	2239516	2752
NC_017847.1	2239569	2239569	2753
NC_017847.1	2239574	2239815	2754
NC_017847.1	2239825	2242401	2755
NC_017847.1	2242405	2242405	2756
NC_017847.1	2242411	2242411	2757
NC_017847.1	2242416	2242416	2758
NC_017847.1	2242688	2242698	2759
NC_017847.1	2242856	2242856	2760
NC_017847.1	2242861	2242863	2761
NC_017847.1	2242865	2242865	2762
NC_017847.1	2242874	2242875	2763
NC_017847.1	2242878	2242878	2764
NC_017847.1	2242881	2242881	2765
NC_017847.1	2242887	2242887	2766
NC_017847.1	2242895	2242919	2767
NC_017847.1	2242922	2244432	2768
NC_017847.1	2244811	2244811	2769
NC_017847.1	2245705	2245751	2770
NC_017847.1	2246311	2246319	2771
NC_017847.1	2246346	2246347	2772
NC_017847.1	2246350	2246501	2773
NC_017847.1	2247787	2247905	2774
NC_017847.1	2251236	2251236	2775
NC_017847.1	2251238	2251762	2776
NC_017847.1	2252550	2252819	2777
NC_017847.1	2252821	2252821	2778
NC_017847.1	2252957	2252958	2779
NC_017847.1	2253061	2253061	2780
NC_017847.1	2253065	2253065	2781
NC_017847.1	2253074	2253074	2782
NC_017847.1	2253078	2253078	2783
NC_017847.1	2253086	2253086	2784
NC_017847.1	2253090	2253090	2785
NC_017847.1	2253099	2253099	2786
NC_017847.1	2255999	2256068	2787
NC_017847.1	2257930	2257938	2788
NC_017847.1	2261848	2261854	2789
NC_017847.1	2262572	2262738	2790
NC_017847.1	2264883	2265068	2791
NC_017847.1	2265459	2265459	2792
NC_017847.1	2270888	2270889	2793
NC_017847.1	2270898	2270966	2794
NC_017847.1	2271690	2271746	2795
NC_017847.1	2272032	2272032	2796
NC_017847.1	2273175	2273182	2797
NC_017847.1	2273192	2273207	2798
NC_017847.1	2273211	2273211	2799
NC_017847.1	2273216	2273297	2800
NC_017847.1	2273299	2273300	2801
NC_017847.1	2273310	2273310	2802
NC_017847.1	2274777	2274777	2803
NC_017847.1	2274780	2275028	2804
NC_017847.1	2275243	2275251	2805
NC_017847.1	2276613	2276613	2806
NC_017847.1	2276624	2276624	2807
NC_017847.1	2276626	2277135	2808
NC_017847.1	2278392	2278393	2809
NC_017847.1	2285595	2285596	2810
NC_017847.1	2285598	2285598	2811
NC_017847.1	2285600	2285638	2812
NC_017847.1	2287006	2288730	2813
NC_017847.1	2290114	2290114	2814
NC_017847.1	2290858	2290926	2815
NC_017847.1	2292295	2292430	2816
NC_017847.1	2294658	2295851	2817
NC_017847.1	2296277	2296391	2818
NC_017847.1	2297001	2297009	2819
NC_017847.1	2297048	2297276	2820
NC_017847.1	2297280	2297309	2821
NC_017847.1	2297311	2297311	2822
NC_017847.1	2297317	2297317	2823
NC_017847.1	2297323	2297325	2824
NC_017847.1	2297327	2297327	2825
NC_017847.1	2297330	2297330	2826
NC_017847.1	2297335	2297335	2827
NC_017847.1	2297342	2297342	2828
NC_017847.1	2297351	2297359	2829
NC_017847.1	2297363	2297363	2830
NC_017847.1	2297369	2297369	2831
NC_017847.1	2297374	2297377	2832
NC_017847.1	2297379	2297379	2833
NC_017847.1	2297383	2297388	2834
NC_017847.1	2297401	2297401	2835
NC_017847.1	2297535	2297535	2836
NC_017847.1	2297575	2297582	2837
NC_017847.1	2297584	2298238	2838
NC_017847.1	2299002	2299002	2839
NC_017847.1	2299004	2299004	2840
NC_017847.1	2299006	2299116	2841
NC_017847.1	2300776	2300798	2842
NC_017847.1	2301572	2306524	2843
NC_017847.1	2306553	2306558	2844
NC_017847.1	2306568	2306568	2845
NC_017847.1	2306599	2307026	2846
NC_017847.1	2307028	2307058	2847
NC_017847.1	2307512	2307512	2848
NC_017847.1	2307649	2307811	2849
NC_017847.1	2307813	2307813	2850
NC_017847.1	2307819	2307824	2851
NC_017847.1	2307827	2307828	2852
NC_017847.1	2307836	2307837	2853
NC_017847.1	2308013	2308013	2854
NC_017847.1	2308323	2308323	2855
NC_017847.1	2308328	2308506	2856
NC_017847.1	2308530	2308530	2857
NC_017847.1	2309810	2309813	2858
NC_017847.1	2309883	2310129	2859
NC_017847.1	2311413	2311413	2860
NC_017847.1	2311415	2311484	2861
NC_017847.1	2311684	2311687	2862
NC_017847.1	2311689	2312000	2863
NC_017847.1	2312279	2312316	2864
NC_017847.1	2312318	2312321	2865
NC_017847.1	2312323	2312324	2866
NC_017847.1	2312326	2312326	2867
NC_017847.1	2312329	2312329	2868
NC_017847.1	2312333	2312333	2869
NC_017847.1	2312336	2312336	2870
NC_017847.1	2312362	2312367	2871
NC_017847.1	2312454	2312462	2872
NC_017847.1	2312472	2312476	2873
NC_017847.1	2312478	2312479	2874
NC_017847.1	2312507	2312507	2875
NC_017847.1	2312510	2312510	2876
NC_017847.1	2312513	2312513	2877
NC_017847.1	2312518	2312649	2878
NC_017847.1	2312677	2312679	2879
NC_017847.1	2312758	2312766	2880
NC_017847.1	2312889	2312892	2881
NC_017847.1	2312917	2312926	2882
NC_017847.1	2312937	2312951	2883
NC_017847.1	2315915	2315918	2884
NC_017847.1	2315920	2315972	2885
NC_017847.1	2316549	2316549	2886
NC_017847.1	2317127	2317167	2887
NC_017847.1	2318091	2319426	2888
NC_017847.1	2320676	2320677	2889
NC_017847.1	2320679	2320696	2890
NC_017847.1	2320702	2320703	2891
NC_017847.1	2322180	2322222	2892
NC_017847.1	2322401	2322401	2893
NC_017847.1	2324121	2324151	2894
NC_017847.1	2325632	2325632	2895
NC_017847.1	2325636	2325754	2896
NC_017847.1	2325756	2325757	2897
NC_017847.1	2325759	2325759	2898
NC_017847.1	2325761	2325764	2899
NC_017847.1	2325766	2325766	2900
NC_017847.1	2327055	2327056	2901
NC_017847.1	2331153	2331191	2902
NC_017847.1	2332449	2332457	2903
NC_017847.1	2333166	2333166	2904
NC_017847.1	2333198	2333198	2905
NC_017847.1	2333441	2333442	2906
NC_017847.1	2333555	2333555	2907
NC_017847.1	2334729	2334793	2908
NC_017847.1	2335536	2335790	2909
NC_017847.1	2337281	2337512	2910
NC_017847.1	2337514	2337514	2911
NC_017847.1	2337520	2337520	2912
NC_017847.1	2340407	2340408	2913
NC_017847.1	2340410	2340413	2914
NC_017847.1	2340418	2340861	2915
NC_017847.1	2342518	2342519	2916
NC_017847.1	2342521	2342524	2917
NC_017847.1	2342528	2342558	2918
NC_017847.1	2342561	2342569	2919
NC_017847.1	2342571	2342571	2920
NC_017847.1	2342574	2342691	2921
NC_017847.1	2342695	2342695	2922
NC_017847.1	2344567	2344571	2923
NC_017847.1	2344573	2344574	2924
NC_017847.1	2344576	2344611	2925
NC_017847.1	2346634	2347324	2926
NC_017847.1	2347326	2347326	2927
NC_017847.1	2348363	2348381	2928
NC_017847.1	2348654	2348662	2929
NC_017847.1	2350223	2350223	2930
NC_017847.1	2353588	2353597	2931
NC_017847.1	2353632	2353633	2932
NC_017847.1	2354879	2354889	2933
NC_017847.1	2354895	2355010	2934
NC_017847.1	2355012	2355013	2935
NC_017847.1	2355015	2355017	2936
NC_017847.1	2355020	2355023	2937
NC_017847.1	2355031	2355031	2938
NC_017847.1	2355034	2355034	2939
NC_017847.1	2355044	2355044	2940
NC_017847.1	2355050	2355053	2941
NC_017847.1	2355238	2355238	2942
NC_017847.1	2355241	2355251	2943
NC_017847.1	2355253	2355256	2944
NC_017847.1	2355573	2355573	2945
NC_017847.1	2355575	2355824	2946
NC_017847.1	2355826	2355826	2947
NC_017847.1	2355833	2355834	2948
NC_017847.1	2355876	2358307	2949
NC_017847.1	2358710	2358833	2950
NC_017847.1	2359275	2359275	2951
NC_017847.1	2362097	2362107	2952
NC_017847.1	2362109	2362166	2953
NC_017847.1	2362168	2362168	2954
NC_017847.1	2362170	2362171	2955
NC_017847.1	2362741	2363997	2956
NC_017847.1	2364016	2364191	2957
NC_017847.1	2364221	2364221	2958
NC_017847.1	2364233	2364295	2959
NC_017847.1	2364610	2364611	2960
NC_017847.1	2364614	2364636	2961
NC_017847.1	2364638	2366635	2962
NC_017847.1	2366637	2366638	2963
NC_017847.1	2366642	2366642	2964
NC_017847.1	2366645	2366647	2965
NC_017847.1	2366727	2366727	2966
NC_017847.1	2368025	2368025	2967
NC_017847.1	2368029	2368029	2968
NC_017847.1	2368033	2368033	2969
NC_017847.1	2369348	2369358	2970
NC_017847.1	2369375	2369376	2971
NC_017847.1	2370849	2370936	2972
NC_017847.1	2370938	2370938	2973
NC_017847.1	2370943	2370951	2974
NC_017847.1	2373399	2373399	2975
NC_017847.1	2374088	2374240	2976
NC_017847.1	2374242	2374242	2977
NC_017847.1	2374245	2374245	2978
NC_017847.1	2374331	2374331	2979
NC_017847.1	2374451	2374451	2980
NC_017847.1	2374453	2374453	2981
NC_017847.1	2374455	2374455	2982
NC_017847.1	2374461	2374461	2983
NC_017847.1	2374467	2374467	2984
NC_017847.1	2374496	2374496	2985
NC_017847.1	2375397	2375399	2986
NC_017847.1	2375401	2375402	2987
NC_017847.1	2375404	2375406	2988
NC_017847.1	2375408	2375410	2989
NC_017847.1	2375412	2375431	2990
NC_017847.1	2380862	2381066	2991
NC_017847.1	2385635	2385673	2992
NC_017847.1	2385676	2385685	2993
NC_017847.1	2385687	2385687	2994
NC_017847.1	2387775	2387776	2995
NC_017847.1	2387783	2387796	2996
NC_017847.1	2388537	2388805	2997
NC_017847.1	2390520	2390528	2998
NC_017847.1	2393116	2393116	2999
NC_017847.1	2394016	2394088	3000
NC_017847.1	2394983	2394984	3001
NC_017847.1	2395179	2395181	3002
NC_017847.1	2395190	2395191	3003
NC_017847.1	2395199	2395199	3004
NC_017847.1	2395202	2395202	3005
NC_017847.1	2395206	2395207	3006
NC_017847.1	2395210	2395210	3007
NC_017847.1	2395212	2395215	3008
NC_017847.1	2395218	2395233	3009
NC_017847.1	2395236	2395253	3010
NC_017847.1	2395258	2395263	3011
NC_017847.1	2395266	2395296	3012
NC_017847.1	2395298	2395298	3013
NC_017847.1	2395303	2395305	3014
NC_017847.1	2395307	2395332	3015
NC_017847.1	2395334	2395338	3016
NC_017847.1	2395340	2395340	3017
NC_017847.1	2395344	2395344	3018
NC_017847.1	2395348	2395349	3019
NC_017847.1	2395352	2395352	3020
NC_017847.1	2395827	2395829	3021
NC_017847.1	2395832	2396053	3022
NC_017847.1	2396058	2396059	3023
NC_017847.1	2396061	2396061	3024
NC_017847.1	2396099	2396099	3025
NC_017847.1	2396104	2396106	3026
NC_017847.1	2396108	2396114	3027
NC_017847.1	2396116	2396116	3028
NC_017847.1	2396123	2396123	3029
NC_017847.1	2396127	2396130	3030
NC_017847.1	2396133	2396134	3031
NC_017847.1	2396136	2396136	3032
NC_017847.1	2396138	2396143	3033
NC_017847.1	2396145	2396145	3034
NC_017847.1	2396148	2396150	3035
NC_017847.1	2396152	2396154	3036
NC_017847.1	2396157	2396157	3037
NC_017847.1	2396163	2396163	3038
NC_017847.1	2396169	2396169	3039
NC_017847.1	2396171	2396171	3040
NC_017847.1	2401398	2401399	3041
NC_017847.1	2403655	2403930	3042
NC_017847.1	2403932	2403932	3043
NC_017847.1	2403958	2403966	3044
NC_017847.1	2404688	2404688	3045
NC_017847.1	2405584	2405865	3046
NC_017847.1	2406361	2406364	3047
NC_017847.1	2406855	2406855	3048
NC_017847.1	2406864	2406864	3049
NC_017847.1	2406869	2406870	3050
NC_017847.1	2406878	2406878	3051
NC_017847.1	2406887	2407403	3052
NC_017847.1	2407645	2407647	3053
NC_017847.1	2407649	2407649	3054
NC_017847.1	2407651	2407651	3055
NC_017847.1	2407676	2407676	3056
NC_017847.1	2407685	2407686	3057
NC_017847.1	2407691	2407691	3058
NC_017847.1	2407693	2407693	3059
NC_017847.1	2407697	2407698	3060
NC_017847.1	2407706	2407707	3061
NC_017847.1	2407710	2407712	3062
NC_017847.1	2407716	2407716	3063
NC_017847.1	2407723	2407723	3064
NC_017847.1	2407728	2407729	3065
NC_017847.1	2407731	2407733	3066
NC_017847.1	2407736	2407741	3067
NC_017847.1	2407743	2407744	3068
NC_017847.1	2407748	2407768	3069
NC_017847.1	2407770	2407770	3070
NC_017847.1	2407775	2407775	3071
NC_017847.1	2407777	2407777	3072
NC_017847.1	2407779	2407779	3073
NC_017847.1	2407785	2407785	3074
NC_017847.1	2407859	2407860	3075
NC_017847.1	2407862	2407864	3076
NC_017847.1	2407876	2407904	3077
NC_017847.1	2407906	2407906	3078
NC_017847.1	2407908	2407909	3079
NC_017847.1	2407911	2407911	3080
NC_017847.1	2407913	2407915	3081
NC_017847.1	2407917	2407918	3082
NC_017847.1	2407920	2407920	3083
NC_017847.1	2407923	2407924	3084
NC_017847.1	2407926	2407941	3085
NC_017847.1	2407943	2407944	3086
NC_017847.1	2407946	2407954	3087
NC_017847.1	2407957	2407957	3088
NC_017847.1	2407980	2407980	3089
NC_017847.1	2407987	2407987	3090
NC_017847.1	2407998	2407998	3091
NC_017847.1	2408116	2408118	3092
NC_017847.1	2408124	2408124	3093
NC_017847.1	2408130	2408130	3094
NC_017847.1	2408213	2408271	3095
NC_017847.1	2408273	2408275	3096
NC_017847.1	2408277	2408278	3097
NC_017847.1	2408280	2408299	3098
NC_017847.1	2408302	2408304	3099
NC_017847.1	2408306	2408310	3100
NC_017847.1	2408312	2408313	3101
NC_017847.1	2408316	2408316	3102
NC_017847.1	2408337	2408338	3103
NC_017847.1	2408344	2408344	3104
NC_017847.1	2408346	2408346	3105
NC_017847.1	2408348	2408348	3106
NC_017847.1	2408350	2408350	3107
NC_017847.1	2408352	2408352	3108
NC_017847.1	2408358	2408358	3109
NC_017847.1	2408360	2408361	3110
NC_017847.1	2408373	2408373	3111
NC_017847.1	2408379	2408379	3112
NC_017847.1	2408383	2408383	3113
NC_017847.1	2408386	2408386	3114
NC_017847.1	2408388	2408388	3115
NC_017847.1	2408391	2408392	3116
NC_017847.1	2408394	2408394	3117
NC_017847.1	2409718	2409720	3118
NC_017847.1	2409722	2409722	3119
NC_017847.1	2409726	2409727	3120
NC_017847.1	2409737	2410153	3121
NC_017847.1	2410155	2410155	3122
NC_017847.1	2410160	2410160	3123
NC_017847.1	2410164	2410164	3124
NC_017847.1	2410171	2410171	3125
NC_017847.1	2410173	2410180	3126
NC_017847.1	2410182	2410183	3127
NC_017847.1	2410186	2410186	3128
NC_017847.1	2410188	2410189	3129
NC_017847.1	2410191	2410191	3130
NC_017847.1	2410193	2410195	3131
NC_017847.1	2410204	2410204	3132
NC_017847.1	2410206	2410216	3133
NC_017847.1	2410218	2410218	3134
NC_017847.1	2410221	2410240	3135
NC_017847.1	2410245	2410322	3136
NC_017847.1	2410332	2410332	3137
NC_017847.1	2410334	2410875	3138
NC_017847.1	2410878	2410878	3139
NC_017847.1	2410887	2410889	3140
NC_017847.1	2410896	2410896	3141
NC_017847.1	2412034	2412083	3142
NC_017847.1	2412286	2412286	3143
NC_017847.1	2412288	2412288	3144
NC_017847.1	2412411	2412414	3145
NC_017847.1	2412416	2412426	3146
NC_017847.1	2412428	2412428	3147
NC_017847.1	2412430	2412430	3148
NC_017847.1	2412432	2412437	3149
NC_017847.1	2412440	2412441	3150
NC_017847.1	2412490	2412490	3151
NC_017847.1	2412508	2412508	3152
NC_017847.1	2412523	2412523	3153
NC_017847.1	2412525	2412528	3154
NC_017847.1	2412535	2412535	3155
NC_017847.1	2412539	2412541	3156
NC_017847.1	2412543	2412543	3157
NC_017847.1	2412545	2412545	3158
NC_017847.1	2412548	2412548	3159
NC_017847.1	2412550	2412551	3160
NC_017847.1	2412553	2412575	3161
NC_017847.1	2412577	2412606	3162
NC_017847.1	2412610	2412610	3163
NC_017847.1	2412612	2412615	3164
NC_017847.1	2412617	2412625	3165
NC_017847.1	2412629	2412660	3166
NC_017847.1	2412662	2413434	3167
NC_017847.1	2413438	2413438	3168
NC_017847.1	2413440	2413511	3169
NC_017847.1	2413515	2413515	3170
NC_017847.1	2413521	2413529	3171
NC_017847.1	2413531	2413531	3172
NC_017847.1	2413535	2413537	3173
NC_017847.1	2413539	2413539	3174
NC_017847.1	2413546	2413546	3175
NC_017847.1	2413548	2413573	3176
NC_017847.1	2413575	2413615	3177
NC_017847.1	2413617	2413617	3178
NC_017847.1	2413627	2413627	3179
NC_017847.1	2414241	2414241	3180
NC_017847.1	2414298	2414298	3181
NC_017847.1	2414300	2414300	3182
NC_017847.1	2414305	2414305	3183
NC_017847.1	2414634	2414634	3184
NC_017847.1	2414642	2414642	3185
NC_017847.1	2414649	2414651	3186
NC_017847.1	2414654	2414676	3187
NC_017847.1	2414693	2414693	3188
NC_017847.1	2414698	2414706	3189
NC_017847.1	2414709	2414712	3190
NC_017847.1	2414714	2414714	3191
NC_017847.1	2414716	2414716	3192
NC_017847.1	2414718	2414718	3193
NC_017847.1	2414721	2414721	3194
NC_017847.1	2414723	2414729	3195
NC_017847.1	2414732	2414736	3196
NC_017847.1	2414738	2414743	3197
NC_017847.1	2414748	2414749	3198
NC_017847.1	2414751	2414761	3199
NC_017847.1	2414763	2414763	3200
NC_017847.1	2414765	2414934	3201
NC_017847.1	2414937	2414971	3202
NC_017847.1	2414973	2414973	3203
NC_017847.1	2414976	2414987	3204
NC_017847.1	2414995	2414997	3205
NC_017847.1	2415009	2415012	3206
NC_017847.1	2415016	2415016	3207
NC_017847.1	2415020	2415020	3208
NC_017847.1	2415067	2415067	3209
NC_017847.1	2415071	2415071	3210
NC_017847.1	2415074	2415145	3211
NC_017847.1	2415152	2415171	3212
NC_017847.1	2415173	2415173	3213
NC_017847.1	2415175	2415177	3214
NC_017847.1	2415180	2415180	3215
NC_017847.1	2415184	2415186	3216
NC_017847.1	2415190	2415190	3217
NC_017847.1	2415206	2415207	3218
NC_017847.1	2415209	2415209	3219
NC_017847.1	2415220	2415220	3220
NC_017847.1	2415230	2415230	3221
NC_017847.1	2415232	2415240	3222
NC_017847.1	2415242	2415242	3223
NC_017847.1	2415266	2415266	3224
NC_017847.1	2415279	2415289	3225
NC_017847.1	2415295	2415295	3226
NC_017847.1	2415299	2415350	3227
NC_017847.1	2415352	2415364	3228
NC_017847.1	2415369	2415369	3229
NC_017847.1	2415637	2415637	3230
NC_017847.1	2415639	2415639	3231
NC_017847.1	2415645	2415645	3232
NC_017847.1	2415647	2415647	3233
NC_017847.1	2415650	2415709	3234
NC_017847.1	2415711	2415717	3235
NC_017847.1	2415720	2415720	3236
NC_017847.1	2415722	2415722	3237
NC_017847.1	2415747	2415747	3238
NC_017847.1	2415751	2415751	3239
NC_017847.1	2415756	2415757	3240
NC_017847.1	2415760	2415764	3241
NC_017847.1	2415766	2415766	3242
NC_017847.1	2415771	2415771	3243
NC_017847.1	2415776	2415776	3244
NC_017847.1	2415778	2415778	3245
NC_017847.1	2415780	2415785	3246
NC_017847.1	2415789	2415789	3247
NC_017847.1	2415791	2415791	3248
NC_017847.1	2415794	2415795	3249
NC_017847.1	2415797	2415809	3250
NC_017847.1	2415811	2415813	3251
NC_017847.1	2415819	2415819	3252
NC_017847.1	2415825	2415825	3253
NC_017847.1	2415827	2415844	3254
NC_017847.1	2415852	2415858	3255
NC_017847.1	2415860	2415860	3256
NC_017847.1	2415862	2415868	3257
NC_017847.1	2415871	2415871	3258
NC_017847.1	2415873	2415873	3259
NC_017847.1	2415914	2415915	3260
NC_017847.1	2415917	2415919	3261
NC_017847.1	2415996	2416017	3262
NC_017847.1	2416019	2416022	3263
NC_017847.1	2416024	2416028	3264
NC_017847.1	2416032	2416042	3265
NC_017847.1	2416050	2416086	3266
NC_017847.1	2416090	2416092	3267
NC_017847.1	2416117	2416128	3268
NC_017847.1	2416130	2416131	3269
NC_017847.1	2416134	2416135	3270
NC_017847.1	2416152	2416152	3271
NC_017847.1	2416154	2416154	3272
NC_017847.1	2416160	2416203	3273
NC_017847.1	2416205	2416205	3274
NC_017847.1	2416208	2416208	3275
NC_017847.1	2416210	2416231	3276
NC_017847.1	2416234	2416254	3277
NC_017847.1	2416256	2416388	3278
NC_017847.1	2416392	2416395	3279
NC_017847.1	2416399	2416399	3280
NC_017847.1	2416401	2416401	3281
NC_017847.1	2416403	2416422	3282
NC_017847.1	2416425	2416425	3283
NC_017847.1	2416427	2416437	3284
NC_017847.1	2416443	2416443	3285
NC_017847.1	2416445	2416466	3286
NC_017847.1	2416472	2416472	3287
NC_017847.1	2416475	2416475	3288
NC_017847.1	2416477	2416477	3289
NC_017847.1	2416480	2416480	3290
NC_017847.1	2416702	2416702	3291
NC_017847.1	2416734	2416734	3292
NC_017847.1	2416736	2416737	3293
NC_017847.1	2416754	2416754	3294
NC_017847.1	2416756	2416759	3295
NC_017847.1	2416761	2416761	3296
NC_017847.1	2416763	2416763	3297
NC_017847.1	2416771	2416771	3298
NC_017847.1	2416777	2416777	3299
NC_017847.1	2416782	2416782	3300
NC_017847.1	2416784	2416785	3301
NC_017847.1	2416962	2416962	3302
NC_017847.1	2417353	2417353	3303
NC_017847.1	2417363	2417365	3304
NC_017847.1	2417501	2417512	3305
NC_017847.1	2417517	2417517	3306
NC_017847.1	2417519	2417519	3307
NC_017847.1	2417936	2417936	3308
NC_017847.1	2417938	2417938	3309
NC_017847.1	2417941	2417941	3310
NC_017847.1	2417954	2417974	3311
NC_017847.1	2417977	2417979	3312
NC_017847.1	2417986	2417986	3313
NC_017847.1	2417990	2417990	3314
NC_017847.1	2418004	2418004	3315
NC_017847.1	2418006	2418007	3316
NC_017847.1	2418018	2418369	3317
NC_017847.1	2418379	2418380	3318
NC_017847.1	2418383	2418383	3319
NC_017847.1	2418386	2418386	3320
NC_017847.1	2418389	2418389	3321
NC_017847.1	2418411	2418411	3322
NC_017847.1	2418419	2418424	3323
NC_017847.1	2418426	2418426	3324
NC_017847.1	2418428	2418436	3325
NC_017847.1	2418438	2418438	3326
NC_017847.1	2418441	2418442	3327
NC_017847.1	2418444	2418447	3328
NC_017847.1	2418449	2418452	3329
NC_017847.1	2418455	2418456	3330
NC_017847.1	2418458	2418458	3331
NC_017847.1	2418462	2418462	3332
NC_017847.1	2418466	2418467	3333
NC_017847.1	2418505	2418543	3334
NC_017847.1	2418555	2418555	3335
NC_017847.1	2418557	2418557	3336
NC_017847.1	2418559	2418582	3337
NC_017847.1	2418584	2418587	3338
NC_017847.1	2418593	2418596	3339
NC_017847.1	2418599	2418599	3340
NC_017847.1	2418602	2418612	3341
NC_017847.1	2418614	2418615	3342
NC_017847.1	2418617	2418617	3343
NC_017847.1	2418619	2418638	3344
NC_017847.1	2418642	2418642	3345
NC_017847.1	2418646	2418646	3346
NC_017847.1	2418665	2418665	3347
NC_017847.1	2418668	2418668	3348
NC_017847.1	2418671	2418671	3349
NC_017847.1	2418681	2418681	3350
NC_017847.1	2418683	2418683	3351
NC_017847.1	2418685	2418692	3352
NC_017847.1	2418702	2418703	3353
NC_017847.1	2418705	2418709	3354
NC_017847.1	2418745	2418745	3355
NC_017847.1	2418875	2418875	3356
NC_017847.1	2418885	2418885	3357
NC_017847.1	2418887	2418887	3358
NC_017847.1	2418891	2418893	3359
NC_017847.1	2418897	2418900	3360
NC_017847.1	2418905	2418905	3361
NC_017847.1	2418923	2418931	3362
NC_017847.1	2418937	2418937	3363
NC_017847.1	2418944	2418944	3364
NC_017847.1	2418967	2418968	3365
NC_017847.1	2418975	2418975	3366
NC_017847.1	2418977	2418979	3367
NC_017847.1	2418981	2418983	3368
NC_017847.1	2418986	2418987	3369
NC_017847.1	2418991	2418997	3370
NC_017847.1	2418999	2418999	3371
NC_017847.1	2419002	2419002	3372
NC_017847.1	2419004	2419012	3373
NC_017847.1	2419014	2419014	3374
NC_017847.1	2419022	2419170	3375
NC_017847.1	2419173	2419173	3376
NC_017847.1	2419175	2419176	3377
NC_017847.1	2419178	2419178	3378
NC_017847.1	2419183	2419195	3379
NC_017847.1	2419202	2419212	3380
NC_017847.1	2419221	2419221	3381
NC_017847.1	2419224	2419225	3382
NC_017847.1	2419236	2419236	3383
NC_017847.1	2419238	2419338	3384
NC_017847.1	2419361	2419364	3385
NC_017847.1	2419366	2419372	3386
NC_017847.1	2419377	2419393	3387
NC_017847.1	2419397	2419580	3388
NC_017847.1	2419582	2548324	3389
NC_017847.1	2548334	2548336	3390
NC_017847.1	2548345	2548345	3391
NC_017847.1	2548348	2548348	3392
NC_017847.1	2548354	2548355	3393
NC_017847.1	2548372	2548372	3394
NC_017847.1	2548376	2548379	3395
NC_017847.1	2548384	2548384	3396
NC_017847.1	2548387	2549400	3397
NC_017847.1	2549609	2550809	3398
NC_017847.1	2552045	2552046	3399
NC_017847.1	2552048	2552048	3400
NC_017847.1	2552050	2552063	3401
NC_017847.1	2552065	2552065	3402
NC_017847.1	2552067	2552070	3403
NC_017847.1	2552074	2552081	3404
NC_017847.1	2552083	2552083	3405
NC_017847.1	2552229	2552368	3406
NC_017847.1	2552370	2552371	3407
NC_017847.1	2552373	2552373	3408
NC_017847.1	2552375	2552378	3409
NC_017847.1	2552384	2552544	3410
NC_017847.1	2552547	2552548	3411
NC_017847.1	2552551	2552551	3412
NC_017847.1	2552557	2552557	3413
NC_017847.1	2552564	2552565	3414
NC_017847.1	2552568	2552568	3415
NC_017847.1	2552575	2552575	3416
NC_017847.1	2552577	2552578	3417
NC_017847.1	2552600	2552600	3418
NC_017847.1	2552604	2552605	3419
NC_017847.1	2552620	2552627	3420
NC_017847.1	2552640	2552640	3421
NC_017847.1	2552659	2552659	3422
NC_017847.1	2552662	2552662	3423
NC_017847.1	2552670	2554620	3424
NC_017847.1	2554622	2554622	3425
NC_017847.1	2554905	2554905	3426
NC_017847.1	2554923	2554924	3427
NC_017847.1	2554939	2554940	3428
NC_017847.1	2554946	2554946	3429
NC_017847.1	2554957	2554958	3430
NC_017847.1	2554960	2554960	3431
NC_017847.1	2554962	2554972	3432
NC_017847.1	2555160	2555228	3433
NC_017847.1	2555230	2555230	3434
NC_017847.1	2558503	2558504	3435
NC_017847.1	2558577	2558767	3436
NC_017847.1	2560815	2560867	3437
NC_017847.1	2561872	2561873	3438
NC_017847.1	2561876	2561877	3439
NC_017847.1	2561881	2561881	3440
NC_017847.1	2563128	2563188	3441
NC_017847.1	2563194	2563195	3442
NC_017847.1	2566695	2566716	3443
NC_017847.1	2567452	2567453	3444
NC_017847.1	2567691	2567698	3445
NC_017847.1	2568175	2568282	3446
NC_017847.1	2573376	2590483	3447
NC_017847.1	2590761	2590762	3448
NC_017847.1	2590993	2591257	3449
NC_017847.1	2591259	2591259	3450
NC_017847.1	2591680	2591680	3451
NC_017847.1	2591682	2591683	3452
NC_017847.1	2591685	2591685	3453
NC_017847.1	2591687	2591938	3454
NC_017847.1	2592203	2592204	3455
NC_017847.1	2597111	2597112	3456
NC_017847.1	2599147	2599148	3457
NC_017847.1	2600229	2600231	3458
NC_017847.1	2601047	2601048	3459
NC_017847.1	2602260	2602261	3460
NC_017847.1	2602263	2602264	3461
NC_017847.1	2602300	2602861	3462
NC_017847.1	2604285	2605365	3463
NC_017847.1	2605468	2605472	3464
NC_017847.1	2610635	2610883	3465
NC_017847.1	2611507	2611508	3466
NC_017847.1	2611921	2611922	3467
NC_017847.1	2612822	2614618	3468
NC_017847.1	2614697	2614697	3469
NC_017847.1	2614704	2614704	3470
NC_017847.1	2614706	2614706	3471
NC_017847.1	2614708	2614759	3472
NC_017847.1	2615202	2615203	3473
NC_017847.1	2615693	2615928	3474
NC_017847.1	2617311	2617312	3475
NC_017847.1	2617314	2617316	3476
NC_017847.1	2618400	2618408	3477
NC_017847.1	2619342	2619342	3478
NC_017847.1	2619345	2619345	3479
NC_017847.1	2619347	2619347	3480
NC_017847.1	2619350	2619392	3481
NC_017847.1	2619485	2619486	3482
NC_017847.1	2620133	2620141	3483
NC_017847.1	2620508	2620592	3484
NC_017847.1	2620935	2621022	3485
NC_017847.1	2622480	2622480	3486
NC_017847.1	2622482	2622584	3487
NC_017847.1	2625386	2625386	3488
NC_017847.1	2625388	2625550	3489
NC_017847.1	2628406	2628406	3490
NC_017847.1	2628408	2628490	3491
NC_017847.1	2628902	2628906	3492
NC_017847.1	2628980	2628984	3493
NC_017847.1	2628986	2628986	3494
NC_017847.1	2628990	2629022	3495
NC_017847.1	2631677	2631963	3496
NC_017847.1	2631965	2631966	3497
NC_017847.1	2633182	2633183	3498
NC_017847.1	2633187	2633279	3499
NC_017847.1	2633285	2633285	3500
NC_017847.1	2633702	2633710	3501
NC_017847.1	2633715	2633715	3502
NC_017847.1	2633725	2633730	3503
NC_017847.1	2633739	2633800	3504
NC_017847.1	2633803	2633804	3505
NC_017847.1	2633807	2633807	3506
NC_017847.1	2633810	2633814	3507
NC_017847.1	2633817	2633817	3508
NC_017847.1	2633825	2633835	3509
NC_017847.1	2633897	2633898	3510
NC_017847.1	2634249	2634249	3511
NC_017847.1	2634251	2634252	3512
NC_017847.1	2634254	2634350	3513
NC_017847.1	2634352	2634374	3514
NC_017847.1	2634377	2634401	3515
NC_017847.1	2634622	2634622	3516
NC_017847.1	2634757	2634758	3517
NC_017847.1	2634760	2635965	3518
NC_017847.1	2637235	2637235	3519
NC_017847.1	2637992	2637992	3520
NC_017847.1	2638210	2638210	3521
NC_017847.1	2638217	2638223	3522
NC_017847.1	2638226	2638231	3523
NC_017847.1	2641332	2641362	3524
NC_017847.1	2645454	2645474	3525
NC_017847.1	2647222	2647367	3526
NC_017847.1	2647377	2647377	3527
NC_017847.1	2647396	2647396	3528
NC_017847.1	2647398	2647398	3529
NC_017847.1	2647400	2647400	3530
NC_017847.1	2647415	2647415	3531
NC_017847.1	2647473	2708178	3532
NC_017847.1	2709849	2709946	3533
NC_017847.1	2711466	2711467	3534
NC_017847.1	2711471	2711472	3535
NC_017847.1	2711866	2711871	3536
NC_017847.1	2711873	2711889	3537
NC_017847.1	2712490	2712498	3538
NC_017847.1	2714597	2714848	3539
NC_017847.1	2714887	2714888	3540
NC_017847.1	2716682	2716690	3541
NC_017847.1	2716972	2717027	3542
NC_017847.1	2718328	2718486	3543
NC_017847.1	2718488	2718488	3544
NC_017847.1	2719770	2719818	3545
NC_017847.1	2722555	2722566	3546
NC_017847.1	2722568	2722568	3547
NC_017847.1	2722570	2722570	3548
NC_017847.1	2722572	2722581	3549
NC_017847.1	2724888	2724896	3550
NC_017847.1	2728906	2728906	3551
NC_017847.1	2734468	2734511	3552
NC_017847.1	2734515	2734515	3553
NC_017847.1	2735539	2735592	3554
NC_017847.1	2735834	2735864	3555
NC_017847.1	2735866	2735867	3556
NC_017847.1	2735887	2735887	3557
NC_017847.1	2736523	2736523	3558
NC_017847.1	2736553	2736554	3559
NC_017847.1	2738129	2738151	3560
NC_017847.1	2738645	2738711	3561
NC_017847.1	2740916	2742411	3562
NC_017847.1	2743809	2834258	3563
NC_017847.1	2834483	2834484	3564
NC_017847.1	2834489	2842999	3565
NC_017847.1	2845582	2845590	3566
NC_017847.1	2847168	2847169	3567
NC_017847.1	2847191	2847352	3568
NC_017847.1	2848426	2848426	3569
NC_017847.1	2848429	2848491	3570
NC_017847.1	2849882	2850034	3571
NC_017847.1	2859785	2859785	3572
NC_017847.1	2861020	2861021	3573
NC_017847.1	2861030	2861030	3574
NC_017847.1	2863201	2863250	3575
NC_017847.1	2863252	2863252	3576
NC_017847.1	2863256	2863257	3577
NC_017847.1	2863260	2863260	3578
NC_017847.1	2863262	2863281	3579
NC_017847.1	2863292	2863292	3580
NC_017847.1	2863294	2863296	3581
NC_017847.1	2863298	2863305	3582
NC_017847.1	2863311	2863337	3583
NC_017847.1	2863346	2863463	3584
NC_017847.1	2863465	2863465	3585
NC_017847.1	2863467	2863468	3586
NC_017847.1	2863471	2863471	3587
NC_017847.1	2863481	2863481	3588
NC_017847.1	2863484	2863484	3589
NC_017847.1	2863539	2863540	3590
NC_017847.1	2863542	2863542	3591
NC_017847.1	2863558	2863559	3592
NC_017847.1	2863571	2863574	3593
NC_017847.1	2863577	2863577	3594
NC_017847.1	2863583	2863597	3595
NC_017847.1	2863605	2863874	3596
NC_017847.1	2864283	2864283	3597
NC_017847.1	2864286	2864383	3598
NC_017847.1	2866125	2866600	3599
NC_017847.1	2867575	2867582	3600
NC_017847.1	2867587	2867594	3601
NC_017847.1	2868930	2870835	3602
NC_017847.1	2870914	2871035	3603
NC_017847.1	2871587	2871607	3604
NC_017847.1	2871612	2871614	3605
NC_017847.1	2871616	2871626	3606
NC_017847.1	2871628	2871691	3607
NC_017847.1	2871694	2871695	3608
NC_017847.1	2871699	2871699	3609
NC_017847.1	2871701	2871701	3610
NC_017847.1	2872236	2872297	3611
NC_017847.1	2872299	2872299	3612
NC_017847.1	2875007	2875008	3613
NC_017847.1	2875126	2876020	3614
NC_017847.1	2876783	2876855	3615
NC_017847.1	2876857	2876857	3616
NC_017847.1	2878586	2878588	3617
NC_017847.1	2878592	2878665	3618
NC_017847.1	2879127	2879249	3619
NC_017847.1	2879633	2879889	3620
NC_017847.1	2883466	2883467	3621
NC_017847.1	2883797	2883800	3622
NC_017847.1	2883802	2883833	3623
NC_017847.1	2883909	2884397	3624
NC_017847.1	2888125	2888125	3625
NC_017847.1	2890514	2890613	3626
NC_017847.1	2891485	2891601	3627
NC_017847.1	2892572	2892572	3628
NC_017847.1	2892574	2892574	3629
NC_017847.1	2892576	2892719	3630
NC_017847.1	2893450	2893467	3631
NC_017847.1	2894838	2894947	3632
NC_017847.1	2896809	2896810	3633
NC_017847.1	2897199	2897199	3634
NC_017847.1	2897202	2897202	3635
NC_017847.1	2897204	2897205	3636
NC_017847.1	2897207	2897355	3637
NC_017847.1	2897361	2897361	3638
NC_017847.1	2898788	2898864	3639
NC_017847.1	2898866	2898867	3640
NC_017847.1	2898869	2898871	3641
NC_017847.1	2898873	2898873	3642
NC_017847.1	2902087	2902087	3643
NC_017847.1	2902089	2902091	3644
NC_017847.1	2902094	2902321	3645
NC_017847.1	2905285	2905512	3646
NC_017847.1	2907167	2907479	3647
NC_017847.1	2907495	2907496	3648
NC_017847.1	2907989	2907989	3649
NC_017847.1	2911335	2911335	3650
NC_017847.1	2913253	2913254	3651
NC_017847.1	2916651	2916886	3652
NC_017847.1	2916888	2916888	3653
NC_017847.1	2916890	2916891	3654
NC_017847.1	2916893	2916895	3655
NC_017847.1	2916897	2916898	3656
NC_017847.1	2916905	2916905	3657
NC_017847.1	2916907	2916909	3658
NC_017847.1	2916911	2916911	3659
NC_017847.1	2916915	2916915	3660
NC_017847.1	2916919	2916919	3661
NC_017847.1	2916921	2916928	3662
NC_017847.1	2916930	2916950	3663
NC_017847.1	2916954	2917065	3664
NC_017847.1	2917067	2917067	3665
NC_017847.1	2921780	2921851	3666
NC_017847.1	2923863	2923863	3667
NC_017847.1	2923867	2923990	3668
NC_017847.1	2925235	2925235	3669
NC_017847.1	2930930	2930931	3670
NC_017847.1	2933944	2933944	3671
NC_017847.1	2934949	2934949	3672
NC_017847.1	2937449	2937633	3673
NC_017847.1	2938453	2938453	3674
NC_017847.1	2938455	2938644	3675
NC_017847.1	2939538	2939539	3676
NC_017847.1	2939541	2939542	3677
NC_017847.1	2939634	2939641	3678
NC_017847.1	2940539	2940539	3679
NC_017847.1	2940571	2940572	3680
NC_017847.1	2944377	2944585	3681
NC_017847.1	2944648	2944650	3682
NC_017847.1	2945582	2945623	3683
NC_017847.1	2948130	2948130	3684
NC_017847.1	2948132	2948132	3685
NC_017847.1	2948147	2948220	3686
NC_017847.1	2948226	2948226	3687
NC_017847.1	2948276	2948276	3688
NC_017847.1	2948838	2948839	3689
NC_017847.1	2949445	2949539	3690
NC_017847.1	2952328	2952366	3691
NC_017847.1	2952368	2952370	3692
NC_017847.1	2952374	2952374	3693
NC_017847.1	2954079	2954079	3694
NC_017847.1	2954243	2954244	3695
NC_017847.1	2958193	2958613	3696
NC_017847.1	2960368	2960369	3697
NC_017847.1	2960877	2961012	3698
NC_017847.1	2963363	2963364	3699
NC_017847.1	2964151	2964151	3700
NC_017847.1	2964174	2964174	3701
NC_017847.1	2965005	2965100	3702
NC_017847.1	2965385	2965386	3703
NC_017847.1	2966090	2966092	3704
NC_017847.1	2966120	2966384	3705
NC_017847.1	2966386	2966386	3706
NC_017847.1	2966391	2966561	3707
NC_017847.1	2966566	2966566	3708
NC_017847.1	2966568	2966569	3709
NC_017847.1	2966574	2966574	3710
NC_017847.1	2966577	2966577	3711
NC_017847.1	2966587	2967202	3712
NC_017847.1	2967630	2967639	3713
NC_017847.1	2970331	2970332	3714
NC_017847.1	2970361	2970361	3715
NC_017847.1	2971003	2977623	3716
NC_017847.1	2978114	2978118	3717
NC_017847.1	2978734	2978734	3718
NC_017847.1	2980181	2980182	3719
NC_017847.1	2980190	2980214	3720
NC_017847.1	2983224	2983352	3721
NC_017847.1	2987074	2987075	3722
NC_017847.1	2987079	2987111	3723
NC_017847.1	2987591	2987592	3724
NC_017847.1	2987594	2987682	3725
NC_017847.1	2987951	2987951	3726
NC_017847.1	2987955	2987955	3727
NC_017847.1	2987959	2987975	3728
NC_017847.1	2988949	2988949	3729
NC_017847.1	2988954	2988955	3730
NC_017847.1	2988966	2988967	3731
NC_017847.1	2988971	2988972	3732
NC_017847.1	2992333	2992339	3733
NC_017847.1	3000001	3000509	3734
NC_017847.1	3002302	3002310	3735
NC_017847.1	3004712	3004861	3736
NC_017847.1	3008289	3008289	3737
NC_017847.1	3008291	3008292	3738
NC_017847.1	3008294	3008332	3739
NC_017847.1	3009391	3009391	3740
NC_017847.1	3012829	3014153	3741
NC_017847.1	3014363	3014371	3742
NC_017847.1	3014402	3014403	3743
NC_017847.1	3014405	3014407	3744
NC_017847.1	3014410	3014410	3745
NC_017847.1	3014412	3014413	3746
NC_017847.1	3014417	3014464	3747
NC_017847.1	3018805	3018813	3748
NC_017847.1	3020959	3020959	3749
NC_017847.1	3020961	3020961	3750
NC_017847.1	3020963	3020969	3751
NC_017847.1	3020971	3020972	3752
NC_017847.1	3020974	3020985	3753
NC_017847.1	3020989	3020990	3754
NC_017847.1	3021019	3021019	3755
NC_017847.1	3021940	3021972	3756
NC_017847.1	3021974	3021985	3757
NC_017847.1	3023184	3024424	3758
NC_017847.1	3029346	3029353	3759
NC_017847.1	3029355	3029389	3760
NC_017847.1	3031461	3031495	3761
NC_017847.1	3031499	3031499	3762
NC_017847.1	3032532	3032540	3763
NC_017847.1	3032995	3032995	3764
NC_017847.1	3033000	3033000	3765
NC_017847.1	3033003	3033366	3766
NC_017847.1	3035844	3035846	3767
NC_017847.1	3035851	3035855	3768
NC_017847.1	3035860	3035860	3769
NC_017847.1	3036027	3036028	3770
NC_017847.1	3036030	3036193	3771
NC_017847.1	3042739	3042739	3772
NC_017847.1	3043095	3043095	3773
NC_017847.1	3046272	3046331	3774
NC_017847.1	3048179	3048195	3775
NC_017847.1	3048201	3048209	3776
NC_017847.1	3048464	3048464	3777
NC_017847.1	3048479	3048479	3778
NC_017847.1	3048757	3048946	3779
NC_017847.1	3048956	3048957	3780
NC_017847.1	3052060	3052060	3781
NC_017847.1	3057687	3057687	3782
NC_017847.1	3058525	3058974	3783
NC_017847.1	3061470	3061512	3784
NC_017847.1	3063218	3063227	3785
NC_017847.1	3063230	3063230	3786
NC_017847.1	3063832	3063980	3787
NC_017847.1	3063982	3063982	3788
NC_017847.1	3064940	3064941	3789
NC_017847.1	3065176	3065176	3790
NC_017847.1	3066576	3066577	3791
NC_017847.1	3067169	3067177	3792
NC_017847.1	3068342	3068355	3793
NC_017847.1	3069339	3069356	3794
NC_017847.1	3069379	3069380	3795
NC_017847.1	3071749	3071799	3796
NC_017847.1	3071801	3071801	3797
NC_017847.1	3071803	3071803	3798
NC_017847.1	3071805	3071807	3799
NC_017847.1	3071811	3071812	3800
NC_017847.1	3074327	3074328	3801
NC_017847.1	3074339	3074345	3802
NC_017847.1	3078382	3078613	3803
NC_017847.1	3078663	3078663	3804
NC_017847.1	3078668	3078668	3805
NC_017847.1	3078727	3078734	3806
NC_017847.1	3078900	3078905	3807
NC_017847.1	3078907	3080203	3808
NC_017847.1	3080205	3080205	3809
NC_017847.1	3081768	3081768	3810
NC_017847.1	3081770	3081770	3811
NC_017847.1	3081773	3081773	3812
NC_017847.1	3083721	3083901	3813
NC_017847.1	3083904	3083904	3814
NC_017847.1	3090795	3090797	3815
NC_017847.1	3090799	3090809	3816
NC_017847.1	3091471	3091532	3817
NC_017847.1	3091537	3091537	3818
NC_017847.1	3091871	3091871	3819
NC_017847.1	3093096	3093096	3820
NC_017847.1	3093661	3093820	3821
NC_017847.1	3095919	3095920	3822
NC_017847.1	3097344	3097362	3823
NC_017847.1	3097364	3097364	3824
NC_017847.1	3097366	3097366	3825
NC_017847.1	3097370	3097371	3826
NC_017847.1	3098353	3098560	3827
NC_017847.1	3100196	3100774	3828
NC_017847.1	3101647	3105272	3829
NC_017847.1	3105469	3105636	3830
NC_017847.1	3106982	3106982	3831
NC_017847.1	3106984	3106984	3832
NC_017847.1	3106986	3107314	3833
NC_017847.1	3110335	3110448	3834
NC_017847.1	3110538	3110807	3835
NC_017847.1	3110859	3110859	3836
NC_017847.1	3110933	3111008	3837
NC_017847.1	3113170	3113173	3838
NC_017847.1	3113180	3113181	3839
NC_017847.1	3113207	3113208	3840
NC_017847.1	3113480	3113672	3841
NC_017847.1	3114333	3114333	3842
NC_017847.1	3114335	3114389	3843
NC_017847.1	3114391	3114391	3844
NC_017847.1	3116720	3116721	3845
NC_017847.1	3116762	3116801	3846
NC_017847.1	3117863	3117863	3847
NC_017847.1	3122612	3122614	3848
NC_017847.1	3122616	3122764	3849
NC_017847.1	3123266	3123266	3850
NC_017847.1	3123268	3123291	3851
NC_017847.1	3123305	3123307	3852
NC_017847.1	3125056	3125057	3853
NC_017847.1	3125061	3125061	3854
NC_017847.1	3126119	3126182	3855
NC_017847.1	3126184	3126185	3856
NC_017847.1	3126189	3126189	3857
NC_017847.1	3141471	3141619	3858
NC_017847.1	3141621	3141625	3859
NC_017847.1	3141627	3141630	3860
NC_017847.1	3143561	3143561	3861
NC_017847.1	3143615	3143615	3862
NC_017847.1	3143618	3143618	3863
NC_017847.1	3146012	3146062	3864
NC_017847.1	3146115	3146115	3865
NC_017847.1	3146120	3146270	3866
NC_017847.1	3150964	3177734	3867
NC_017847.1	3177808	3177960	3868
NC_017847.1	3178003	3178003	3869
NC_017847.1	3178006	3178009	3870
NC_017847.1	3178018	3178052	3871
NC_017847.1	3178061	3178061	3872
NC_017847.1	3178446	3178452	3873
NC_017847.1	3178454	3178458	3874
NC_017847.1	3178460	3178460	3875
NC_017847.1	3178465	3178465	3876
NC_017847.1	3178467	3178467	3877
NC_017847.1	3178470	3178473	3878
NC_017847.1	3178475	3178475	3879
NC_017847.1	3178494	3178501	3880
NC_017847.1	3178669	3178669	3881
NC_017847.1	3178683	3178684	3882
NC_017847.1	3178713	3178944	3883
NC_017847.1	3179300	3179340	3884
NC_017847.1	3179347	3179348	3885
NC_017847.1	3179352	3179355	3886
NC_017847.1	3179357	3179357	3887
NC_017847.1	3179359	3179360	3888
NC_017847.1	3179367	3179367	3889
NC_017847.1	3179470	3179470	3890
NC_017847.1	3179485	3179979	3891
NC_017847.1	3180459	3180541	3892
NC_017847.1	3180873	3185612	3893
NC_017847.1	3188426	3188426	3894
NC_017847.1	3188509	3188739	3895
NC_017847.1	3188754	3188754	3896
NC_017847.1	3188757	3188757	3897
NC_017847.1	3188759	3188759	3898
NC_017847.1	3188761	3188761	3899
NC_017847.1	3188763	3188763	3900
NC_017847.1	3188765	3188765	3901
NC_017847.1	3188768	3188768	3902
NC_017847.1	3188772	3188772	3903
NC_017847.1	3188774	3188774	3904
NC_017847.1	3188776	3188788	3905
NC_017847.1	3188791	3188791	3906
NC_017847.1	3188802	3188803	3907
NC_017847.1	3188806	3188808	3908
NC_017847.1	3188851	3188852	3909
NC_017847.1	3188887	3188889	3910
NC_017847.1	3188893	3188893	3911
NC_017847.1	3188897	3188897	3912
NC_017847.1	3189444	3189444	3913
NC_017847.1	3189461	3189697	3914
NC_017847.1	3189699	3189699	3915
NC_017847.1	3191340	3191538	3916
NC_017847.1	3191688	3191696	3917
NC_017847.1	3192508	3192694	3918
NC_017847.1	3192798	3192799	3919
NC_017847.1	3194200	3194201	3920
NC_017847.1	3194203	3194261	3921
NC_017847.1	3194296	3194296	3922
NC_017847.1	3195787	3195830	3923
NC_017847.1	3199431	3199431	3924
NC_017847.1	3207312	3207358	3925
NC_017847.1	3208381	3208416	3926
NC_017847.1	3209828	3209829	3927
NC_017847.1	3210998	3212109	3928
NC_017847.1	3215099	3215100	3929
NC_017847.1	3215340	3215340	3930
NC_017847.1	3215345	3215351	3931
NC_017847.1	3215353	3215353	3932
NC_017847.1	3215355	3215355	3933
NC_017847.1	3215357	3215357	3934
NC_017847.1	3215360	3215360	3935
NC_017847.1	3215362	3215362	3936
NC_017847.1	3217679	3217843	3937
NC_017847.1	3218481	3218482	3938
NC_017847.1	3218503	3218503	3939
NC_017847.1	3219439	3219439	3940
NC_017847.1	3220413	3220525	3941
NC_017847.1	3220535	3220535	3942
NC_017847.1	3220540	3220540	3943
NC_017847.1	3220657	3220732	3944
NC_017847.1	3221899	3221900	3945
NC_017847.1	3225888	3225888	3946
NC_017847.1	3227748	3229662	3947
NC_017847.1	3230157	3230157	3948
NC_017847.1	3230601	3235790	3949
NC_017847.1	3235828	3235830	3950
NC_017847.1	3236319	3237122	3951
NC_017847.1	3237130	3237130	3952
NC_017847.1	3237954	3237993	3953
NC_017847.1	3242487	3242672	3954
NC_017847.1	3244532	3250640	3955
NC_017847.1	3254552	3254648	3956
NC_017847.1	3255015	3255016	3957
NC_017847.1	3255147	3255148	3958
NC_017847.1	3255150	3255179	3959
NC_017847.1	3255182	3255182	3960
NC_017847.1	3255669	3255669	3961
NC_017847.1	3255677	3255677	3962
NC_017847.1	3260114	3260114	3963
NC_017847.1	3261629	3261637	3964
NC_017847.1	3265180	3265188	3965
NC_017847.1	3265191	3265192	3966
NC_017847.1	3272131	3272131	3967
NC_017847.1	3272133	3272310	3968
NC_017847.1	3272313	3272313	3969
NC_017847.1	3272316	3272316	3970
NC_017847.1	3272622	3272971	3971
NC_017847.1	3277779	3278976	3972
NC_017847.1	3279678	3279749	3973
NC_017847.1	3281092	3281136	3974
NC_017847.1	3281191	3281198	3975
NC_017847.1	3282419	3282420	3976
NC_017847.1	3285114	3285114	3977
NC_017847.1	3285116	3285118	3978
NC_017847.1	3285124	3285163	3979
NC_017847.1	3285166	3285167	3980
NC_017847.1	3285597	3285597	3981
NC_017847.1	3293867	3293870	3982
NC_017847.1	3303055	3303063	3983
NC_017847.1	3304391	3304399	3984
NC_017847.1	3307215	3307215	3985
NC_017847.1	3310354	3310355	3986
NC_017847.1	3310950	3310958	3987
NC_017847.1	3313183	3313189	3988
NC_017847.1	3314260	3314344	3989
NC_017847.1	3314346	3314346	3990
NC_017847.1	3315689	3315689	3991
NC_017847.1	3315692	3315700	3992
NC_017847.1	3315841	3315841	3993
NC_017847.1	3315844	3315844	3994
NC_017847.1	3315847	3315951	3995
NC_017847.1	3315953	3315955	3996
NC_017847.1	3315959	3315959	3997
NC_017847.1	3315971	3315972	3998
NC_017847.1	3316930	3317693	3999
NC_017847.1	3325925	3327176	4000
NC_017847.1	3327184	3327184	4001
NC_017847.1	3327186	3327201	4002
NC_017847.1	3327213	3327231	4003
NC_017847.1	3327237	3327237	4004
NC_017847.1	3327244	3327244	4005
NC_017847.1	3327259	3327267	4006
NC_017847.1	3327372	3327379	4007
NC_017847.1	3327381	3327390	4008
NC_017847.1	3327575	3327575	4009
NC_017847.1	3327622	3327623	4010
NC_017847.1	3327626	3327627	4011
NC_017847.1	3327629	3327642	4012
NC_017847.1	3327644	3327714	4013
NC_017847.1	3327728	3328268	4014
NC_017847.1	3328271	3328271	4015
NC_017847.1	3330327	3330546	4016
NC_017847.1	3330549	3330549	4017
NC_017847.1	3330554	3330555	4018
NC_017847.1	3334180	3334431	4019
NC_017847.1	3334640	3334641	4020
NC_017847.1	3339508	3339513	4021
NC_017847.1	3340520	3340522	4022
NC_017847.1	3344986	3344993	4023
NC_017847.1	3345706	3345707	4024
NC_017847.1	3347683	3347683	4025
NC_017847.1	3348914	3348914	4026
NC_017847.1	3349319	3349322	4027
NC_017847.1	3349327	3349328	4028
NC_017847.1	3349432	3366416	4029
NC_017847.1	3370687	3370710	4030
NC_017847.1	3370763	3370770	4031
NC_017847.1	3370774	3370775	4032
NC_017847.1	3381539	3381597	4033
NC_017847.1	3381640	3381640	4034
NC_017847.1	3382471	3382471	4035
NC_017847.1	3382520	3382520	4036
NC_017847.1	3385491	3385492	4037
NC_017847.1	3385498	3385502	4038
NC_017847.1	3385504	3385505	4039
NC_017847.1	3387170	3387171	4040
NC_017847.1	3387186	3387192	4041
NC_017847.1	3392053	3392490	4042
NC_017847.1	3393868	3393868	4043
NC_017847.1	3396099	3396100	4044
NC_017847.1	3396105	3396105	4045
NC_017847.1	3396655	3396655	4046
NC_017847.1	3402980	3403318	4047
NC_017847.1	3403322	3403324	4048
NC_017847.1	3403517	3406508	4049
NC_017847.1	3406718	3406718	4050
NC_017847.1	3406765	3406766	4051
NC_017847.1	3407616	3407616	4052
NC_017847.1	3408522	3408523	4053
NC_017847.1	3410941	3411100	4054
NC_017847.1	3411629	3411868	4055
NC_017847.1	3411895	3411951	4056
NC_017847.1	3412913	3412913	4057
NC_017847.1	3412918	3412926	4058
NC_017847.1	3412928	3412950	4059
NC_017847.1	3412955	3412960	4060
NC_017847.1	3412963	3412984	4061
NC_017847.1	3412986	3412986	4062
NC_017847.1	3414489	3414528	4063
NC_017847.1	3416891	3416892	4064
NC_017847.1	3416894	3416894	4065
NC_017847.1	3416896	3416911	4066
NC_017847.1	3417395	3417407	4067
NC_017847.1	3417445	3419315	4068
NC_017847.1	3419425	3419429	4069
NC_017847.1	3421915	3422013	4070
NC_017847.1	3422106	3422106	4071
NC_017847.1	3422893	3422901	4072
NC_017847.1	3423654	3423654	4073
NC_017847.1	3423657	3423657	4074
NC_017847.1	3423664	3423664	4075
NC_017847.1	3425127	3425152	4076
NC_017847.1	3427313	3427313	4077
NC_017847.1	3427315	3427315	4078
NC_017847.1	3427326	3427365	4079
NC_017847.1	3427368	3427369	4080
NC_017847.1	3427371	3427372	4081
NC_017847.1	3431192	3431193	4082
NC_017847.1	3432666	3432672	4083
NC_017847.1	3434087	3434092	4084
NC_017847.1	3434143	3434144	4085
NC_017847.1	3436370	3436370	4086
NC_017847.1	3436735	3436743	4087
NC_017847.1	3438101	3438101	4088
NC_017847.1	3438103	3438193	4089
NC_017847.1	3438197	3438197	4090
NC_017847.1	3438200	3438219	4091
NC_017847.1	3440072	3440072	4092
NC_017847.1	3441519	3441521	4093
NC_017847.1	3442663	3442671	4094
NC_017847.1	3444564	3444572	4095
NC_017847.1	3445008	3445068	4096
NC_017847.1	3445092	3445092	4097
NC_017847.1	3445095	3445095	4098
NC_017847.1	3445097	3445353	4099
NC_017847.1	3445355	3445355	4100
NC_017847.1	3447966	3447972	4101
NC_017847.1	3448423	3448423	4102
NC_017847.1	3448447	3448447	4103
NC_017847.1	3449855	3449855	4104
NC_017847.1	3449861	3449861	4105
NC_017847.1	3449873	3449873	4106
NC_017847.1	3449877	3449877	4107
NC_017847.1	3449882	3449882	4108
NC_017847.1	3450006	3450008	4109
NC_017847.1	3450010	3450197	4110
NC_017847.1	3450524	3450578	4111
NC_017847.1	3451590	3451627	4112
NC_017847.1	3452896	3452896	4113
NC_017847.1	3452911	3452974	4114
NC_017847.1	3455475	3455477	4115
NC_017847.1	3457560	3457560	4116
NC_017847.1	3458791	3458791	4117
NC_017847.1	3459556	3459569	4118
NC_017847.1	3459571	3459696	4119
NC_017847.1	3459701	3459701	4120
NC_017847.1	3459756	3459764	4121
NC_017847.1	3464077	3464258	4122
NC_017847.1	3465483	3466473	4123
NC_017847.1	3466685	3466685	4124
NC_017847.1	3470183	3470184	4125
NC_017847.1	3470195	3470197	4126
NC_017847.1	3470213	3470350	4127
NC_017847.1	3470353	3470353	4128
NC_017847.1	3470608	3470608	4129
NC_017847.1	3472879	3472880	4130
NC_017847.1	3472910	3472910	4131
NC_017847.1	3474059	3474667	4132
NC_017847.1	3475532	3475841	4133
NC_017847.1	3476551	3476552	4134
NC_017847.1	3476558	3476559	4135
NC_017847.1	3477948	3477948	4136
NC_017847.1	3483304	3483386	4137
NC_017847.1	3485947	3486099	4138
NC_017847.1	3486121	3486121	4139
NC_017847.1	3487156	3487156	4140
NC_017847.1	3487963	3487964	4141
NC_017847.1	3487979	3487980	4142
NC_017847.1	3489738	3489738	4143
NC_017847.1	3491114	3491115	4144
NC_017847.1	3493750	3493860	4145
NC_017847.1	3495259	3495260	4146
NC_017847.1	3495658	3495659	4147
NC_017847.1	3496156	3496609	4148
NC_017847.1	3497145	3497145	4149
NC_017847.1	3497515	3497982	4150
NC_017847.1	3498697	3498697	4151
NC_017847.1	3502666	3502666	4152
NC_017847.1	3503323	3503323	4153
NC_017847.1	3506199	3506232	4154
NC_017847.1	3509497	3509499	4155
NC_017847.1	3509502	3509563	4156
NC_017847.1	3509594	3509594	4157
NC_017847.1	3509854	3509854	4158
NC_017847.1	3509901	3510139	4159
NC_017847.1	3517313	3517533	4160
NC_017847.1	3517535	3517537	4161
NC_017847.1	3517540	3517547	4162
NC_017847.1	3517550	3517570	4163
NC_017847.1	3517572	3517574	4164
NC_017847.1	3517576	3517584	4165
NC_017847.1	3517586	3517612	4166
NC_017847.1	3517614	3517614	4167
NC_017847.1	3517616	3517616	4168
NC_017847.1	3517619	3517619	4169
NC_017847.1	3517624	3517626	4170
NC_017847.1	3517628	3517629	4171
NC_017847.1	3517631	3517632	4172
NC_017847.1	3517636	3517636	4173
NC_017847.1	3517638	3517658	4174
NC_017847.1	3517665	3517666	4175
NC_017847.1	3517668	3517668	4176
NC_017847.1	3519569	3519645	4177
NC_017847.1	3523678	3523678	4178
NC_017847.1	3525444	3525580	4179
NC_017847.1	3527627	3527700	4180
NC_017847.1	3541553	3541553	4181
NC_017847.1	3541559	3541592	4182
NC_017847.1	3542912	3542913	4183
NC_017847.1	3546820	3546820	4184
NC_017847.1	3546825	3546825	4185
NC_017847.1	3546827	3546857	4186
NC_017847.1	3546862	3546971	4187
NC_017847.1	3547430	3547431	4188
NC_017847.1	3547433	3547477	4189
NC_017847.1	3550899	3551025	4190
NC_017847.1	3553816	3553816	4191
NC_017847.1	3554580	3554580	4192
NC_017847.1	3556123	3556211	4193
NC_017847.1	3558049	3558049	4194
NC_017847.1	3558051	3558052	4195
NC_017847.1	3558795	3559022	4196
NC_017847.1	3560448	3562959	4197
NC_017847.1	3566011	3566011	4198
NC_017847.1	3572205	3572261	4199
NC_017847.1	3573558	3573558	4200
NC_017847.1	3573572	3573572	4201
NC_017847.1	3573579	3573579	4202
NC_017847.1	3575180	3575228	4203
NC_017847.1	3576118	3576220	4204
NC_017847.1	3577827	3577828	4205
NC_017847.1	3581687	3581989	4206
NC_017847.1	3582140	3582854	4207
NC_017847.1	3583795	3584219	4208
NC_017847.1	3587726	3587767	4209
NC_017847.1	3588369	3589331	4210
NC_017847.1	3590029	3590029	4211
NC_017847.1	3590152	3590195	4212
NC_017847.1	3590400	3590401	4213
NC_017847.1	3592248	3592248	4214
NC_017847.1	3592252	3592252	4215
NC_017847.1	3592256	3592414	4216
NC_017847.1	3592416	3592417	4217
NC_017847.1	3593607	3593641	4218
NC_017847.1	3593651	3593651	4219
NC_017847.1	3594357	3594364	4220
NC_017847.1	3596654	3598562	4221
NC_017847.1	3600910	3600918	4222
NC_017847.1	3601636	3601644	4223
NC_017847.1	3601678	3601678	4224
NC_017847.1	3601682	3601741	4225
NC_017847.1	3602124	3602124	4226
NC_017847.1	3607653	3607653	4227
NC_017847.1	3610671	3610671	4228
NC_017847.1	3610676	3610676	4229
NC_017847.1	3610679	3610679	4230
NC_017847.1	3610763	3610764	4231
NC_017847.1	3610766	3610766	4232
NC_017847.1	3610769	3610769	4233
NC_017847.1	3610771	3610845	4234
NC_017847.1	3611182	3611184	4235
NC_017847.1	3614618	3615835	4236
NC_017847.1	3615897	3615897	4237
NC_017847.1	3616329	3616402	4238
NC_017847.1	3616482	3616484	4239
NC_017847.1	3623619	3624826	4240
NC_017847.1	3632195	3632196	4241
NC_017847.1	3632216	3632216	4242
NC_017847.1	3632379	3632379	4243
NC_017847.1	3632410	3632410	4244
NC_017847.1	3632422	3632465	4245
NC_017847.1	3633287	3633287	4246
NC_017847.1	3633291	3633335	4247
NC_017847.1	3633337	3633337	4248
NC_017847.1	3634690	3634766	4249
NC_017847.1	3634769	3634769	4250
NC_017847.1	3634771	3634771	4251
NC_017847.1	3636667	3636799	4252
NC_017847.1	3642772	3642773	4253
NC_017847.1	3649125	3649125	4254
NC_017847.1	3652687	3652821	4255
NC_017847.1	3655944	3655959	4256
NC_017847.1	3655961	3655962	4257
NC_017847.1	3665369	3665559	4258
NC_017847.1	3665798	3665798	4259
NC_017847.1	3665812	3665816	4260
NC_017847.1	3665822	3665823	4261
NC_017847.1	3665840	3665859	4262
NC_017847.1	3668579	3668579	4263
NC_017847.1	3668594	3668768	4264
NC_017847.1	3669476	3669477	4265
NC_017847.1	3670819	3670875	4266
NC_017847.1	3672577	3672577	4267
NC_017847.1	3672593	3672593	4268
NC_017847.1	3672607	3672607	4269
NC_017847.1	3672613	3672613	4270
NC_017847.1	3672615	3672615	4271
NC_017847.1	3672620	3672620	4272
NC_017847.1	3672660	3672660	4273
NC_017847.1	3672662	3672665	4274
NC_017847.1	3672673	3672677	4275
NC_017847.1	3672682	3717372	4276
NC_017847.1	3717391	3717391	4277
NC_017847.1	3718002	3718016	4278
NC_017847.1	3718605	3718938	4279
NC_017847.1	3719241	3719243	4280
NC_017847.1	3719245	3719245	4281
NC_017847.1	3719247	3720016	4282
NC_017847.1	3720197	3721392	4283
NC_017847.1	3721452	3721453	4284
NC_017847.1	3723036	3723036	4285
NC_017847.1	3723057	3723058	4286
NC_017847.1	3727416	3727416	4287
NC_017847.1	3732607	3732645	4288
NC_017847.1	3732647	3732683	4289
NC_017847.1	3736200	3736201	4290
NC_017847.1	3736765	3736890	4291
NC_017847.1	3740216	3740297	4292
NC_017847.1	3740746	3740756	4293
NC_017847.1	3740865	3740865	4294
NC_017847.1	3743294	3743295	4295
NC_017847.1	3744174	3744175	4296
NC_017847.1	3744177	3744242	4297
NC_017847.1	3744244	3744245	4298
NC_017847.1	3744247	3744248	4299
NC_017847.1	3744250	3744251	4300
NC_017847.1	3745022	3745091	4301
NC_017847.1	3745290	3745424	4302
NC_017847.1	3746024	3752014	4303
NC_017847.1	3752596	3752596	4304
NC_017847.1	3754162	3754215	4305
NC_017847.1	3754646	3755438	4306
NC_017847.1	3756340	3756341	4307
NC_017847.1	3760632	3760861	4308
NC_017847.1	3760864	3760866	4309
NC_017847.1	3762532	3762532	4310
NC_017847.1	3762534	3762600	4311
NC_017847.1	3764681	3764682	4312
NC_017847.1	3764684	3764688	4313
NC_017847.1	3764691	3764691	4314
NC_017847.1	3765347	3765347	4315
NC_017847.1	3765369	3765370	4316
NC_017847.1	3765952	3766007	4317
NC_017847.1	3766084	3766085	4318
NC_017847.1	3766090	3766101	4319
NC_017847.1	3766112	3766112	4320
NC_017847.1	3771878	3771879	4321
NC_017847.1	3777141	3777141	4322
NC_017847.1	3778209	3778260	4323
NC_017847.1	3780053	3780390	4324
NC_017847.1	3782583	3782585	4325
NC_017847.1	3785680	3785681	4326
NC_017847.1	3786259	3786425	4327
NC_017847.1	3786448	3786451	4328
NC_017847.1	3786973	3786981	4329
NC_017847.1	3788979	3789055	4330
NC_017847.1	3789080	3789080	4331
NC_017847.1	3790492	3790525	4332
NC_017847.1	3790546	3790546	4333
NC_017847.1	3791078	3791079	4334
NC_017847.1	3791831	3791831	4335
NC_017847.1	3792370	3792370	4336
NC_017847.1	3792524	3792601	4337
NC_017847.1	3792794	3792794	4338
NC_017847.1	3794367	3794368	4339
NC_017847.1	3794906	3823738	4340
NC_017847.1	3825645	3825648	4341
NC_017847.1	3825650	3825651	4342
NC_017847.1	3825744	3825939	4343
NC_017847.1	3829663	3829663	4344
NC_017847.1	3829861	3832498	4345
NC_017847.1	3832877	3832877	4346
NC_017847.1	3834051	3834051	4347
NC_017847.1	3838409	3838410	4348
NC_017847.1	3838412	3838412	4349
NC_017847.1	3838414	3838418	4350
NC_017847.1	3839725	3841361	4351
NC_017847.1	3842449	3842449	4352
NC_017847.1	3843263	3843263	4353
NC_017847.1	3843268	3843269	4354
NC_017847.1	3843271	3843276	4355
NC_017847.1	3843278	3855591	4356
NC_017847.1	3855820	3855821	4357
NC_017847.1	3855827	3855827	4358
NC_017847.1	3855932	3855932	4359
NC_017847.1	3855950	3855950	4360
NC_017847.1	3855957	3855978	4361
NC_017847.1	3855980	3855980	4362
NC_017847.1	3855982	3856558	4363
NC_017847.1	3857867	3857874	4364
NC_017847.1	3860322	3860388	4365
NC_017847.1	3860393	3860394	4366
NC_017847.1	3862054	3862355	4367
NC_017847.1	3863715	3863715	4368
NC_017847.1	3863737	3863737	4369
NC_017847.1	3865420	3865926	4370
NC_017847.1	3869537	3869859	4371
NC_017847.1	3871011	3894871	4372
NC_017847.1	3894892	3894897	4373
NC_017847.1	3894913	3894914	4374
NC_017847.1	3894922	3894923	4375
NC_017847.1	3895379	3895387	4376
NC_017847.1	3895711	3895712	4377
NC_017847.1	3896420	3896467	4378
NC_017847.1	3898707	3898707	4379
NC_017847.1	3899846	3899846	4380
NC_017847.1	3899848	3899849	4381
NC_017847.1	3899855	3899872	4382
NC_017847.1	3899874	3899874	4383
NC_017847.1	3899878	3899878	4384
NC_017847.1	3899884	3899885	4385
NC_017847.1	3899889	3902546	4386
NC_017847.1	3902604	3902604	4387
NC_017847.1	3902680	3902681	4388
NC_017847.1	3902702	3902703	4389
NC_017847.1	3903563	3903563	4390
NC_017847.1	3904751	3904751	4391
NC_017847.1	3905054	3905179	4392
NC_017847.1	3905825	3905868	4393
NC_017847.1	3905903	3905903	4394
NC_017847.1	3906924	3906985	4395
NC_017847.1	3906987	3906987	4396
NC_017847.1	3907126	3907126	4397
NC_017847.1	3907135	3907469	4398
NC_017847.1	3911170	3911312	4399
NC_017847.1	3913136	3913136	4400
NC_017847.1	3913138	3913412	4401
NC_017847.1	3917487	3917487	4402
NC_017847.1	3918335	3918336	4403
NC_017847.1	3918390	3918390	4404
NC_017847.1	3918393	3918393	4405
NC_017847.1	3918397	3918398	4406
NC_017847.1	3918400	3918400	4407
NC_017847.1	3918402	3918425	4408
NC_017847.1	3918431	3918433	4409
NC_017847.1	3918435	3918435	4410
NC_017847.1	3919213	3919214	4411
NC_017847.1	3921028	3921117	4412
NC_017847.1	3921122	3921122	4413
NC_017847.1	3921124	3921125	4414
NC_017847.1	3926113	3926113	4415
NC_017847.1	3926137	3926138	4416
NC_017847.1	3926163	3926163	4417
NC_017847.1	3926175	3926253	4418
NC_017847.1	3926784	3926784	4419
NC_017847.1	3926786	3933083	4420
NC_017847.1	3933616	3933616	4421
NC_017847.1	3933618	3933711	4422
NC_017847.1	3935395	3935396	4423
NC_017847.1	3935505	3935505	4424
NC_017847.1	3935820	3935820	4425
NC_017847.1	3935859	3936015	4426
NC_017847.1	3936084	3936085	4427
NC_017847.1	3936100	3936100	4428
NC_017847.1	3936108	3936108	4429
NC_017847.1	3936111	3936111	4430
NC_017847.1	3940791	3942276	4431
NC_017847.1	3942525	3942526	4432
NC_017847.1	3943186	3943208	4433
NC_017847.1	3943211	3943219	4434
NC_017847.1	3943222	3943223	4435
NC_017847.1	3943227	3943228	4436
NC_017847.1	3943241	3943241	4437
NC_017847.1	3943349	3943349	4438
NC_017847.1	3943354	3943354	4439
NC_017847.1	3943357	3943453	4440
NC_017847.1	3943660	3943700	4441
NC_017847.1	3943702	3943702	4442
NC_017847.1	3943704	3943704	4443
NC_017847.1	3945001	3945690	4444
NC_017847.1	3947945	3947946	4445
NC_017847.1	3948442	3948442	4446
NC_017847.1	3948452	3948452	4447
NC_017847.1	3948456	3948456	4448
NC_017847.1	3949509	3949510	4449
NC_017847.1	3949530	3949534	4450
NC_017847.1	3949536	3949536	4451
NC_017847.1	3949542	3949554	4452
NC_017847.1	3949714	3950799	4453
NC_017847.1	3950821	3950827	4454
NC_017847.1	3950832	3950833	4455
NC_017847.1	3950836	3950837	4456
NC_017847.1	3950872	3950896	4457
NC_017847.1	3950918	3950919	4458
NC_017847.1	3951549	3951549	4459
NC_017847.1	3951620	3951620	4460
NC_017847.1	3951642	3951642	4461
NC_017847.1	3952779	3952902	4462
NC_017847.1	3954653	3954760	4463
NC_017847.1	3954822	3954822	4464
NC_017847.1	3954873	3954874	4465
NC_017847.1	3954877	3954881	4466
NC_017847.1	3957296	3957304	4467
NC_017847.1	3958053	3958053	4468
NC_017847.1	3958381	3958381	4469
NC_017847.1	3958396	3958396	4470
NC_017847.1	3958460	3958460	4471
NC_017847.1	3958463	3958465	4472
NC_017847.1	3958484	3958485	4473
NC_017847.1	3959754	3959754	4474
NC_017847.1	3959757	3960824	4475
NC_017847.1	3960872	3960873	4476
NC_017847.1	3964832	3964912	4477
NC_017848.1	1	77528	4478
NC_020524.1	1	110967	4479
