node	node_type	sample_id	mutation_events
DRR033183.result.fastq	leaf	DRR033183	2
DRR033185.result.fastq	leaf	DRR033185	1
DRR033187.result.fastq	leaf	DRR033187	5
DRR033190.result.fastq	leaf	DRR033190	1
DRR033191.result.fastq	leaf	DRR033191	1
DRR033194.result.fastq	leaf	DRR033194	1
DRR033195.result.fastq	leaf	DRR033195	1
DRR033196.result.fastq	leaf	DRR033196	2
DRR033197.result.fastq	leaf	DRR033197	3
DRR033198.result.fastq	leaf	DRR033198	2
DRR033216.result.fastq	leaf	DRR033216	13
DRR035537.result.fastq	leaf	DRR035537	653
DRR035540.result.fastq	leaf	DRR035540	3
DRR035551.result.fastq	leaf	DRR035551	5
DRR035552.result.fastq	leaf	DRR035552	3
DRR035553.result.fastq	leaf	DRR035553	3
DRR035554.result.fastq	leaf	DRR035554	294
DRR035556.result.fastq	leaf	DRR035556	11
DRR035557.result.fastq	leaf	DRR035557	4
DRR035559.result.fastq	leaf	DRR035559	20
DRR035566.result.fastq	leaf	DRR035566	344
DRR035567.result.fastq	leaf	DRR035567	343
DRR035568.result.fastq	leaf	DRR035568	344
DRR035570.result.fastq	leaf	DRR035570	2
DRR035573.result.fastq	leaf	DRR035573	584
DRR035578.result.fastq	leaf	DRR035578	1
DRR035579.result.fastq	leaf	DRR035579	24
DRR035581.result.fastq	leaf	DRR035581	1
DRR035585.result.fastq	leaf	DRR035585	345
DRR035586.result.fastq	leaf	DRR035586	2
DRR035587.result.fastq	leaf	DRR035587	4
DRR035588.result.fastq	leaf	DRR035588	719
DRR035590.result.fastq	leaf	DRR035590	8595
DRR035591.result.fastq	leaf	DRR035591	3
DRR035594.result.fastq	leaf	DRR035594	1
DRR035595.result.fastq	leaf	DRR035595	1
DRR035596.result.fastq	leaf	DRR035596	354
DRR035600.result.fastq	leaf	DRR035600	8
DRR035602.result.fastq	leaf	DRR035602	6
DRR035606.result.fastq	leaf	DRR035606	3
DRR035607.result.fastq	leaf	DRR035607	1
DRR035608.result.fastq	leaf	DRR035608	4464
DRR035611.result.fastq	leaf	DRR035611	294
DRR035613.result.fastq	leaf	DRR035613	292
DRR035616.result.fastq	leaf	DRR035616	12
DRR035617.result.fastq	leaf	DRR035617	348
DRR035618.result.fastq	leaf	DRR035618	348
DRR035620.result.fastq	leaf	DRR035620	351
DRR039780.result.fastq	leaf	DRR039780	16
DRR039795.result.fastq	leaf	DRR039795	1
DRR039796.result.fastq	leaf	DRR039796	4
DRR039797.result.fastq	leaf	DRR039797	1
DRR039803.result.fastq	leaf	DRR039803	1
DRR039806.result.fastq	leaf	DRR039806	455
DRR039809.result.fastq	leaf	DRR039809	7077
DRR039812.result.fastq	leaf	DRR039812	1
DRR039817.result.fastq	leaf	DRR039817	2
DRR039824.result.fastq	leaf	DRR039824	1302
DRR039825.result.fastq	leaf	DRR039825	45
DRR039828.result.fastq	leaf	DRR039828	343
DRR039834.result.fastq	leaf	DRR039834	28
DRR039835.result.fastq	leaf	DRR039835	1
DRR039839.result.fastq	leaf	DRR039839	17
DRR039846.result.fastq	leaf	DRR039846	1
DRR039851.result.fastq	leaf	DRR039851	5
DRR039857.result.fastq	leaf	DRR039857	1
DRR039863.result.fastq	leaf	DRR039863	2
DRR039865.result.fastq	leaf	DRR039865	2
DRR039869.result.fastq	leaf	DRR039869	6
DRR039870.result.fastq	leaf	DRR039870	2
DRR039871.result.fastq	leaf	DRR039871	1
DRR039872.result.fastq	leaf	DRR039872	1
DRR039873.result.fastq	leaf	DRR039873	3
DRR039876.result.fastq	leaf	DRR039876	1
DRR039879.result.fastq	leaf	DRR039879	3499
DRR039880.result.fastq	leaf	DRR039880	2
DRR039883.result.fastq	leaf	DRR039883	2
DRR039890.result.fastq	leaf	DRR039890	4
DRR039891.result.fastq	leaf	DRR039891	2
DRR054699.result.fastq	leaf	DRR054699	142
ERR110061.result.fastq	leaf	ERR110061	9
ERR1125118.result.fastq	leaf	ERR1125118	1
ERR119677.result.fastq	leaf	ERR119677	173
ERR119678.result.fastq	leaf	ERR119678	6
ERR1226910.result.fastq	leaf	ERR1226910	2
ERR1226911.result.fastq	leaf	ERR1226911	2
ERR1226978.result.fastq	leaf	ERR1226978	2
ERR1226979.result.fastq	leaf	ERR1226979	3
ERR1226980.result.fastq	leaf	ERR1226980	1
ERR1227001.result.fastq	leaf	ERR1227001	2
ERR1227002.result.fastq	leaf	ERR1227002	2346
ERR1227003.result.fastq	leaf	ERR1227003	10
ERR1227243.result.fastq	leaf	ERR1227243	1
ERR1227276.result.fastq	leaf	ERR1227276	2
ERR1227277.result.fastq	leaf	ERR1227277	5
ERR1227295.result.fastq	leaf	ERR1227295	1
ERR1227297.result.fastq	leaf	ERR1227297	3
ERR1417306.result.fastq	leaf	ERR1417306	1
ERR1417310.result.fastq	leaf	ERR1417310	3
ERR1417313.result.fastq	leaf	ERR1417313	22
ERR1417316.result.fastq	leaf	ERR1417316	4
ERR1417336.result.fastq	leaf	ERR1417336	312
ERR1417338.result.fastq	leaf	ERR1417338	12
ERR1417341.result.fastq	leaf	ERR1417341	569
ERR1688977.result.fastq	leaf	ERR1688977	1
ERR1688979.result.fastq	leaf	ERR1688979	2
ERR1805267.result.fastq	leaf	ERR1805267	1
ERR1805269.result.fastq	leaf	ERR1805269	2
ERR1805270.result.fastq	leaf	ERR1805270	1
ERR1805271.result.fastq	leaf	ERR1805271	1
ERR190415.result.fastq	leaf	ERR190415	5
ERR190417.result.fastq	leaf	ERR190417	1
ERR190425.result.fastq	leaf	ERR190425	5
ERR190430.result.fastq	leaf	ERR190430	1
ERR190432.result.fastq	leaf	ERR190432	1
ERR190433.result.fastq	leaf	ERR190433	1
ERR190434.result.fastq	leaf	ERR190434	1
ERR190435.result.fastq	leaf	ERR190435	1
ERR190436.result.fastq	leaf	ERR190436	1
ERR190438.result.fastq	leaf	ERR190438	5
ERR190440.result.fastq	leaf	ERR190440	3
ERR190444.result.fastq	leaf	ERR190444	1
ERR190452.result.fastq	leaf	ERR190452	2
ERR190457.result.fastq	leaf	ERR190457	1
ERR190461.result.fastq	leaf	ERR190461	1
ERR190462.result.fastq	leaf	ERR190462	1
ERR190469.result.fastq	leaf	ERR190469	1
ERR190472.result.fastq	leaf	ERR190472	1
ERR190473.result.fastq	leaf	ERR190473	4
ERR190475.result.fastq	leaf	ERR190475	3
ERR190478.result.fastq	leaf	ERR190478	1
ERR190480.result.fastq	leaf	ERR190480	2
ERR190486.result.fastq	leaf	ERR190486	3
ERR190489.result.fastq	leaf	ERR190489	1
ERR190490.result.fastq	leaf	ERR190490	1
ERR190491.result.fastq	leaf	ERR190491	1
ERR190493.result.fastq	leaf	ERR190493	6
ERR190494.result.fastq	leaf	ERR190494	4
ERR190498.result.fastq	leaf	ERR190498	2
ERR190499.result.fastq	leaf	ERR190499	2
ERR190500.result.fastq	leaf	ERR190500	1
ERR1946941.result.fastq	leaf	ERR1946941	1
ERR1946942.result.fastq	leaf	ERR1946942	1
ERR1946943.result.fastq	leaf	ERR1946943	5
ERR1946949.result.fastq	leaf	ERR1946949	1
ERR1946950.result.fastq	leaf	ERR1946950	2
ERR1946951.result.fastq	leaf	ERR1946951	1
ERR1946958.result.fastq	leaf	ERR1946958	1
ERR1946959.result.fastq	leaf	ERR1946959	1
ERR1946962.result.fastq	leaf	ERR1946962	4
ERR1946965.result.fastq	leaf	ERR1946965	4
ERR1946967.result.fastq	leaf	ERR1946967	2
ERR1946969.result.fastq	leaf	ERR1946969	2
ERR1946970.result.fastq	leaf	ERR1946970	26
ERR1946971.result.fastq	leaf	ERR1946971	26
ERR1946972.result.fastq	leaf	ERR1946972	11
ERR1946975.result.fastq	leaf	ERR1946975	45
ERR1946977.result.fastq	leaf	ERR1946977	1
ERR1946978.result.fastq	leaf	ERR1946978	2
ERR1946979.result.fastq	leaf	ERR1946979	2
ERR1946980.result.fastq	leaf	ERR1946980	4
ERR1946981.result.fastq	leaf	ERR1946981	1
ERR1946982.result.fastq	leaf	ERR1946982	9
ERR1946983.result.fastq	leaf	ERR1946983	4
ERR1946985.result.fastq	leaf	ERR1946985	1
ERR1946986.result.fastq	leaf	ERR1946986	2
ERR1946988.result.fastq	leaf	ERR1946988	3
ERR1946989.result.fastq	leaf	ERR1946989	1
ERR1946991.result.fastq	leaf	ERR1946991	4
ERR1946992.result.fastq	leaf	ERR1946992	1
ERR1946993.result.fastq	leaf	ERR1946993	2
ERR1946994.result.fastq	leaf	ERR1946994	1
ERR1946995.result.fastq	leaf	ERR1946995	1
ERR1947000.result.fastq	leaf	ERR1947000	2
ERR1947003.result.fastq	leaf	ERR1947003	1
ERR1947004.result.fastq	leaf	ERR1947004	5
ERR1947005.result.fastq	leaf	ERR1947005	8
ERR1947006.result.fastq	leaf	ERR1947006	11
ERR1947009.result.fastq	leaf	ERR1947009	1
ERR1947010.result.fastq	leaf	ERR1947010	12
ERR1947011.result.fastq	leaf	ERR1947011	6
ERR1947014.result.fastq	leaf	ERR1947014	3
ERR1947015.result.fastq	leaf	ERR1947015	1
ERR1947016.result.fastq	leaf	ERR1947016	1
ERR1947017.result.fastq	leaf	ERR1947017	1
ERR1947024.result.fastq	leaf	ERR1947024	2
ERR1947027.result.fastq	leaf	ERR1947027	5
ERR1947029.result.fastq	leaf	ERR1947029	3
ERR1947030.result.fastq	leaf	ERR1947030	1
ERR1947032.result.fastq	leaf	ERR1947032	1
ERR1947034.result.fastq	leaf	ERR1947034	1
ERR1947035.result.fastq	leaf	ERR1947035	3
ERR1947036.result.fastq	leaf	ERR1947036	1
ERR1947037.result.fastq	leaf	ERR1947037	3
ERR1947038.result.fastq	leaf	ERR1947038	1
ERR1947046.result.fastq	leaf	ERR1947046	161
ERR1947047.result.fastq	leaf	ERR1947047	3
ERR1947048.result.fastq	leaf	ERR1947048	1
ERR1947049.result.fastq	leaf	ERR1947049	1
ERR1947052.result.fastq	leaf	ERR1947052	1
ERR1947054.result.fastq	leaf	ERR1947054	4
ERR1947055.result.fastq	leaf	ERR1947055	3
ERR1947056.result.fastq	leaf	ERR1947056	4
ERR197568.result.fastq	leaf	ERR197568	2
ERR197570.result.fastq	leaf	ERR197570	5
ERR197572.result.fastq	leaf	ERR197572	5
ERR197594.result.fastq	leaf	ERR197594	2
ERR197613.result.fastq	leaf	ERR197613	1
ERR197614.result.fastq	leaf	ERR197614	1
ERR197620.result.fastq	leaf	ERR197620	3
ERR197621.result.fastq	leaf	ERR197621	1
ERR197622.result.fastq	leaf	ERR197622	3
ERR197624.result.fastq	leaf	ERR197624	1
ERR197627.result.fastq	leaf	ERR197627	1
ERR197628.result.fastq	leaf	ERR197628	1
ERR197631.result.fastq	leaf	ERR197631	1
ERR197643.result.fastq	leaf	ERR197643	3
ERR2433131.result.fastq	leaf	ERR2433131	30
ERR2433133.result.fastq	leaf	ERR2433133	12
ERR2433135.result.fastq	leaf	ERR2433135	5
ERR2433136.result.fastq	leaf	ERR2433136	3
ERR2433139.result.fastq	leaf	ERR2433139	7
ERR2433140.result.fastq	leaf	ERR2433140	1
ERR2433156.result.fastq	leaf	ERR2433156	17
ERR2451534.result.fastq	leaf	ERR2451534	1
ERR2451539.result.fastq	leaf	ERR2451539	1
ERR2451923.result.fastq	leaf	ERR2451923	3
ERR2451925.result.fastq	leaf	ERR2451925	2
ERR2451957.result.fastq	leaf	ERR2451957	1
ERR2451958.result.fastq	leaf	ERR2451958	1
ERR2451959.result.fastq	leaf	ERR2451959	1
ERR2452005.result.fastq	leaf	ERR2452005	1
ERR2452099.result.fastq	leaf	ERR2452099	2
ERR2452101.result.fastq	leaf	ERR2452101	1
ERR2455362.result.fastq	leaf	ERR2455362	1
ERR2455368.result.fastq	leaf	ERR2455368	1
ERR2455370.result.fastq	leaf	ERR2455370	1
ERR2455380.result.fastq	leaf	ERR2455380	2
ERR2455382.result.fastq	leaf	ERR2455382	5
ERR2455388.result.fastq	leaf	ERR2455388	2
ERR2455390.result.fastq	leaf	ERR2455390	2
ERR2455391.result.fastq	leaf	ERR2455391	5
ERR2455392.result.fastq	leaf	ERR2455392	5
ERR2455394.result.fastq	leaf	ERR2455394	1
ERR2455414.result.fastq	leaf	ERR2455414	1
ERR2455415.result.fastq	leaf	ERR2455415	1
ERR2455422.result.fastq	leaf	ERR2455422	1
ERR2455424.result.fastq	leaf	ERR2455424	1
ERR2455425.result.fastq	leaf	ERR2455425	1
ERR2455430.result.fastq	leaf	ERR2455430	1
ERR2455431.result.fastq	leaf	ERR2455431	761
ERR2455432.result.fastq	leaf	ERR2455432	2
ERR2455433.result.fastq	leaf	ERR2455433	2
ERR2455434.result.fastq	leaf	ERR2455434	5
ERR2455466.result.fastq	leaf	ERR2455466	682
ERR2455468.result.fastq	leaf	ERR2455468	2
ERR2455470.result.fastq	leaf	ERR2455470	2
ERR246680.result.fastq	leaf	ERR246680	1
ERR246681.result.fastq	leaf	ERR246681	1
ERR246682.result.fastq	leaf	ERR246682	97
ERR246684.result.fastq	leaf	ERR246684	10
ERR246686.result.fastq	leaf	ERR246686	1
ERR246687.result.fastq	leaf	ERR246687	813
ERR246688.result.fastq	leaf	ERR246688	1
ERR246690.result.fastq	leaf	ERR246690	1
ERR246691.result.fastq	leaf	ERR246691	1
ERR246692.result.fastq	leaf	ERR246692	234
ERR246693.result.fastq	leaf	ERR246693	1
ERR246694.result.fastq	leaf	ERR246694	2
ERR246697.result.fastq	leaf	ERR246697	1
ERR246699.result.fastq	leaf	ERR246699	12
ERR246702.result.fastq	leaf	ERR246702	6
ERR246703.result.fastq	leaf	ERR246703	11
ERR246706.result.fastq	leaf	ERR246706	1
ERR246708.result.fastq	leaf	ERR246708	20
ERR246709.result.fastq	leaf	ERR246709	13
ERR246710.result.fastq	leaf	ERR246710	11
ERR246711.result.fastq	leaf	ERR246711	2
ERR246712.result.fastq	leaf	ERR246712	10
ERR246713.result.fastq	leaf	ERR246713	1
ERR246714.result.fastq	leaf	ERR246714	1
ERR246715.result.fastq	leaf	ERR246715	5
ERR246716.result.fastq	leaf	ERR246716	10
ERR246718.result.fastq	leaf	ERR246718	11
ERR246721.result.fastq	leaf	ERR246721	10
ERR246722.result.fastq	leaf	ERR246722	13
ERR246723.result.fastq	leaf	ERR246723	1
ERR246724.result.fastq	leaf	ERR246724	2
ERR246726.result.fastq	leaf	ERR246726	1
ERR246727.result.fastq	leaf	ERR246727	2
ERR246728.result.fastq	leaf	ERR246728	5
ERR246730.result.fastq	leaf	ERR246730	1
ERR246737.result.fastq	leaf	ERR246737	2
ERR246738.result.fastq	leaf	ERR246738	230
ERR246739.result.fastq	leaf	ERR246739	3
ERR246744.result.fastq	leaf	ERR246744	1
ERR246746.result.fastq	leaf	ERR246746	13
ERR246747.result.fastq	leaf	ERR246747	1
ERR246748.result.fastq	leaf	ERR246748	1
ERR246750.result.fastq	leaf	ERR246750	1
ERR246752.result.fastq	leaf	ERR246752	10
ERR246755.result.fastq	leaf	ERR246755	1
ERR246756.result.fastq	leaf	ERR246756	20
ERR246758.result.fastq	leaf	ERR246758	11
ERR246759.result.fastq	leaf	ERR246759	11
ERR246760.result.fastq	leaf	ERR246760	8
ERR246761.result.fastq	leaf	ERR246761	1
ERR246762.result.fastq	leaf	ERR246762	12
ERR246763.result.fastq	leaf	ERR246763	5
ERR246765.result.fastq	leaf	ERR246765	11
ERR246766.result.fastq	leaf	ERR246766	4
ERR246767.result.fastq	leaf	ERR246767	13
ERR246769.result.fastq	leaf	ERR246769	6
ERR246772.result.fastq	leaf	ERR246772	1
ERR246774.result.fastq	leaf	ERR246774	3
ERR246775.result.fastq	leaf	ERR246775	2
ERR246777.result.fastq	leaf	ERR246777	6
ERR246779.result.fastq	leaf	ERR246779	5
ERR246780.result.fastq	leaf	ERR246780	6
ERR246781.result.fastq	leaf	ERR246781	4
ERR246784.result.fastq	leaf	ERR246784	5
ERR246785.result.fastq	leaf	ERR246785	2
ERR246786.result.fastq	leaf	ERR246786	8
ERR246787.result.fastq	leaf	ERR246787	3
ERR246788.result.fastq	leaf	ERR246788	1
ERR246789.result.fastq	leaf	ERR246789	1
ERR246790.result.fastq	leaf	ERR246790	3
ERR246791.result.fastq	leaf	ERR246791	3
ERR246792.result.fastq	leaf	ERR246792	1
ERR246793.result.fastq	leaf	ERR246793	4
ERR246794.result.fastq	leaf	ERR246794	1
ERR246795.result.fastq	leaf	ERR246795	4
ERR246796.result.fastq	leaf	ERR246796	27
ERR246797.result.fastq	leaf	ERR246797	11
ERR246798.result.fastq	leaf	ERR246798	4
ERR246799.result.fastq	leaf	ERR246799	7
ERR246800.result.fastq	leaf	ERR246800	6
ERR246801.result.fastq	leaf	ERR246801	5
ERR246802.result.fastq	leaf	ERR246802	1
ERR246804.result.fastq	leaf	ERR246804	4
ERR246805.result.fastq	leaf	ERR246805	17
ERR246808.result.fastq	leaf	ERR246808	2
ERR246811.result.fastq	leaf	ERR246811	3
ERR246812.result.fastq	leaf	ERR246812	24
ERR246814.result.fastq	leaf	ERR246814	2
ERR246816.result.fastq	leaf	ERR246816	5
ERR246818.result.fastq	leaf	ERR246818	1
ERR246820.result.fastq	leaf	ERR246820	9
ERR246821.result.fastq	leaf	ERR246821	7
ERR246822.result.fastq	leaf	ERR246822	1
ERR246824.result.fastq	leaf	ERR246824	16
ERR246827.result.fastq	leaf	ERR246827	14
ERR246828.result.fastq	leaf	ERR246828	1
ERR246829.result.fastq	leaf	ERR246829	2
ERR246830.result.fastq	leaf	ERR246830	1
ERR246831.result.fastq	leaf	ERR246831	4
ERR246832.result.fastq	leaf	ERR246832	3
ERR246835.result.fastq	leaf	ERR246835	6
ERR246836.result.fastq	leaf	ERR246836	2
ERR246837.result.fastq	leaf	ERR246837	13
ERR246839.result.fastq	leaf	ERR246839	4
ERR246840.result.fastq	leaf	ERR246840	1
ERR246842.result.fastq	leaf	ERR246842	1
ERR246843.result.fastq	leaf	ERR246843	15
ERR246844.result.fastq	leaf	ERR246844	6
ERR246848.result.fastq	leaf	ERR246848	1
ERR246849.result.fastq	leaf	ERR246849	2
ERR246850.result.fastq	leaf	ERR246850	2
ERR246851.result.fastq	leaf	ERR246851	2
ERR246852.result.fastq	leaf	ERR246852	2
ERR246854.result.fastq	leaf	ERR246854	22
ERR246855.result.fastq	leaf	ERR246855	2
ERR246856.result.fastq	leaf	ERR246856	3
ERR246858.result.fastq	leaf	ERR246858	2
ERR246859.result.fastq	leaf	ERR246859	4
ERR246862.result.fastq	leaf	ERR246862	2
ERR246864.result.fastq	leaf	ERR246864	4
ERR246865.result.fastq	leaf	ERR246865	2
ERR246866.result.fastq	leaf	ERR246866	315
ERR246867.result.fastq	leaf	ERR246867	1
ERR246870.result.fastq	leaf	ERR246870	13
ERR246871.result.fastq	leaf	ERR246871	2
ERR246874.result.fastq	leaf	ERR246874	1
ERR246875.result.fastq	leaf	ERR246875	6
ERR246876.result.fastq	leaf	ERR246876	3892
ERR246878.result.fastq	leaf	ERR246878	8
ERR246879.result.fastq	leaf	ERR246879	2
ERR246881.result.fastq	leaf	ERR246881	3
ERR246882.result.fastq	leaf	ERR246882	1
ERR246884.result.fastq	leaf	ERR246884	1
ERR246887.result.fastq	leaf	ERR246887	3
ERR246889.result.fastq	leaf	ERR246889	1
ERR246892.result.fastq	leaf	ERR246892	1
ERR246893.result.fastq	leaf	ERR246893	3
ERR246895.result.fastq	leaf	ERR246895	1
ERR246896.result.fastq	leaf	ERR246896	1
ERR246897.result.fastq	leaf	ERR246897	1
ERR246898.result.fastq	leaf	ERR246898	29
ERR246899.result.fastq	leaf	ERR246899	2
ERR246900.result.fastq	leaf	ERR246900	2
ERR246901.result.fastq	leaf	ERR246901	4
ERR246902.result.fastq	leaf	ERR246902	1
ERR246903.result.fastq	leaf	ERR246903	3
ERR246905.result.fastq	leaf	ERR246905	1
ERR246906.result.fastq	leaf	ERR246906	14
ERR246907.result.fastq	leaf	ERR246907	556
ERR246909.result.fastq	leaf	ERR246909	6
ERR246914.result.fastq	leaf	ERR246914	1
ERR246916.result.fastq	leaf	ERR246916	3
ERR246917.result.fastq	leaf	ERR246917	8
ERR246922.result.fastq	leaf	ERR246922	4
ERR246928.result.fastq	leaf	ERR246928	1369
ERR246929.result.fastq	leaf	ERR246929	1
ERR246930.result.fastq	leaf	ERR246930	556
ERR246932.result.fastq	leaf	ERR246932	1
ERR246935.result.fastq	leaf	ERR246935	17
ERR246936.result.fastq	leaf	ERR246936	7
ERR246938.result.fastq	leaf	ERR246938	2
ERR246939.result.fastq	leaf	ERR246939	3
ERR246940.result.fastq	leaf	ERR246940	2695
ERR246943.result.fastq	leaf	ERR246943	49
ERR246945.result.fastq	leaf	ERR246945	1629
ERR246946.result.fastq	leaf	ERR246946	1
ERR246947.result.fastq	leaf	ERR246947	1
ERR246948.result.fastq	leaf	ERR246948	7
ERR246949.result.fastq	leaf	ERR246949	563
ERR246950.result.fastq	leaf	ERR246950	1
ERR246951.result.fastq	leaf	ERR246951	5547
ERR246952.result.fastq	leaf	ERR246952	8
ERR246953.result.fastq	leaf	ERR246953	3
ERR246954.result.fastq	leaf	ERR246954	2
ERR246955.result.fastq	leaf	ERR246955	1
ERR246956.result.fastq	leaf	ERR246956	1
ERR246961.result.fastq	leaf	ERR246961	692
ERR246965.result.fastq	leaf	ERR246965	7
ERR246966.result.fastq	leaf	ERR246966	3
ERR246967.result.fastq	leaf	ERR246967	2
ERR249259.result.fastq	leaf	ERR249259	1
ERR249267.result.fastq	leaf	ERR249267	1
ERR2497355.result.fastq	leaf	ERR2497355	3
ERR2497357.result.fastq	leaf	ERR2497357	2
ERR2497358.result.fastq	leaf	ERR2497358	14
ERR2518345.result.fastq	leaf	ERR2518345	1
ERR2518347.result.fastq	leaf	ERR2518347	1
ERR2518358.result.fastq	leaf	ERR2518358	10
ERR2518359.result.fastq	leaf	ERR2518359	312
ERR2518363.result.fastq	leaf	ERR2518363	1
ERR2518364.result.fastq	leaf	ERR2518364	7
ERR2518391.result.fastq	leaf	ERR2518391	1
ERR263704.result.fastq	leaf	ERR263704	2
ERR263709.result.fastq	leaf	ERR263709	3
ERR263728.result.fastq	leaf	ERR263728	4
ERR2711312.result.fastq	leaf	ERR2711312	112
ERR2711313.result.fastq	leaf	ERR2711313	112
ERR2711314.result.fastq	leaf	ERR2711314	2
ERR2711660.result.fastq	leaf	ERR2711660	13
ERR2711661.result.fastq	leaf	ERR2711661	18
ERR2711662.result.fastq	leaf	ERR2711662	1
ERR2711663.result.fastq	leaf	ERR2711663	5
ERR2711664.result.fastq	leaf	ERR2711664	19
ERR2711665.result.fastq	leaf	ERR2711665	472
ERR2711666.result.fastq	leaf	ERR2711666	4
ERR2711670.result.fastq	leaf	ERR2711670	2
ERR2711673.result.fastq	leaf	ERR2711673	9
ERR2711674.result.fastq	leaf	ERR2711674	8
ERR2711676.result.fastq	leaf	ERR2711676	15
ERR2711679.result.fastq	leaf	ERR2711679	5
ERR2711680.result.fastq	leaf	ERR2711680	86
ERR2711681.result.fastq	leaf	ERR2711681	6
ERR2711684.result.fastq	leaf	ERR2711684	5
ERR2711685.result.fastq	leaf	ERR2711685	1
ERR2711691.result.fastq	leaf	ERR2711691	15
ERR2711692.result.fastq	leaf	ERR2711692	1
ERR2711813.result.fastq	leaf	ERR2711813	3
ERR2711815.result.fastq	leaf	ERR2711815	8
ERR2711936.result.fastq	leaf	ERR2711936	3061
ERR2712057.result.fastq	leaf	ERR2712057	21
ERR2712058.result.fastq	leaf	ERR2712058	9
ERR2712059.result.fastq	leaf	ERR2712059	2
ERR2712061.result.fastq	leaf	ERR2712061	13
ERR2712062.result.fastq	leaf	ERR2712062	1
ERR2712065.result.fastq	leaf	ERR2712065	4
ERR2712146.result.fastq	leaf	ERR2712146	5
ERR2712189.result.fastq	leaf	ERR2712189	3
ERR2712194.result.fastq	leaf	ERR2712194	1
ERR2712199.result.fastq	leaf	ERR2712199	3
ERR2712200.result.fastq	leaf	ERR2712200	2
ERR2712201.result.fastq	leaf	ERR2712201	3
ERR2712204.result.fastq	leaf	ERR2712204	3
ERR2712209.result.fastq	leaf	ERR2712209	94
ERR2712210.result.fastq	leaf	ERR2712210	12
ERR2712230.result.fastq	leaf	ERR2712230	6
ERR2712231.result.fastq	leaf	ERR2712231	4
ERR2712232.result.fastq	leaf	ERR2712232	3
ERR2712236.result.fastq	leaf	ERR2712236	3
ERR2712238.result.fastq	leaf	ERR2712238	1
ERR2712242.result.fastq	leaf	ERR2712242	3
ERR2712243.result.fastq	leaf	ERR2712243	28
ERR2712244.result.fastq	leaf	ERR2712244	1
ERR2712246.result.fastq	leaf	ERR2712246	2
ERR2712249.result.fastq	leaf	ERR2712249	3
ERR2712251.result.fastq	leaf	ERR2712251	7
ERR2712252.result.fastq	leaf	ERR2712252	1
ERR2712253.result.fastq	leaf	ERR2712253	8
ERR2712254.result.fastq	leaf	ERR2712254	2
ERR2712271.result.fastq	leaf	ERR2712271	2
ERR2712272.result.fastq	leaf	ERR2712272	2
ERR2712273.result.fastq	leaf	ERR2712273	294
ERR2712277.result.fastq	leaf	ERR2712277	22
ERR2712281.result.fastq	leaf	ERR2712281	5
ERR2712283.result.fastq	leaf	ERR2712283	1
ERR2712288.result.fastq	leaf	ERR2712288	5
ERR2712294.result.fastq	leaf	ERR2712294	1
ERR2712295.result.fastq	leaf	ERR2712295	1
ERR2712296.result.fastq	leaf	ERR2712296	4
ERR2712298.result.fastq	leaf	ERR2712298	4
ERR2712299.result.fastq	leaf	ERR2712299	3
ERR2712300.result.fastq	leaf	ERR2712300	6
ERR2712304.result.fastq	leaf	ERR2712304	2
ERR2712307.result.fastq	leaf	ERR2712307	33
ERR2712310.result.fastq	leaf	ERR2712310	2
ERR2712313.result.fastq	leaf	ERR2712313	30
ERR2712316.result.fastq	leaf	ERR2712316	25
ERR2712319.result.fastq	leaf	ERR2712319	271
ERR2712320.result.fastq	leaf	ERR2712320	407
ERR2712323.result.fastq	leaf	ERR2712323	23
ERR2712324.result.fastq	leaf	ERR2712324	4
ERR2712329.result.fastq	leaf	ERR2712329	18
ERR2712337.result.fastq	leaf	ERR2712337	1152
ERR2712338.result.fastq	leaf	ERR2712338	9
ERR2712340.result.fastq	leaf	ERR2712340	1
ERR2712341.result.fastq	leaf	ERR2712341	11
ERR2712342.result.fastq	leaf	ERR2712342	6
ERR2712344.result.fastq	leaf	ERR2712344	21
ERR2712345.result.fastq	leaf	ERR2712345	167
ERR2712348.result.fastq	leaf	ERR2712348	8
ERR2712349.result.fastq	leaf	ERR2712349	10
ERR2712350.result.fastq	leaf	ERR2712350	8
ERR2712351.result.fastq	leaf	ERR2712351	6
ERR2712352.result.fastq	leaf	ERR2712352	8
ERR2712355.result.fastq	leaf	ERR2712355	21
ERR2712357.result.fastq	leaf	ERR2712357	1
ERR2712358.result.fastq	leaf	ERR2712358	4
ERR2712359.result.fastq	leaf	ERR2712359	3
ERR2712362.result.fastq	leaf	ERR2712362	895
ERR2712365.result.fastq	leaf	ERR2712365	7
ERR2712371.result.fastq	leaf	ERR2712371	2
ERR2712372.result.fastq	leaf	ERR2712372	2
ERR2712373.result.fastq	leaf	ERR2712373	2
ERR2712374.result.fastq	leaf	ERR2712374	4
ERR2712375.result.fastq	leaf	ERR2712375	1
ERR2712378.result.fastq	leaf	ERR2712378	3
ERR2712381.result.fastq	leaf	ERR2712381	33
ERR2712382.result.fastq	leaf	ERR2712382	99
ERR2712383.result.fastq	leaf	ERR2712383	8
ERR2712385.result.fastq	leaf	ERR2712385	19
ERR2712386.result.fastq	leaf	ERR2712386	2
ERR2712388.result.fastq	leaf	ERR2712388	20
ERR2712394.result.fastq	leaf	ERR2712394	13
ERR2712395.result.fastq	leaf	ERR2712395	2
ERR2712396.result.fastq	leaf	ERR2712396	13
ERR2712397.result.fastq	leaf	ERR2712397	226
ERR2712399.result.fastq	leaf	ERR2712399	1
ERR2712405.result.fastq	leaf	ERR2712405	43
ERR2712952.result.fastq	leaf	ERR2712952	17
ERR2712983.result.fastq	leaf	ERR2712983	383
ERR2712984.result.fastq	leaf	ERR2712984	366
ERR2712987.result.fastq	leaf	ERR2712987	3
ERR2712988.result.fastq	leaf	ERR2712988	1
ERR2712989.result.fastq	leaf	ERR2712989	7
ERR2712990.result.fastq	leaf	ERR2712990	3
ERR2712991.result.fastq	leaf	ERR2712991	1
ERR2712992.result.fastq	leaf	ERR2712992	12
ERR2796925.result.fastq	leaf	ERR2796925	4
ERR2796936.result.fastq	leaf	ERR2796936	85
ERR2796938.result.fastq	leaf	ERR2796938	1
ERR2796945.result.fastq	leaf	ERR2796945	9
ERR2796987.result.fastq	leaf	ERR2796987	2
ERR3181564.result.fastq	leaf	ERR3181564	5
ERR3181566.result.fastq	leaf	ERR3181566	5
ERR3181585.result.fastq	leaf	ERR3181585	9
ERR3181586.result.fastq	leaf	ERR3181586	1
ERR3181587.result.fastq	leaf	ERR3181587	2
ERR3181641.result.fastq	leaf	ERR3181641	2
ERR3194772.result.fastq	leaf	ERR3194772	2553
ERR3194777.result.fastq	leaf	ERR3194777	987
ERR3194778.result.fastq	leaf	ERR3194778	643
ERR3194779.result.fastq	leaf	ERR3194779	1763
ERR3218238.result.fastq	leaf	ERR3218238	194
ERR3218239.result.fastq	leaf	ERR3218239	2
ERR3218240.result.fastq	leaf	ERR3218240	14
ERR3218244.result.fastq	leaf	ERR3218244	1
ERR3402341.result.fastq	leaf	ERR3402341	1
ERR3535480.result.fastq	leaf	ERR3535480	6
ERR355785.result.fastq	leaf	ERR355785	2
ERR355786.result.fastq	leaf	ERR355786	1
ERR355787.result.fastq	leaf	ERR355787	1
ERR355788.result.fastq	leaf	ERR355788	1
ERR355791.result.fastq	leaf	ERR355791	1
ERR355980.result.fastq	leaf	ERR355980	1
ERR355982.result.fastq	leaf	ERR355982	1
ERR356005.result.fastq	leaf	ERR356005	1
ERR356009.result.fastq	leaf	ERR356009	1
ERR356010.result.fastq	leaf	ERR356010	1
ERR356012.result.fastq	leaf	ERR356012	1
ERR356016.result.fastq	leaf	ERR356016	1
ERR356025.result.fastq	leaf	ERR356025	1
ERR356028.result.fastq	leaf	ERR356028	1
ERR356029.result.fastq	leaf	ERR356029	2
ERR356030.result.fastq	leaf	ERR356030	1
ERR356031.result.fastq	leaf	ERR356031	1
ERR356032.result.fastq	leaf	ERR356032	1
ERR356237.result.fastq	leaf	ERR356237	1
ERR356241.result.fastq	leaf	ERR356241	1
ERR356277.result.fastq	leaf	ERR356277	932
ERR356278.result.fastq	leaf	ERR356278	2
ERR356295.result.fastq	leaf	ERR356295	3
ERR356301.result.fastq	leaf	ERR356301	2
ERR356317.result.fastq	leaf	ERR356317	2
ERR356319.result.fastq	leaf	ERR356319	1
ERR356320.result.fastq	leaf	ERR356320	1
ERR356322.result.fastq	leaf	ERR356322	2
ERR356328.result.fastq	leaf	ERR356328	1
ERR356333.result.fastq	leaf	ERR356333	3
ERR356339.result.fastq	leaf	ERR356339	3
ERR356341.result.fastq	leaf	ERR356341	3
ERR356344.result.fastq	leaf	ERR356344	3
ERR356347.result.fastq	leaf	ERR356347	2
ERR356358.result.fastq	leaf	ERR356358	2
ERR356360.result.fastq	leaf	ERR356360	3
ERR3584882.result.fastq	leaf	ERR3584882	2
ERR3584898.result.fastq	leaf	ERR3584898	1
ERR3584913.result.fastq	leaf	ERR3584913	1
ERR3584923.result.fastq	leaf	ERR3584923	1
ERR3584925.result.fastq	leaf	ERR3584925	1
ERR3584931.result.fastq	leaf	ERR3584931	3
ERR3584956.result.fastq	leaf	ERR3584956	3
ERR3584973.result.fastq	leaf	ERR3584973	1
ERR3584990.result.fastq	leaf	ERR3584990	2
ERR3585011.result.fastq	leaf	ERR3585011	15
ERR3585041.result.fastq	leaf	ERR3585041	3
ERR3585042.result.fastq	leaf	ERR3585042	7
ERR3585052.result.fastq	leaf	ERR3585052	1
ERR3585053.result.fastq	leaf	ERR3585053	1
ERR3585055.result.fastq	leaf	ERR3585055	1
ERR3585070.result.fastq	leaf	ERR3585070	1
ERR3585124.result.fastq	leaf	ERR3585124	2
ERR3585125.result.fastq	leaf	ERR3585125	2
ERR3585126.result.fastq	leaf	ERR3585126	2
ERR3585172.result.fastq	leaf	ERR3585172	3
ERR3585174.result.fastq	leaf	ERR3585174	1
ERR3585176.result.fastq	leaf	ERR3585176	1
ERR3585177.result.fastq	leaf	ERR3585177	1
ERR3585189.result.fastq	leaf	ERR3585189	3
ERR3585191.result.fastq	leaf	ERR3585191	3
ERR3585208.result.fastq	leaf	ERR3585208	2
ERR3585218.result.fastq	leaf	ERR3585218	1
ERR3585221.result.fastq	leaf	ERR3585221	1
ERR3585223.result.fastq	leaf	ERR3585223	1
ERR3585249.result.fastq	leaf	ERR3585249	1
ERR3585252.result.fastq	leaf	ERR3585252	1
ERR3585285.result.fastq	leaf	ERR3585285	2
ERR3585291.result.fastq	leaf	ERR3585291	1
ERR3585292.result.fastq	leaf	ERR3585292	1
ERR3585309.result.fastq	leaf	ERR3585309	1
ERR3585316.result.fastq	leaf	ERR3585316	1
ERR3585319.result.fastq	leaf	ERR3585319	1
ERR3585324.result.fastq	leaf	ERR3585324	1
ERR3585342.result.fastq	leaf	ERR3585342	219
ERR3585394.result.fastq	leaf	ERR3585394	1
ERR3585396.result.fastq	leaf	ERR3585396	1
ERR3585414.result.fastq	leaf	ERR3585414	2
ERR3585417.result.fastq	leaf	ERR3585417	7
ERR3585421.result.fastq	leaf	ERR3585421	1
ERR3642083.result.fastq	leaf	ERR3642083	1
ERR3642143.result.fastq	leaf	ERR3642143	1
ERR3642186.result.fastq	leaf	ERR3642186	2
ERR3642209.result.fastq	leaf	ERR3642209	1
ERR3642218.result.fastq	leaf	ERR3642218	1
ERR3642233.result.fastq	leaf	ERR3642233	2
ERR3642241.result.fastq	leaf	ERR3642241	1
ERR3642247.result.fastq	leaf	ERR3642247	1
ERR3642252.result.fastq	leaf	ERR3642252	315
ERR3642255.result.fastq	leaf	ERR3642255	1
ERR3642270.result.fastq	leaf	ERR3642270	2
ERR3642298.result.fastq	leaf	ERR3642298	1
ERR3642316.result.fastq	leaf	ERR3642316	2
ERR3642320.result.fastq	leaf	ERR3642320	5
ERR3642334.result.fastq	leaf	ERR3642334	1
ERR3642380.result.fastq	leaf	ERR3642380	2
ERR3653682.result.fastq	leaf	ERR3653682	1
ERR3653684.result.fastq	leaf	ERR3653684	11
ERR3653685.result.fastq	leaf	ERR3653685	1
ERR3653687.result.fastq	leaf	ERR3653687	1
ERR3653691.result.fastq	leaf	ERR3653691	4
ERR3653693.result.fastq	leaf	ERR3653693	3
ERR3653695.result.fastq	leaf	ERR3653695	8
ERR3653696.result.fastq	leaf	ERR3653696	3
ERR3653710.result.fastq	leaf	ERR3653710	1
ERR3653712.result.fastq	leaf	ERR3653712	2684
ERR3653713.result.fastq	leaf	ERR3653713	1
ERR3653718.result.fastq	leaf	ERR3653718	1
ERR3653719.result.fastq	leaf	ERR3653719	2
ERR3653730.result.fastq	leaf	ERR3653730	3
ERR3653741.result.fastq	leaf	ERR3653741	6
ERR3653742.result.fastq	leaf	ERR3653742	7
ERR3653743.result.fastq	leaf	ERR3653743	6263
ERR3653748.result.fastq	leaf	ERR3653748	1
ERR3653751.result.fastq	leaf	ERR3653751	1
ERR3653761.result.fastq	leaf	ERR3653761	1
ERR3653767.result.fastq	leaf	ERR3653767	2
ERR3653769.result.fastq	leaf	ERR3653769	1
ERR3653771.result.fastq	leaf	ERR3653771	2
ERR3653772.result.fastq	leaf	ERR3653772	2
ERR3653773.result.fastq	leaf	ERR3653773	5
ERR3653774.result.fastq	leaf	ERR3653774	14
ERR3653775.result.fastq	leaf	ERR3653775	1
ERR3653782.result.fastq	leaf	ERR3653782	2
ERR3655857.result.fastq	leaf	ERR3655857	1
ERR3655876.result.fastq	leaf	ERR3655876	2
ERR3655884.result.fastq	leaf	ERR3655884	2
ERR3655891.result.fastq	leaf	ERR3655891	1
ERR3655899.result.fastq	leaf	ERR3655899	1
ERR3655921.result.fastq	leaf	ERR3655921	1
ERR3655925.result.fastq	leaf	ERR3655925	1
ERR3655936.result.fastq	leaf	ERR3655936	2
ERR3655937.result.fastq	leaf	ERR3655937	3
ERR3655939.result.fastq	leaf	ERR3655939	2
ERR3655942.result.fastq	leaf	ERR3655942	1
ERR3655948.result.fastq	leaf	ERR3655948	1
ERR3655973.result.fastq	leaf	ERR3655973	2
ERR3655977.result.fastq	leaf	ERR3655977	1
ERR3655981.result.fastq	leaf	ERR3655981	2
ERR3655985.result.fastq	leaf	ERR3655985	2
ERR3656010.result.fastq	leaf	ERR3656010	2
ERR4023830.result.fastq	leaf	ERR4023830	1
ERR4023847.result.fastq	leaf	ERR4023847	1
ERR4023852.result.fastq	leaf	ERR4023852	1
ERR4023888.result.fastq	leaf	ERR4023888	149
ERR4023907.result.fastq	leaf	ERR4023907	1
ERR4023908.result.fastq	leaf	ERR4023908	1
ERR4023910.result.fastq	leaf	ERR4023910	1
ERR4023998.result.fastq	leaf	ERR4023998	1
ERR4024001.result.fastq	leaf	ERR4024001	1
ERR4024020.result.fastq	leaf	ERR4024020	1
ERR4024031.result.fastq	leaf	ERR4024031	218
ERR4024035.result.fastq	leaf	ERR4024035	1
ERR4024104.result.fastq	leaf	ERR4024104	1
ERR4045501.result.fastq	leaf	ERR4045501	2
ERR4045697.result.fastq	leaf	ERR4045697	1
ERR4045718.result.fastq	leaf	ERR4045718	1
ERR4045745.result.fastq	leaf	ERR4045745	1
ERR4045777.result.fastq	leaf	ERR4045777	2
ERR4045795.result.fastq	leaf	ERR4045795	1
ERR4045799.result.fastq	leaf	ERR4045799	66
ERR4045811.result.fastq	leaf	ERR4045811	1
ERR4045815.result.fastq	leaf	ERR4045815	1
ERR4045827.result.fastq	leaf	ERR4045827	1
ERR4045864.result.fastq	leaf	ERR4045864	2
ERR4045868.result.fastq	leaf	ERR4045868	2
ERR4045905.result.fastq	leaf	ERR4045905	1
ERR4045924.result.fastq	leaf	ERR4045924	2
ERR4045932.result.fastq	leaf	ERR4045932	1
ERR4045942.result.fastq	leaf	ERR4045942	2
ERR4045999.result.fastq	leaf	ERR4045999	2
ERR4046007.result.fastq	leaf	ERR4046007	2
ERR4046061.result.fastq	leaf	ERR4046061	1
ERR4046100.result.fastq	leaf	ERR4046100	1
ERR4046104.result.fastq	leaf	ERR4046104	1
ERR4046112.result.fastq	leaf	ERR4046112	2
ERR4046116.result.fastq	leaf	ERR4046116	2
ERR4046160.result.fastq	leaf	ERR4046160	2
ERR4046175.result.fastq	leaf	ERR4046175	1
ERR4046208.result.fastq	leaf	ERR4046208	1
ERR4046249.result.fastq	leaf	ERR4046249	2
ERR4046266.result.fastq	leaf	ERR4046266	4
ERR4046278.result.fastq	leaf	ERR4046278	4
ERR4046290.result.fastq	leaf	ERR4046290	1
ERR4046293.result.fastq	leaf	ERR4046293	2
ERR4046297.result.fastq	leaf	ERR4046297	3
ERR4046301.result.fastq	leaf	ERR4046301	2
ERR4046306.result.fastq	leaf	ERR4046306	1
ERR4046320.result.fastq	leaf	ERR4046320	1
ERR4046325.result.fastq	leaf	ERR4046325	1
ERR4046331.result.fastq	leaf	ERR4046331	4
ERR4046335.result.fastq	leaf	ERR4046335	4
ERR4046344.result.fastq	leaf	ERR4046344	1
ERR4046378.result.fastq	leaf	ERR4046378	4
ERR4046382.result.fastq	leaf	ERR4046382	13
ERR4046418.result.fastq	leaf	ERR4046418	2
ERR4046430.result.fastq	leaf	ERR4046430	2
ERR4046443.result.fastq	leaf	ERR4046443	2
ERR4046451.result.fastq	leaf	ERR4046451	1
ERR4046458.result.fastq	leaf	ERR4046458	2
ERR4046462.result.fastq	leaf	ERR4046462	2
ERR4046465.result.fastq	leaf	ERR4046465	4
ERR4046472.result.fastq	leaf	ERR4046472	1
ERR4046484.result.fastq	leaf	ERR4046484	1
ERR4046502.result.fastq	leaf	ERR4046502	1
ERR4046512.result.fastq	leaf	ERR4046512	2
ERR4046513.result.fastq	leaf	ERR4046513	1
ERR4046515.result.fastq	leaf	ERR4046515	6
ERR4046526.result.fastq	leaf	ERR4046526	4
ERR4046530.result.fastq	leaf	ERR4046530	4
ERR4046532.result.fastq	leaf	ERR4046532	6
ERR4046542.result.fastq	leaf	ERR4046542	4
ERR4046600.result.fastq	leaf	ERR4046600	4
ERR4046628.result.fastq	leaf	ERR4046628	9
ERR4046644.result.fastq	leaf	ERR4046644	1
ERR4046649.result.fastq	leaf	ERR4046649	3
ERR4046653.result.fastq	leaf	ERR4046653	1
ERR4046661.result.fastq	leaf	ERR4046661	3
ERR4046669.result.fastq	leaf	ERR4046669	219
ERR4046677.result.fastq	leaf	ERR4046677	1
ERR4046716.result.fastq	leaf	ERR4046716	1
ERR4046724.result.fastq	leaf	ERR4046724	2
ERR4046757.result.fastq	leaf	ERR4046757	2
ERR4095949.result.fastq	leaf	ERR4095949	708
ERR4095952.result.fastq	leaf	ERR4095952	1
ERR4095972.result.fastq	leaf	ERR4095972	6
ERR4139303.result.fastq	leaf	ERR4139303	3
ERR4139309.result.fastq	leaf	ERR4139309	1
ERR4139310.result.fastq	leaf	ERR4139310	10
ERR4139318.result.fastq	leaf	ERR4139318	2
ERR4139337.result.fastq	leaf	ERR4139337	2
ERR4139351.result.fastq	leaf	ERR4139351	1
ERR4139380.result.fastq	leaf	ERR4139380	1
ERR4139383.result.fastq	leaf	ERR4139383	1
ERR4139389.result.fastq	leaf	ERR4139389	2
ERR4139398.result.fastq	leaf	ERR4139398	1
ERR4139449.result.fastq	leaf	ERR4139449	1
ERR4139458.result.fastq	leaf	ERR4139458	2
ERR4139471.result.fastq	leaf	ERR4139471	1
ERR4436585.result.fastq	leaf	ERR4436585	6
ERR4436586.result.fastq	leaf	ERR4436586	1
ERR4436588.result.fastq	leaf	ERR4436588	19
ERR4436593.result.fastq	leaf	ERR4436593	2
ERR4436594.result.fastq	leaf	ERR4436594	1
ERR4436596.result.fastq	leaf	ERR4436596	5
ERR4436598.result.fastq	leaf	ERR4436598	2
ERR4436599.result.fastq	leaf	ERR4436599	105
ERR4436600.result.fastq	leaf	ERR4436600	2
ERR4436603.result.fastq	leaf	ERR4436603	6735
ERR4436616.result.fastq	leaf	ERR4436616	7664
ERR4436618.result.fastq	leaf	ERR4436618	13
ERR4436619.result.fastq	leaf	ERR4436619	15
ERR4436627.result.fastq	leaf	ERR4436627	1
ERR4436637.result.fastq	leaf	ERR4436637	5
ERR4436638.result.fastq	leaf	ERR4436638	24
ERR4436654.result.fastq	leaf	ERR4436654	4
ERR4436655.result.fastq	leaf	ERR4436655	35
ERR4436680.result.fastq	leaf	ERR4436680	10
ERR4436683.result.fastq	leaf	ERR4436683	6
ERR4436685.result.fastq	leaf	ERR4436685	1876
ERR4436686.result.fastq	leaf	ERR4436686	2
ERR4436745.result.fastq	leaf	ERR4436745	1364
ERR4436748.result.fastq	leaf	ERR4436748	9
ERR4436749.result.fastq	leaf	ERR4436749	13
ERR4436750.result.fastq	leaf	ERR4436750	12
ERR4436751.result.fastq	leaf	ERR4436751	2
ERR4436752.result.fastq	leaf	ERR4436752	3
ERR4436754.result.fastq	leaf	ERR4436754	1
ERR4437599.result.fastq	leaf	ERR4437599	3
ERR4437831.result.fastq	leaf	ERR4437831	171
ERR4438930.result.fastq	leaf	ERR4438930	2970
ERR4596707.result.fastq	leaf	ERR4596707	11
ERR4661765.result.fastq	leaf	ERR4661765	1
ERR4661768.result.fastq	leaf	ERR4661768	6
ERR4661769.result.fastq	leaf	ERR4661769	390
ERR4674870.result.fastq	leaf	ERR4674870	3
ERR4674871.result.fastq	leaf	ERR4674871	1
ERR4674872.result.fastq	leaf	ERR4674872	1
ERR4689458.result.fastq	leaf	ERR4689458	2
ERR4689466.result.fastq	leaf	ERR4689466	4
ERR474003.result.fastq	leaf	ERR474003	10
ERR474005.result.fastq	leaf	ERR474005	1
ERR474006.result.fastq	leaf	ERR474006	1
ERR474007.result.fastq	leaf	ERR474007	6
ERR474008.result.fastq	leaf	ERR474008	1
ERR474019.result.fastq	leaf	ERR474019	3
ERR474020.result.fastq	leaf	ERR474020	4
ERR474021.result.fastq	leaf	ERR474021	4
ERR474022.result.fastq	leaf	ERR474022	4
ERR474023.result.fastq	leaf	ERR474023	2
ERR474026.result.fastq	leaf	ERR474026	11
ERR4766324.result.fastq	leaf	ERR4766324	1
ERR4766328.result.fastq	leaf	ERR4766328	162
ERR4766332.result.fastq	leaf	ERR4766332	1
ERR4766336.result.fastq	leaf	ERR4766336	162
ERR4766344.result.fastq	leaf	ERR4766344	4
ERR4766348.result.fastq	leaf	ERR4766348	162
ERR4766349.result.fastq	leaf	ERR4766349	162
ERR4766353.result.fastq	leaf	ERR4766353	163
ERR4766357.result.fastq	leaf	ERR4766357	163
ERR4766373.result.fastq	leaf	ERR4766373	162
ERR4766379.result.fastq	leaf	ERR4766379	177
ERR4766387.result.fastq	leaf	ERR4766387	163
ERR4766412.result.fastq	leaf	ERR4766412	3
ERR4766420.result.fastq	leaf	ERR4766420	2
ERR4766458.result.fastq	leaf	ERR4766458	4
ERR4766475.result.fastq	leaf	ERR4766475	184
ERR4766479.result.fastq	leaf	ERR4766479	1
ERR4766483.result.fastq	leaf	ERR4766483	2
ERR4766487.result.fastq	leaf	ERR4766487	390
ERR4766491.result.fastq	leaf	ERR4766491	1
ERR4766495.result.fastq	leaf	ERR4766495	2
ERR4766500.result.fastq	leaf	ERR4766500	3
ERR4766507.result.fastq	leaf	ERR4766507	1
ERR4766509.result.fastq	leaf	ERR4766509	3
ERR4766511.result.fastq	leaf	ERR4766511	1
ERR4766513.result.fastq	leaf	ERR4766513	161
ERR4766526.result.fastq	leaf	ERR4766526	163
ERR4766527.result.fastq	leaf	ERR4766527	1
ERR4766529.result.fastq	leaf	ERR4766529	3
ERR4766534.result.fastq	leaf	ERR4766534	1
ERR4766550.result.fastq	leaf	ERR4766550	1
ERR4766555.result.fastq	leaf	ERR4766555	1
ERR4766559.result.fastq	leaf	ERR4766559	1
ERR4766564.result.fastq	leaf	ERR4766564	2
ERR4766567.result.fastq	leaf	ERR4766567	4
ERR4766569.result.fastq	leaf	ERR4766569	3
ERR4766573.result.fastq	leaf	ERR4766573	163
ERR4766577.result.fastq	leaf	ERR4766577	177
ERR4766581.result.fastq	leaf	ERR4766581	164
ERR4766602.result.fastq	leaf	ERR4766602	1
ERR4766606.result.fastq	leaf	ERR4766606	2
ERR4766635.result.fastq	leaf	ERR4766635	10
ERR4766639.result.fastq	leaf	ERR4766639	20
ERR4766643.result.fastq	leaf	ERR4766643	1
ERR4766647.result.fastq	leaf	ERR4766647	3
ERR4766669.result.fastq	leaf	ERR4766669	2
ERR4766673.result.fastq	leaf	ERR4766673	4
ERR4766678.result.fastq	leaf	ERR4766678	347
ERR4766682.result.fastq	leaf	ERR4766682	14
ERR4766686.result.fastq	leaf	ERR4766686	185
ERR4766702.result.fastq	leaf	ERR4766702	1
ERR4781996.result.fastq	leaf	ERR4781996	1054
ERR4781997.result.fastq	leaf	ERR4781997	1
ERR4782004.result.fastq	leaf	ERR4782004	8
ERR4782024.result.fastq	leaf	ERR4782024	1
ERR4782044.result.fastq	leaf	ERR4782044	1
ERR4782223.result.fastq	leaf	ERR4782223	1
ERR4782226.result.fastq	leaf	ERR4782226	12
ERR4782227.result.fastq	leaf	ERR4782227	1
ERR4782238.result.fastq	leaf	ERR4782238	3
ERR4782241.result.fastq	leaf	ERR4782241	3
ERR4782264.result.fastq	leaf	ERR4782264	4
ERR4782266.result.fastq	leaf	ERR4782266	8
ERR4782269.result.fastq	leaf	ERR4782269	392
ERR4782278.result.fastq	leaf	ERR4782278	190
ERR4782286.result.fastq	leaf	ERR4782286	2
ERR4782299.result.fastq	leaf	ERR4782299	3
ERR4782301.result.fastq	leaf	ERR4782301	1
ERR4782302.result.fastq	leaf	ERR4782302	3
ERR4782303.result.fastq	leaf	ERR4782303	3
ERR4782304.result.fastq	leaf	ERR4782304	164
ERR4782305.result.fastq	leaf	ERR4782305	1
ERR4782307.result.fastq	leaf	ERR4782307	1
ERR4782308.result.fastq	leaf	ERR4782308	1
ERR4782312.result.fastq	leaf	ERR4782312	1
ERR4782313.result.fastq	leaf	ERR4782313	1
ERR4782316.result.fastq	leaf	ERR4782316	607
ERR4782317.result.fastq	leaf	ERR4782317	2
ERR4782320.result.fastq	leaf	ERR4782320	390
ERR4782321.result.fastq	leaf	ERR4782321	2
ERR4782323.result.fastq	leaf	ERR4782323	3
ERR4782324.result.fastq	leaf	ERR4782324	1
ERR4782325.result.fastq	leaf	ERR4782325	3
ERR4782327.result.fastq	leaf	ERR4782327	2
ERR4782328.result.fastq	leaf	ERR4782328	1
ERR4782330.result.fastq	leaf	ERR4782330	1
ERR4782334.result.fastq	leaf	ERR4782334	164
ERR4782339.result.fastq	leaf	ERR4782339	390
ERR4782341.result.fastq	leaf	ERR4782341	2
ERR4782343.result.fastq	leaf	ERR4782343	1
ERR4782345.result.fastq	leaf	ERR4782345	3
ERR4782346.result.fastq	leaf	ERR4782346	3
ERR4782347.result.fastq	leaf	ERR4782347	390
ERR4782349.result.fastq	leaf	ERR4782349	1
ERR4782350.result.fastq	leaf	ERR4782350	1
ERR4782351.result.fastq	leaf	ERR4782351	12
ERR4782353.result.fastq	leaf	ERR4782353	1
ERR4782355.result.fastq	leaf	ERR4782355	13
ERR4782357.result.fastq	leaf	ERR4782357	1
ERR4782359.result.fastq	leaf	ERR4782359	391
ERR4782365.result.fastq	leaf	ERR4782365	1
ERR4782366.result.fastq	leaf	ERR4782366	1
ERR4782367.result.fastq	leaf	ERR4782367	3
ERR4782370.result.fastq	leaf	ERR4782370	1
ERR4782375.result.fastq	leaf	ERR4782375	1
ERR4782379.result.fastq	leaf	ERR4782379	390
ERR4782383.result.fastq	leaf	ERR4782383	390
ERR4782386.result.fastq	leaf	ERR4782386	606
ERR4782387.result.fastq	leaf	ERR4782387	390
ERR4782391.result.fastq	leaf	ERR4782391	608
ERR4782399.result.fastq	leaf	ERR4782399	3
ERR4782403.result.fastq	leaf	ERR4782403	390
ERR4782404.result.fastq	leaf	ERR4782404	1
ERR4782407.result.fastq	leaf	ERR4782407	3
ERR4782411.result.fastq	leaf	ERR4782411	1
ERR4782415.result.fastq	leaf	ERR4782415	1
ERR4782419.result.fastq	leaf	ERR4782419	1
ERR4782423.result.fastq	leaf	ERR4782423	2
ERR4782430.result.fastq	leaf	ERR4782430	2
ERR4782433.result.fastq	leaf	ERR4782433	1
ERR4782437.result.fastq	leaf	ERR4782437	1
ERR4782439.result.fastq	leaf	ERR4782439	603
ERR4782441.result.fastq	leaf	ERR4782441	1
ERR4782443.result.fastq	leaf	ERR4782443	2
ERR4782446.result.fastq	leaf	ERR4782446	3105
ERR4782454.result.fastq	leaf	ERR4782454	2
ERR4782457.result.fastq	leaf	ERR4782457	1
ERR4782462.result.fastq	leaf	ERR4782462	1
ERR4782466.result.fastq	leaf	ERR4782466	1
ERR4782470.result.fastq	leaf	ERR4782470	232
ERR4782484.result.fastq	leaf	ERR4782484	1
ERR4782503.result.fastq	leaf	ERR4782503	3
ERR4782515.result.fastq	leaf	ERR4782515	5
ERR4782522.result.fastq	leaf	ERR4782522	165
ERR4782523.result.fastq	leaf	ERR4782523	1
ERR4782533.result.fastq	leaf	ERR4782533	2
ERR4782536.result.fastq	leaf	ERR4782536	1
ERR4782539.result.fastq	leaf	ERR4782539	2
ERR4782542.result.fastq	leaf	ERR4782542	1
ERR4782545.result.fastq	leaf	ERR4782545	2
ERR4782547.result.fastq	leaf	ERR4782547	1
ERR4782550.result.fastq	leaf	ERR4782550	1
ERR4782551.result.fastq	leaf	ERR4782551	2
ERR4782553.result.fastq	leaf	ERR4782553	2
ERR4782554.result.fastq	leaf	ERR4782554	1
ERR4782555.result.fastq	leaf	ERR4782555	390
ERR4782559.result.fastq	leaf	ERR4782559	1
ERR4782565.result.fastq	leaf	ERR4782565	1
ERR4782568.result.fastq	leaf	ERR4782568	1
ERR4782570.result.fastq	leaf	ERR4782570	1
ERR4782577.result.fastq	leaf	ERR4782577	1
ERR4782579.result.fastq	leaf	ERR4782579	1
ERR4782583.result.fastq	leaf	ERR4782583	2
ERR4782590.result.fastq	leaf	ERR4782590	1
ERR4782596.result.fastq	leaf	ERR4782596	1
ERR4782599.result.fastq	leaf	ERR4782599	1
ERR4782630.result.fastq	leaf	ERR4782630	165
ERR4782635.result.fastq	leaf	ERR4782635	1
ERR4782638.result.fastq	leaf	ERR4782638	1
ERR4782643.result.fastq	leaf	ERR4782643	1
ERR4782646.result.fastq	leaf	ERR4782646	1
ERR4782650.result.fastq	leaf	ERR4782650	165
ERR4782654.result.fastq	leaf	ERR4782654	164
ERR4782667.result.fastq	leaf	ERR4782667	1
ERR4782675.result.fastq	leaf	ERR4782675	165
ERR4782679.result.fastq	leaf	ERR4782679	165
ERR4782683.result.fastq	leaf	ERR4782683	1
ERR4782690.result.fastq	leaf	ERR4782690	2
ERR4782693.result.fastq	leaf	ERR4782693	2
ERR4782701.result.fastq	leaf	ERR4782701	1
ERR4782706.result.fastq	leaf	ERR4782706	167
ERR4782709.result.fastq	leaf	ERR4782709	2
ERR4782714.result.fastq	leaf	ERR4782714	165
ERR4782727.result.fastq	leaf	ERR4782727	168
ERR4782735.result.fastq	leaf	ERR4782735	2
ERR4782747.result.fastq	leaf	ERR4782747	1
ERR4782771.result.fastq	leaf	ERR4782771	1
ERR4782774.result.fastq	leaf	ERR4782774	1
ERR4782778.result.fastq	leaf	ERR4782778	2
ERR4782782.result.fastq	leaf	ERR4782782	1
ERR4782786.result.fastq	leaf	ERR4782786	3
ERR4782794.result.fastq	leaf	ERR4782794	391
ERR4782800.result.fastq	leaf	ERR4782800	1715
ERR4782803.result.fastq	leaf	ERR4782803	1714
ERR4782807.result.fastq	leaf	ERR4782807	186
ERR4782815.result.fastq	leaf	ERR4782815	2
ERR4782820.result.fastq	leaf	ERR4782820	3
ERR4782829.result.fastq	leaf	ERR4782829	2
ERR4782834.result.fastq	leaf	ERR4782834	1
ERR4782837.result.fastq	leaf	ERR4782837	1
ERR4782845.result.fastq	leaf	ERR4782845	2
ERR4782870.result.fastq	leaf	ERR4782870	1
ERR4782874.result.fastq	leaf	ERR4782874	1
ERR4782879.result.fastq	leaf	ERR4782879	1
ERR4782884.result.fastq	leaf	ERR4782884	2
ERR4783203.result.fastq	leaf	ERR4783203	1
ERR4783214.result.fastq	leaf	ERR4783214	14
ERR4783244.result.fastq	leaf	ERR4783244	4
ERR486685.result.fastq	leaf	ERR486685	16
ERR486687.result.fastq	leaf	ERR486687	7
ERR486689.result.fastq	leaf	ERR486689	5
ERR486691.result.fastq	leaf	ERR486691	15
ERR4919968.result.fastq	leaf	ERR4919968	1
ERR4919983.result.fastq	leaf	ERR4919983	1
ERR4919986.result.fastq	leaf	ERR4919986	5
ERR4919988.result.fastq	leaf	ERR4919988	404
ERR4919991.result.fastq	leaf	ERR4919991	1940
ERR4920006.result.fastq	leaf	ERR4920006	22
ERR4920007.result.fastq	leaf	ERR4920007	2
ERR4920010.result.fastq	leaf	ERR4920010	9
ERR4920011.result.fastq	leaf	ERR4920011	1
ERR4999560.result.fastq	leaf	ERR4999560	6
ERR4999569.result.fastq	leaf	ERR4999569	2
ERR5000189.result.fastq	leaf	ERR5000189	1618
ERR5173506.result.fastq	leaf	ERR5173506	1
ERR5173538.result.fastq	leaf	ERR5173538	1
ERR5173552.result.fastq	leaf	ERR5173552	141
ERR5173554.result.fastq	leaf	ERR5173554	1
ERR5173556.result.fastq	leaf	ERR5173556	2
ERR5205865.result.fastq	leaf	ERR5205865	7
ERR5205869.result.fastq	leaf	ERR5205869	5
ERR5205871.result.fastq	leaf	ERR5205871	1635
ERR5386288.result.fastq	leaf	ERR5386288	6
ERR5386376.result.fastq	leaf	ERR5386376	14
ERR5386382.result.fastq	leaf	ERR5386382	22
ERR5465084.result.fastq	leaf	ERR5465084	90
ERR5709471.result.fastq	leaf	ERR5709471	15
ERR5770797.result.fastq	leaf	ERR5770797	1
ERR5770798.result.fastq	leaf	ERR5770798	1
ERR5770800.result.fastq	leaf	ERR5770800	1156
ERR5770801.result.fastq	leaf	ERR5770801	2
ERR5928230.result.fastq	leaf	ERR5928230	11
ERR5928237.result.fastq	leaf	ERR5928237	17
ERR5928247.result.fastq	leaf	ERR5928247	12
ERR5928255.result.fastq	leaf	ERR5928255	5
ERR5928261.result.fastq	leaf	ERR5928261	7
ERR5928264.result.fastq	leaf	ERR5928264	21
ERR6132381.result.fastq	leaf	ERR6132381	2
ERR6132382.result.fastq	leaf	ERR6132382	312
ERR6132392.result.fastq	leaf	ERR6132392	3
ERR6132398.result.fastq	leaf	ERR6132398	1
ERR6132399.result.fastq	leaf	ERR6132399	1
ERR6132401.result.fastq	leaf	ERR6132401	114
ERR6132404.result.fastq	leaf	ERR6132404	31
ERR6132406.result.fastq	leaf	ERR6132406	10210
ERR6132408.result.fastq	leaf	ERR6132408	29
ERR6132410.result.fastq	leaf	ERR6132410	4
ERR6132411.result.fastq	leaf	ERR6132411	1
ERR6132412.result.fastq	leaf	ERR6132412	29
ERR6132417.result.fastq	leaf	ERR6132417	1
ERR6132418.result.fastq	leaf	ERR6132418	1
ERR6132421.result.fastq	leaf	ERR6132421	4
ERR6132422.result.fastq	leaf	ERR6132422	1
ERR6132424.result.fastq	leaf	ERR6132424	4
ERR6132428.result.fastq	leaf	ERR6132428	1
ERR6132437.result.fastq	leaf	ERR6132437	1
ERR6132441.result.fastq	leaf	ERR6132441	3
ERR6132443.result.fastq	leaf	ERR6132443	1
ERR6132449.result.fastq	leaf	ERR6132449	1
ERR6132451.result.fastq	leaf	ERR6132451	397
ERR6132462.result.fastq	leaf	ERR6132462	1
ERR6132467.result.fastq	leaf	ERR6132467	1
ERR6132488.result.fastq	leaf	ERR6132488	1
ERR6132490.result.fastq	leaf	ERR6132490	1
ERR6132491.result.fastq	leaf	ERR6132491	1
ERR6132504.result.fastq	leaf	ERR6132504	2
ERR6132506.result.fastq	leaf	ERR6132506	81
ERR6132509.result.fastq	leaf	ERR6132509	4
ERR6132517.result.fastq	leaf	ERR6132517	28
ERR6132518.result.fastq	leaf	ERR6132518	2
ERR6132519.result.fastq	leaf	ERR6132519	1
ERR6132521.result.fastq	leaf	ERR6132521	28
ERR6132525.result.fastq	leaf	ERR6132525	28
ERR6132529.result.fastq	leaf	ERR6132529	1
ERR6132534.result.fastq	leaf	ERR6132534	1
ERR6132538.result.fastq	leaf	ERR6132538	3
ERR6132541.result.fastq	leaf	ERR6132541	1
ERR6132547.result.fastq	leaf	ERR6132547	4
ERR6132551.result.fastq	leaf	ERR6132551	4
ERR6728246.result.fastq	leaf	ERR6728246	925
ERR6737055.result.fastq	leaf	ERR6737055	6
ERR6738135.result.fastq	leaf	ERR6738135	7
ERR6739280.result.fastq	leaf	ERR6739280	3
ERR6938077.result.fastq	leaf	ERR6938077	6
ERR6938099.result.fastq	leaf	ERR6938099	2741
ERR6938111.result.fastq	leaf	ERR6938111	6
ERR6938931.result.fastq	leaf	ERR6938931	490
ERR7123314.result.fastq	leaf	ERR7123314	932
ERR7123470.result.fastq	leaf	ERR7123470	7
ERR7123517.result.fastq	leaf	ERR7123517	9
ERR7225073.result.fastq	leaf	ERR7225073	606
ERR7225074.result.fastq	leaf	ERR7225074	606
ERR7225202.result.fastq	leaf	ERR7225202	2
ERR7225220.result.fastq	leaf	ERR7225220	164
ERR7225349.result.fastq	leaf	ERR7225349	3
ERR7225352.result.fastq	leaf	ERR7225352	606
ERR7225355.result.fastq	leaf	ERR7225355	606
ERR7225358.result.fastq	leaf	ERR7225358	606
ERR7225367.result.fastq	leaf	ERR7225367	191
ERR7225376.result.fastq	leaf	ERR7225376	1
ERR7225380.result.fastq	leaf	ERR7225380	1
ERR7225385.result.fastq	leaf	ERR7225385	2
ERR7225389.result.fastq	leaf	ERR7225389	168
ERR7225390.result.fastq	leaf	ERR7225390	2
ERR7225393.result.fastq	leaf	ERR7225393	1
ERR7225396.result.fastq	leaf	ERR7225396	1
ERR7225399.result.fastq	leaf	ERR7225399	1
ERR7225410.result.fastq	leaf	ERR7225410	12561
ERR7225411.result.fastq	leaf	ERR7225411	176
ERR7225414.result.fastq	leaf	ERR7225414	176
ERR7225417.result.fastq	leaf	ERR7225417	176
ERR7225420.result.fastq	leaf	ERR7225420	176
ERR7225423.result.fastq	leaf	ERR7225423	176
ERR7225432.result.fastq	leaf	ERR7225432	176
ERR7225438.result.fastq	leaf	ERR7225438	1
ERR7225441.result.fastq	leaf	ERR7225441	180
ERR7225462.result.fastq	leaf	ERR7225462	176
ERR7225468.result.fastq	leaf	ERR7225468	2
ERR7225471.result.fastq	leaf	ERR7225471	2
ERR7225479.result.fastq	leaf	ERR7225479	2
ERR7225480.result.fastq	leaf	ERR7225480	2
ERR7225484.result.fastq	leaf	ERR7225484	2
ERR7225486.result.fastq	leaf	ERR7225486	2
ERR7225489.result.fastq	leaf	ERR7225489	3
ERR7225492.result.fastq	leaf	ERR7225492	2
ERR7225495.result.fastq	leaf	ERR7225495	165
ERR7225507.result.fastq	leaf	ERR7225507	187
ERR7225510.result.fastq	leaf	ERR7225510	187
ERR7225513.result.fastq	leaf	ERR7225513	188
ERR7225516.result.fastq	leaf	ERR7225516	187
ERR7225519.result.fastq	leaf	ERR7225519	186
ERR7225522.result.fastq	leaf	ERR7225522	4
ERR7225527.result.fastq	leaf	ERR7225527	1
ERR7225532.result.fastq	leaf	ERR7225532	4
ERR7225534.result.fastq	leaf	ERR7225534	187
ERR7225537.result.fastq	leaf	ERR7225537	187
ERR7225540.result.fastq	leaf	ERR7225540	187
ERR7225543.result.fastq	leaf	ERR7225543	14
ERR7225546.result.fastq	leaf	ERR7225546	4
ERR7225549.result.fastq	leaf	ERR7225549	2
ERR7225555.result.fastq	leaf	ERR7225555	3
ERR7225558.result.fastq	leaf	ERR7225558	1
ERR7225561.result.fastq	leaf	ERR7225561	1
ERR7225564.result.fastq	leaf	ERR7225564	2
ERR7225579.result.fastq	leaf	ERR7225579	2
ERR7225584.result.fastq	leaf	ERR7225584	2
ERR7225587.result.fastq	leaf	ERR7225587	187
ERR7225590.result.fastq	leaf	ERR7225590	186
ERR7225596.result.fastq	leaf	ERR7225596	190
ERR7225608.result.fastq	leaf	ERR7225608	1
ERR7225611.result.fastq	leaf	ERR7225611	1
ERR7225614.result.fastq	leaf	ERR7225614	164
ERR7225622.result.fastq	leaf	ERR7225622	1
ERR7225627.result.fastq	leaf	ERR7225627	2
ERR7225642.result.fastq	leaf	ERR7225642	1
ERR7225644.result.fastq	leaf	ERR7225644	3
ERR7225650.result.fastq	leaf	ERR7225650	1
ERR7225657.result.fastq	leaf	ERR7225657	1
ERR7225670.result.fastq	leaf	ERR7225670	1
ERR7225672.result.fastq	leaf	ERR7225672	1
ERR7225674.result.fastq	leaf	ERR7225674	1
ERR7225676.result.fastq	leaf	ERR7225676	1
ERR7225678.result.fastq	leaf	ERR7225678	1
ERR7225706.result.fastq	leaf	ERR7225706	3
ERR7225708.result.fastq	leaf	ERR7225708	4
ERR7225710.result.fastq	leaf	ERR7225710	4
ERR7225712.result.fastq	leaf	ERR7225712	3
ERR7225714.result.fastq	leaf	ERR7225714	4
ERR7225716.result.fastq	leaf	ERR7225716	2
ERR7225734.result.fastq	leaf	ERR7225734	2
ERR7225740.result.fastq	leaf	ERR7225740	194
ERR7225744.result.fastq	leaf	ERR7225744	393
ERR7225760.result.fastq	leaf	ERR7225760	2
ERR7225764.result.fastq	leaf	ERR7225764	1
ERR7225788.result.fastq	leaf	ERR7225788	13
ERR7225949.result.fastq	leaf	ERR7225949	5
ERR7225951.result.fastq	leaf	ERR7225951	2
ERR7225953.result.fastq	leaf	ERR7225953	6
ERR7225956.result.fastq	leaf	ERR7225956	2
ERR7225958.result.fastq	leaf	ERR7225958	1
ERR7225960.result.fastq	leaf	ERR7225960	1
ERR7225962.result.fastq	leaf	ERR7225962	1
ERR7225966.result.fastq	leaf	ERR7225966	1
ERR7225976.result.fastq	leaf	ERR7225976	2
ERR7225978.result.fastq	leaf	ERR7225978	1
ERR7225980.result.fastq	leaf	ERR7225980	1
ERR7225982.result.fastq	leaf	ERR7225982	3
ERR7225984.result.fastq	leaf	ERR7225984	101
ERR7225986.result.fastq	leaf	ERR7225986	165
ERR7225988.result.fastq	leaf	ERR7225988	3
ERR7225990.result.fastq	leaf	ERR7225990	1
ERR7225998.result.fastq	leaf	ERR7225998	1
ERR7226000.result.fastq	leaf	ERR7226000	1
ERR7226002.result.fastq	leaf	ERR7226002	1
ERR7226004.result.fastq	leaf	ERR7226004	1
ERR7226010.result.fastq	leaf	ERR7226010	2
ERR7226018.result.fastq	leaf	ERR7226018	3
ERR7226150.result.fastq	leaf	ERR7226150	1
ERR7226152.result.fastq	leaf	ERR7226152	2
ERR7226154.result.fastq	leaf	ERR7226154	2
ERR7226156.result.fastq	leaf	ERR7226156	3
ERR7226554.result.fastq	leaf	ERR7226554	4
ERR7226556.result.fastq	leaf	ERR7226556	4
ERR7226612.result.fastq	leaf	ERR7226612	1783
ERR8574832.result.fastq	leaf	ERR8574832	22
ERR8574837.result.fastq	leaf	ERR8574837	22
GCF_000018445.fna	leaf	GCF_000018445	5
GCF_000021145.fna	leaf	GCF_000021145	2
GCF_000021245.fna	leaf	GCF_000021245	85
GCF_000163355.fna	leaf	GCF_000163355	22
GCF_000163375.fna	leaf	GCF_000163375	80
GCF_000163395.fna	leaf	GCF_000163395	8
GCF_000177695.fna	leaf	GCF_000177695	1
GCF_000177735.fna	leaf	GCF_000177735	1
GCF_000184475.fna	leaf	GCF_000184475	17
GCF_000186645.fna	leaf	GCF_000186645	5
GCF_000187205.fna	leaf	GCF_000187205	1387
GCF_000188215.fna	leaf	GCF_000188215	57
GCF_000189655.fna	leaf	GCF_000189655	1
GCF_000189675.fna	leaf	GCF_000189675	13
GCF_000222225.fna	leaf	GCF_000222225	4
GCF_000222245.fna	leaf	GCF_000222245	1
GCF_000222265.fna	leaf	GCF_000222265	37
GCF_000222285.fna	leaf	GCF_000222285	14
GCF_000241725.fna	leaf	GCF_000241725	4
GCF_000248275.fna	leaf	GCF_000248275	18
GCF_000278605.fna	leaf	GCF_000278605	1
GCF_000278685.fna	leaf	GCF_000278685	1
GCF_000297515.fna	leaf	GCF_000297515	3
GCF_000297595.fna	leaf	GCF_000297595	4
GCF_000299675.fna	leaf	GCF_000299675	1
GCF_000301175.fna	leaf	GCF_000301175	9
GCF_000301215.fna	leaf	GCF_000301215	3
GCF_000301275.fna	leaf	GCF_000301275	1
GCF_000301375.fna	leaf	GCF_000301375	3
GCF_000301395.fna	leaf	GCF_000301395	1
GCF_000301435.fna	leaf	GCF_000301435	2
GCF_000301495.fna	leaf	GCF_000301495	6
GCF_000301575.fna	leaf	GCF_000301575	1
GCF_000301595.fna	leaf	GCF_000301595	1
GCF_000301615.fna	leaf	GCF_000301615	2
GCF_000301915.fna	leaf	GCF_000301915	6
GCF_000301955.fna	leaf	GCF_000301955	208
GCF_000302055.fna	leaf	GCF_000302055	4
GCF_000302075.fna	leaf	GCF_000302075	162
GCF_000302095.fna	leaf	GCF_000302095	608
GCF_000302195.fna	leaf	GCF_000302195	2
GCF_000302215.fna	leaf	GCF_000302215	2
GCF_000302275.fna	leaf	GCF_000302275	39
GCF_000302575.fna	leaf	GCF_000302575	4
GCF_000304655.fna	leaf	GCF_000304655	1
GCF_000304695.fna	leaf	GCF_000304695	6
GCF_000305255.fna	leaf	GCF_000305255	1
GCF_000305315.fna	leaf	GCF_000305315	1
GCF_000308995.fna	leaf	GCF_000308995	76
GCF_000309195.fna	leaf	GCF_000309195	2
GCF_000309275.fna	leaf	GCF_000309275	5
GCF_000314655.fna	leaf	GCF_000314655	2
GCF_000332855.fna	leaf	GCF_000332855	32
GCF_000333715.fna	leaf	GCF_000333715	9
GCF_000333735.fna	leaf	GCF_000333735	19
GCF_000335655.fna	leaf	GCF_000335655	1
GCF_000335675.fna	leaf	GCF_000335675	8
GCF_000342065.fna	leaf	GCF_000342065	11
GCF_000353775.fna	leaf	GCF_000353775	2
GCF_000353795.fna	leaf	GCF_000353795	6
GCF_000353815.fna	leaf	GCF_000353815	1
GCF_000353855.fna	leaf	GCF_000353855	1
GCF_000353895.fna	leaf	GCF_000353895	3
GCF_000353915.fna	leaf	GCF_000353915	4
GCF_000353975.fna	leaf	GCF_000353975	15
GCF_000354015.fna	leaf	GCF_000354015	6
GCF_000354035.fna	leaf	GCF_000354035	1
GCF_000354055.fna	leaf	GCF_000354055	3
GCF_000354075.fna	leaf	GCF_000354075	1
GCF_000354095.fna	leaf	GCF_000354095	4
GCF_000354115.fna	leaf	GCF_000354115	2
GCF_000354135.fna	leaf	GCF_000354135	11
GCF_000354155.fna	leaf	GCF_000354155	1
GCF_000359725.fna	leaf	GCF_000359725	14
GCF_000367885.fna	leaf	GCF_000367885	118
GCF_000368125.fna	leaf	GCF_000368125	798
GCF_000368225.fna	leaf	GCF_000368225	337
GCF_000369325.fna	leaf	GCF_000369325	30
GCF_000369365.fna	leaf	GCF_000369365	6
GCF_000417785.fna	leaf	GCF_000417785	21
GCF_000417805.fna	leaf	GCF_000417805	19
GCF_000419385.fna	leaf	GCF_000419385	86
GCF_000419425.fna	leaf	GCF_000419425	106
GCF_000441955.fna	leaf	GCF_000441955	1
GCF_000453045.fna	leaf	GCF_000453045	8
GCF_000453065.fna	leaf	GCF_000453065	10
GCF_000453085.fna	leaf	GCF_000453085	10
GCF_000453105.fna	leaf	GCF_000453105	2
GCF_000453145.fna	leaf	GCF_000453145	2
GCF_000453185.fna	leaf	GCF_000453185	6
GCF_000453205.fna	leaf	GCF_000453205	8
GCF_000453305.fna	leaf	GCF_000453305	412
GCF_000453325.fna	leaf	GCF_000453325	481
GCF_000453345.fna	leaf	GCF_000453345	2
GCF_000453365.fna	leaf	GCF_000453365	2
GCF_000453425.fna	leaf	GCF_000453425	2
GCF_000453525.fna	leaf	GCF_000453525	5
GCF_000453565.fna	leaf	GCF_000453565	3
GCF_000453585.fna	leaf	GCF_000453585	1839
GCF_000453665.fna	leaf	GCF_000453665	170
GCF_000453705.fna	leaf	GCF_000453705	3
GCF_000453745.fna	leaf	GCF_000453745	455
GCF_000453765.fna	leaf	GCF_000453765	440
GCF_000453805.fna	leaf	GCF_000453805	1
GCF_000453825.fna	leaf	GCF_000453825	1
GCF_000453905.fna	leaf	GCF_000453905	2
GCF_000453925.fna	leaf	GCF_000453925	2
GCF_000453945.fna	leaf	GCF_000453945	2
GCF_000454005.fna	leaf	GCF_000454005	5
GCF_000498375.fna	leaf	GCF_000498375	22
GCF_000513795.fna	leaf	GCF_000513795	121
GCF_000515435.fna	leaf	GCF_000515435	1
GCF_000515455.fna	leaf	GCF_000515455	4
GCF_000515475.fna	leaf	GCF_000515475	16
GCF_000515495.fna	leaf	GCF_000515495	2
GCF_000515515.fna	leaf	GCF_000515515	3
GCF_000515555.fna	leaf	GCF_000515555	2
GCF_000515595.fna	leaf	GCF_000515595	2
GCF_000515615.fna	leaf	GCF_000515615	2
GCF_000515635.fna	leaf	GCF_000515635	3
GCF_000515655.fna	leaf	GCF_000515655	7
GCF_000515675.fna	leaf	GCF_000515675	3
GCF_000515695.fna	leaf	GCF_000515695	2
GCF_000515715.fna	leaf	GCF_000515715	1
GCF_000515735.fna	leaf	GCF_000515735	4
GCF_000515835.fna	leaf	GCF_000515835	23
GCF_000515875.fna	leaf	GCF_000515875	249
GCF_000515895.fna	leaf	GCF_000515895	7
GCF_000515915.fna	leaf	GCF_000515915	3
GCF_000515955.fna	leaf	GCF_000515955	5
GCF_000515975.fna	leaf	GCF_000515975	1
GCF_000515995.fna	leaf	GCF_000515995	58
GCF_000516015.fna	leaf	GCF_000516015	2
GCF_000516035.fna	leaf	GCF_000516035	1
GCF_000516055.fna	leaf	GCF_000516055	2
GCF_000516075.fna	leaf	GCF_000516075	1
GCF_000516175.fna	leaf	GCF_000516175	1
GCF_000516195.fna	leaf	GCF_000516195	14
GCF_000516215.fna	leaf	GCF_000516215	207
GCF_000516235.fna	leaf	GCF_000516235	5
GCF_000516295.fna	leaf	GCF_000516295	4
GCF_000516335.fna	leaf	GCF_000516335	18
GCF_000516355.fna	leaf	GCF_000516355	10
GCF_000516595.fna	leaf	GCF_000516595	6
GCF_000517485.fna	leaf	GCF_000517485	40
GCF_000517505.fna	leaf	GCF_000517505	6
GCF_000576535.fna	leaf	GCF_000576535	4
GCF_000586655.fna	leaf	GCF_000586655	3
GCF_000623035.fna	leaf	GCF_000623035	99
GCF_000692095.fna	leaf	GCF_000692095	21
GCF_000722985.fna	leaf	GCF_000722985	1
GCF_000731975.fna	leaf	GCF_000731975	5
GCF_000734775.fna	leaf	GCF_000734775	1
GCF_000750855.fna	leaf	GCF_000750855	1
GCF_000761465.fna	leaf	GCF_000761465	1
GCF_000763365.fna	leaf	GCF_000763365	6
GCF_000766105.fna	leaf	GCF_000766105	2
GCF_000770865.fna	leaf	GCF_000770865	1
GCF_000770905.fna	leaf	GCF_000770905	440
GCF_000787215.fna	leaf	GCF_000787215	14
GCF_000787225.fna	leaf	GCF_000787225	10
GCF_000787235.fna	leaf	GCF_000787235	11
GCF_000787295.fna	leaf	GCF_000787295	15
GCF_000787355.fna	leaf	GCF_000787355	5
GCF_000794125.fna	leaf	GCF_000794125	5
GCF_000802885.fna	leaf	GCF_000802885	5
GCF_000802895.fna	leaf	GCF_000802895	301
GCF_000804635.fna	leaf	GCF_000804635	8
GCF_000804645.fna	leaf	GCF_000804645	7
GCF_000804655.fna	leaf	GCF_000804655	3
GCF_000804665.fna	leaf	GCF_000804665	1
GCF_000804715.fna	leaf	GCF_000804715	5
GCF_000804725.fna	leaf	GCF_000804725	1
GCF_000804745.fna	leaf	GCF_000804745	2
GCF_000804795.fna	leaf	GCF_000804795	38
GCF_000804805.fna	leaf	GCF_000804805	1
GCF_000804815.fna	leaf	GCF_000804815	2
GCF_000804825.fna	leaf	GCF_000804825	4
GCF_000804875.fna	leaf	GCF_000804875	5
GCF_000804885.fna	leaf	GCF_000804885	10
GCF_000804895.fna	leaf	GCF_000804895	162
GCF_000804905.fna	leaf	GCF_000804905	36
GCF_000804975.fna	leaf	GCF_000804975	11
GCF_000804985.fna	leaf	GCF_000804985	7
GCF_000805035.fna	leaf	GCF_000805035	530
GCF_000805055.fna	leaf	GCF_000805055	4
GCF_000805115.fna	leaf	GCF_000805115	2
GCF_000805125.fna	leaf	GCF_000805125	12
GCF_000805145.fna	leaf	GCF_000805145	1382
GCF_000805195.fna	leaf	GCF_000805195	1388
GCF_000805205.fna	leaf	GCF_000805205	880
GCF_000805225.fna	leaf	GCF_000805225	6
GCF_000805275.fna	leaf	GCF_000805275	3
GCF_000805295.fna	leaf	GCF_000805295	485
GCF_000805305.fna	leaf	GCF_000805305	13
GCF_000805525.fna	leaf	GCF_000805525	4
GCF_000805545.fna	leaf	GCF_000805545	14
GCF_000805595.fna	leaf	GCF_000805595	3
GCF_000808765.fna	leaf	GCF_000808765	63
GCF_000808785.fna	leaf	GCF_000808785	3
GCF_000808865.fna	leaf	GCF_000808865	5
GCF_000808965.fna	leaf	GCF_000808965	1
GCF_000808985.fna	leaf	GCF_000808985	564
GCF_000809065.fna	leaf	GCF_000809065	25
GCF_000809085.fna	leaf	GCF_000809085	378
GCF_000809105.fna	leaf	GCF_000809105	7
GCF_000809205.fna	leaf	GCF_000809205	2
GCF_000809285.fna	leaf	GCF_000809285	12
GCF_000809305.fna	leaf	GCF_000809305	1
GCF_000809325.fna	leaf	GCF_000809325	25
GCF_000809345.fna	leaf	GCF_000809345	5
GCF_000809365.fna	leaf	GCF_000809365	1
GCF_000809385.fna	leaf	GCF_000809385	3
GCF_000809405.fna	leaf	GCF_000809405	4
GCF_000809445.fna	leaf	GCF_000809445	3
GCF_000809465.fna	leaf	GCF_000809465	1
GCF_000809485.fna	leaf	GCF_000809485	6
GCF_000809525.fna	leaf	GCF_000809525	1
GCF_000809545.fna	leaf	GCF_000809545	2
GCF_000809585.fna	leaf	GCF_000809585	1
GCF_000809645.fna	leaf	GCF_000809645	5
GCF_000809685.fna	leaf	GCF_000809685	58
GCF_000809705.fna	leaf	GCF_000809705	12
GCF_000809725.fna	leaf	GCF_000809725	5
GCF_000809745.fna	leaf	GCF_000809745	6
GCF_000809765.fna	leaf	GCF_000809765	3
GCF_000809785.fna	leaf	GCF_000809785	9
GCF_000809885.fna	leaf	GCF_000809885	22
GCF_000809945.fna	leaf	GCF_000809945	60
GCF_000809985.fna	leaf	GCF_000809985	1
GCF_000810045.fna	leaf	GCF_000810045	10
GCF_000810065.fna	leaf	GCF_000810065	9
GCF_000810105.fna	leaf	GCF_000810105	986
GCF_000810125.fna	leaf	GCF_000810125	12
GCF_000810165.fna	leaf	GCF_000810165	1
GCF_000810205.fna	leaf	GCF_000810205	6
GCF_000810245.fna	leaf	GCF_000810245	4
GCF_000810265.fna	leaf	GCF_000810265	57
GCF_000810285.fna	leaf	GCF_000810285	160
GCF_000810305.fna	leaf	GCF_000810305	5
GCF_000810325.fna	leaf	GCF_000810325	242
GCF_000810345.fna	leaf	GCF_000810345	22
GCF_000810365.fna	leaf	GCF_000810365	2
GCF_000810385.fna	leaf	GCF_000810385	2
GCF_000810425.fna	leaf	GCF_000810425	5
GCF_000810445.fna	leaf	GCF_000810445	1
GCF_000810545.fna	leaf	GCF_000810545	2
GCF_000810565.fna	leaf	GCF_000810565	1
GCF_000810585.fna	leaf	GCF_000810585	20
GCF_000810625.fna	leaf	GCF_000810625	4
GCF_000810705.fna	leaf	GCF_000810705	75
GCF_000810775.fna	leaf	GCF_000810775	5
GCF_000810825.fna	leaf	GCF_000810825	3
GCF_000810835.fna	leaf	GCF_000810835	1
GCF_000810875.fna	leaf	GCF_000810875	2
GCF_000810915.fna	leaf	GCF_000810915	51
GCF_000810935.fna	leaf	GCF_000810935	133
GCF_000810945.fna	leaf	GCF_000810945	84
GCF_000810985.fna	leaf	GCF_000810985	16
GCF_000811005.fna	leaf	GCF_000811005	4
GCF_000811015.fna	leaf	GCF_000811015	13
GCF_000811065.fna	leaf	GCF_000811065	3
GCF_000811085.fna	leaf	GCF_000811085	10
GCF_000811105.fna	leaf	GCF_000811105	8
GCF_000811125.fna	leaf	GCF_000811125	796
GCF_000811145.fna	leaf	GCF_000811145	3
GCF_000811165.fna	leaf	GCF_000811165	10
GCF_000811185.fna	leaf	GCF_000811185	1
GCF_000811205.fna	leaf	GCF_000811205	3
GCF_000811225.fna	leaf	GCF_000811225	1
GCF_000811245.fna	leaf	GCF_000811245	4
GCF_000811265.fna	leaf	GCF_000811265	4
GCF_000811285.fna	leaf	GCF_000811285	2
GCF_000811305.fna	leaf	GCF_000811305	3
GCF_000811325.fna	leaf	GCF_000811325	8
GCF_000811345.fna	leaf	GCF_000811345	3
GCF_000811365.fna	leaf	GCF_000811365	3
GCF_000811405.fna	leaf	GCF_000811405	37
GCF_000811505.fna	leaf	GCF_000811505	1
GCF_000811545.fna	leaf	GCF_000811545	1
GCF_000811565.fna	leaf	GCF_000811565	2
GCF_000811605.fna	leaf	GCF_000811605	857
GCF_000811645.fna	leaf	GCF_000811645	756
GCF_000811665.fna	leaf	GCF_000811665	2
GCF_000811685.fna	leaf	GCF_000811685	1
GCF_000811785.fna	leaf	GCF_000811785	4
GCF_000811845.fna	leaf	GCF_000811845	2
GCF_000811945.fna	leaf	GCF_000811945	3
GCF_000828795.fna	leaf	GCF_000828795	525
GCF_000836625.fna	leaf	GCF_000836625	2
GCF_000939475.fna	leaf	GCF_000939475	1
GCF_000939485.fna	leaf	GCF_000939485	15
GCF_000939535.fna	leaf	GCF_000939535	1
GCF_000939565.fna	leaf	GCF_000939565	1
GCF_000939575.fna	leaf	GCF_000939575	2
GCF_000939615.fna	leaf	GCF_000939615	1
GCF_000939635.fna	leaf	GCF_000939635	1
GCF_000949035.fna	leaf	GCF_000949035	1
GCF_000949045.fna	leaf	GCF_000949045	1
GCF_000949055.fna	leaf	GCF_000949055	7
GCF_000949175.fna	leaf	GCF_000949175	57
GCF_000949195.fna	leaf	GCF_000949195	1
GCF_000966495.fna	leaf	GCF_000966495	11
GCF_000966515.fna	leaf	GCF_000966515	881
GCF_000966525.fna	leaf	GCF_000966525	18
GCF_000969285.fna	leaf	GCF_000969285	5
GCF_000969295.fna	leaf	GCF_000969295	2677
GCF_000969365.fna	leaf	GCF_000969365	3
GCF_000981405.fna	leaf	GCF_000981405	522
GCF_001008125.fna	leaf	GCF_001008125	8
GCF_001028265.fna	leaf	GCF_001028265	65
GCF_001028305.fna	leaf	GCF_001028305	6
GCF_001028315.fna	leaf	GCF_001028315	3
GCF_001028325.fna	leaf	GCF_001028325	5
GCF_001028335.fna	leaf	GCF_001028335	5
GCF_001028385.fna	leaf	GCF_001028385	4
GCF_001052015.fna	leaf	GCF_001052015	1
GCF_001052675.fna	leaf	GCF_001052675	1
GCF_001276055.fna	leaf	GCF_001276055	9
GCF_001373535.fna	leaf	GCF_001373535	3
GCF_001373575.fna	leaf	GCF_001373575	3
GCF_001400975.fna	leaf	GCF_001400975	872
GCF_001414645.fna	leaf	GCF_001414645	9
GCF_001414865.fna	leaf	GCF_001414865	923
GCF_001415095.fna	leaf	GCF_001415095	3
GCF_001415255.fna	leaf	GCF_001415255	2
GCF_001415275.fna	leaf	GCF_001415275	20
GCF_001415465.fna	leaf	GCF_001415465	2
GCF_001415535.fna	leaf	GCF_001415535	4
GCF_001415645.fna	leaf	GCF_001415645	10
GCF_001415695.fna	leaf	GCF_001415695	19
GCF_001415715.fna	leaf	GCF_001415715	4
GCF_001415815.fna	leaf	GCF_001415815	4
GCF_001416075.fna	leaf	GCF_001416075	2
GCF_001416095.fna	leaf	GCF_001416095	9
GCF_001416225.fna	leaf	GCF_001416225	4
GCF_001416275.fna	leaf	GCF_001416275	24
GCF_001420505.fna	leaf	GCF_001420505	218
GCF_001420515.fna	leaf	GCF_001420515	15
GCF_001432445.fna	leaf	GCF_001432445	25
GCF_001432755.fna	leaf	GCF_001432755	12
GCF_001433045.fna	leaf	GCF_001433045	7
GCF_001433205.fna	leaf	GCF_001433205	10
GCF_001433355.fna	leaf	GCF_001433355	20
GCF_001433675.fna	leaf	GCF_001433675	923
GCF_001442575.fna	leaf	GCF_001442575	12
GCF_001443265.fna	leaf	GCF_001443265	5
GCF_001444215.fna	leaf	GCF_001444215	4
GCF_001444225.fna	leaf	GCF_001444225	3
GCF_001444255.fna	leaf	GCF_001444255	4
GCF_001444265.fna	leaf	GCF_001444265	3
GCF_001511875.fna	leaf	GCF_001511875	1
GCF_001511895.fna	leaf	GCF_001511895	3
GCF_001511915.fna	leaf	GCF_001511915	1
GCF_001511935.fna	leaf	GCF_001511935	16
GCF_001511975.fna	leaf	GCF_001511975	3
GCF_001511995.fna	leaf	GCF_001511995	2
GCF_001512015.fna	leaf	GCF_001512015	2
GCF_001512055.fna	leaf	GCF_001512055	1
GCF_001512075.fna	leaf	GCF_001512075	1
GCF_001512095.fna	leaf	GCF_001512095	10
GCF_001512135.fna	leaf	GCF_001512135	2
GCF_001512155.fna	leaf	GCF_001512155	2
GCF_001512175.fna	leaf	GCF_001512175	1
GCF_001512195.fna	leaf	GCF_001512195	5
GCF_001512215.fna	leaf	GCF_001512215	2
GCF_001512235.fna	leaf	GCF_001512235	2
GCF_001512255.fna	leaf	GCF_001512255	16
GCF_001514375.fna	leaf	GCF_001514375	15
GCF_001531205.fna	leaf	GCF_001531205	4
GCF_001531455.fna	leaf	GCF_001531455	6
GCF_001541025.fna	leaf	GCF_001541025	8
GCF_001541035.fna	leaf	GCF_001541035	8
GCF_001541045.fna	leaf	GCF_001541045	8
GCF_001541455.fna	leaf	GCF_001541455	2
GCF_001541525.fna	leaf	GCF_001541525	2
GCF_001541685.fna	leaf	GCF_001541685	1
GCF_001541725.fna	leaf	GCF_001541725	2
GCF_001541765.fna	leaf	GCF_001541765	1
GCF_001541795.fna	leaf	GCF_001541795	3
GCF_001543995.fna	leaf	GCF_001543995	24
GCF_001549575.fna	leaf	GCF_001549575	23
GCF_001573065.fna	leaf	GCF_001573065	3
GCF_001573085.fna	leaf	GCF_001573085	3
GCF_001573105.fna	leaf	GCF_001573105	2
GCF_001576615.fna	leaf	GCF_001576615	3
GCF_001612005.fna	leaf	GCF_001612005	2
GCF_001612115.fna	leaf	GCF_001612115	198
GCF_001612155.fna	leaf	GCF_001612155	1
GCF_001612235.fna	leaf	GCF_001612235	922
GCF_001612255.fna	leaf	GCF_001612255	1
GCF_001612285.fna	leaf	GCF_001612285	2
GCF_001612395.fna	leaf	GCF_001612395	2
GCF_001612435.fna	leaf	GCF_001612435	1
GCF_001612455.fna	leaf	GCF_001612455	2
GCF_001617835.fna	leaf	GCF_001617835	1
GCF_001617885.fna	leaf	GCF_001617885	189
GCF_001617895.fna	leaf	GCF_001617895	1
GCF_001617915.fna	leaf	GCF_001617915	1
GCF_001624975.fna	leaf	GCF_001624975	102
GCF_001640065.fna	leaf	GCF_001640065	13
GCF_001640075.fna	leaf	GCF_001640075	3
GCF_001657725.fna	leaf	GCF_001657725	66
GCF_001661665.fna	leaf	GCF_001661665	4
GCF_001664565.fna	leaf	GCF_001664565	4
GCF_001664575.fna	leaf	GCF_001664575	17
GCF_001664585.fna	leaf	GCF_001664585	1
GCF_001664645.fna	leaf	GCF_001664645	1
GCF_001664655.fna	leaf	GCF_001664655	6
GCF_001664665.fna	leaf	GCF_001664665	3
GCF_001664725.fna	leaf	GCF_001664725	1
GCF_001664735.fna	leaf	GCF_001664735	1
GCF_001664805.fna	leaf	GCF_001664805	6
GCF_001664835.fna	leaf	GCF_001664835	1
GCF_001664855.fna	leaf	GCF_001664855	1
GCF_001664885.fna	leaf	GCF_001664885	7
GCF_001664895.fna	leaf	GCF_001664895	14
GCF_001664905.fna	leaf	GCF_001664905	9
GCF_001664975.fna	leaf	GCF_001664975	2
GCF_001664985.fna	leaf	GCF_001664985	5
GCF_001665045.fna	leaf	GCF_001665045	5
GCF_001665055.fna	leaf	GCF_001665055	4
GCF_001665095.fna	leaf	GCF_001665095	1
GCF_001665125.fna	leaf	GCF_001665125	9
GCF_001665155.fna	leaf	GCF_001665155	1
GCF_001665175.fna	leaf	GCF_001665175	12
GCF_001665205.fna	leaf	GCF_001665205	4
GCF_001665215.fna	leaf	GCF_001665215	18
GCF_001665285.fna	leaf	GCF_001665285	36
GCF_001665985.fna	leaf	GCF_001665985	3
GCF_001666075.fna	leaf	GCF_001666075	9
GCF_001666085.fna	leaf	GCF_001666085	1
GCF_001666105.fna	leaf	GCF_001666105	273
GCF_001666145.fna	leaf	GCF_001666145	7
GCF_001666155.fna	leaf	GCF_001666155	1
GCF_001666175.fna	leaf	GCF_001666175	12
GCF_001666195.fna	leaf	GCF_001666195	1
GCF_001666235.fna	leaf	GCF_001666235	4
GCF_001666255.fna	leaf	GCF_001666255	7
GCF_001666305.fna	leaf	GCF_001666305	5
GCF_001666315.fna	leaf	GCF_001666315	3
GCF_001666385.fna	leaf	GCF_001666385	5
GCF_001666395.fna	leaf	GCF_001666395	1
GCF_001666405.fna	leaf	GCF_001666405	2
GCF_001666425.fna	leaf	GCF_001666425	3
GCF_001666465.fna	leaf	GCF_001666465	13
GCF_001666475.fna	leaf	GCF_001666475	19
GCF_001666485.fna	leaf	GCF_001666485	5
GCF_001666515.fna	leaf	GCF_001666515	326
GCF_001666555.fna	leaf	GCF_001666555	10
GCF_001666575.fna	leaf	GCF_001666575	12
GCF_001666625.fna	leaf	GCF_001666625	12
GCF_001666635.fna	leaf	GCF_001666635	3
GCF_001666645.fna	leaf	GCF_001666645	1
GCF_001666665.fna	leaf	GCF_001666665	2
GCF_001666705.fna	leaf	GCF_001666705	1
GCF_001666715.fna	leaf	GCF_001666715	2
GCF_001668445.fna	leaf	GCF_001668445	2
GCF_001668475.fna	leaf	GCF_001668475	4
GCF_001668515.fna	leaf	GCF_001668515	6
GCF_001668535.fna	leaf	GCF_001668535	37
GCF_001668555.fna	leaf	GCF_001668555	1
GCF_001668585.fna	leaf	GCF_001668585	6
GCF_001668645.fna	leaf	GCF_001668645	2
GCF_001668775.fna	leaf	GCF_001668775	5
GCF_001668815.fna	leaf	GCF_001668815	1
GCF_001668835.fna	leaf	GCF_001668835	5
GCF_001668855.fna	leaf	GCF_001668855	3
GCF_001668865.fna	leaf	GCF_001668865	1
GCF_001668915.fna	leaf	GCF_001668915	4
GCF_001668945.fna	leaf	GCF_001668945	3
GCF_001668955.fna	leaf	GCF_001668955	6
GCF_001668995.fna	leaf	GCF_001668995	4
GCF_001669005.fna	leaf	GCF_001669005	2
GCF_001669025.fna	leaf	GCF_001669025	6
GCF_001669035.fna	leaf	GCF_001669035	9
GCF_001669075.fna	leaf	GCF_001669075	11
GCF_001669095.fna	leaf	GCF_001669095	2
GCF_001669145.fna	leaf	GCF_001669145	1
GCF_001669175.fna	leaf	GCF_001669175	3
GCF_001669185.fna	leaf	GCF_001669185	17
GCF_001669195.fna	leaf	GCF_001669195	3
GCF_001669225.fna	leaf	GCF_001669225	28
GCF_001669255.fna	leaf	GCF_001669255	5
GCF_001669305.fna	leaf	GCF_001669305	1
GCF_001669355.fna	leaf	GCF_001669355	8
GCF_001669415.fna	leaf	GCF_001669415	1
GCF_001669435.fna	leaf	GCF_001669435	1
GCF_001669455.fna	leaf	GCF_001669455	2
GCF_001669495.fna	leaf	GCF_001669495	2
GCF_001669505.fna	leaf	GCF_001669505	16
GCF_001669525.fna	leaf	GCF_001669525	1
GCF_001669535.fna	leaf	GCF_001669535	8
GCF_001669575.fna	leaf	GCF_001669575	2
GCF_001669595.fna	leaf	GCF_001669595	13
GCF_001669635.fna	leaf	GCF_001669635	11
GCF_001669645.fna	leaf	GCF_001669645	10
GCF_001669675.fna	leaf	GCF_001669675	8
GCF_001669695.fna	leaf	GCF_001669695	1
GCF_001669705.fna	leaf	GCF_001669705	1
GCF_001669735.fna	leaf	GCF_001669735	2
GCF_001672535.fna	leaf	GCF_001672535	2151
GCF_001673795.fna	leaf	GCF_001673795	9
GCF_001673805.fna	leaf	GCF_001673805	1
GCF_001673815.fna	leaf	GCF_001673815	1
GCF_001673825.fna	leaf	GCF_001673825	6
GCF_001673875.fna	leaf	GCF_001673875	2
GCF_001673895.fna	leaf	GCF_001673895	9
GCF_001673905.fna	leaf	GCF_001673905	17
GCF_001673915.fna	leaf	GCF_001673915	3
GCF_001673955.fna	leaf	GCF_001673955	2
GCF_001673975.fna	leaf	GCF_001673975	4
GCF_001673985.fna	leaf	GCF_001673985	12
GCF_001674015.fna	leaf	GCF_001674015	4
GCF_001674035.fna	leaf	GCF_001674035	23
GCF_001674045.fna	leaf	GCF_001674045	3
GCF_001674075.fna	leaf	GCF_001674075	7
GCF_001674085.fna	leaf	GCF_001674085	24
GCF_001674115.fna	leaf	GCF_001674115	3
GCF_001674135.fna	leaf	GCF_001674135	4
GCF_001674155.fna	leaf	GCF_001674155	21
GCF_001674165.fna	leaf	GCF_001674165	2
GCF_001674215.fna	leaf	GCF_001674215	8
GCF_001674235.fna	leaf	GCF_001674235	4
GCF_001674245.fna	leaf	GCF_001674245	7
GCF_001674255.fna	leaf	GCF_001674255	6
GCF_001674295.fna	leaf	GCF_001674295	5
GCF_001674315.fna	leaf	GCF_001674315	8
GCF_001674325.fna	leaf	GCF_001674325	4
GCF_001674365.fna	leaf	GCF_001674365	7
GCF_001674395.fna	leaf	GCF_001674395	6
GCF_001674415.fna	leaf	GCF_001674415	6
GCF_001674425.fna	leaf	GCF_001674425	1
GCF_001674435.fna	leaf	GCF_001674435	5
GCF_001674485.fna	leaf	GCF_001674485	3
GCF_001674515.fna	leaf	GCF_001674515	4
GCF_001674555.fna	leaf	GCF_001674555	2
GCF_001674575.fna	leaf	GCF_001674575	1
GCF_001674635.fna	leaf	GCF_001674635	3
GCF_001674655.fna	leaf	GCF_001674655	4
GCF_001674705.fna	leaf	GCF_001674705	11
GCF_001674735.fna	leaf	GCF_001674735	33
GCF_001674755.fna	leaf	GCF_001674755	5
GCF_001674805.fna	leaf	GCF_001674805	8
GCF_001674835.fna	leaf	GCF_001674835	23
GCF_001674845.fna	leaf	GCF_001674845	2
GCF_001674865.fna	leaf	GCF_001674865	7
GCF_001674885.fna	leaf	GCF_001674885	6
GCF_001674915.fna	leaf	GCF_001674915	4
GCF_001680215.fna	leaf	GCF_001680215	1
GCF_001680265.fna	leaf	GCF_001680265	1
GCF_001680285.fna	leaf	GCF_001680285	1
GCF_001680305.fna	leaf	GCF_001680305	1
GCF_001700395.fna	leaf	GCF_001700395	1
GCF_001704695.fna	leaf	GCF_001704695	823
GCF_001707985.fna	leaf	GCF_001707985	2
GCF_001708025.fna	leaf	GCF_001708025	9
GCF_001806345.fna	leaf	GCF_001806345	12
GCF_001806365.fna	leaf	GCF_001806365	4
GCF_001806385.fna	leaf	GCF_001806385	3
GCF_001806405.fna	leaf	GCF_001806405	17
GCF_001806465.fna	leaf	GCF_001806465	12
GCF_001806485.fna	leaf	GCF_001806485	65
GCF_001861545.fna	leaf	GCF_001861545	1
GCF_001861615.fna	leaf	GCF_001861615	3
GCF_001861835.fna	leaf	GCF_001861835	1
GCF_001861855.fna	leaf	GCF_001861855	3
GCF_001861865.fna	leaf	GCF_001861865	2
GCF_001862035.fna	leaf	GCF_001862035	4
GCF_001862075.fna	leaf	GCF_001862075	369
GCF_001862105.fna	leaf	GCF_001862105	1
GCF_001862135.fna	leaf	GCF_001862135	1
GCF_001862345.fna	leaf	GCF_001862345	2
GCF_001862455.fna	leaf	GCF_001862455	2
GCF_001862475.fna	leaf	GCF_001862475	2
GCF_001862505.fna	leaf	GCF_001862505	2
GCF_001862715.fna	leaf	GCF_001862715	1
GCF_001862805.fna	leaf	GCF_001862805	1
GCF_001862825.fna	leaf	GCF_001862825	1
GCF_001862895.fna	leaf	GCF_001862895	1
GCF_001862975.fna	leaf	GCF_001862975	1
GCF_001863035.fna	leaf	GCF_001863035	4
GCF_001863065.fna	leaf	GCF_001863065	1
GCF_001863115.fna	leaf	GCF_001863115	2
GCF_001863165.fna	leaf	GCF_001863165	1
GCF_001863205.fna	leaf	GCF_001863205	1
GCF_001863225.fna	leaf	GCF_001863225	4
GCF_001863535.fna	leaf	GCF_001863535	1
GCF_001864015.fna	leaf	GCF_001864015	1
GCF_001864035.fna	leaf	GCF_001864035	7
GCF_001864045.fna	leaf	GCF_001864045	2
GCF_001864285.fna	leaf	GCF_001864285	1
GCF_001864375.fna	leaf	GCF_001864375	1
GCF_001864385.fna	leaf	GCF_001864385	1
GCF_001864565.fna	leaf	GCF_001864565	4
GCF_001864655.fna	leaf	GCF_001864655	1
GCF_001864665.fna	leaf	GCF_001864665	4
GCF_001864675.fna	leaf	GCF_001864675	1
GCF_001864795.fna	leaf	GCF_001864795	4
GCF_001874915.fna	leaf	GCF_001874915	17
GCF_001874945.fna	leaf	GCF_001874945	85
GCF_001887305.fna	leaf	GCF_001887305	14
GCF_001895985.fna	leaf	GCF_001895985	1
GCF_001902375.fna	leaf	GCF_001902375	7
GCF_001907125.fna	leaf	GCF_001907125	2
GCF_001907145.fna	leaf	GCF_001907145	933
GCF_001907155.fna	leaf	GCF_001907155	12
GCF_001909135.fna	leaf	GCF_001909135	5
GCF_001910585.fna	leaf	GCF_001910585	132
GCF_001910605.fna	leaf	GCF_001910605	3
GCF_001922205.fna	leaf	GCF_001922205	2
GCF_001922225.fna	leaf	GCF_001922225	4
GCF_001922245.fna	leaf	GCF_001922245	16
GCF_001939595.fna	leaf	GCF_001939595	5
GCF_001939605.fna	leaf	GCF_001939605	15
GCF_001939665.fna	leaf	GCF_001939665	3
GCF_001949935.fna	leaf	GCF_001949935	1
GCF_001949945.fna	leaf	GCF_001949945	6
GCF_001949955.fna	leaf	GCF_001949955	10
GCF_001949965.fna	leaf	GCF_001949965	9
GCF_001950035.fna	leaf	GCF_001950035	4
GCF_001950065.fna	leaf	GCF_001950065	19
GCF_001950085.fna	leaf	GCF_001950085	14
GCF_001950155.fna	leaf	GCF_001950155	10
GCF_001950165.fna	leaf	GCF_001950165	29
GCF_001950195.fna	leaf	GCF_001950195	5
GCF_001950215.fna	leaf	GCF_001950215	1
GCF_001950265.fna	leaf	GCF_001950265	45
GCF_001950285.fna	leaf	GCF_001950285	21
GCF_001950295.fna	leaf	GCF_001950295	17
GCF_001951035.fna	leaf	GCF_001951035	4
GCF_002014155.fna	leaf	GCF_002014155	535
GCF_002014175.fna	leaf	GCF_002014175	2
GCF_002014235.fna	leaf	GCF_002014235	2
GCF_002014265.fna	leaf	GCF_002014265	2
GCF_002014355.fna	leaf	GCF_002014355	2
GCF_002014405.fna	leaf	GCF_002014405	174
GCF_002014435.fna	leaf	GCF_002014435	1
GCF_002014445.fna	leaf	GCF_002014445	7
GCF_002014475.fna	leaf	GCF_002014475	2
GCF_002016865.fna	leaf	GCF_002016865	1
GCF_002016935.fna	leaf	GCF_002016935	1
GCF_002016955.fna	leaf	GCF_002016955	7
GCF_002017035.fna	leaf	GCF_002017035	9
GCF_002017095.fna	leaf	GCF_002017095	1
GCF_002017125.fna	leaf	GCF_002017125	3
GCF_002017185.fna	leaf	GCF_002017185	14
GCF_002017195.fna	leaf	GCF_002017195	4
GCF_002017205.fna	leaf	GCF_002017205	2
GCF_002017255.fna	leaf	GCF_002017255	3
GCF_002017355.fna	leaf	GCF_002017355	2
GCF_002017395.fna	leaf	GCF_002017395	5
GCF_002017405.fna	leaf	GCF_002017405	2
GCF_002017415.fna	leaf	GCF_002017415	9
GCF_002017425.fna	leaf	GCF_002017425	10
GCF_002017475.fna	leaf	GCF_002017475	1
GCF_002017515.fna	leaf	GCF_002017515	4
GCF_002017525.fna	leaf	GCF_002017525	4
GCF_002017605.fna	leaf	GCF_002017605	1090
GCF_002017615.fna	leaf	GCF_002017615	6
GCF_002017675.fna	leaf	GCF_002017675	8
GCF_002017735.fna	leaf	GCF_002017735	3
GCF_002017765.fna	leaf	GCF_002017765	10
GCF_002028445.fna	leaf	GCF_002028445	13
GCF_002028475.fna	leaf	GCF_002028475	4
GCF_002028485.fna	leaf	GCF_002028485	4
GCF_002072795.fna	leaf	GCF_002072795	13
GCF_002082625.fna	leaf	GCF_002082625	4
GCF_002082645.fna	leaf	GCF_002082645	362
GCF_002082685.fna	leaf	GCF_002082685	3475
GCF_002082705.fna	leaf	GCF_002082705	2
GCF_002082725.fna	leaf	GCF_002082725	145
GCF_002082745.fna	leaf	GCF_002082745	4
GCF_002082825.fna	leaf	GCF_002082825	21
GCF_002082845.fna	leaf	GCF_002082845	2
GCF_002082865.fna	leaf	GCF_002082865	1
GCF_002082885.fna	leaf	GCF_002082885	2
GCF_002085505.fna	leaf	GCF_002085505	511
GCF_002116575.fna	leaf	GCF_002116575	5
GCF_002119285.fna	leaf	GCF_002119285	1
GCF_002119295.fna	leaf	GCF_002119295	1
GCF_002119355.fna	leaf	GCF_002119355	1
GCF_002136705.fna	leaf	GCF_002136705	1
GCF_002136825.fna	leaf	GCF_002136825	2
GCF_002136885.fna	leaf	GCF_002136885	6
GCF_002136935.fna	leaf	GCF_002136935	2
GCF_002137035.fna	leaf	GCF_002137035	2
GCF_002137225.fna	leaf	GCF_002137225	3
GCF_002137345.fna	leaf	GCF_002137345	1
GCF_002137395.fna	leaf	GCF_002137395	5
GCF_002137445.fna	leaf	GCF_002137445	5
GCF_002137475.fna	leaf	GCF_002137475	3
GCF_002137565.fna	leaf	GCF_002137565	1
GCF_002137695.fna	leaf	GCF_002137695	3
GCF_002137715.fna	leaf	GCF_002137715	1
GCF_002137875.fna	leaf	GCF_002137875	2
GCF_002137895.fna	leaf	GCF_002137895	1
GCF_002138035.fna	leaf	GCF_002138035	4
GCF_002138115.fna	leaf	GCF_002138115	1
GCF_002138215.fna	leaf	GCF_002138215	1
GCF_002138295.fna	leaf	GCF_002138295	1
GCF_002138305.fna	leaf	GCF_002138305	1
GCF_002142935.fna	leaf	GCF_002142935	10
GCF_002142955.fna	leaf	GCF_002142955	1
GCF_002143035.fna	leaf	GCF_002143035	3
GCF_002143095.fna	leaf	GCF_002143095	3
GCF_002143235.fna	leaf	GCF_002143235	45
GCF_002143265.fna	leaf	GCF_002143265	5
GCF_002143335.fna	leaf	GCF_002143335	7
GCF_002143405.fna	leaf	GCF_002143405	4
GCF_002143425.fna	leaf	GCF_002143425	1
GCF_002143495.fna	leaf	GCF_002143495	1
GCF_002143555.fna	leaf	GCF_002143555	1
GCF_002143575.fna	leaf	GCF_002143575	8
GCF_002143625.fna	leaf	GCF_002143625	12
GCF_002143675.fna	leaf	GCF_002143675	1
GCF_002143685.fna	leaf	GCF_002143685	2
GCF_002143785.fna	leaf	GCF_002143785	5
GCF_002143835.fna	leaf	GCF_002143835	1
GCF_002143935.fna	leaf	GCF_002143935	1
GCF_002143965.fna	leaf	GCF_002143965	1
GCF_002145035.fna	leaf	GCF_002145035	3
GCF_002145055.fna	leaf	GCF_002145055	9
GCF_002145115.fna	leaf	GCF_002145115	12
GCF_002145195.fna	leaf	GCF_002145195	21
GCF_002148725.fna	leaf	GCF_002148725	13
GCF_002150485.fna	leaf	GCF_002150485	3
GCF_002154155.fna	leaf	GCF_002154155	3
GCF_002154215.fna	leaf	GCF_002154215	2
GCF_002182385.fna	leaf	GCF_002182385	210
GCF_002182445.fna	leaf	GCF_002182445	2
GCF_002182505.fna	leaf	GCF_002182505	3
GCF_002182605.fna	leaf	GCF_002182605	1
GCF_002182625.fna	leaf	GCF_002182625	1
GCF_002182645.fna	leaf	GCF_002182645	8
GCF_002182695.fna	leaf	GCF_002182695	3
GCF_002182725.fna	leaf	GCF_002182725	1
GCF_002182765.fna	leaf	GCF_002182765	13
GCF_002182785.fna	leaf	GCF_002182785	3
GCF_002182795.fna	leaf	GCF_002182795	3
GCF_002182845.fna	leaf	GCF_002182845	3
GCF_002182865.fna	leaf	GCF_002182865	3
GCF_002182895.fna	leaf	GCF_002182895	4
GCF_002182925.fna	leaf	GCF_002182925	5
GCF_002182965.fna	leaf	GCF_002182965	6
GCF_002183025.fna	leaf	GCF_002183025	23
GCF_002183085.fna	leaf	GCF_002183085	3
GCF_002183115.fna	leaf	GCF_002183115	2
GCF_002183165.fna	leaf	GCF_002183165	5
GCF_002183195.fna	leaf	GCF_002183195	96
GCF_002183215.fna	leaf	GCF_002183215	1
GCF_002183245.fna	leaf	GCF_002183245	2
GCF_002183355.fna	leaf	GCF_002183355	9
GCF_002183365.fna	leaf	GCF_002183365	7
GCF_002183435.fna	leaf	GCF_002183435	3
GCF_002183485.fna	leaf	GCF_002183485	11
GCF_002183555.fna	leaf	GCF_002183555	1
GCF_002183595.fna	leaf	GCF_002183595	4
GCF_002183635.fna	leaf	GCF_002183635	1
GCF_002183725.fna	leaf	GCF_002183725	2
GCF_002183785.fna	leaf	GCF_002183785	11
GCF_002183805.fna	leaf	GCF_002183805	4
GCF_002183815.fna	leaf	GCF_002183815	3
GCF_002183845.fna	leaf	GCF_002183845	5
GCF_002183875.fna	leaf	GCF_002183875	1
GCF_002183905.fna	leaf	GCF_002183905	6
GCF_002183945.fna	leaf	GCF_002183945	1
GCF_002183955.fna	leaf	GCF_002183955	1
GCF_002183975.fna	leaf	GCF_002183975	2
GCF_002184285.fna	leaf	GCF_002184285	101
GCF_002184385.fna	leaf	GCF_002184385	2
GCF_002212105.fna	leaf	GCF_002212105	1
GCF_002212115.fna	leaf	GCF_002212115	3
GCF_002212145.fna	leaf	GCF_002212145	1772
GCF_002212155.fna	leaf	GCF_002212155	3
GCF_002212235.fna	leaf	GCF_002212235	2
GCF_002212245.fna	leaf	GCF_002212245	10
GCF_002212285.fna	leaf	GCF_002212285	2
GCF_002212305.fna	leaf	GCF_002212305	12
GCF_002212315.fna	leaf	GCF_002212315	13
GCF_002212325.fna	leaf	GCF_002212325	3
GCF_002212365.fna	leaf	GCF_002212365	5
GCF_002212385.fna	leaf	GCF_002212385	17
GCF_002212405.fna	leaf	GCF_002212405	25
GCF_002212465.fna	leaf	GCF_002212465	9
GCF_002212485.fna	leaf	GCF_002212485	9
GCF_002212525.fna	leaf	GCF_002212525	1
GCF_002212535.fna	leaf	GCF_002212535	10
GCF_002212565.fna	leaf	GCF_002212565	12
GCF_002212605.fna	leaf	GCF_002212605	3
GCF_002212625.fna	leaf	GCF_002212625	2
GCF_002212635.fna	leaf	GCF_002212635	29
GCF_002212645.fna	leaf	GCF_002212645	5
GCF_002237955.fna	leaf	GCF_002237955	1499
GCF_002238075.fna	leaf	GCF_002238075	1
GCF_002239735.fna	leaf	GCF_002239735	1
GCF_002239865.fna	leaf	GCF_002239865	1
GCF_002241095.fna	leaf	GCF_002241095	5
GCF_002245595.fna	leaf	GCF_002245595	29
GCF_002245665.fna	leaf	GCF_002245665	1278
GCF_002249135.fna	leaf	GCF_002249135	2
GCF_002249225.fna	leaf	GCF_002249225	2
GCF_002249255.fna	leaf	GCF_002249255	4
GCF_002249265.fna	leaf	GCF_002249265	2
GCF_002249305.fna	leaf	GCF_002249305	1
GCF_002249365.fna	leaf	GCF_002249365	1
GCF_002249435.fna	leaf	GCF_002249435	18
GCF_002249475.fna	leaf	GCF_002249475	303
GCF_002249545.fna	leaf	GCF_002249545	2
GCF_002249585.fna	leaf	GCF_002249585	1
GCF_002249605.fna	leaf	GCF_002249605	1
GCF_002249655.fna	leaf	GCF_002249655	1
GCF_002261505.fna	leaf	GCF_002261505	5
GCF_002277175.fna	leaf	GCF_002277175	6
GCF_002277185.fna	leaf	GCF_002277185	4
GCF_002277225.fna	leaf	GCF_002277225	1
GCF_002277235.fna	leaf	GCF_002277235	3
GCF_002277315.fna	leaf	GCF_002277315	3
GCF_002277325.fna	leaf	GCF_002277325	3
GCF_002277365.fna	leaf	GCF_002277365	4
GCF_002277385.fna	leaf	GCF_002277385	2
GCF_002277405.fna	leaf	GCF_002277405	4
GCF_002277435.fna	leaf	GCF_002277435	4
GCF_002277485.fna	leaf	GCF_002277485	3
GCF_002277515.fna	leaf	GCF_002277515	3
GCF_002277605.fna	leaf	GCF_002277605	4
GCF_002277655.fna	leaf	GCF_002277655	4
GCF_002277705.fna	leaf	GCF_002277705	3
GCF_002277715.fna	leaf	GCF_002277715	3
GCF_002288625.fna	leaf	GCF_002288625	2
GCF_002416345.fna	leaf	GCF_002416345	1
GCF_002416375.fna	leaf	GCF_002416375	1
GCF_002416435.fna	leaf	GCF_002416435	1
GCF_002416475.fna	leaf	GCF_002416475	1
GCF_002634325.fna	leaf	GCF_002634325	5
GCF_002634345.fna	leaf	GCF_002634345	2
GCF_002724085.fna	leaf	GCF_002724085	33
GCF_002753915.fna	leaf	GCF_002753915	31
GCF_002762095.fna	leaf	GCF_002762095	1
GCF_002762115.fna	leaf	GCF_002762115	2
GCF_002762155.fna	leaf	GCF_002762155	14
GCF_002762495.fna	leaf	GCF_002762495	8
GCF_002762505.fna	leaf	GCF_002762505	1
GCF_002762535.fna	leaf	GCF_002762535	4
GCF_002762545.fna	leaf	GCF_002762545	4
GCF_002803655.fna	leaf	GCF_002803655	1
GCF_002837005.fna	leaf	GCF_002837005	2
GCF_002837955.fna	leaf	GCF_002837955	3
GCF_002837985.fna	leaf	GCF_002837985	1
GCF_002838005.fna	leaf	GCF_002838005	5
GCF_002838015.fna	leaf	GCF_002838015	8
GCF_002838025.fna	leaf	GCF_002838025	2066
GCF_002843665.fna	leaf	GCF_002843665	2
GCF_002863545.fna	leaf	GCF_002863545	9
GCF_002927895.fna	leaf	GCF_002927895	290
GCF_002947415.fna	leaf	GCF_002947415	1
GCF_002948475.fna	leaf	GCF_002948475	3
GCF_002950415.fna	leaf	GCF_002950415	271
GCF_002950425.fna	leaf	GCF_002950425	11
GCF_002950455.fna	leaf	GCF_002950455	2
GCF_002950495.fna	leaf	GCF_002950495	5
GCF_002950515.fna	leaf	GCF_002950515	10
GCF_002950525.fna	leaf	GCF_002950525	4
GCF_002950545.fna	leaf	GCF_002950545	6
GCF_002950595.fna	leaf	GCF_002950595	13
GCF_002950615.fna	leaf	GCF_002950615	14
GCF_002950625.fna	leaf	GCF_002950625	2
GCF_002950655.fna	leaf	GCF_002950655	5
GCF_002950675.fna	leaf	GCF_002950675	15
GCF_002950715.fna	leaf	GCF_002950715	11
GCF_002950725.fna	leaf	GCF_002950725	3
GCF_002950755.fna	leaf	GCF_002950755	9
GCF_002950795.fna	leaf	GCF_002950795	5
GCF_002950815.fna	leaf	GCF_002950815	11
GCF_002950825.fna	leaf	GCF_002950825	2
GCF_002950855.fna	leaf	GCF_002950855	32
GCF_002950895.fna	leaf	GCF_002950895	5
GCF_002950915.fna	leaf	GCF_002950915	14
GCF_002950925.fna	leaf	GCF_002950925	48
GCF_002950975.fna	leaf	GCF_002950975	16
GCF_002950995.fna	leaf	GCF_002950995	3
GCF_002951015.fna	leaf	GCF_002951015	7
GCF_002951055.fna	leaf	GCF_002951055	32
GCF_002951075.fna	leaf	GCF_002951075	9
GCF_002951095.fna	leaf	GCF_002951095	12
GCF_002951135.fna	leaf	GCF_002951135	13
GCF_002951155.fna	leaf	GCF_002951155	9
GCF_002951175.fna	leaf	GCF_002951175	6
GCF_002951215.fna	leaf	GCF_002951215	22
GCF_002951235.fna	leaf	GCF_002951235	12
GCF_002951255.fna	leaf	GCF_002951255	1
GCF_002951275.fna	leaf	GCF_002951275	12
GCF_002951315.fna	leaf	GCF_002951315	10
GCF_002951335.fna	leaf	GCF_002951335	37
GCF_002951345.fna	leaf	GCF_002951345	10
GCF_002951375.fna	leaf	GCF_002951375	26
GCF_002951415.fna	leaf	GCF_002951415	2
GCF_002951435.fna	leaf	GCF_002951435	2
GCF_002992205.fna	leaf	GCF_002992205	193
GCF_002992225.fna	leaf	GCF_002992225	88
GCF_002992235.fna	leaf	GCF_002992235	105
GCF_002992255.fna	leaf	GCF_002992255	151
GCF_002992285.fna	leaf	GCF_002992285	278
GCF_002992305.fna	leaf	GCF_002992305	200
GCF_002992325.fna	leaf	GCF_002992325	66
GCF_002992345.fna	leaf	GCF_002992345	83
GCF_002992365.fna	leaf	GCF_002992365	82
GCF_002992385.fna	leaf	GCF_002992385	153
GCF_002992405.fna	leaf	GCF_002992405	80
GCF_002992425.fna	leaf	GCF_002992425	71
GCF_002992445.fna	leaf	GCF_002992445	98
GCF_002992465.fna	leaf	GCF_002992465	224
GCF_002992485.fna	leaf	GCF_002992485	85
GCF_002992505.fna	leaf	GCF_002992505	79
GCF_002992525.fna	leaf	GCF_002992525	79
GCF_002992545.fna	leaf	GCF_002992545	92
GCF_002992585.fna	leaf	GCF_002992585	78
GCF_002992605.fna	leaf	GCF_002992605	100
GCF_002992665.fna	leaf	GCF_002992665	77
GCF_002992685.fna	leaf	GCF_002992685	287
GCF_002992705.fna	leaf	GCF_002992705	98
GCF_002992715.fna	leaf	GCF_002992715	178
GCF_002992745.fna	leaf	GCF_002992745	95
GCF_002992765.fna	leaf	GCF_002992765	217
GCF_002992775.fna	leaf	GCF_002992775	94
GCF_002992805.fna	leaf	GCF_002992805	128
GCF_002992825.fna	leaf	GCF_002992825	91
GCF_002992845.fna	leaf	GCF_002992845	100
GCF_002992865.fna	leaf	GCF_002992865	144
GCF_002992875.fna	leaf	GCF_002992875	53
GCF_002992905.fna	leaf	GCF_002992905	120
GCF_002996805.fna	leaf	GCF_002996805	1
GCF_002999195.fna	leaf	GCF_002999195	548
GCF_003006875.fna	leaf	GCF_003006875	5
GCF_003006885.fna	leaf	GCF_003006885	8
GCF_003006995.fna	leaf	GCF_003006995	7
GCF_003007015.fna	leaf	GCF_003007015	2
GCF_003007025.fna	leaf	GCF_003007025	3
GCF_003007065.fna	leaf	GCF_003007065	5
GCF_003007115.fna	leaf	GCF_003007115	2
GCF_003007135.fna	leaf	GCF_003007135	5
GCF_003007145.fna	leaf	GCF_003007145	1102
GCF_003007215.fna	leaf	GCF_003007215	2
GCF_003007275.fna	leaf	GCF_003007275	2977
GCF_003007355.fna	leaf	GCF_003007355	2
GCF_003007395.fna	leaf	GCF_003007395	1
GCF_003007455.fna	leaf	GCF_003007455	125
GCF_003007485.fna	leaf	GCF_003007485	2
GCF_003007515.fna	leaf	GCF_003007515	2
GCF_003007535.fna	leaf	GCF_003007535	3
GCF_003007585.fna	leaf	GCF_003007585	16
GCF_003007615.fna	leaf	GCF_003007615	6
GCF_003007635.fna	leaf	GCF_003007635	5
GCF_003007655.fna	leaf	GCF_003007655	8
GCF_003020225.fna	leaf	GCF_003020225	1
GCF_003020265.fna	leaf	GCF_003020265	22
GCF_003020275.fna	leaf	GCF_003020275	6
GCF_003020285.fna	leaf	GCF_003020285	1
GCF_003020325.fna	leaf	GCF_003020325	80
GCF_003020345.fna	leaf	GCF_003020345	15
GCF_003020365.fna	leaf	GCF_003020365	7
GCF_003020385.fna	leaf	GCF_003020385	6
GCF_003020405.fna	leaf	GCF_003020405	5
GCF_003020415.fna	leaf	GCF_003020415	2
GCF_003020445.fna	leaf	GCF_003020445	10
GCF_003020455.fna	leaf	GCF_003020455	1
GCF_003020485.fna	leaf	GCF_003020485	2
GCF_003020505.fna	leaf	GCF_003020505	3
GCF_003020525.fna	leaf	GCF_003020525	11
GCF_003020545.fna	leaf	GCF_003020545	2
GCF_003020565.fna	leaf	GCF_003020565	27
GCF_003020575.fna	leaf	GCF_003020575	22
GCF_003038935.fna	leaf	GCF_003038935	1
GCF_003038965.fna	leaf	GCF_003038965	3
GCF_003039035.fna	leaf	GCF_003039035	2
GCF_003039055.fna	leaf	GCF_003039055	2
GCF_003039115.fna	leaf	GCF_003039115	3
GCF_003039135.fna	leaf	GCF_003039135	2
GCF_003039175.fna	leaf	GCF_003039175	3
GCF_003039195.fna	leaf	GCF_003039195	1
GCF_003039215.fna	leaf	GCF_003039215	2
GCF_003039275.fna	leaf	GCF_003039275	2
GCF_003039295.fna	leaf	GCF_003039295	6
GCF_003039335.fna	leaf	GCF_003039335	3
GCF_003039375.fna	leaf	GCF_003039375	2
GCF_003039395.fna	leaf	GCF_003039395	1
GCF_003052285.fna	leaf	GCF_003052285	11
GCF_003056465.fna	leaf	GCF_003056465	16
GCF_003056475.fna	leaf	GCF_003056475	1
GCF_003056505.fna	leaf	GCF_003056505	1
GCF_003072095.fna	leaf	GCF_003072095	1
GCF_003181015.fna	leaf	GCF_003181015	16
GCF_003183965.fna	leaf	GCF_003183965	6
GCF_003194535.fna	leaf	GCF_003194535	7
GCF_003202135.fna	leaf	GCF_003202135	8
GCF_003264255.fna	leaf	GCF_003264255	3
GCF_003264295.fna	leaf	GCF_003264295	3
GCF_003288775.fna	leaf	GCF_003288775	6
GCF_003325575.fna	leaf	GCF_003325575	5
GCF_003325635.fna	leaf	GCF_003325635	251
GCF_003325665.fna	leaf	GCF_003325665	3
GCF_003332235.fna	leaf	GCF_003332235	1
GCF_003335945.fna	leaf	GCF_003335945	1383
GCF_003335955.fna	leaf	GCF_003335955	6251
GCF_003336005.fna	leaf	GCF_003336005	20
GCF_003336035.fna	leaf	GCF_003336035	198
GCF_003336075.fna	leaf	GCF_003336075	17
GCF_003336085.fna	leaf	GCF_003336085	15
GCF_003336155.fna	leaf	GCF_003336155	33
GCF_003345795.fna	leaf	GCF_003345795	19
GCF_003345805.fna	leaf	GCF_003345805	3
GCF_003345835.fna	leaf	GCF_003345835	84
GCF_003345845.fna	leaf	GCF_003345845	66
GCF_003345855.fna	leaf	GCF_003345855	99
GCF_003345915.fna	leaf	GCF_003345915	49
GCF_003345965.fna	leaf	GCF_003345965	360
GCF_003345995.fna	leaf	GCF_003345995	4
GCF_003346005.fna	leaf	GCF_003346005	30
GCF_003347295.fna	leaf	GCF_003347295	2
GCF_003347325.fna	leaf	GCF_003347325	2
GCF_003347375.fna	leaf	GCF_003347375	157
GCF_003347385.fna	leaf	GCF_003347385	1
GCF_003347395.fna	leaf	GCF_003347395	4
GCF_003347435.fna	leaf	GCF_003347435	5
GCF_003352485.fna	leaf	GCF_003352485	19
GCF_003352495.fna	leaf	GCF_003352495	8
GCF_003352525.fna	leaf	GCF_003352525	647
GCF_003352535.fna	leaf	GCF_003352535	7
GCF_003352595.fna	leaf	GCF_003352595	18
GCF_003352605.fna	leaf	GCF_003352605	303
GCF_003352615.fna	leaf	GCF_003352615	355
GCF_003352665.fna	leaf	GCF_003352665	13
GCF_003352675.fna	leaf	GCF_003352675	1106
GCF_003352685.fna	leaf	GCF_003352685	4
GCF_003352725.fna	leaf	GCF_003352725	10
GCF_003352735.fna	leaf	GCF_003352735	18
GCF_003355585.fna	leaf	GCF_003355585	1
GCF_003355605.fna	leaf	GCF_003355605	1
GCF_003355785.fna	leaf	GCF_003355785	4
GCF_003355795.fna	leaf	GCF_003355795	1
GCF_003355845.fna	leaf	GCF_003355845	1
GCF_003355865.fna	leaf	GCF_003355865	3
GCF_003355875.fna	leaf	GCF_003355875	1
GCF_003355885.fna	leaf	GCF_003355885	2
GCF_003355915.fna	leaf	GCF_003355915	1
GCF_003355965.fna	leaf	GCF_003355965	3
GCF_003356045.fna	leaf	GCF_003356045	2
GCF_003356055.fna	leaf	GCF_003356055	2
GCF_003356085.fna	leaf	GCF_003356085	3
GCF_003356105.fna	leaf	GCF_003356105	3
GCF_003356155.fna	leaf	GCF_003356155	1
GCF_003356265.fna	leaf	GCF_003356265	1
GCF_003356285.fna	leaf	GCF_003356285	1
GCF_003356315.fna	leaf	GCF_003356315	1
GCF_003356425.fna	leaf	GCF_003356425	1
GCF_003356505.fna	leaf	GCF_003356505	1
GCF_003356525.fna	leaf	GCF_003356525	1
GCF_003356565.fna	leaf	GCF_003356565	2
GCF_003356575.fna	leaf	GCF_003356575	17
GCF_003356725.fna	leaf	GCF_003356725	1
GCF_003356745.fna	leaf	GCF_003356745	1
GCF_003356765.fna	leaf	GCF_003356765	2
GCF_003356815.fna	leaf	GCF_003356815	1
GCF_003356925.fna	leaf	GCF_003356925	2
GCF_003356945.fna	leaf	GCF_003356945	4
GCF_003356965.fna	leaf	GCF_003356965	2
GCF_003356975.fna	leaf	GCF_003356975	3
GCF_003357005.fna	leaf	GCF_003357005	1
GCF_003357025.fna	leaf	GCF_003357025	2
GCF_003357035.fna	leaf	GCF_003357035	2
GCF_003357045.fna	leaf	GCF_003357045	1
GCF_003357085.fna	leaf	GCF_003357085	1
GCF_003516005.fna	leaf	GCF_003516005	14
GCF_003522785.fna	leaf	GCF_003522785	79
GCF_003522845.fna	leaf	GCF_003522845	3356
GCF_003522885.fna	leaf	GCF_003522885	1124
GCF_003615305.fna	leaf	GCF_003615305	10
GCF_003627405.fna	leaf	GCF_003627405	11
GCF_003627455.fna	leaf	GCF_003627455	16
GCF_003627465.fna	leaf	GCF_003627465	8
GCF_003627515.fna	leaf	GCF_003627515	4
GCF_003670075.fna	leaf	GCF_003670075	7
GCF_003711855.fna	leaf	GCF_003711855	5
GCF_003711885.fna	leaf	GCF_003711885	13
GCF_003711895.fna	leaf	GCF_003711895	37
GCF_003711945.fna	leaf	GCF_003711945	9
GCF_003711985.fna	leaf	GCF_003711985	11
GCF_003843745.fna	leaf	GCF_003843745	11
GCF_003863935.fna	leaf	GCF_003863935	55
GCF_003931755.fna	leaf	GCF_003931755	2
GCF_003931775.fna	leaf	GCF_003931775	2
GCF_003939465.fna	leaf	GCF_003939465	1
GCF_003939505.fna	leaf	GCF_003939505	2
GCF_003939525.fna	leaf	GCF_003939525	1278
GCF_003939545.fna	leaf	GCF_003939545	1
GCF_003939655.fna	leaf	GCF_003939655	1
GCF_003940075.fna	leaf	GCF_003940075	205
GCF_003940325.fna	leaf	GCF_003940325	13
GCF_003940865.fna	leaf	GCF_003940865	5
GCF_003940915.fna	leaf	GCF_003940915	4
GCF_003941015.fna	leaf	GCF_003941015	1
GCF_003941085.fna	leaf	GCF_003941085	1
GCF_003941185.fna	leaf	GCF_003941185	6
GCF_003941195.fna	leaf	GCF_003941195	1
GCF_003941205.fna	leaf	GCF_003941205	1
GCF_003941245.fna	leaf	GCF_003941245	12
GCF_003941255.fna	leaf	GCF_003941255	1
GCF_003941285.fna	leaf	GCF_003941285	2
GCF_003941315.fna	leaf	GCF_003941315	12
GCF_003941325.fna	leaf	GCF_003941325	2
GCF_003941385.fna	leaf	GCF_003941385	4
GCF_003941405.fna	leaf	GCF_003941405	2
GCF_003941415.fna	leaf	GCF_003941415	2
GCF_003941425.fna	leaf	GCF_003941425	1
GCF_003941485.fna	leaf	GCF_003941485	3
GCF_003941505.fna	leaf	GCF_003941505	27
GCF_003941515.fna	leaf	GCF_003941515	5
GCF_003941545.fna	leaf	GCF_003941545	11
GCF_003941625.fna	leaf	GCF_003941625	3
GCF_003941645.fna	leaf	GCF_003941645	1
GCF_003941685.fna	leaf	GCF_003941685	4
GCF_003941695.fna	leaf	GCF_003941695	16
GCF_003941715.fna	leaf	GCF_003941715	1
GCF_003941735.fna	leaf	GCF_003941735	1
GCF_003941755.fna	leaf	GCF_003941755	3
GCF_003941785.fna	leaf	GCF_003941785	10
GCF_003941795.fna	leaf	GCF_003941795	7
GCF_003941815.fna	leaf	GCF_003941815	6
GCF_003947855.fna	leaf	GCF_003947855	77
GCF_003948145.fna	leaf	GCF_003948145	6
GCF_003948175.fna	leaf	GCF_003948175	1
GCF_003948185.fna	leaf	GCF_003948185	3
GCF_003948225.fna	leaf	GCF_003948225	1
GCF_003948425.fna	leaf	GCF_003948425	13
GCF_003948455.fna	leaf	GCF_003948455	1
GCF_003948465.fna	leaf	GCF_003948465	19
GCF_003948505.fna	leaf	GCF_003948505	1
GCF_003948605.fna	leaf	GCF_003948605	1
GCF_003948645.fna	leaf	GCF_003948645	1
GCF_003948695.fna	leaf	GCF_003948695	3
GCF_003948785.fna	leaf	GCF_003948785	11
GCF_003948795.fna	leaf	GCF_003948795	2
GCF_003948805.fna	leaf	GCF_003948805	1
GCF_003948875.fna	leaf	GCF_003948875	3
GCF_003948885.fna	leaf	GCF_003948885	1
GCF_003948995.fna	leaf	GCF_003948995	17
GCF_003949025.fna	leaf	GCF_003949025	5
GCF_003949075.fna	leaf	GCF_003949075	19
GCF_003949175.fna	leaf	GCF_003949175	15
GCF_003949225.fna	leaf	GCF_003949225	1
GCF_003949275.fna	leaf	GCF_003949275	1
GCF_003949295.fna	leaf	GCF_003949295	13
GCF_003949365.fna	leaf	GCF_003949365	4
GCF_003949425.fna	leaf	GCF_003949425	6
GCF_003949485.fna	leaf	GCF_003949485	15
GCF_003949555.fna	leaf	GCF_003949555	1
GCF_003949575.fna	leaf	GCF_003949575	9
GCF_003949595.fna	leaf	GCF_003949595	1
GCF_003949615.fna	leaf	GCF_003949615	10
GCF_003949635.fna	leaf	GCF_003949635	10
GCF_003949655.fna	leaf	GCF_003949655	1
GCF_003949765.fna	leaf	GCF_003949765	8
GCF_003949935.fna	leaf	GCF_003949935	5
GCF_003953975.fna	leaf	GCF_003953975	36
GCF_003953985.fna	leaf	GCF_003953985	24
GCF_003954005.fna	leaf	GCF_003954005	12
GCF_003954085.fna	leaf	GCF_003954085	4
GCF_003954095.fna	leaf	GCF_003954095	9
GCF_003954105.fna	leaf	GCF_003954105	4
GCF_003954115.fna	leaf	GCF_003954115	6
GCF_003954175.fna	leaf	GCF_003954175	4499
GCF_003954215.fna	leaf	GCF_003954215	28
GCF_003954235.fna	leaf	GCF_003954235	6
GCF_003954275.fna	leaf	GCF_003954275	11
GCF_003954315.fna	leaf	GCF_003954315	4
GCF_003954365.fna	leaf	GCF_003954365	40
GCF_003954415.fna	leaf	GCF_003954415	9
GCF_003954595.fna	leaf	GCF_003954595	397
GCF_003954795.fna	leaf	GCF_003954795	145
GCF_003954845.fna	leaf	GCF_003954845	17
GCF_003954905.fna	leaf	GCF_003954905	2
GCF_003955235.fna	leaf	GCF_003955235	5
GCF_003955385.fna	leaf	GCF_003955385	6
GCF_003955435.fna	leaf	GCF_003955435	3
GCF_003955485.fna	leaf	GCF_003955485	21
GCF_003965825.fna	leaf	GCF_003965825	1
GCF_003984795.fna	leaf	GCF_003984795	4
GCF_004101685.fna	leaf	GCF_004101685	2
GCF_004101705.fna	leaf	GCF_004101705	1
GCF_004101745.fna	leaf	GCF_004101745	1
GCF_004101965.fna	leaf	GCF_004101965	8
GCF_004136355.fna	leaf	GCF_004136355	1586
GCF_004136905.fna	leaf	GCF_004136905	1
GCF_004136925.fna	leaf	GCF_004136925	1
GCF_004152945.fna	leaf	GCF_004152945	1
GCF_004168615.fna	leaf	GCF_004168615	1
GCF_004209675.fna	leaf	GCF_004209675	2
GCF_004209715.fna	leaf	GCF_004209715	457
GCF_004296275.fna	leaf	GCF_004296275	327
GCF_004347305.fna	leaf	GCF_004347305	15
GCF_004357075.fna	leaf	GCF_004357075	5
GCF_004357085.fna	leaf	GCF_004357085	6
GCF_004357095.fna	leaf	GCF_004357095	10
GCF_004357105.fna	leaf	GCF_004357105	89
GCF_004357125.fna	leaf	GCF_004357125	1
GCF_004357175.fna	leaf	GCF_004357175	1
GCF_004357295.fna	leaf	GCF_004357295	2
GCF_004378285.fna	leaf	GCF_004378285	89
GCF_004378525.fna	leaf	GCF_004378525	1
GCF_004378535.fna	leaf	GCF_004378535	1
GCF_004378625.fna	leaf	GCF_004378625	1
GCF_004799205.fna	leaf	GCF_004799205	15
GCF_005280375.fna	leaf	GCF_005280375	11
GCF_005280695.fna	leaf	GCF_005280695	7
GCF_005280715.fna	leaf	GCF_005280715	4
GCF_005671375.fna	leaf	GCF_005671375	3
GCF_005784525.fna	leaf	GCF_005784525	1
GCF_005784575.fna	leaf	GCF_005784575	1
GCF_005784585.fna	leaf	GCF_005784585	4
GCF_005784745.fna	leaf	GCF_005784745	1
GCF_005784755.fna	leaf	GCF_005784755	1
GCF_005784785.fna	leaf	GCF_005784785	3
GCF_005784795.fna	leaf	GCF_005784795	1
GCF_005784835.fna	leaf	GCF_005784835	317
GCF_005784875.fna	leaf	GCF_005784875	3
GCF_005784965.fna	leaf	GCF_005784965	315
GCF_005784985.fna	leaf	GCF_005784985	5
GCF_005785025.fna	leaf	GCF_005785025	315
GCF_005785185.fna	leaf	GCF_005785185	1
GCF_005785305.fna	leaf	GCF_005785305	2
GCF_005785385.fna	leaf	GCF_005785385	5145
GCF_005785415.fna	leaf	GCF_005785415	316
GCF_005785445.fna	leaf	GCF_005785445	316
GCF_005785545.fna	leaf	GCF_005785545	180
GCF_005785555.fna	leaf	GCF_005785555	316
GCF_005785575.fna	leaf	GCF_005785575	317
GCF_005785605.fna	leaf	GCF_005785605	317
GCF_005785665.fna	leaf	GCF_005785665	19777
GCF_005785675.fna	leaf	GCF_005785675	316
GCF_005785695.fna	leaf	GCF_005785695	1
GCF_005785745.fna	leaf	GCF_005785745	2
GCF_005785765.fna	leaf	GCF_005785765	1
GCF_005785775.fna	leaf	GCF_005785775	2
GCF_005785785.fna	leaf	GCF_005785785	185
GCF_005785815.fna	leaf	GCF_005785815	1
GCF_005785845.fna	leaf	GCF_005785845	3
GCF_005785865.fna	leaf	GCF_005785865	180
GCF_005785875.fna	leaf	GCF_005785875	2
GCF_005785885.fna	leaf	GCF_005785885	2
GCF_005785895.fna	leaf	GCF_005785895	1
GCF_005785945.fna	leaf	GCF_005785945	1
GCF_005785965.fna	leaf	GCF_005785965	1
GCF_005785985.fna	leaf	GCF_005785985	317
GCF_005785995.fna	leaf	GCF_005785995	317
GCF_005786005.fna	leaf	GCF_005786005	317
GCF_005786015.fna	leaf	GCF_005786015	316
GCF_005786065.fna	leaf	GCF_005786065	318
GCF_005786205.fna	leaf	GCF_005786205	490
GCF_005786225.fna	leaf	GCF_005786225	1
GCF_005786235.fna	leaf	GCF_005786235	2
GCF_005786285.fna	leaf	GCF_005786285	486
GCF_005786305.fna	leaf	GCF_005786305	486
GCF_005786315.fna	leaf	GCF_005786315	486
GCF_005786335.fna	leaf	GCF_005786335	1
GCF_005786365.fna	leaf	GCF_005786365	487
GCF_005786375.fna	leaf	GCF_005786375	2
GCF_005786405.fna	leaf	GCF_005786405	2
GCF_005786425.fna	leaf	GCF_005786425	2
GCF_005786545.fna	leaf	GCF_005786545	487
GCF_005786585.fna	leaf	GCF_005786585	1
GCF_005786595.fna	leaf	GCF_005786595	487
GCF_005819085.fna	leaf	GCF_005819085	5
GCF_005819095.fna	leaf	GCF_005819095	2
GCF_005819115.fna	leaf	GCF_005819115	1
GCF_005819135.fna	leaf	GCF_005819135	3
GCF_005819175.fna	leaf	GCF_005819175	2324
GCF_005819205.fna	leaf	GCF_005819205	11
GCF_005819215.fna	leaf	GCF_005819215	46
GCF_005819225.fna	leaf	GCF_005819225	159
GCF_005819265.fna	leaf	GCF_005819265	5
GCF_005819305.fna	leaf	GCF_005819305	8
GCF_005819325.fna	leaf	GCF_005819325	7
GCF_005819375.fna	leaf	GCF_005819375	3698
GCF_005819405.fna	leaf	GCF_005819405	3169
GCF_005819415.fna	leaf	GCF_005819415	13
GCF_005819425.fna	leaf	GCF_005819425	153
GCF_005819445.fna	leaf	GCF_005819445	262
GCF_005819505.fna	leaf	GCF_005819505	12
GCF_005819515.fna	leaf	GCF_005819515	16
GCF_005819535.fna	leaf	GCF_005819535	4
GCF_005819545.fna	leaf	GCF_005819545	27
GCF_005819585.fna	leaf	GCF_005819585	1237
GCF_005819595.fna	leaf	GCF_005819595	1
GCF_005819625.fna	leaf	GCF_005819625	3
GCF_005819645.fna	leaf	GCF_005819645	11
GCF_005819705.fna	leaf	GCF_005819705	28
GCF_005819725.fna	leaf	GCF_005819725	328
GCF_005819735.fna	leaf	GCF_005819735	11
GCF_005819755.fna	leaf	GCF_005819755	3
GCF_005819765.fna	leaf	GCF_005819765	2
GCF_005863345.fna	leaf	GCF_005863345	32
GCF_005863355.fna	leaf	GCF_005863355	1
GCF_005863385.fna	leaf	GCF_005863385	28
GCF_005863535.fna	leaf	GCF_005863535	1
GCF_006365365.fna	leaf	GCF_006365365	3
GCF_006365375.fna	leaf	GCF_006365375	1
GCF_006365405.fna	leaf	GCF_006365405	5
GCF_006365465.fna	leaf	GCF_006365465	4
GCF_006365495.fna	leaf	GCF_006365495	2
GCF_006365525.fna	leaf	GCF_006365525	2
GCF_006365555.fna	leaf	GCF_006365555	6
GCF_006365565.fna	leaf	GCF_006365565	2
GCF_006365575.fna	leaf	GCF_006365575	1
GCF_006365635.fna	leaf	GCF_006365635	2
GCF_006365655.fna	leaf	GCF_006365655	3
GCF_006365665.fna	leaf	GCF_006365665	8
GCF_006365675.fna	leaf	GCF_006365675	2
GCF_006365685.fna	leaf	GCF_006365685	1
GCF_006365735.fna	leaf	GCF_006365735	3
GCF_006365745.fna	leaf	GCF_006365745	4
GCF_006365775.fna	leaf	GCF_006365775	1
GCF_006365805.fna	leaf	GCF_006365805	1
GCF_006365835.fna	leaf	GCF_006365835	2
GCF_006365845.fna	leaf	GCF_006365845	3
GCF_006365885.fna	leaf	GCF_006365885	1
GCF_006365895.fna	leaf	GCF_006365895	4
GCF_006365935.fna	leaf	GCF_006365935	4
GCF_006365945.fna	leaf	GCF_006365945	5
GCF_006365955.fna	leaf	GCF_006365955	1
GCF_006365965.fna	leaf	GCF_006365965	3
GCF_006365975.fna	leaf	GCF_006365975	2
GCF_006366035.fna	leaf	GCF_006366035	2
GCF_006366055.fna	leaf	GCF_006366055	1
GCF_006366065.fna	leaf	GCF_006366065	3
GCF_006366085.fna	leaf	GCF_006366085	3
GCF_006366115.fna	leaf	GCF_006366115	2
GCF_006366135.fna	leaf	GCF_006366135	5
GCF_006366155.fna	leaf	GCF_006366155	5
GCF_006366215.fna	leaf	GCF_006366215	1
GCF_006366275.fna	leaf	GCF_006366275	1
GCF_006366285.fna	leaf	GCF_006366285	5
GCF_006366355.fna	leaf	GCF_006366355	1
GCF_006366365.fna	leaf	GCF_006366365	6
GCF_006366385.fna	leaf	GCF_006366385	5
GCF_006366445.fna	leaf	GCF_006366445	6
GCF_006366465.fna	leaf	GCF_006366465	154
GCF_006366475.fna	leaf	GCF_006366475	3
GCF_006366545.fna	leaf	GCF_006366545	1
GCF_006366575.fna	leaf	GCF_006366575	6
GCF_006366585.fna	leaf	GCF_006366585	2
GCF_006366635.fna	leaf	GCF_006366635	1
GCF_006366665.fna	leaf	GCF_006366665	1
GCF_006366745.fna	leaf	GCF_006366745	9
GCF_006366755.fna	leaf	GCF_006366755	2
GCF_006366845.fna	leaf	GCF_006366845	2
GCF_006366875.fna	leaf	GCF_006366875	10
GCF_006366895.fna	leaf	GCF_006366895	1
GCF_006366905.fna	leaf	GCF_006366905	9
GCF_006366925.fna	leaf	GCF_006366925	5
GCF_006366975.fna	leaf	GCF_006366975	6
GCF_006366985.fna	leaf	GCF_006366985	3
GCF_006367015.fna	leaf	GCF_006367015	5
GCF_006367045.fna	leaf	GCF_006367045	104
GCF_006367055.fna	leaf	GCF_006367055	2
GCF_006367085.fna	leaf	GCF_006367085	1
GCF_006367115.fna	leaf	GCF_006367115	4
GCF_006367175.fna	leaf	GCF_006367175	5
GCF_006367195.fna	leaf	GCF_006367195	3
GCF_006367205.fna	leaf	GCF_006367205	2
GCF_006367225.fna	leaf	GCF_006367225	1
GCF_006367245.fna	leaf	GCF_006367245	1
GCF_006367275.fna	leaf	GCF_006367275	1
GCF_006367285.fna	leaf	GCF_006367285	2
GCF_006367295.fna	leaf	GCF_006367295	1
GCF_006367375.fna	leaf	GCF_006367375	4
GCF_006367475.fna	leaf	GCF_006367475	3
GCF_006367485.fna	leaf	GCF_006367485	7
GCF_006367505.fna	leaf	GCF_006367505	2
GCF_006367515.fna	leaf	GCF_006367515	1
GCF_006367535.fna	leaf	GCF_006367535	5
GCF_006367605.fna	leaf	GCF_006367605	5
GCF_006367625.fna	leaf	GCF_006367625	1
GCF_006367675.fna	leaf	GCF_006367675	7
GCF_006367735.fna	leaf	GCF_006367735	4
GCF_006367745.fna	leaf	GCF_006367745	11
GCF_006367795.fna	leaf	GCF_006367795	13
GCF_006367805.fna	leaf	GCF_006367805	26
GCF_006367835.fna	leaf	GCF_006367835	6
GCF_006367845.fna	leaf	GCF_006367845	7
GCF_006367895.fna	leaf	GCF_006367895	7
GCF_006367915.fna	leaf	GCF_006367915	7
GCF_006367965.fna	leaf	GCF_006367965	1
GCF_006367995.fna	leaf	GCF_006367995	12
GCF_006368005.fna	leaf	GCF_006368005	3
GCF_006368025.fna	leaf	GCF_006368025	5
GCF_006368095.fna	leaf	GCF_006368095	4
GCF_006368105.fna	leaf	GCF_006368105	3
GCF_006368125.fna	leaf	GCF_006368125	2
GCF_006368155.fna	leaf	GCF_006368155	2
GCF_006368165.fna	leaf	GCF_006368165	4
GCF_006369735.fna	leaf	GCF_006369735	4
GCF_006369755.fna	leaf	GCF_006369755	39
GCF_006369805.fna	leaf	GCF_006369805	2
GCF_006369835.fna	leaf	GCF_006369835	1795
GCF_006369845.fna	leaf	GCF_006369845	1
GCF_006385075.fna	leaf	GCF_006385075	36
GCF_006491855.fna	leaf	GCF_006491855	1266
GCF_006492055.fna	leaf	GCF_006492055	1
GCF_006492065.fna	leaf	GCF_006492065	159
GCF_006492075.fna	leaf	GCF_006492075	10
GCF_006492085.fna	leaf	GCF_006492085	1
GCF_006492165.fna	leaf	GCF_006492165	854
GCF_006492195.fna	leaf	GCF_006492195	905
GCF_006492245.fna	leaf	GCF_006492245	497
GCF_006492305.fna	leaf	GCF_006492305	1396
GCF_006492385.fna	leaf	GCF_006492385	5
GCF_006492395.fna	leaf	GCF_006492395	8
GCF_006492525.fna	leaf	GCF_006492525	3
GCF_006492585.fna	leaf	GCF_006492585	8
GCF_006492625.fna	leaf	GCF_006492625	20
GCF_006492675.fna	leaf	GCF_006492675	148
GCF_006492735.fna	leaf	GCF_006492735	1
GCF_006493645.fna	leaf	GCF_006493645	4
GCF_006493745.fna	leaf	GCF_006493745	7
GCF_006493815.fna	leaf	GCF_006493815	6
GCF_006493925.fna	leaf	GCF_006493925	2
GCF_006494065.fna	leaf	GCF_006494065	7
GCF_006494155.fna	leaf	GCF_006494155	507
GCF_006494165.fna	leaf	GCF_006494165	85
GCF_006494215.fna	leaf	GCF_006494215	2
GCF_006538225.fna	leaf	GCF_006538225	304
GCF_006937725.fna	leaf	GCF_006937725	2
GCF_007113625.fna	leaf	GCF_007113625	1
GCF_007113635.fna	leaf	GCF_007113635	7
GCF_007113705.fna	leaf	GCF_007113705	14
GCF_007113715.fna	leaf	GCF_007113715	2
GCF_007113785.fna	leaf	GCF_007113785	2
GCF_007113815.fna	leaf	GCF_007113815	7
GCF_007113875.fna	leaf	GCF_007113875	2
GCF_007197865.fna	leaf	GCF_007197865	2
GCF_007647215.fna	leaf	GCF_007647215	2
GCF_007713645.fna	leaf	GCF_007713645	3
GCF_007713655.fna	leaf	GCF_007713655	6
GCF_007999045.fna	leaf	GCF_007999045	2
GCF_007999055.fna	leaf	GCF_007999055	2
GCF_007999075.fna	leaf	GCF_007999075	2
GCF_007999145.fna	leaf	GCF_007999145	2
GCF_007999155.fna	leaf	GCF_007999155	2
GCF_007999165.fna	leaf	GCF_007999165	2
GCF_007999175.fna	leaf	GCF_007999175	2
GCF_007999225.fna	leaf	GCF_007999225	2
GCF_007999255.fna	leaf	GCF_007999255	2
GCF_007999305.fna	leaf	GCF_007999305	2
GCF_007999345.fna	leaf	GCF_007999345	2
GCF_007999365.fna	leaf	GCF_007999365	6
GCF_007999375.fna	leaf	GCF_007999375	4
GCF_007999395.fna	leaf	GCF_007999395	4
GCF_007999405.fna	leaf	GCF_007999405	4
GCF_007999425.fna	leaf	GCF_007999425	4
GCF_007999465.fna	leaf	GCF_007999465	4
GCF_007999485.fna	leaf	GCF_007999485	4
GCF_007999515.fna	leaf	GCF_007999515	4
GCF_007999525.fna	leaf	GCF_007999525	5
GCF_007999585.fna	leaf	GCF_007999585	1099
GCF_007999625.fna	leaf	GCF_007999625	1
GCF_007999645.fna	leaf	GCF_007999645	3
GCF_007999745.fna	leaf	GCF_007999745	1
GCF_007999765.fna	leaf	GCF_007999765	1
GCF_008000065.fna	leaf	GCF_008000065	1
GCF_008000125.fna	leaf	GCF_008000125	2
GCF_008000175.fna	leaf	GCF_008000175	5
GCF_008000235.fna	leaf	GCF_008000235	2
GCF_008000275.fna	leaf	GCF_008000275	2
GCF_008000715.fna	leaf	GCF_008000715	2
GCF_008000725.fna	leaf	GCF_008000725	2
GCF_008033255.fna	leaf	GCF_008033255	1
GCF_008244865.fna	leaf	GCF_008244865	1
GCF_008244905.fna	leaf	GCF_008244905	2
GCF_008629755.fna	leaf	GCF_008629755	316
GCF_008629945.fna	leaf	GCF_008629945	316
GCF_008709565.fna	leaf	GCF_008709565	11
GCF_008726135.fna	leaf	GCF_008726135	2214
GCF_008806435.fna	leaf	GCF_008806435	2475
GCF_008806475.fna	leaf	GCF_008806475	2
GCF_008806495.fna	leaf	GCF_008806495	13
GCF_008806505.fna	leaf	GCF_008806505	5
GCF_008807055.fna	leaf	GCF_008807055	1
GCF_008830795.fna	leaf	GCF_008830795	1
GCF_008830835.fna	leaf	GCF_008830835	4
GCF_008830855.fna	leaf	GCF_008830855	1
GCF_008830905.fna	leaf	GCF_008830905	6
GCF_008830955.fna	leaf	GCF_008830955	3
GCF_008830985.fna	leaf	GCF_008830985	4
GCF_009268055.fna	leaf	GCF_009268055	4100
GCF_009428985.fna	leaf	GCF_009428985	18
GCF_009445405.fna	leaf	GCF_009445405	1013
GCF_009497435.fna	leaf	GCF_009497435	2
GCF_009497505.fna	leaf	GCF_009497505	5
GCF_009497515.fna	leaf	GCF_009497515	106
GCF_009497535.fna	leaf	GCF_009497535	3
GCF_009497615.fna	leaf	GCF_009497615	6
GCF_009498335.fna	leaf	GCF_009498335	5
GCF_009735775.fna	leaf	GCF_009735775	5
GCF_009735875.fna	leaf	GCF_009735875	1
GCF_009735885.fna	leaf	GCF_009735885	9
GCF_009735915.fna	leaf	GCF_009735915	2
GCF_009735965.fna	leaf	GCF_009735965	5
GCF_009735985.fna	leaf	GCF_009735985	20
GCF_009736075.fna	leaf	GCF_009736075	3
GCF_009736095.fna	leaf	GCF_009736095	2
GCF_009736115.fna	leaf	GCF_009736115	7
GCF_009736155.fna	leaf	GCF_009736155	1
GCF_009736185.fna	leaf	GCF_009736185	4
GCF_009736205.fna	leaf	GCF_009736205	1
GCF_009736285.fna	leaf	GCF_009736285	1
GCF_009736305.fna	leaf	GCF_009736305	4
GCF_009736345.fna	leaf	GCF_009736345	6
GCF_009736405.fna	leaf	GCF_009736405	2363
GCF_009736445.fna	leaf	GCF_009736445	4
GCF_009736545.fna	leaf	GCF_009736545	4
GCF_009736565.fna	leaf	GCF_009736565	3
GCF_009736645.fna	leaf	GCF_009736645	4
GCF_009736655.fna	leaf	GCF_009736655	1
GCF_009736665.fna	leaf	GCF_009736665	2
GCF_009736705.fna	leaf	GCF_009736705	1
GCF_009736765.fna	leaf	GCF_009736765	6
GCF_009736805.fna	leaf	GCF_009736805	2
GCF_009736815.fna	leaf	GCF_009736815	2
GCF_009736845.fna	leaf	GCF_009736845	8
GCF_009736865.fna	leaf	GCF_009736865	248
GCF_009736875.fna	leaf	GCF_009736875	1
GCF_009736905.fna	leaf	GCF_009736905	2
GCF_009736925.fna	leaf	GCF_009736925	1182
GCF_009736935.fna	leaf	GCF_009736935	3
GCF_009736965.fna	leaf	GCF_009736965	10
GCF_009736975.fna	leaf	GCF_009736975	3
GCF_009737245.fna	leaf	GCF_009737245	2
GCF_009737325.fna	leaf	GCF_009737325	2
GCF_009737345.fna	leaf	GCF_009737345	141
GCF_009737365.fna	leaf	GCF_009737365	3
GCF_009737375.fna	leaf	GCF_009737375	1
GCF_009737475.fna	leaf	GCF_009737475	2
GCF_009737505.fna	leaf	GCF_009737505	347
GCF_009737525.fna	leaf	GCF_009737525	15
GCF_009737545.fna	leaf	GCF_009737545	7
GCF_009737565.fna	leaf	GCF_009737565	3
GCF_009737575.fna	leaf	GCF_009737575	117
GCF_009737595.fna	leaf	GCF_009737595	382
GCF_009737625.fna	leaf	GCF_009737625	3
GCF_009737635.fna	leaf	GCF_009737635	15
GCF_009737665.fna	leaf	GCF_009737665	10
GCF_009737675.fna	leaf	GCF_009737675	8
GCF_009737685.fna	leaf	GCF_009737685	4
GCF_009737695.fna	leaf	GCF_009737695	1
GCF_009737775.fna	leaf	GCF_009737775	12
GCF_009737785.fna	leaf	GCF_009737785	5
GCF_009737795.fna	leaf	GCF_009737795	33
GCF_009737805.fna	leaf	GCF_009737805	7
GCF_009737865.fna	leaf	GCF_009737865	7
GCF_009737885.fna	leaf	GCF_009737885	17
GCF_009737905.fna	leaf	GCF_009737905	4
GCF_009737915.fna	leaf	GCF_009737915	5
GCF_009737985.fna	leaf	GCF_009737985	4
GCF_009738015.fna	leaf	GCF_009738015	32
GCF_009738065.fna	leaf	GCF_009738065	6
GCF_009753665.fna	leaf	GCF_009753665	242
GCF_009753845.fna	leaf	GCF_009753845	2
GCF_009753855.fna	leaf	GCF_009753855	1
GCF_009753905.fna	leaf	GCF_009753905	4
GCF_009753915.fna	leaf	GCF_009753915	1
GCF_009753925.fna	leaf	GCF_009753925	1
GCF_009753995.fna	leaf	GCF_009753995	2
GCF_009754965.fna	leaf	GCF_009754965	5949
GCF_009758295.fna	leaf	GCF_009758295	1
GCF_009758335.fna	leaf	GCF_009758335	3
GCF_009759905.fna	leaf	GCF_009759905	11
GCF_009759915.fna	leaf	GCF_009759915	187
GCF_009759925.fna	leaf	GCF_009759925	5
GCF_009759935.fna	leaf	GCF_009759935	3
GCF_009759985.fna	leaf	GCF_009759985	2
GCF_009759995.fna	leaf	GCF_009759995	10
GCF_009760005.fna	leaf	GCF_009760005	2
GCF_009760015.fna	leaf	GCF_009760015	3
GCF_009760065.fna	leaf	GCF_009760065	4
GCF_009760075.fna	leaf	GCF_009760075	7
GCF_009760085.fna	leaf	GCF_009760085	2
GCF_009760105.fna	leaf	GCF_009760105	6
GCF_009760165.fna	leaf	GCF_009760165	3
GCF_009760175.fna	leaf	GCF_009760175	5
GCF_009760225.fna	leaf	GCF_009760225	2
GCF_009760235.fna	leaf	GCF_009760235	8
GCF_009760245.fna	leaf	GCF_009760245	9
GCF_009760285.fna	leaf	GCF_009760285	4
GCF_009760305.fna	leaf	GCF_009760305	10
GCF_009760315.fna	leaf	GCF_009760315	5
GCF_009760365.fna	leaf	GCF_009760365	4
GCF_009760455.fna	leaf	GCF_009760455	5
GCF_009760475.fna	leaf	GCF_009760475	1
GCF_009760525.fna	leaf	GCF_009760525	9
GCF_009760535.fna	leaf	GCF_009760535	3
GCF_009760565.fna	leaf	GCF_009760565	2
GCF_009760575.fna	leaf	GCF_009760575	10
GCF_009760645.fna	leaf	GCF_009760645	2
GCF_009829545.fna	leaf	GCF_009829545	106
GCF_009887785.fna	leaf	GCF_009887785	29
GCF_009887905.fna	leaf	GCF_009887905	14
GCF_009901675.fna	leaf	GCF_009901675	224
GCF_009901705.fna	leaf	GCF_009901705	3
GCF_010178615.fna	leaf	GCF_010178615	3
GCF_010178695.fna	leaf	GCF_010178695	1
GCF_010178825.fna	leaf	GCF_010178825	29
GCF_010178915.fna	leaf	GCF_010178915	10209
GCF_010178945.fna	leaf	GCF_010178945	29
GCF_010178955.fna	leaf	GCF_010178955	10
GCF_010178985.fna	leaf	GCF_010178985	541
GCF_010179015.fna	leaf	GCF_010179015	32
GCF_010179055.fna	leaf	GCF_010179055	1
GCF_010179105.fna	leaf	GCF_010179105	3
GCF_010179335.fna	leaf	GCF_010179335	312
GCF_010179385.fna	leaf	GCF_010179385	2
GCF_010179585.fna	leaf	GCF_010179585	1
GCF_010499885.fna	leaf	GCF_010499885	1
GCF_010500075.fna	leaf	GCF_010500075	1
GCF_010500125.fna	leaf	GCF_010500125	28
GCF_010500185.fna	leaf	GCF_010500185	1
GCF_010500335.fna	leaf	GCF_010500335	1
GCF_010500355.fna	leaf	GCF_010500355	1
GCF_010500435.fna	leaf	GCF_010500435	1
GCF_010500485.fna	leaf	GCF_010500485	3
GCF_010500515.fna	leaf	GCF_010500515	397
GCF_010587005.fna	leaf	GCF_010587005	340
GCF_010587545.fna	leaf	GCF_010587545	3
GCF_010587575.fna	leaf	GCF_010587575	7
GCF_010604785.fna	leaf	GCF_010604785	12
GCF_010604795.fna	leaf	GCF_010604795	14
GCF_010604915.fna	leaf	GCF_010604915	2
GCF_010605285.fna	leaf	GCF_010605285	10
GCF_010607685.fna	leaf	GCF_010607685	5
GCF_010608825.fna	leaf	GCF_010608825	35
GCF_010608885.fna	leaf	GCF_010608885	21
GCF_010609075.fna	leaf	GCF_010609075	21
GCF_011601445.fna	leaf	GCF_011601445	1
GCF_011601525.fna	leaf	GCF_011601525	1
GCF_011601555.fna	leaf	GCF_011601555	4
GCF_011601575.fna	leaf	GCF_011601575	4
GCF_011601585.fna	leaf	GCF_011601585	1
GCF_011601645.fna	leaf	GCF_011601645	1
GCF_011601695.fna	leaf	GCF_011601695	1
GCF_011601765.fna	leaf	GCF_011601765	1
GCF_011601785.fna	leaf	GCF_011601785	1
GCF_011601935.fna	leaf	GCF_011601935	1
GCF_011601985.fna	leaf	GCF_011601985	1
GCF_011602055.fna	leaf	GCF_011602055	1
GCF_011602095.fna	leaf	GCF_011602095	4
GCF_011602125.fna	leaf	GCF_011602125	4
GCF_011602145.fna	leaf	GCF_011602145	2
GCF_011602205.fna	leaf	GCF_011602205	2
GCF_011602225.fna	leaf	GCF_011602225	1
GCF_011602285.fna	leaf	GCF_011602285	2
GCF_011602405.fna	leaf	GCF_011602405	1
GCF_011602625.fna	leaf	GCF_011602625	1
GCF_011602645.fna	leaf	GCF_011602645	28
GCF_011602655.fna	leaf	GCF_011602655	1
GCF_011602675.fna	leaf	GCF_011602675	2
GCF_011602745.fna	leaf	GCF_011602745	29
GCF_011603345.fna	leaf	GCF_011603345	4
GCF_011603355.fna	leaf	GCF_011603355	4
GCF_011603405.fna	leaf	GCF_011603405	1
GCF_011603475.fna	leaf	GCF_011603475	4
GCF_011603635.fna	leaf	GCF_011603635	1
GCF_011603645.fna	leaf	GCF_011603645	1
GCF_011603705.fna	leaf	GCF_011603705	23
GCF_011603725.fna	leaf	GCF_011603725	56
GCF_011603735.fna	leaf	GCF_011603735	28
GCF_011603775.fna	leaf	GCF_011603775	2
GCF_011603845.fna	leaf	GCF_011603845	1
GCF_011683275.fna	leaf	GCF_011683275	2
GCF_011683355.fna	leaf	GCF_011683355	1
GCF_011683425.fna	leaf	GCF_011683425	8
GCF_011683565.fna	leaf	GCF_011683565	1
GCF_011683665.fna	leaf	GCF_011683665	1
GCF_012272715.fna	leaf	GCF_012272715	3
GCF_012272755.fna	leaf	GCF_012272755	1
GCF_012272795.fna	leaf	GCF_012272795	1
GCF_012276735.fna	leaf	GCF_012276735	583
GCF_012934925.fna	leaf	GCF_012934925	3
GCF_012935045.fna	leaf	GCF_012935045	397
GCF_012935165.fna	leaf	GCF_012935165	1
GCF_012974845.fna	leaf	GCF_012974845	9
GCF_013138415.fna	leaf	GCF_013138415	2
GCF_013138435.fna	leaf	GCF_013138435	13
GCF_013138475.fna	leaf	GCF_013138475	1
GCF_013140275.fna	leaf	GCF_013140275	2
GCF_013140295.fna	leaf	GCF_013140295	3
GCF_013140305.fna	leaf	GCF_013140305	3
GCF_013140315.fna	leaf	GCF_013140315	4
GCF_013154985.fna	leaf	GCF_013154985	4
GCF_013185135.fna	leaf	GCF_013185135	3
GCF_013185155.fna	leaf	GCF_013185155	11
GCF_013185245.fna	leaf	GCF_013185245	12
GCF_013185265.fna	leaf	GCF_013185265	11
GCF_013305465.fna	leaf	GCF_013305465	1
GCF_013346525.fna	leaf	GCF_013346525	261
GCF_013346545.fna	leaf	GCF_013346545	25
GCF_013346675.fna	leaf	GCF_013346675	4
GCF_013375255.fna	leaf	GCF_013375255	21
GCF_013376855.fna	leaf	GCF_013376855	2
GCF_013618775.fna	leaf	GCF_013618775	1
GCF_013778405.fna	leaf	GCF_013778405	5
GCF_014267385.fna	leaf	GCF_014267385	9
GCF_014334855.fna	leaf	GCF_014334855	7
GCF_014334865.fna	leaf	GCF_014334865	1
GCF_014334965.fna	leaf	GCF_014334965	8
GCF_014530685.fna	leaf	GCF_014530685	1
GCF_014530695.fna	leaf	GCF_014530695	12
GCF_014530735.fna	leaf	GCF_014530735	3306
GCF_014530785.fna	leaf	GCF_014530785	1
GCF_014530805.fna	leaf	GCF_014530805	1
GCF_014530825.fna	leaf	GCF_014530825	418
GCF_014530885.fna	leaf	GCF_014530885	2
GCF_014530895.fna	leaf	GCF_014530895	44
GCF_014530925.fna	leaf	GCF_014530925	1
GCF_014530935.fna	leaf	GCF_014530935	3
GCF_014530985.fna	leaf	GCF_014530985	16
GCF_014531025.fna	leaf	GCF_014531025	36
GCF_014531085.fna	leaf	GCF_014531085	1
GCF_014531315.fna	leaf	GCF_014531315	9
GCF_014531335.fna	leaf	GCF_014531335	20
GCF_014531395.fna	leaf	GCF_014531395	26
GCF_014531415.fna	leaf	GCF_014531415	49
GCF_014531465.fna	leaf	GCF_014531465	1
GCF_014531535.fna	leaf	GCF_014531535	24
GCF_014531545.fna	leaf	GCF_014531545	30
GCF_014531565.fna	leaf	GCF_014531565	4
GCF_014531585.fna	leaf	GCF_014531585	3
GCF_014531635.fna	leaf	GCF_014531635	1
GCF_014531645.fna	leaf	GCF_014531645	18
GCF_014531655.fna	leaf	GCF_014531655	370
GCF_014531695.fna	leaf	GCF_014531695	36
GCF_014531745.fna	leaf	GCF_014531745	2
GCF_014559925.fna	leaf	GCF_014559925	2
GCF_014559955.fna	leaf	GCF_014559955	1
GCF_014560045.fna	leaf	GCF_014560045	13
GCF_014560065.fna	leaf	GCF_014560065	5
GCF_014560155.fna	leaf	GCF_014560155	9
GCF_014560205.fna	leaf	GCF_014560205	9
GCF_014560245.fna	leaf	GCF_014560245	14
GCF_014560275.fna	leaf	GCF_014560275	3
GCF_014560295.fna	leaf	GCF_014560295	224
GCF_014560315.fna	leaf	GCF_014560315	3
GCF_014560375.fna	leaf	GCF_014560375	14
GCF_014560395.fna	leaf	GCF_014560395	4
GCF_014560405.fna	leaf	GCF_014560405	1
GCF_014560425.fna	leaf	GCF_014560425	2
GCF_014560495.fna	leaf	GCF_014560495	5
GCF_014560515.fna	leaf	GCF_014560515	5
GCF_014560575.fna	leaf	GCF_014560575	5
GCF_014560615.fna	leaf	GCF_014560615	7
GCF_014560655.fna	leaf	GCF_014560655	5
GCF_014560685.fna	leaf	GCF_014560685	255
GCF_014560835.fna	leaf	GCF_014560835	10
GCF_014560855.fna	leaf	GCF_014560855	2
GCF_014560865.fna	leaf	GCF_014560865	9
GCF_014560895.fna	leaf	GCF_014560895	1
GCF_014560935.fna	leaf	GCF_014560935	1
GCF_014560955.fna	leaf	GCF_014560955	1
GCF_014560965.fna	leaf	GCF_014560965	1
GCF_014561145.fna	leaf	GCF_014561145	5
GCF_014561175.fna	leaf	GCF_014561175	4
GCF_014596675.fna	leaf	GCF_014596675	65
GCF_014705785.fna	leaf	GCF_014705785	1
GCF_014880195.fna	leaf	GCF_014880195	9
GCF_014880345.fna	leaf	GCF_014880345	1
GCF_014880365.fna	leaf	GCF_014880365	2
GCF_014880415.fna	leaf	GCF_014880415	2
GCF_014880435.fna	leaf	GCF_014880435	5
GCF_014880445.fna	leaf	GCF_014880445	4
GCF_014880465.fna	leaf	GCF_014880465	2
GCF_014880475.fna	leaf	GCF_014880475	5
GCF_014880525.fna	leaf	GCF_014880525	20
GCF_014880555.fna	leaf	GCF_014880555	43
GCF_014880565.fna	leaf	GCF_014880565	10
GCF_014880595.fna	leaf	GCF_014880595	1
GCF_014880605.fna	leaf	GCF_014880605	7
GCF_014880635.fna	leaf	GCF_014880635	4
GCF_014880665.fna	leaf	GCF_014880665	6
GCF_014880675.fna	leaf	GCF_014880675	3
GCF_014880745.fna	leaf	GCF_014880745	14
GCF_014880755.fna	leaf	GCF_014880755	4
GCF_014880785.fna	leaf	GCF_014880785	1
GCF_014880815.fna	leaf	GCF_014880815	1
GCF_014880835.fna	leaf	GCF_014880835	15
GCF_014880845.fna	leaf	GCF_014880845	238
GCF_014880855.fna	leaf	GCF_014880855	7
GCF_014880915.fna	leaf	GCF_014880915	5
GCF_014880955.fna	leaf	GCF_014880955	5
GCF_014880975.fna	leaf	GCF_014880975	11
GCF_014881035.fna	leaf	GCF_014881035	5
GCF_014881045.fna	leaf	GCF_014881045	5
GCF_014881055.fna	leaf	GCF_014881055	19
GCF_014881085.fna	leaf	GCF_014881085	11
GCF_014881155.fna	leaf	GCF_014881155	4
GCF_014881195.fna	leaf	GCF_014881195	1100
GCF_014881295.fna	leaf	GCF_014881295	37
GCF_014881305.fna	leaf	GCF_014881305	1
GCF_014881315.fna	leaf	GCF_014881315	2
GCF_014881325.fna	leaf	GCF_014881325	1
GCF_014881395.fna	leaf	GCF_014881395	2
GCF_014881415.fna	leaf	GCF_014881415	3
GCF_014881495.fna	leaf	GCF_014881495	4
GCF_014881545.fna	leaf	GCF_014881545	1
GCF_014881575.fna	leaf	GCF_014881575	1
GCF_014881895.fna	leaf	GCF_014881895	6
GCF_014881905.fna	leaf	GCF_014881905	12
GCF_014881935.fna	leaf	GCF_014881935	2
GCF_014881945.fna	leaf	GCF_014881945	5
GCF_014881975.fna	leaf	GCF_014881975	1
GCF_014881985.fna	leaf	GCF_014881985	7
GCF_014882015.fna	leaf	GCF_014882015	14
GCF_014882035.fna	leaf	GCF_014882035	1
GCF_014882095.fna	leaf	GCF_014882095	71
GCF_014882125.fna	leaf	GCF_014882125	14
GCF_014882135.fna	leaf	GCF_014882135	28
GCF_014882145.fna	leaf	GCF_014882145	3
GCF_014882215.fna	leaf	GCF_014882215	4
GCF_014882235.fna	leaf	GCF_014882235	4
GCF_014882245.fna	leaf	GCF_014882245	1
GCF_014882285.fna	leaf	GCF_014882285	8
GCF_014882295.fna	leaf	GCF_014882295	2
GCF_014882325.fna	leaf	GCF_014882325	1
GCF_014882365.fna	leaf	GCF_014882365	2
GCF_014882395.fna	leaf	GCF_014882395	6
GCF_014882455.fna	leaf	GCF_014882455	1
GCF_014882475.fna	leaf	GCF_014882475	4
GCF_014882485.fna	leaf	GCF_014882485	4
GCF_014882515.fna	leaf	GCF_014882515	3
GCF_014882605.fna	leaf	GCF_014882605	1
GCF_014882625.fna	leaf	GCF_014882625	3
GCF_014882655.fna	leaf	GCF_014882655	20
GCF_014882685.fna	leaf	GCF_014882685	19
GCF_014882765.fna	leaf	GCF_014882765	2
GCF_014882795.fna	leaf	GCF_014882795	18
GCF_014882805.fna	leaf	GCF_014882805	213
GCF_014882835.fna	leaf	GCF_014882835	2
GCF_014882855.fna	leaf	GCF_014882855	6
GCF_014882865.fna	leaf	GCF_014882865	44
GCF_014882875.fna	leaf	GCF_014882875	1
GCF_014882895.fna	leaf	GCF_014882895	8
GCF_014882925.fna	leaf	GCF_014882925	1
GCF_014882955.fna	leaf	GCF_014882955	16
GCF_014882965.fna	leaf	GCF_014882965	1
GCF_014882975.fna	leaf	GCF_014882975	14
GCF_014882995.fna	leaf	GCF_014882995	1
GCF_014883045.fna	leaf	GCF_014883045	1
GCF_014883075.fna	leaf	GCF_014883075	7
GCF_014883115.fna	leaf	GCF_014883115	1
GCF_014883155.fna	leaf	GCF_014883155	15
GCF_014889435.fna	leaf	GCF_014889435	1
GCF_014889445.fna	leaf	GCF_014889445	3
GCF_014893575.fna	leaf	GCF_014893575	43
GCF_014893595.fna	leaf	GCF_014893595	108
GCF_014893605.fna	leaf	GCF_014893605	1
GCF_014893695.fna	leaf	GCF_014893695	67
GCF_014893705.fna	leaf	GCF_014893705	6
GCF_014893725.fna	leaf	GCF_014893725	137
GCF_014893765.fna	leaf	GCF_014893765	5
GCF_014947135.fna	leaf	GCF_014947135	1
GCF_014947185.fna	leaf	GCF_014947185	1
GCF_015265745.fna	leaf	GCF_015265745	10
GCF_015356155.fna	leaf	GCF_015356155	2
GCF_015356165.fna	leaf	GCF_015356165	8
GCF_015536975.fna	leaf	GCF_015536975	2
GCF_015537225.fna	leaf	GCF_015537225	571
GCF_015537285.fna	leaf	GCF_015537285	165
GCF_015537445.fna	leaf	GCF_015537445	319
GCF_015537505.fna	leaf	GCF_015537505	4
GCF_015537575.fna	leaf	GCF_015537575	94
GCF_015537675.fna	leaf	GCF_015537675	3
GCF_015537755.fna	leaf	GCF_015537755	16
GCF_015537865.fna	leaf	GCF_015537865	8
GCF_015537905.fna	leaf	GCF_015537905	5
GCF_015537915.fna	leaf	GCF_015537915	23
GCF_015537945.fna	leaf	GCF_015537945	262
GCF_015537965.fna	leaf	GCF_015537965	3
GCF_015537975.fna	leaf	GCF_015537975	6
GCF_015538055.fna	leaf	GCF_015538055	1
GCF_015538125.fna	leaf	GCF_015538125	553
GCF_015538235.fna	leaf	GCF_015538235	673
GCF_015538275.fna	leaf	GCF_015538275	5
GCF_015538335.fna	leaf	GCF_015538335	1
GCF_015627265.fna	leaf	GCF_015627265	2
GCF_015627285.fna	leaf	GCF_015627285	2
GCF_015627295.fna	leaf	GCF_015627295	5
GCF_015627365.fna	leaf	GCF_015627365	1
GCF_015627385.fna	leaf	GCF_015627385	1
GCF_015666515.fna	leaf	GCF_015666515	9
GCF_015694245.fna	leaf	GCF_015694245	170
GCF_015694505.fna	leaf	GCF_015694505	14
GCF_015694555.fna	leaf	GCF_015694555	289
GCF_015694565.fna	leaf	GCF_015694565	5
GCF_015694645.fna	leaf	GCF_015694645	5
GCF_015694655.fna	leaf	GCF_015694655	3
GCF_015694675.fna	leaf	GCF_015694675	5
GCF_015708195.fna	leaf	GCF_015708195	31
GCF_015732435.fna	leaf	GCF_015732435	4
GCF_015870765.fna	leaf	GCF_015870765	1
GCF_015870965.fna	leaf	GCF_015870965	3
GCF_016055715.fna	leaf	GCF_016055715	1666
GCF_016055945.fna	leaf	GCF_016055945	1267
GCF_016056005.fna	leaf	GCF_016056005	25
GCF_016056125.fna	leaf	GCF_016056125	16
GCF_016350065.fna	leaf	GCF_016350065	2
GCF_016350085.fna	leaf	GCF_016350085	2
GCF_016350105.fna	leaf	GCF_016350105	2
GCF_016416045.fna	leaf	GCF_016416045	23
GCF_016506055.fna	leaf	GCF_016506055	2
GCF_016506215.fna	leaf	GCF_016506215	6
GCF_016506225.fna	leaf	GCF_016506225	8
GCF_016506335.fna	leaf	GCF_016506335	9
GCF_016506425.fna	leaf	GCF_016506425	2
GCF_016506435.fna	leaf	GCF_016506435	19
GCF_016506545.fna	leaf	GCF_016506545	3
GCF_016506605.fna	leaf	GCF_016506605	4
GCF_016506655.fna	leaf	GCF_016506655	3
GCF_016506725.fna	leaf	GCF_016506725	1
GCF_016506795.fna	leaf	GCF_016506795	9
GCF_016506855.fna	leaf	GCF_016506855	52
GCF_016506875.fna	leaf	GCF_016506875	1
GCF_016506925.fna	leaf	GCF_016506925	23
GCF_016506945.fna	leaf	GCF_016506945	4
GCF_016506955.fna	leaf	GCF_016506955	2
GCF_016507015.fna	leaf	GCF_016507015	1
GCF_016507055.fna	leaf	GCF_016507055	4
GCF_016508295.fna	leaf	GCF_016508295	4
GCF_016654155.fna	leaf	GCF_016654155	2
GCF_016654225.fna	leaf	GCF_016654225	1
GCF_016654305.fna	leaf	GCF_016654305	5
GCF_016654335.fna	leaf	GCF_016654335	419
GCF_016654375.fna	leaf	GCF_016654375	7
GCF_016745455.fna	leaf	GCF_016745455	8
GCF_016745575.fna	leaf	GCF_016745575	1
GCF_016745625.fna	leaf	GCF_016745625	2
GCF_016745695.fna	leaf	GCF_016745695	2
GCF_016745715.fna	leaf	GCF_016745715	6
GCF_016745805.fna	leaf	GCF_016745805	1
GCF_016746055.fna	leaf	GCF_016746055	2
GCF_016762855.fna	leaf	GCF_016762855	1
GCF_016767955.fna	leaf	GCF_016767955	1
GCF_016888585.fna	leaf	GCF_016888585	6
GCF_016901075.fna	leaf	GCF_016901075	12
GCF_016901145.fna	leaf	GCF_016901145	5
GCF_016903135.fna	leaf	GCF_016903135	3
GCF_017096325.fna	leaf	GCF_017096325	3
GCF_017096345.fna	leaf	GCF_017096345	19
GCF_017096365.fna	leaf	GCF_017096365	6
GCF_017096385.fna	leaf	GCF_017096385	8
GCF_017096405.fna	leaf	GCF_017096405	7
GCF_017096425.fna	leaf	GCF_017096425	17
GCF_017098185.fna	leaf	GCF_017098185	8
GCF_017098205.fna	leaf	GCF_017098205	8
GCF_017098225.fna	leaf	GCF_017098225	20
GCF_017098245.fna	leaf	GCF_017098245	6
GCF_017098265.fna	leaf	GCF_017098265	8
GCF_017168635.fna	leaf	GCF_017168635	1
GCF_017168645.fna	leaf	GCF_017168645	5
GCF_017168795.fna	leaf	GCF_017168795	1
GCF_017168885.fna	leaf	GCF_017168885	15
GCF_017168955.fna	leaf	GCF_017168955	1
GCF_017168975.fna	leaf	GCF_017168975	1
GCF_017169025.fna	leaf	GCF_017169025	1
GCF_017169085.fna	leaf	GCF_017169085	15
GCF_017169105.fna	leaf	GCF_017169105	7261
GCF_017169155.fna	leaf	GCF_017169155	100
GCF_017169175.fna	leaf	GCF_017169175	3
GCF_017169275.fna	leaf	GCF_017169275	2
GCF_017169355.fna	leaf	GCF_017169355	1
GCF_017169375.fna	leaf	GCF_017169375	15
GCF_017169465.fna	leaf	GCF_017169465	1
GCF_017349005.fna	leaf	GCF_017349005	1
GCF_017349095.fna	leaf	GCF_017349095	2
GCF_017349135.fna	leaf	GCF_017349135	1
GCF_017349195.fna	leaf	GCF_017349195	1
GCF_017349215.fna	leaf	GCF_017349215	3
GCF_017582285.fna	leaf	GCF_017582285	217
GCF_017584105.fna	leaf	GCF_017584105	176
GCF_017599545.fna	leaf	GCF_017599545	1
GCF_017599585.fna	leaf	GCF_017599585	9
GCF_017599605.fna	leaf	GCF_017599605	1
GCF_017599645.fna	leaf	GCF_017599645	4
GCF_017599725.fna	leaf	GCF_017599725	4
GCF_017599745.fna	leaf	GCF_017599745	4
GCF_017599785.fna	leaf	GCF_017599785	4
GCF_017599845.fna	leaf	GCF_017599845	4
GCF_017599885.fna	leaf	GCF_017599885	4
GCF_017599925.fna	leaf	GCF_017599925	1
GCF_017599935.fna	leaf	GCF_017599935	2
GCF_017599965.fna	leaf	GCF_017599965	4
GCF_017599985.fna	leaf	GCF_017599985	4
GCF_017600015.fna	leaf	GCF_017600015	388
GCF_017600025.fna	leaf	GCF_017600025	4
GCF_017600205.fna	leaf	GCF_017600205	2
GCF_017600325.fna	leaf	GCF_017600325	1
GCF_017600385.fna	leaf	GCF_017600385	4
GCF_017600405.fna	leaf	GCF_017600405	4
GCF_017600445.fna	leaf	GCF_017600445	18
GCF_017600465.fna	leaf	GCF_017600465	1
GCF_017600495.fna	leaf	GCF_017600495	1
GCF_017600535.fna	leaf	GCF_017600535	62
GCF_017600775.fna	leaf	GCF_017600775	1
GCF_017600925.fna	leaf	GCF_017600925	1
GCF_017600945.fna	leaf	GCF_017600945	1
GCF_017600995.fna	leaf	GCF_017600995	6
GCF_017601045.fna	leaf	GCF_017601045	1
GCF_017838085.fna	leaf	GCF_017838085	7
GCF_017897325.fna	leaf	GCF_017897325	1
GCF_017897365.fna	leaf	GCF_017897365	1
GCF_017897385.fna	leaf	GCF_017897385	2
GCF_017897505.fna	leaf	GCF_017897505	2
GCF_017897645.fna	leaf	GCF_017897645	5
GCF_017897655.fna	leaf	GCF_017897655	9
GCF_017897685.fna	leaf	GCF_017897685	8
GCF_017897725.fna	leaf	GCF_017897725	7
GCF_017897745.fna	leaf	GCF_017897745	5
GCF_017897755.fna	leaf	GCF_017897755	4
GCF_017965745.fna	leaf	GCF_017965745	11
GCF_017965785.fna	leaf	GCF_017965785	21
GCF_018069945.fna	leaf	GCF_018069945	1
GCF_018069965.fna	leaf	GCF_018069965	7
GCF_018105895.fna	leaf	GCF_018105895	5
GCF_018105925.fna	leaf	GCF_018105925	161
GCF_018105945.fna	leaf	GCF_018105945	2
GCF_018105985.fna	leaf	GCF_018105985	17
GCF_018106015.fna	leaf	GCF_018106015	8
GCF_018106035.fna	leaf	GCF_018106035	7
GCF_018106095.fna	leaf	GCF_018106095	9
GCF_018106125.fna	leaf	GCF_018106125	11
GCF_018156665.fna	leaf	GCF_018156665	2
GCF_018156725.fna	leaf	GCF_018156725	1
GCF_018221375.fna	leaf	GCF_018221375	9
GCF_018361305.fna	leaf	GCF_018361305	1
GCF_018420825.fna	leaf	GCF_018420825	667
GCF_018422255.fna	leaf	GCF_018422255	1
GCF_018422325.fna	leaf	GCF_018422325	4
GCF_018422645.fna	leaf	GCF_018422645	94
GCF_018422715.fna	leaf	GCF_018422715	1
GCF_018422795.fna	leaf	GCF_018422795	4
GCF_018422875.fna	leaf	GCF_018422875	9
GCF_018422895.fna	leaf	GCF_018422895	5
GCF_018423275.fna	leaf	GCF_018423275	17
GCF_018423485.fna	leaf	GCF_018423485	277
GCF_018440955.fna	leaf	GCF_018440955	9
GCF_018441985.fna	leaf	GCF_018441985	4
GCF_018442105.fna	leaf	GCF_018442105	5
GCF_018442385.fna	leaf	GCF_018442385	80
GCF_018442465.fna	leaf	GCF_018442465	10
GCF_018443085.fna	leaf	GCF_018443085	3076
GCF_018443095.fna	leaf	GCF_018443095	14
GCF_018443735.fna	leaf	GCF_018443735	9
GCF_018444145.fna	leaf	GCF_018444145	4
GCF_018444235.fna	leaf	GCF_018444235	10
GCF_018444525.fna	leaf	GCF_018444525	1
GCF_018444555.fna	leaf	GCF_018444555	10
GCF_018445045.fna	leaf	GCF_018445045	22
GCF_018445075.fna	leaf	GCF_018445075	5
GCF_018445085.fna	leaf	GCF_018445085	9
GCF_018445145.fna	leaf	GCF_018445145	1
GCF_018445185.fna	leaf	GCF_018445185	413
GCF_018445265.fna	leaf	GCF_018445265	3
GCF_018445315.fna	leaf	GCF_018445315	32
GCF_018445345.fna	leaf	GCF_018445345	3
GCF_018445375.fna	leaf	GCF_018445375	1
GCF_018445625.fna	leaf	GCF_018445625	634
GCF_018446635.fna	leaf	GCF_018446635	7
GCF_018447265.fna	leaf	GCF_018447265	766
GCF_018454385.fna	leaf	GCF_018454385	19
GCF_018499935.fna	leaf	GCF_018499935	16
GCF_018502545.fna	leaf	GCF_018502545	83
GCF_018604365.fna	leaf	GCF_018604365	1
GCF_018788655.fna	leaf	GCF_018788655	1
GCF_018788695.fna	leaf	GCF_018788695	7804
GCF_018788705.fna	leaf	GCF_018788705	45
GCF_018788735.fna	leaf	GCF_018788735	9
GCF_018788755.fna	leaf	GCF_018788755	4
GCF_018788795.fna	leaf	GCF_018788795	12
GCF_018788815.fna	leaf	GCF_018788815	108
GCF_018788835.fna	leaf	GCF_018788835	7
GCF_018788905.fna	leaf	GCF_018788905	48
GCF_018789045.fna	leaf	GCF_018789045	2
GCF_018789075.fna	leaf	GCF_018789075	19
GCF_018789085.fna	leaf	GCF_018789085	1
GCF_018789135.fna	leaf	GCF_018789135	19
GCF_018789185.fna	leaf	GCF_018789185	21
GCF_018789235.fna	leaf	GCF_018789235	4
GCF_018789275.fna	leaf	GCF_018789275	631
GCF_018789295.fna	leaf	GCF_018789295	2
GCF_018789335.fna	leaf	GCF_018789335	1746
GCF_018789355.fna	leaf	GCF_018789355	397
GCF_018789395.fna	leaf	GCF_018789395	38
GCF_018789415.fna	leaf	GCF_018789415	4
GCF_018789435.fna	leaf	GCF_018789435	6
GCF_018789505.fna	leaf	GCF_018789505	4
GCF_018789525.fna	leaf	GCF_018789525	8581
GCF_018789555.fna	leaf	GCF_018789555	11
GCF_018789575.fna	leaf	GCF_018789575	8
GCF_018789595.fna	leaf	GCF_018789595	3
GCF_018789615.fna	leaf	GCF_018789615	1
GCF_018789635.fna	leaf	GCF_018789635	4
GCF_018789655.fna	leaf	GCF_018789655	16
GCF_018791845.fna	leaf	GCF_018791845	44
GCF_018831465.fna	leaf	GCF_018831465	25
GCF_018831485.fna	leaf	GCF_018831485	68
GCF_018928075.fna	leaf	GCF_018928075	2
GCF_018928095.fna	leaf	GCF_018928095	7
GCF_018928105.fna	leaf	GCF_018928105	6
GCF_018928135.fna	leaf	GCF_018928135	8
GCF_018928145.fna	leaf	GCF_018928145	753
GCF_018928175.fna	leaf	GCF_018928175	1
GCF_018928195.fna	leaf	GCF_018928195	1
GCF_018928215.fna	leaf	GCF_018928215	7
GCF_018986615.fna	leaf	GCF_018986615	22
GCF_018986625.fna	leaf	GCF_018986625	4
GCF_019188895.fna	leaf	GCF_019188895	16
GCF_019188935.fna	leaf	GCF_019188935	22
GCF_019188995.fna	leaf	GCF_019188995	6
GCF_019189035.fna	leaf	GCF_019189035	142
GCF_019189095.fna	leaf	GCF_019189095	377
GCF_019189125.fna	leaf	GCF_019189125	13
GCF_019189225.fna	leaf	GCF_019189225	38
GCF_019323795.fna	leaf	GCF_019323795	1
GCF_019323855.fna	leaf	GCF_019323855	5
GCF_019336635.fna	leaf	GCF_019336635	1
GCF_019336715.fna	leaf	GCF_019336715	1
GCF_019336745.fna	leaf	GCF_019336745	1
GCF_019336785.fna	leaf	GCF_019336785	1
GCF_019336805.fna	leaf	GCF_019336805	1
GCF_019352215.fna	leaf	GCF_019352215	1
GCF_019352225.fna	leaf	GCF_019352225	1
GCF_019352235.fna	leaf	GCF_019352235	2
GCF_019352275.fna	leaf	GCF_019352275	2
GCF_019352295.fna	leaf	GCF_019352295	2
GCF_019352335.fna	leaf	GCF_019352335	1
GCF_019352375.fna	leaf	GCF_019352375	2
GCF_019352395.fna	leaf	GCF_019352395	1
GCF_019352455.fna	leaf	GCF_019352455	1
GCF_019352475.fna	leaf	GCF_019352475	3
GCF_019356075.fna	leaf	GCF_019356075	6
GCF_019356095.fna	leaf	GCF_019356095	1
GCF_019428805.fna	leaf	GCF_019428805	2
GCF_019457735.fna	leaf	GCF_019457735	3
GCF_019458485.fna	leaf	GCF_019458485	3
GCF_019800385.fna	leaf	GCF_019800385	2
GCF_019800435.fna	leaf	GCF_019800435	688
GCF_019846375.fna	leaf	GCF_019846375	15
GCF_019891055.fna	leaf	GCF_019891055	532
GCF_019891065.fna	leaf	GCF_019891065	102
GCF_019891085.fna	leaf	GCF_019891085	55
GCF_019891095.fna	leaf	GCF_019891095	1372
GCF_019903215.fna	leaf	GCF_019903215	3
GCF_019919945.fna	leaf	GCF_019919945	1
GCF_019919955.fna	leaf	GCF_019919955	4
GCF_019920045.fna	leaf	GCF_019920045	1
GCF_019920065.fna	leaf	GCF_019920065	3
GCF_019920075.fna	leaf	GCF_019920075	2
GCF_019920095.fna	leaf	GCF_019920095	20
GCF_019920125.fna	leaf	GCF_019920125	5
GCF_019920345.fna	leaf	GCF_019920345	1
GCF_019920355.fna	leaf	GCF_019920355	5
GCF_019920585.fna	leaf	GCF_019920585	3
GCF_019920595.fna	leaf	GCF_019920595	1
GCF_019920625.fna	leaf	GCF_019920625	7
GCF_019920705.fna	leaf	GCF_019920705	6
GCF_019920715.fna	leaf	GCF_019920715	2
GCF_019920745.fna	leaf	GCF_019920745	129
GCF_019920765.fna	leaf	GCF_019920765	1
GCF_019920855.fna	leaf	GCF_019920855	1
GCF_019920985.fna	leaf	GCF_019920985	1
GCF_019921005.fna	leaf	GCF_019921005	2
GCF_019921035.fna	leaf	GCF_019921035	1
GCF_019968965.fna	leaf	GCF_019968965	16
GCF_019968975.fna	leaf	GCF_019968975	1385
GCF_019969015.fna	leaf	GCF_019969015	7
GCF_019969035.fna	leaf	GCF_019969035	4
GCF_019969055.fna	leaf	GCF_019969055	7
GCF_019969095.fna	leaf	GCF_019969095	29
GCF_020251125.fna	leaf	GCF_020251125	3
GCF_020251225.fna	leaf	GCF_020251225	3
GCF_020251285.fna	leaf	GCF_020251285	8
GCF_020251305.fna	leaf	GCF_020251305	136
GCF_020251345.fna	leaf	GCF_020251345	6
GCF_020251365.fna	leaf	GCF_020251365	2
GCF_020254445.fna	leaf	GCF_020254445	42
GCF_020254485.fna	leaf	GCF_020254485	10
GCF_020254495.fna	leaf	GCF_020254495	338
GCF_020254525.fna	leaf	GCF_020254525	3183
GCF_020254535.fna	leaf	GCF_020254535	17
GCF_020254545.fna	leaf	GCF_020254545	190
GCF_020254585.fna	leaf	GCF_020254585	6
GCF_020254595.fna	leaf	GCF_020254595	2
GCF_020254635.fna	leaf	GCF_020254635	26
GCF_020254655.fna	leaf	GCF_020254655	678
GCF_020254725.fna	leaf	GCF_020254725	93
GCF_020254775.fna	leaf	GCF_020254775	1
GCF_020254825.fna	leaf	GCF_020254825	30
GCF_020254845.fna	leaf	GCF_020254845	7
GCF_020254865.fna	leaf	GCF_020254865	10
GCF_020254875.fna	leaf	GCF_020254875	317
GCF_020254905.fna	leaf	GCF_020254905	3
GCF_020254925.fna	leaf	GCF_020254925	25
GCF_020254965.fna	leaf	GCF_020254965	18
GCF_020254985.fna	leaf	GCF_020254985	32
GCF_020255005.fna	leaf	GCF_020255005	849
GCF_020255025.fna	leaf	GCF_020255025	389
GCF_020255045.fna	leaf	GCF_020255045	31
GCF_020255105.fna	leaf	GCF_020255105	1
GCF_020255125.fna	leaf	GCF_020255125	264
GCF_020255155.fna	leaf	GCF_020255155	2
GCF_020255185.fna	leaf	GCF_020255185	1088
GCF_020255205.fna	leaf	GCF_020255205	15
GCF_020255225.fna	leaf	GCF_020255225	310
GCF_020255245.fna	leaf	GCF_020255245	2
GCF_020255255.fna	leaf	GCF_020255255	21
GCF_020255285.fna	leaf	GCF_020255285	4
GCF_020255325.fna	leaf	GCF_020255325	1
GCF_020255365.fna	leaf	GCF_020255365	2
GCF_020255385.fna	leaf	GCF_020255385	4
GCF_020255405.fna	leaf	GCF_020255405	158
GCF_020255485.fna	leaf	GCF_020255485	12
GCF_020255725.fna	leaf	GCF_020255725	2
GCF_020255795.fna	leaf	GCF_020255795	662
GCF_020255865.fna	leaf	GCF_020255865	8
GCF_020255885.fna	leaf	GCF_020255885	9
GCF_020255905.fna	leaf	GCF_020255905	2
GCF_020255945.fna	leaf	GCF_020255945	6
GCF_020255965.fna	leaf	GCF_020255965	17
GCF_020256015.fna	leaf	GCF_020256015	172
GCF_020256075.fna	leaf	GCF_020256075	9
GCF_020443755.fna	leaf	GCF_020443755	35
GCF_900010325.fna	leaf	GCF_900010325	19
GCF_900019965.fna	leaf	GCF_900019965	5
GCF_900019975.fna	leaf	GCF_900019975	3
GCF_900029365.fna	leaf	GCF_900029365	3
GCF_900031715.fna	leaf	GCF_900031715	36
GCF_900042755.fna	leaf	GCF_900042755	2
GCF_900043985.fna	leaf	GCF_900043985	2
GCF_900043995.fna	leaf	GCF_900043995	1
GCF_900067075.fna	leaf	GCF_900067075	4
GCF_900117405.fna	leaf	GCF_900117405	5
GCF_900117485.fna	leaf	GCF_900117485	5
GCF_900117525.fna	leaf	GCF_900117525	2
GCF_900117535.fna	leaf	GCF_900117535	7
GCF_900117545.fna	leaf	GCF_900117545	1
GCF_900117555.fna	leaf	GCF_900117555	4
GCF_900117575.fna	leaf	GCF_900117575	3
GCF_900117605.fna	leaf	GCF_900117605	1
GCF_900117615.fna	leaf	GCF_900117615	2
GCF_900117635.fna	leaf	GCF_900117635	1
GCF_900117675.fna	leaf	GCF_900117675	1
GCF_900117685.fna	leaf	GCF_900117685	1
GCF_900117695.fna	leaf	GCF_900117695	3
GCF_900117735.fna	leaf	GCF_900117735	4
GCF_900117745.fna	leaf	GCF_900117745	6
GCF_900117755.fna	leaf	GCF_900117755	4
GCF_900117795.fna	leaf	GCF_900117795	4
GCF_900117845.fna	leaf	GCF_900117845	1
GCF_900117855.fna	leaf	GCF_900117855	1
GCF_900117875.fna	leaf	GCF_900117875	10
GCF_900117885.fna	leaf	GCF_900117885	1
GCF_900117905.fna	leaf	GCF_900117905	9
GCF_900117935.fna	leaf	GCF_900117935	1
GCF_900117955.fna	leaf	GCF_900117955	5
GCF_900117965.fna	leaf	GCF_900117965	1051
GCF_900118015.fna	leaf	GCF_900118015	5
GCF_900118045.fna	leaf	GCF_900118045	1
GCF_900118075.fna	leaf	GCF_900118075	4878
GCF_900118095.fna	leaf	GCF_900118095	1
GCF_900118145.fna	leaf	GCF_900118145	1
GCF_900118155.fna	leaf	GCF_900118155	1
GCF_900119395.fna	leaf	GCF_900119395	2
GCF_900157405.fna	leaf	GCF_900157405	13
GCF_900176715.fna	leaf	GCF_900176715	5
GCF_900406685.fna	leaf	GCF_900406685	26
GCF_900406715.fna	leaf	GCF_900406715	14
GCF_900406745.fna	leaf	GCF_900406745	6
GCF_900406755.fna	leaf	GCF_900406755	4
GCF_900406765.fna	leaf	GCF_900406765	6
GCF_900444715.fna	leaf	GCF_900444715	2
GCF_900444735.fna	leaf	GCF_900444735	10
GCF_900444765.fna	leaf	GCF_900444765	8
GCF_900444785.fna	leaf	GCF_900444785	5
GCF_900444795.fna	leaf	GCF_900444795	1
GCF_900476555.fna	leaf	GCF_900476555	2
GCF_900476565.fna	leaf	GCF_900476565	4
GCF_900476585.fna	leaf	GCF_900476585	3
GCF_900476595.fna	leaf	GCF_900476595	2
GCF_900476615.fna	leaf	GCF_900476615	4
GCF_900476635.fna	leaf	GCF_900476635	1
GCF_900476645.fna	leaf	GCF_900476645	1
GCF_900476655.fna	leaf	GCF_900476655	18
GCF_900476685.fna	leaf	GCF_900476685	1
GCF_900476695.fna	leaf	GCF_900476695	1
GCF_900476715.fna	leaf	GCF_900476715	1
GCF_900476725.fna	leaf	GCF_900476725	1
GCF_900476745.fna	leaf	GCF_900476745	11
GCF_900476755.fna	leaf	GCF_900476755	1
GCF_900476765.fna	leaf	GCF_900476765	1
GCF_900476775.fna	leaf	GCF_900476775	1
GCF_900476785.fna	leaf	GCF_900476785	9
GCF_900476795.fna	leaf	GCF_900476795	1
GCF_900476805.fna	leaf	GCF_900476805	1
GCF_900476815.fna	leaf	GCF_900476815	2
GCF_900476835.fna	leaf	GCF_900476835	9
GCF_900476855.fna	leaf	GCF_900476855	8
GCF_900476865.fna	leaf	GCF_900476865	3
GCF_900476875.fna	leaf	GCF_900476875	2
GCF_900476885.fna	leaf	GCF_900476885	1
GCF_900476895.fna	leaf	GCF_900476895	5
GCF_900476905.fna	leaf	GCF_900476905	3
GCF_900476915.fna	leaf	GCF_900476915	4
GCF_900476925.fna	leaf	GCF_900476925	1
GCF_900476935.fna	leaf	GCF_900476935	1
GCF_900476945.fna	leaf	GCF_900476945	3
GCF_900476955.fna	leaf	GCF_900476955	3
GCF_900476965.fna	leaf	GCF_900476965	15
GCF_900476975.fna	leaf	GCF_900476975	5
GCF_900476985.fna	leaf	GCF_900476985	1
GCF_900477005.fna	leaf	GCF_900477005	1
GCF_900477015.fna	leaf	GCF_900477015	3
GCF_900477025.fna	leaf	GCF_900477025	1
GCF_900477035.fna	leaf	GCF_900477035	1
GCF_900477045.fna	leaf	GCF_900477045	6
GCF_900477055.fna	leaf	GCF_900477055	7
GCF_900477065.fna	leaf	GCF_900477065	1
GCF_900477075.fna	leaf	GCF_900477075	2
GCF_900477085.fna	leaf	GCF_900477085	7
GCF_900477105.fna	leaf	GCF_900477105	1
GCF_900477115.fna	leaf	GCF_900477115	3
GCF_900477125.fna	leaf	GCF_900477125	14
GCF_900477135.fna	leaf	GCF_900477135	1
GCF_900477145.fna	leaf	GCF_900477145	1
GCF_900477155.fna	leaf	GCF_900477155	1
GCF_900477165.fna	leaf	GCF_900477165	1
GCF_900477175.fna	leaf	GCF_900477175	2
GCF_900477185.fna	leaf	GCF_900477185	1
GCF_900477195.fna	leaf	GCF_900477195	1
GCF_900477275.fna	leaf	GCF_900477275	2
GCF_900477285.fna	leaf	GCF_900477285	1
GCF_900477295.fna	leaf	GCF_900477295	2
GCF_900477305.fna	leaf	GCF_900477305	7
GCF_900477315.fna	leaf	GCF_900477315	2
GCF_900477325.fna	leaf	GCF_900477325	1
GCF_900477335.fna	leaf	GCF_900477335	1
GCF_900477345.fna	leaf	GCF_900477345	2
GCF_900477385.fna	leaf	GCF_900477385	8
GCF_900477405.fna	leaf	GCF_900477405	12
GCF_900477415.fna	leaf	GCF_900477415	1
GCF_900477425.fna	leaf	GCF_900477425	4
GCF_900477435.fna	leaf	GCF_900477435	1
GCF_900477445.fna	leaf	GCF_900477445	2
GCF_900477455.fna	leaf	GCF_900477455	3
GCF_900477465.fna	leaf	GCF_900477465	2
GCF_900477475.fna	leaf	GCF_900477475	4
GCF_900477485.fna	leaf	GCF_900477485	1
GCF_900477495.fna	leaf	GCF_900477495	2
GCF_900477515.fna	leaf	GCF_900477515	1
GCF_900477525.fna	leaf	GCF_900477525	4
GCF_900477535.fna	leaf	GCF_900477535	2
GCF_900477555.fna	leaf	GCF_900477555	1
GCF_900477565.fna	leaf	GCF_900477565	1
GCF_900477575.fna	leaf	GCF_900477575	3
GCF_900477585.fna	leaf	GCF_900477585	3
GCF_900477595.fna	leaf	GCF_900477595	14
GCF_900477605.fna	leaf	GCF_900477605	4
GCF_900477625.fna	leaf	GCF_900477625	7
GCF_900477645.fna	leaf	GCF_900477645	2
GCF_900477655.fna	leaf	GCF_900477655	1
GCF_900477675.fna	leaf	GCF_900477675	1
GCF_900477685.fna	leaf	GCF_900477685	3
GCF_900477695.fna	leaf	GCF_900477695	3
GCF_900477715.fna	leaf	GCF_900477715	3
GCF_900477745.fna	leaf	GCF_900477745	1
GCF_900477755.fna	leaf	GCF_900477755	1
GCF_900477765.fna	leaf	GCF_900477765	1
GCF_900477825.fna	leaf	GCF_900477825	1
GCF_900477845.fna	leaf	GCF_900477845	4
GCF_900477855.fna	leaf	GCF_900477855	4
GCF_900477935.fna	leaf	GCF_900477935	1
GCF_900477965.fna	leaf	GCF_900477965	1
GCF_900478005.fna	leaf	GCF_900478005	5
GCF_900478055.fna	leaf	GCF_900478055	6
GCF_900478075.fna	leaf	GCF_900478075	1
GCF_900478145.fna	leaf	GCF_900478145	5
GCF_900489505.fna	leaf	GCF_900489505	2
GCF_900490075.fna	leaf	GCF_900490075	1
GCF_900490085.fna	leaf	GCF_900490085	1
GCF_900490095.fna	leaf	GCF_900490095	7
GCF_900490105.fna	leaf	GCF_900490105	6
GCF_900493395.fna	leaf	GCF_900493395	17
GCF_900493565.fna	leaf	GCF_900493565	4
GCF_900494405.fna	leaf	GCF_900494405	4
GCF_900494415.fna	leaf	GCF_900494415	2
GCF_900494425.fna	leaf	GCF_900494425	4
GCF_900494515.fna	leaf	GCF_900494515	1
GCF_900494645.fna	leaf	GCF_900494645	2
GCF_900494695.fna	leaf	GCF_900494695	9
GCF_900494765.fna	leaf	GCF_900494765	1
GCF_900494825.fna	leaf	GCF_900494825	1
GCF_900494875.fna	leaf	GCF_900494875	3
GCF_900494885.fna	leaf	GCF_900494885	1
GCF_900494895.fna	leaf	GCF_900494895	4
GCF_900494945.fna	leaf	GCF_900494945	2
GCF_900494965.fna	leaf	GCF_900494965	1
GCF_900495035.fna	leaf	GCF_900495035	20
GCF_900495055.fna	leaf	GCF_900495055	1
GCF_900495065.fna	leaf	GCF_900495065	4
GCF_900495075.fna	leaf	GCF_900495075	1
GCF_900495095.fna	leaf	GCF_900495095	2
GCF_900495115.fna	leaf	GCF_900495115	23
GCF_900495125.fna	leaf	GCF_900495125	1292
GCF_900495145.fna	leaf	GCF_900495145	1
GCF_900495155.fna	leaf	GCF_900495155	1
GCF_900495165.fna	leaf	GCF_900495165	9
GCF_900495175.fna	leaf	GCF_900495175	9
GCF_900495215.fna	leaf	GCF_900495215	86
GCF_900495225.fna	leaf	GCF_900495225	7
GCF_900495245.fna	leaf	GCF_900495245	5
GCF_900495255.fna	leaf	GCF_900495255	3
GCF_900495285.fna	leaf	GCF_900495285	6
GCF_900495325.fna	leaf	GCF_900495325	3
GCF_900495335.fna	leaf	GCF_900495335	286
GCF_900495375.fna	leaf	GCF_900495375	3
GCF_900495425.fna	leaf	GCF_900495425	2
GCF_900495445.fna	leaf	GCF_900495445	807
GCF_900495465.fna	leaf	GCF_900495465	13
GCF_900495485.fna	leaf	GCF_900495485	3398
GCF_900495505.fna	leaf	GCF_900495505	19
GCF_900495515.fna	leaf	GCF_900495515	304
GCF_900495525.fna	leaf	GCF_900495525	4
GCF_900495555.fna	leaf	GCF_900495555	9
GCF_900495575.fna	leaf	GCF_900495575	159
GCF_900495585.fna	leaf	GCF_900495585	434
GCF_900495595.fna	leaf	GCF_900495595	1031
GCF_900495615.fna	leaf	GCF_900495615	1
GCF_900495665.fna	leaf	GCF_900495665	1
GCF_900495685.fna	leaf	GCF_900495685	4
GCF_900495705.fna	leaf	GCF_900495705	1
GCF_900495805.fna	leaf	GCF_900495805	1
GCF_900495845.fna	leaf	GCF_900495845	15
GCF_900495855.fna	leaf	GCF_900495855	1
GCF_900495885.fna	leaf	GCF_900495885	2
GCF_900495925.fna	leaf	GCF_900495925	8
GCF_900496055.fna	leaf	GCF_900496055	144
GCF_900496085.fna	leaf	GCF_900496085	3
GCF_900496155.fna	leaf	GCF_900496155	2
GCF_900496175.fna	leaf	GCF_900496175	12
GCF_900496195.fna	leaf	GCF_900496195	4
GCF_900496285.fna	leaf	GCF_900496285	3
GCF_900496305.fna	leaf	GCF_900496305	6
GCF_900496365.fna	leaf	GCF_900496365	5
GCF_900496385.fna	leaf	GCF_900496385	1
GCF_900496445.fna	leaf	GCF_900496445	5
GCF_900496475.fna	leaf	GCF_900496475	4
GCF_900496535.fna	leaf	GCF_900496535	1
GCF_900496565.fna	leaf	GCF_900496565	4
GCF_900496595.fna	leaf	GCF_900496595	1
GCF_900496605.fna	leaf	GCF_900496605	2
GCF_900496625.fna	leaf	GCF_900496625	1
GCF_900496635.fna	leaf	GCF_900496635	2
GCF_900496645.fna	leaf	GCF_900496645	1
GCF_900496655.fna	leaf	GCF_900496655	8
GCF_900496665.fna	leaf	GCF_900496665	3
GCF_900496695.fna	leaf	GCF_900496695	2
GCF_900496705.fna	leaf	GCF_900496705	1
GCF_900496755.fna	leaf	GCF_900496755	1
GCF_900496785.fna	leaf	GCF_900496785	2
GCF_900496795.fna	leaf	GCF_900496795	6
GCF_900496865.fna	leaf	GCF_900496865	2860
GCF_900496875.fna	leaf	GCF_900496875	3
GCF_900496905.fna	leaf	GCF_900496905	12
GCF_900496935.fna	leaf	GCF_900496935	32
GCF_900496945.fna	leaf	GCF_900496945	3
GCF_900519195.fna	leaf	GCF_900519195	1577
GCF_901484905.fna	leaf	GCF_901484905	9
GCF_901484985.fna	leaf	GCF_901484985	5
GCF_901669785.fna	leaf	GCF_901669785	5
GCF_901669935.fna	leaf	GCF_901669935	25
GCF_901669955.fna	leaf	GCF_901669955	16
GCF_901669965.fna	leaf	GCF_901669965	1
GCF_901669975.fna	leaf	GCF_901669975	3
GCF_902702975.fna	leaf	GCF_902702975	1
GCF_902703085.fna	leaf	GCF_902703085	5
GCF_902703115.fna	leaf	GCF_902703115	6
GCF_902713735.fna	leaf	GCF_902713735	6
GCF_904884475.fna	leaf	GCF_904884475	6
GCF_904884485.fna	leaf	GCF_904884485	2
GCF_904884535.fna	leaf	GCF_904884535	10
GCF_904884545.fna	leaf	GCF_904884545	219
GCF_904884555.fna	leaf	GCF_904884555	12
GCF_904884565.fna	leaf	GCF_904884565	4984
GCF_904884575.fna	leaf	GCF_904884575	2
GCF_904884585.fna	leaf	GCF_904884585	6
GCF_904884595.fna	leaf	GCF_904884595	2
GCF_904884605.fna	leaf	GCF_904884605	8
GCF_904884615.fna	leaf	GCF_904884615	149
GCF_904884645.fna	leaf	GCF_904884645	16
GCF_904884655.fna	leaf	GCF_904884655	11
GCF_904885665.fna	leaf	GCF_904885665	1
GCF_904885675.fna	leaf	GCF_904885675	5
GCF_904885685.fna	leaf	GCF_904885685	3
GCF_904885695.fna	leaf	GCF_904885695	2
GCF_904885705.fna	leaf	GCF_904885705	1
GCF_904885715.fna	leaf	GCF_904885715	1
GCF_904885725.fna	leaf	GCF_904885725	6
GCF_904885735.fna	leaf	GCF_904885735	7
GCF_904885765.fna	leaf	GCF_904885765	1
GCF_904885785.fna	leaf	GCF_904885785	468
GCF_904885795.fna	leaf	GCF_904885795	23
GCF_904885805.fna	leaf	GCF_904885805	6
GCF_904885825.fna	leaf	GCF_904885825	2
GCF_904885835.fna	leaf	GCF_904885835	46
GCF_904885845.fna	leaf	GCF_904885845	1030
GCF_904886845.fna	leaf	GCF_904886845	1449
GCF_904886865.fna	leaf	GCF_904886865	163
GCF_904886885.fna	leaf	GCF_904886885	2
GCF_904886895.fna	leaf	GCF_904886895	3
GCF_904886905.fna	leaf	GCF_904886905	211
GCF_904886915.fna	leaf	GCF_904886915	7
GCF_904886925.fna	leaf	GCF_904886925	1
GCF_904886935.fna	leaf	GCF_904886935	3
GCF_904886945.fna	leaf	GCF_904886945	6
GCF_904886955.fna	leaf	GCF_904886955	4119
GCF_904886965.fna	leaf	GCF_904886965	14
GCF_904886975.fna	leaf	GCF_904886975	14
GCF_904886985.fna	leaf	GCF_904886985	1
GCF_904886995.fna	leaf	GCF_904886995	1
GCF_904887005.fna	leaf	GCF_904887005	6
GCF_904887015.fna	leaf	GCF_904887015	70
GCF_904887515.fna	leaf	GCF_904887515	6
GCF_904887555.fna	leaf	GCF_904887555	3
GCF_904887575.fna	leaf	GCF_904887575	6
GCF_904887585.fna	leaf	GCF_904887585	29
GCF_904887605.fna	leaf	GCF_904887605	5
GCF_904887625.fna	leaf	GCF_904887625	11
GCF_904887645.fna	leaf	GCF_904887645	1
GCF_904887655.fna	leaf	GCF_904887655	4
GCF_904890255.fna	leaf	GCF_904890255	815
GCF_904890265.fna	leaf	GCF_904890265	5
GCF_904890275.fna	leaf	GCF_904890275	22
GCF_904890285.fna	leaf	GCF_904890285	11
N_10002	internal		3
N_10003	internal		3
N_10006	internal		6
N_10009	internal		7
N_1001	internal		8
N_10019	internal		2
N_10020	internal		6
N_10025	internal		4
N_10031	internal		4
N_10037	internal		4
N_10048	internal		3
N_1005	internal		2
N_10056	internal		2
N_10057	internal		2
N_10060	internal		1
N_10061	internal		7
N_10068	internal		5
N_10070	internal		10
N_10073	internal		8
N_10075	internal		1
N_10079	internal		6
N_10080	internal		1
N_1009	internal		9
N_10091	internal		5
N_10092	internal		4
N_10097	internal		2
N_1010	internal		6
N_10102	internal		3
N_10103	internal		3
N_10106	internal		6
N_10121	internal		2
N_1013	internal		142
N_1014	internal		1189
N_10143	internal		1
N_10151	internal		5
N_10154	internal		4
N_10158	internal		1
N_10165	internal		5
N_10166	internal		3
N_10169	internal		2
N_1017	internal		127
N_10174	internal		3
N_10187	internal		5
N_1019	internal		42
N_10191	internal		3
N_10192	internal		3
N_10215	internal		5
N_10231	internal		2
N_10235	internal		6
N_1024	internal		1
N_10243	internal		3
N_1025	internal		18
N_10253	internal		2
N_10257	internal		10
N_1026	internal		175
N_10260	internal		6
N_10263	internal		2
N_10267	internal		7
N_1027	internal		7
N_10271	internal		6
N_10272	internal		3
N_10273	internal		10
N_1028	internal		124
N_10280	internal		1
N_10283	internal		5
N_10284	internal		3
N_10286	internal		184
N_10299	internal		20
N_103	internal		4
N_10300	internal		17
N_10303	internal		12
N_1031	internal		4
N_10311	internal		17
N_10314	internal		7
N_10317	internal		9
N_10320	internal		1
N_10322	internal		5
N_1033	internal		24
N_10335	internal		18
N_10337	internal		33
N_10338	internal		7
N_10341	internal		17
N_10342	internal		3
N_10345	internal		3
N_10347	internal		10
N_10350	internal		36
N_10352	internal		8
N_10353	internal		5
N_1036	internal		2984
N_10362	internal		2
N_10364	internal		5
N_10367	internal		6
N_10368	internal		4
N_1037	internal		4
N_10374	internal		8
N_10377	internal		4
N_10380	internal		9
N_10381	internal		6
N_10384	internal		2320
N_10389	internal		1
N_10391	internal		1
N_10395	internal		2778
N_10396	internal		109
N_10397	internal		2
N_104	internal		9
N_1041	internal		4
N_10413	internal		2
N_10422	internal		1
N_10429	internal		1
N_1043	internal		25
N_10432	internal		1
N_1044	internal		9
N_1045	internal		210
N_10450	internal		2
N_10467	internal		2
N_10474	internal		2
N_10475	internal		3
N_1048	internal		90
N_10482	internal		2
N_10492	internal		3
N_105	internal		3772
N_1050	internal		307
N_10503	internal		4
N_10504	internal		6
N_1051	internal		91
N_10515	internal		9
N_1052	internal		107
N_10527	internal		2
N_10536	internal		11
N_10538	internal		5
N_10545	internal		1
N_10548	internal		1
N_1055	internal		223
N_10550	internal		5
N_10551	internal		2
N_10557	internal		3
N_10566	internal		4
N_10580	internal		1
N_10582	internal		3
N_10583	internal		3
N_1059	internal		310
N_1060	internal		8
N_10604	internal		6
N_10605	internal		3
N_10606	internal		2940
N_1061	internal		80
N_10613	internal		10
N_10617	internal		2
N_10618	internal		152
N_10619	internal		358
N_1062	internal		2
N_10620	internal		23
N_10635	internal		16
N_10636	internal		114
N_10646	internal		4
N_10649	internal		10
N_1065	internal		12
N_10651	internal		22
N_10656	internal		3
N_10660	internal		5
N_10662	internal		8
N_1067	internal		84
N_10671	internal		14
N_10672	internal		121
N_10675	internal		273
N_10678	internal		116
N_10679	internal		19
N_10680	internal		115
N_10683	internal		27
N_10685	internal		3
N_10691	internal		8
N_10693	internal		3
N_10699	internal		1
N_1070	internal		29
N_10701	internal		8
N_10704	internal		9
N_10705	internal		4
N_10706	internal		4200
N_10711	internal		1
N_10715	internal		5
N_10719	internal		6
N_10723	internal		115
N_10724	internal		2
N_1073	internal		11
N_10733	internal		1
N_10739	internal		4
N_10743	internal		1
N_10744	internal		59
N_10747	internal		3174
N_10749	internal		9
N_1075	internal		12
N_10755	internal		16
N_10758	internal		250
N_10762	internal		4
N_10764	internal		1
N_10770	internal		1
N_10775	internal		1
N_10778	internal		569
N_1078	internal		4389
N_10782	internal		7
N_10783	internal		2
N_1079	internal		5
N_10791	internal		2395
N_108	internal		1705
N_1080	internal		26
N_10803	internal		436
N_10804	internal		2
N_1081	internal		2
N_10811	internal		4
N_10812	internal		8
N_10814	internal		14
N_10817	internal		14
N_10818	internal		3
N_10825	internal		21
N_10827	internal		2
N_10828	internal		2
N_10833	internal		186
N_10834	internal		1
N_10835	internal		8
N_10839	internal		7
N_1084	internal		2265
N_10843	internal		2
N_10849	internal		22
N_10854	internal		1
N_10856	internal		9
N_10862	internal		7
N_1088	internal		16
N_10882	internal		1
N_10885	internal		5
N_10889	internal		1
N_10892	internal		4
N_10908	internal		3
N_10911	internal		13
N_10912	internal		4
N_10914	internal		357
N_10929	internal		6
N_1094	internal		6
N_10940	internal		9
N_1095	internal		5
N_10955	internal		2
N_10958	internal		4
N_10961	internal		2
N_10975	internal		11
N_1098	internal		10
N_10982	internal		22
N_10994	internal		1
N_11001	internal		1
N_11004	internal		8
N_11009	internal		3
N_11017	internal		7
N_11018	internal		693
N_11020	internal		1581
N_11022	internal		8
N_11024	internal		3400
N_11027	internal		3525
N_11035	internal		9
N_11038	internal		4
N_1104	internal		239
N_11041	internal		1
N_11042	internal		8
N_11043	internal		683
N_11049	internal		2
N_11052	internal		5
N_11063	internal		2
N_11070	internal		4
N_11073	internal		2
N_11078	internal		3
N_11082	internal		2
N_11085	internal		7
N_11088	internal		1
N_11092	internal		12
N_11095	internal		6
N_111	internal		255
N_1110	internal		42
N_11100	internal		3
N_11103	internal		6
N_11113	internal		7
N_11118	internal		3
N_11126	internal		2
N_11129	internal		2
N_1113	internal		6
N_11140	internal		1
N_1115	internal		1
N_11154	internal		4
N_1116	internal		5
N_11163	internal		1
N_11166	internal		2
N_11178	internal		4
N_11179	internal		1
N_11182	internal		3
N_11185	internal		2
N_11188	internal		5
N_1119	internal		8
N_11193	internal		5
N_11194	internal		1
N_1120	internal		1681
N_11201	internal		3
N_11206	internal		12
N_11208	internal		6
N_11213	internal		5
N_11217	internal		1586
N_1123	internal		13
N_11235	internal		4
N_11237	internal		5
N_1124	internal		1331
N_11242	internal		3
N_11245	internal		2
N_11248	internal		3
N_11249	internal		2
N_11250	internal		1
N_11253	internal		1
N_11258	internal		4
N_11259	internal		1
N_11269	internal		1
N_11271	internal		1
N_11274	internal		3
N_11280	internal		3
N_11283	internal		2
N_11287	internal		1
N_1129	internal		334
N_11292	internal		5
N_11296	internal		1
N_11298	internal		495
N_11302	internal		4
N_11303	internal		3
N_11306	internal		3
N_11314	internal		15
N_11315	internal		2
N_1132	internal		348
N_11324	internal		12
N_11325	internal		211
N_11333	internal		1
N_11337	internal		2
N_1134	internal		2
N_11340	internal		209
N_1135	internal		322
N_11351	internal		3
N_11355	internal		5
N_11357	internal		8
N_1136	internal		787
N_11364	internal		5
N_11367	internal		7
N_1138	internal		3387
N_11392	internal		4
N_11398	internal		5
N_114	internal		3
N_11401	internal		4
N_11405	internal		3
N_11409	internal		9
N_11412	internal		37
N_11413	internal		3
N_11414	internal		19
N_11417	internal		7
N_1142	internal		1124
N_11421	internal		4
N_11424	internal		15
N_11429	internal		2
N_11430	internal		39
N_11432	internal		51
N_11436	internal		7
N_11437	internal		1
N_11444	internal		95
N_1146	internal		3
N_11463	internal		2
N_11466	internal		2
N_11467	internal		4
N_11477	internal		183
N_11482	internal		2
N_11488	internal		6
N_11489	internal		3
N_11492	internal		2
N_11493	internal		6
N_11500	internal		1
N_11515	internal		1
N_1154	internal		9
N_11544	internal		1
N_11549	internal		11
N_11558	internal		1
N_1156	internal		129
N_11567	internal		3
N_11569	internal		9
N_11570	internal		2474
N_11582	internal		1
N_11583	internal		1
N_11584	internal		3
N_11600	internal		28
N_11610	internal		32
N_11614	internal		4
N_11618	internal		4
N_1162	internal		245
N_11621	internal		1
N_11625	internal		8
N_11626	internal		5
N_1163	internal		6
N_11637	internal		3
N_11639	internal		22
N_11641	internal		4
N_11644	internal		6
N_11647	internal		6
N_11648	internal		6
N_1165	internal		522
N_11652	internal		16
N_11654	internal		13
N_11659	internal		321
N_1166	internal		464
N_11665	internal		8
N_11668	internal		20
N_11674	internal		2
N_11676	internal		2
N_11680	internal		3
N_11685	internal		7
N_11689	internal		2
N_1169	internal		345
N_11693	internal		3
N_11694	internal		1
N_11696	internal		5
N_11703	internal		1279
N_1172	internal		88
N_11722	internal		2
N_11728	internal		2177
N_1173	internal		1980
N_11735	internal		7
N_11736	internal		8
N_11740	internal		12
N_11743	internal		3
N_11748	internal		22
N_11751	internal		2
N_11756	internal		16
N_1176	internal		15
N_11767	internal		2945
N_11771	internal		4
N_1178	internal		6
N_11780	internal		7
N_11781	internal		4
N_11787	internal		8
N_1179	internal		2
N_11793	internal		3
N_11794	internal		1
N_11796	internal		14
N_11807	internal		5
N_11812	internal		2217
N_11817	internal		1
N_11820	internal		4
N_11823	internal		1
N_11825	internal		7
N_11828	internal		308
N_1183	internal		9
N_11832	internal		2047
N_11838	internal		1
N_1184	internal		210
N_11840	internal		317
N_11853	internal		2
N_11866	internal		11
N_1187	internal		9
N_11872	internal		6
N_11875	internal		3
N_11877	internal		2
N_1188	internal		326
N_11880	internal		5
N_11897	internal		3
N_11899	internal		319
N_119	internal		2
N_11902	internal		3
N_11905	internal		4
N_1191	internal		34
N_11913	internal		5
N_11914	internal		3
N_11918	internal		360
N_1192	internal		5
N_11922	internal		9
N_11924	internal		181
N_11929	internal		3
N_11936	internal		4
N_1194	internal		2
N_11941	internal		13
N_11942	internal		317
N_11952	internal		8
N_11955	internal		4
N_11959	internal		4
N_11964	internal		5
N_1197	internal		956
N_11971	internal		5
N_11974	internal		122
N_11977	internal		322
N_11981	internal		4
N_11988	internal		3
N_11989	internal		18
N_11990	internal		2
N_12004	internal		4
N_12013	internal		5
N_12016	internal		141
N_12018	internal		94
N_12025	internal		40
N_12030	internal		320
N_12047	internal		7
N_1205	internal		3
N_12057	internal		11
N_12059	internal		1
N_12062	internal		129
N_12069	internal		3693
N_1207	internal		2
N_12080	internal		398
N_12085	internal		8
N_1210	internal		3
N_1211	internal		1268
N_1212	internal		229
N_1213	internal		902
N_1214	internal		1
N_12184	internal		189
N_12190	internal		6252
N_12196	internal		7
N_12200	internal		4
N_12203	internal		9
N_12209	internal		1
N_12213	internal		2
N_12216	internal		2
N_12218	internal		5
N_12222	internal		6
N_12224	internal		10
N_12226	internal		3
N_12227	internal		16
N_12229	internal		193
N_12234	internal		4
N_12235	internal		527
N_12236	internal		550
N_12241	internal		3
N_12242	internal		4
N_12245	internal		641
N_12246	internal		9
N_12248	internal		1379
N_12251	internal		476
N_12253	internal		410
N_12258	internal		2
N_12262	internal		31
N_12264	internal		220
N_12291	internal		7
N_12296	internal		13
N_123	internal		2
N_12304	internal		2
N_12306	internal		6
N_12311	internal		25
N_12312	internal		1
N_12315	internal		9
N_12316	internal		1
N_12324	internal		1
N_12326	internal		8
N_12333	internal		18
N_12334	internal		4
N_12336	internal		5
N_12339	internal		2
N_1234	internal		3
N_12341	internal		1
N_12347	internal		1
N_12359	internal		962
N_12363	internal		1067
N_12366	internal		8
N_12369	internal		404
N_12370	internal		382
N_12374	internal		3
N_12378	internal		2
N_12379	internal		9
N_12383	internal		12
N_12390	internal		6
N_12391	internal		3
N_12397	internal		1
N_12409	internal		6
N_12410	internal		5
N_12415	internal		4
N_12420	internal		4
N_12422	internal		11
N_12423	internal		2
N_12425	internal		4
N_12432	internal		7
N_12433	internal		480
N_12436	internal		9
N_12437	internal		479
N_12438	internal		2
N_12439	internal		4
N_1244	internal		2
N_12458	internal		1
N_12461	internal		4
N_12463	internal		2
N_12465	internal		2
N_12472	internal		1
N_1249	internal		1
N_12502	internal		791
N_12503	internal		1
N_12508	internal		237
N_12510	internal		14
N_12511	internal		5
N_12515	internal		246
N_12516	internal		4
N_12519	internal		2
N_1252	internal		54
N_12521	internal		2
N_12523	internal		2259
N_12532	internal		3
N_12536	internal		12
N_12539	internal		10
N_12543	internal		10
N_12548	internal		1
N_12552	internal		4
N_12559	internal		2
N_12561	internal		4
N_12563	internal		3
N_12566	internal		2
N_12567	internal		2
N_1257	internal		923
N_12572	internal		7
N_12580	internal		1
N_12583	internal		2
N_12586	internal		2
N_12588	internal		7
N_12592	internal		4
N_12593	internal		12
N_12599	internal		11
N_1260	internal		9
N_12605	internal		2
N_12616	internal		3
N_12619	internal		8
N_12622	internal		4
N_12623	internal		4
N_12624	internal		3
N_12626	internal		4
N_12628	internal		3
N_1263	internal		430
N_12630	internal		629
N_12632	internal		161
N_12635	internal		4
N_12636	internal		2
N_1264	internal		4358
N_12649	internal		12
N_1265	internal		1759
N_12658	internal		2
N_1266	internal		1
N_12663	internal		1
N_12665	internal		1
N_12671	internal		3
N_12674	internal		15
N_12682	internal		13
N_12683	internal		1
N_12687	internal		8
N_12707	internal		877
N_12711	internal		6
N_12713	internal		11
N_12717	internal		5
N_12724	internal		2
N_12728	internal		2
N_12730	internal		20
N_12738	internal		17
N_12742	internal		9
N_12747	internal		11
N_1275	internal		32
N_12751	internal		5
N_12755	internal		3
N_12756	internal		3
N_12768	internal		7
N_12771	internal		10
N_12775	internal		3
N_12781	internal		1
N_12782	internal		11
N_12787	internal		20
N_12794	internal		3
N_12796	internal		5
N_12800	internal		22
N_12807	internal		166
N_12808	internal		8
N_12809	internal		388
N_12812	internal		4
N_12813	internal		6
N_1282	internal		3
N_12825	internal		3
N_12830	internal		1
N_12833	internal		1
N_12837	internal		5
N_1284	internal		5
N_12843	internal		1
N_12853	internal		4
N_12858	internal		2
N_12862	internal		1
N_12866	internal		6
N_12869	internal		3
N_1287	internal		94
N_12875	internal		1
N_12876	internal		2
N_12880	internal		4
N_12885	internal		24
N_12886	internal		15
N_1289	internal		3874
N_12901	internal		4
N_12905	internal		582
N_12909	internal		23
N_1291	internal		12
N_12915	internal		7
N_12920	internal		4
N_12921	internal		7
N_12923	internal		8
N_12926	internal		10
N_12928	internal		5
N_12931	internal		5
N_12933	internal		6
N_12934	internal		8
N_12935	internal		587
N_12943	internal		1
N_12946	internal		8
N_12948	internal		1
N_12952	internal		5
N_12959	internal		3
N_1296	internal		3
N_12960	internal		6
N_12962	internal		4
N_12967	internal		2
N_12969	internal		2
N_1297	internal		293
N_12972	internal		3
N_12975	internal		20
N_12978	internal		581
N_12980	internal		1
N_12988	internal		4
N_12997	internal		3
N_13	internal		882
N_130	internal		4
N_13004	internal		2
N_13005	internal		1
N_13012	internal		9
N_13019	internal		4
N_13026	internal		6
N_13029	internal		6
N_13034	internal		4
N_13037	internal		1
N_13038	internal		3
N_1304	internal		2172
N_13043	internal		12
N_13046	internal		11
N_13049	internal		18
N_13050	internal		2
N_13053	internal		7
N_13061	internal		4
N_13063	internal		5
N_13064	internal		6
N_13065	internal		5
N_13068	internal		945
N_13069	internal		9
N_13078	internal		2
N_13081	internal		2
N_13083	internal		7
N_13087	internal		4
N_13088	internal		835
N_1309	internal		637
N_13096	internal		1709
N_13097	internal		359
N_13103	internal		2
N_13105	internal		2
N_13106	internal		311
N_13108	internal		419
N_1311	internal		1608
N_13113	internal		7
N_13115	internal		2
N_13117	internal		6
N_13121	internal		5
N_13131	internal		1
N_13132	internal		9
N_13136	internal		2
N_13137	internal		2
N_13139	internal		39
N_1314	internal		6
N_13140	internal		7
N_13143	internal		2
N_13145	internal		8
N_13147	internal		8
N_13151	internal		13
N_13154	internal		7
N_13158	internal		57
N_13161	internal		6
N_13164	internal		17
N_13165	internal		9
N_13169	internal		3
N_13172	internal		7
N_13176	internal		11
N_13177	internal		5
N_13181	internal		7
N_13182	internal		1
N_13188	internal		14
N_13193	internal		26
N_13194	internal		3
N_13195	internal		23
N_13201	internal		5
N_13202	internal		1
N_13209	internal		15
N_13215	internal		2
N_13223	internal		2
N_13225	internal		3
N_13226	internal		2
N_13228	internal		3
N_13232	internal		5
N_13233	internal		4
N_13236	internal		14
N_13239	internal		1
N_13246	internal		4
N_13247	internal		4
N_13251	internal		2
N_13254	internal		4
N_13255	internal		9
N_13256	internal		2
N_13259	internal		4
N_13271	internal		178
N_13274	internal		6
N_13280	internal		6
N_13282	internal		4
N_13286	internal		19
N_13298	internal		2
N_133	internal		2
N_13301	internal		2
N_13302	internal		7
N_13304	internal		14
N_13308	internal		21
N_13311	internal		6
N_13315	internal		4
N_13316	internal		3
N_13317	internal		6
N_13319	internal		5198
N_13322	internal		78
N_13323	internal		3
N_13328	internal		3
N_13329	internal		19
N_13330	internal		21
N_13332	internal		5
N_13335	internal		11
N_13339	internal		1
N_13340	internal		494
N_13344	internal		6
N_13346	internal		5
N_13347	internal		25
N_13350	internal		5
N_13351	internal		21
N_13355	internal		10
N_13364	internal		524
N_13367	internal		24
N_13369	internal		4
N_13374	internal		1
N_13376	internal		17
N_13381	internal		6
N_13386	internal		3
N_13387	internal		2
N_13390	internal		9
N_13391	internal		3
N_13397	internal		1
N_13399	internal		7
N_13400	internal		3
N_13403	internal		9
N_13406	internal		5
N_13422	internal		221
N_13428	internal		2549
N_13449	internal		6
N_13454	internal		2
N_13457	internal		3
N_13459	internal		8
N_1346	internal		456
N_13460	internal		8
N_13472	internal		352
N_13476	internal		33
N_13481	internal		2393
N_13494	internal		2
N_13508	internal		6
N_13510	internal		407
N_13516	internal		10
N_13517	internal		80
N_13518	internal		139
N_13523	internal		11
N_13524	internal		1386
N_13530	internal		7
N_13535	internal		6
N_13538	internal		1
N_13545	internal		1
N_13550	internal		2
N_13558	internal		1
N_13561	internal		5
N_13564	internal		5
N_13565	internal		3
N_13575	internal		4
N_13578	internal		2
N_13579	internal		1
N_13580	internal		3
N_13584	internal		1149
N_13587	internal		4
N_13589	internal		2
N_13590	internal		191
N_13593	internal		7
N_13594	internal		237
N_13599	internal		1
N_13600	internal		3
N_13604	internal		7
N_13613	internal		3
N_13615	internal		365
N_13618	internal		1
N_13620	internal		10
N_13623	internal		5
N_13630	internal		4
N_13632	internal		2
N_13637	internal		2
N_13638	internal		6
N_13642	internal		522
N_13643	internal		5
N_13645	internal		1
N_13646	internal		80
N_13647	internal		185
N_13648	internal		216
N_13649	internal		3
N_13650	internal		5741
N_13651	internal		14
N_13652	internal		5686
N_13653	internal		425
N_13654	internal		1150
N_13655	internal		1230
N_13656	internal		1248
N_13657	internal		35554
N_138	internal		7
N_1394	internal		1
N_14	internal		176
N_1406	internal		3
N_1421	internal		4
N_1424	internal		2
N_1429	internal		2
N_1433	internal		286
N_1435	internal		313
N_1438	internal		635
N_1439	internal		1218
N_1441	internal		379
N_1443	internal		3455
N_1447	internal		1587
N_1449	internal		7
N_145	internal		4
N_1451	internal		13
N_1457	internal		28
N_1458	internal		2
N_1467	internal		2
N_1474	internal		8
N_1475	internal		4
N_1477	internal		511
N_1481	internal		57
N_1482	internal		451
N_1487	internal		7
N_1489	internal		282
N_149	internal		5
N_1494	internal		8
N_1495	internal		4
N_1496	internal		40
N_1500	internal		3
N_1501	internal		422
N_1504	internal		6
N_1506	internal		190
N_1508	internal		101
N_1509	internal		236
N_1510	internal		1804
N_1512	internal		1206
N_1515	internal		25
N_1516	internal		5515
N_1521	internal		4589
N_1523	internal		5330
N_1528	internal		15
N_1542	internal		1
N_1546	internal		5
N_1552	internal		12
N_1556	internal		2
N_1557	internal		17
N_1558	internal		4
N_1561	internal		10
N_1562	internal		1
N_1564	internal		2
N_1576	internal		5
N_1581	internal		6
N_1584	internal		3
N_1586	internal		4
N_1588	internal		23
N_159	internal		15
N_1592	internal		13
N_1594	internal		5
N_1596	internal		4
N_1601	internal		247
N_1609	internal		1
N_1610	internal		29
N_1612	internal		8
N_1614	internal		19469
N_1616	internal		791
N_1621	internal		3113
N_1622	internal		3
N_1625	internal		29
N_1626	internal		1661
N_1628	internal		16
N_1630	internal		383
N_1634	internal		152
N_1636	internal		238
N_1637	internal		16
N_1645	internal		299
N_1647	internal		522
N_1652	internal		24
N_1653	internal		688
N_1654	internal		601
N_1658	internal		276
N_166	internal		8
N_1667	internal		412
N_1668	internal		10
N_1670	internal		5
N_1674	internal		10
N_1677	internal		3
N_1679	internal		2474
N_168	internal		3
N_1680	internal		107
N_1683	internal		78
N_1684	internal		491
N_1688	internal		2706
N_1689	internal		5705
N_169	internal		1
N_1692	internal		669
N_1695	internal		5427
N_1700	internal		22
N_1704	internal		6
N_1707	internal		735
N_1714	internal		3
N_1717	internal		4
N_1718	internal		19
N_1730	internal		3
N_1735	internal		1
N_1736	internal		2
N_174	internal		1
N_1741	internal		18
N_1756	internal		1
N_1757	internal		143
N_1760	internal		5
N_1763	internal		7
N_1766	internal		7
N_1769	internal		27
N_1779	internal		8
N_1782	internal		2
N_1785	internal		2
N_1790	internal		1
N_1791	internal		1
N_1792	internal		2
N_1797	internal		419
N_1798	internal		3
N_18	internal		7
N_1800	internal		16
N_1801	internal		76
N_1802	internal		9
N_1818	internal		12
N_1823	internal		8
N_1826	internal		10
N_1827	internal		3
N_1828	internal		1
N_1830	internal		3
N_1832	internal		10
N_1836	internal		7
N_1840	internal		6
N_1844	internal		3
N_1846	internal		7
N_1849	internal		4
N_1852	internal		5
N_1853	internal		7
N_1856	internal		49
N_1859	internal		7
N_1866	internal		8
N_187	internal		17
N_1875	internal		19
N_1876	internal		8
N_1878	internal		4
N_1880	internal		9
N_1883	internal		20
N_1888	internal		5
N_1893	internal		6
N_1897	internal		3
N_1911	internal		5
N_1915	internal		9
N_1921	internal		13
N_1924	internal		5
N_1932	internal		14
N_1935	internal		14
N_1936	internal		14
N_1939	internal		7
N_1940	internal		2
N_1941	internal		10
N_1947	internal		4
N_1948	internal		7
N_1953	internal		24
N_1957	internal		19
N_1963	internal		1
N_1966	internal		31
N_1967	internal		4
N_1978	internal		4
N_198	internal		2
N_1981	internal		14
N_1984	internal		3
N_1986	internal		363
N_1994	internal		2
N_1999	internal		2
N_200	internal		5
N_2003	internal		3
N_2006	internal		11
N_2009	internal		12
N_2020	internal		34
N_2021	internal		12
N_2024	internal		8
N_2025	internal		3
N_2031	internal		1
N_2036	internal		4
N_2040	internal		2
N_2044	internal		17
N_2045	internal		18
N_2049	internal		2
N_2055	internal		3
N_2057	internal		2
N_2061	internal		6
N_2063	internal		4
N_2076	internal		4
N_2079	internal		3
N_208	internal		12
N_2083	internal		7
N_2085	internal		55
N_2087	internal		2
N_2088	internal		13
N_2089	internal		4
N_2092	internal		3
N_2094	internal		4
N_2099	internal		5
N_2100	internal		9
N_2107	internal		45
N_2108	internal		4
N_2111	internal		655
N_2115	internal		4
N_2117	internal		542
N_2121	internal		21
N_2123	internal		11
N_2125	internal		2
N_2126	internal		7
N_2128	internal		6
N_2129	internal		1
N_2132	internal		1
N_2134	internal		6
N_214	internal		5
N_2141	internal		7
N_2142	internal		4
N_2145	internal		15
N_2146	internal		7
N_2148	internal		6
N_2149	internal		6
N_2150	internal		1
N_2154	internal		1
N_2155	internal		7
N_2158	internal		21
N_2159	internal		18
N_2160	internal		8
N_2162	internal		78
N_2167	internal		4
N_2169	internal		13
N_217	internal		19
N_2171	internal		5
N_2174	internal		4
N_2176	internal		8
N_2179	internal		3
N_2185	internal		58
N_2186	internal		7
N_2189	internal		13
N_2190	internal		2
N_2191	internal		6
N_2195	internal		3
N_2198	internal		23
N_22	internal		12
N_2202	internal		15
N_2205	internal		5
N_2208	internal		1
N_221	internal		2
N_2211	internal		12
N_2212	internal		8
N_2216	internal		12
N_2217	internal		4
N_2221	internal		23
N_2222	internal		16
N_2224	internal		1
N_2232	internal		8
N_2237	internal		20
N_2238	internal		2
N_2241	internal		11
N_2242	internal		3
N_2245	internal		541
N_2250	internal		13
N_2253	internal		117
N_2254	internal		14
N_2257	internal		3
N_226	internal		18
N_2264	internal		4
N_2265	internal		25
N_2268	internal		15
N_2271	internal		217
N_2277	internal		5
N_2279	internal		2
N_2281	internal		6
N_2289	internal		4
N_229	internal		6
N_2293	internal		3
N_2294	internal		20
N_2296	internal		10
N_2298	internal		2
N_2299	internal		145
N_2307	internal		1041
N_231	internal		8
N_2311	internal		7
N_2314	internal		2566
N_2318	internal		2
N_2319	internal		1
N_2323	internal		1845
N_2329	internal		83
N_233	internal		13
N_2332	internal		1734
N_2333	internal		1505
N_2334	internal		293
N_2335	internal		1
N_2339	internal		11
N_2341	internal		4
N_2342	internal		558
N_2350	internal		1
N_2354	internal		9
N_236	internal		18
N_2360	internal		10
N_2364	internal		5
N_2367	internal		9
N_237	internal		1
N_2370	internal		10
N_2373	internal		2
N_2376	internal		5
N_2379	internal		89
N_238	internal		2
N_2380	internal		3
N_2383	internal		13
N_2385	internal		9
N_2387	internal		4485
N_2388	internal		3
N_2389	internal		5
N_2407	internal		1
N_2414	internal		1
N_2415	internal		334
N_2420	internal		1
N_2422	internal		1
N_2424	internal		1
N_2426	internal		157
N_2427	internal		179
N_243	internal		5
N_2431	internal		5
N_2433	internal		3
N_2434	internal		25
N_2436	internal		2
N_244	internal		2
N_2443	internal		2
N_2444	internal		10
N_2445	internal		4
N_2446	internal		15
N_2454	internal		5
N_2463	internal		2
N_2476	internal		1
N_2477	internal		3
N_2487	internal		3
N_249	internal		1
N_2490	internal		3
N_2495	internal		1
N_2499	internal		4
N_25	internal		6
N_2508	internal		1
N_2509	internal		4
N_251	internal		3
N_2512	internal		6
N_2515	internal		3
N_2517	internal		7
N_252	internal		10
N_2520	internal		6
N_2522	internal		1
N_2528	internal		7
N_2531	internal		3
N_2532	internal		1
N_254	internal		5
N_2543	internal		18
N_2544	internal		151
N_2548	internal		10
N_2549	internal		837
N_255	internal		4
N_2550	internal		3
N_2551	internal		13
N_2552	internal		2
N_2556	internal		14
N_2557	internal		887
N_2558	internal		866
N_2562	internal		254
N_2563	internal		123
N_2565	internal		74
N_2566	internal		10
N_2569	internal		14
N_2571	internal		1309
N_2575	internal		104
N_2578	internal		314
N_258	internal		10
N_2588	internal		2
N_259	internal		9
N_2590	internal		735
N_2592	internal		184
N_2595	internal		15
N_2599	internal		4
N_26	internal		6
N_2601	internal		2
N_2610	internal		11
N_2612	internal		22
N_2615	internal		43
N_2616	internal		5
N_2638	internal		1
N_2643	internal		7
N_2646	internal		8
N_265	internal		3
N_2651	internal		412
N_2659	internal		5
N_2666	internal		2
N_2669	internal		6
N_2672	internal		3
N_2677	internal		2
N_2681	internal		4
N_2682	internal		4
N_2685	internal		4
N_2691	internal		2
N_270	internal		29
N_2704	internal		1
N_2705	internal		3
N_2709	internal		4
N_2713	internal		5
N_2714	internal		4
N_2721	internal		4
N_2729	internal		2
N_2738	internal		2
N_2740	internal		1
N_2743	internal		1
N_2745	internal		4
N_2752	internal		3
N_2755	internal		4
N_2759	internal		12
N_2761	internal		5
N_2762	internal		12
N_2764	internal		162
N_2766	internal		458
N_2767	internal		3
N_2769	internal		5
N_277	internal		4
N_2772	internal		10
N_2777	internal		5
N_2779	internal		5
N_2783	internal		7
N_2786	internal		2
N_2789	internal		7
N_2790	internal		22
N_2792	internal		3
N_2794	internal		34
N_2796	internal		4
N_2799	internal		8
N_28	internal		1492
N_2800	internal		6505
N_2803	internal		8
N_2806	internal		7
N_2808	internal		3
N_2810	internal		19
N_2813	internal		8
N_2814	internal		267
N_2815	internal		9
N_2816	internal		2
N_2819	internal		1504
N_2820	internal		101
N_2826	internal		20
N_2830	internal		55
N_2831	internal		112
N_2837	internal		26
N_2838	internal		2
N_2840	internal		7
N_2847	internal		2
N_2849	internal		10
N_2850	internal		4
N_2852	internal		5
N_2854	internal		869
N_2855	internal		5
N_2859	internal		7
N_2865	internal		36
N_2868	internal		4
N_2869	internal		7
N_2874	internal		9
N_2877	internal		3
N_2878	internal		6
N_2879	internal		1194
N_2885	internal		5030
N_29	internal		2142
N_2901	internal		4
N_2904	internal		1
N_2930	internal		2
N_2942	internal		1
N_2943	internal		2
N_2947	internal		5
N_2948	internal		11
N_2950	internal		3
N_2952	internal		321
N_2955	internal		114
N_2961	internal		969
N_2963	internal		9
N_2965	internal		5594
N_2970	internal		6
N_2972	internal		11
N_2974	internal		429
N_2978	internal		2
N_2982	internal		5058
N_2984	internal		1297
N_2985	internal		338
N_2986	internal		463
N_2992	internal		2833
N_2996	internal		4
N_2997	internal		4
N_3000	internal		1
N_3003	internal		24
N_3004	internal		72
N_3005	internal		47
N_3008	internal		1292
N_3009	internal		238
N_3012	internal		2014
N_3013	internal		44
N_3017	internal		676
N_3018	internal		323
N_3020	internal		37
N_3024	internal		1
N_3025	internal		229
N_3027	internal		80
N_3035	internal		6
N_3037	internal		468
N_3041	internal		2
N_3044	internal		9
N_3051	internal		11
N_3052	internal		876
N_3054	internal		4725
N_3056	internal		3
N_3059	internal		2
N_3065	internal		112
N_3070	internal		16
N_3073	internal		8
N_3078	internal		110
N_3084	internal		111
N_3096	internal		6
N_31	internal		2093
N_3102	internal		38
N_3105	internal		1354
N_3106	internal		15
N_3110	internal		22
N_3113	internal		9
N_3114	internal		2
N_3115	internal		3
N_3118	internal		10
N_3123	internal		11
N_3131	internal		276
N_3135	internal		47
N_3138	internal		51
N_3140	internal		1
N_3144	internal		36
N_3145	internal		30
N_3148	internal		2
N_3153	internal		5
N_3157	internal		10
N_3167	internal		5
N_3186	internal		4
N_3189	internal		1
N_3192	internal		4
N_3193	internal		11
N_3194	internal		3
N_3198	internal		25
N_3199	internal		7
N_3228	internal		3
N_3229	internal		2
N_3236	internal		3
N_3251	internal		8
N_3255	internal		6
N_3258	internal		46
N_3262	internal		5
N_3265	internal		2
N_327	internal		105
N_3276	internal		3
N_3277	internal		1
N_329	internal		33
N_3301	internal		4
N_3309	internal		2
N_3310	internal		1
N_3311	internal		10
N_3316	internal		8
N_3318	internal		13
N_3325	internal		2
N_3326	internal		19
N_3327	internal		3
N_333	internal		12
N_3332	internal		4
N_3333	internal		7
N_3336	internal		802
N_3337	internal		11
N_3357	internal		3
N_3369	internal		1065
N_3378	internal		2
N_3381	internal		2
N_3384	internal		2
N_3386	internal		5
N_3394	internal		8
N_340	internal		24
N_3401	internal		2
N_3403	internal		2
N_3412	internal		17
N_3415	internal		15
N_3416	internal		258
N_3423	internal		5
N_3424	internal		2
N_3429	internal		2
N_3431	internal		3
N_3434	internal		2
N_3435	internal		250
N_3438	internal		1
N_3440	internal		259
N_3444	internal		13
N_3446	internal		7247
N_3447	internal		7237
N_3448	internal		9
N_3467	internal		174
N_3473	internal		1
N_3475	internal		10
N_3480	internal		1
N_3481	internal		3
N_3485	internal		36
N_3488	internal		8
N_349	internal		1
N_3492	internal		3
N_3493	internal		2
N_3498	internal		419
N_3502	internal		1
N_3507	internal		4
N_3511	internal		2
N_3512	internal		4
N_3514	internal		11
N_3519	internal		4
N_352	internal		1
N_3521	internal		1
N_3530	internal		2
N_3532	internal		4
N_3534	internal		597
N_3539	internal		1
N_3541	internal		7
N_3545	internal		19
N_3546	internal		2
N_3549	internal		2
N_355	internal		2
N_3550	internal		6
N_3554	internal		3
N_3563	internal		3
N_3565	internal		1
N_3568	internal		6307
N_3574	internal		4
N_3575	internal		1
N_3576	internal		1790
N_3578	internal		495
N_3579	internal		564
N_358	internal		1
N_3582	internal		1
N_3608	internal		3
N_361	internal		8
N_3612	internal		6
N_3615	internal		14
N_3618	internal		3
N_362	internal		816
N_3623	internal		7
N_3626	internal		5
N_3634	internal		11
N_3637	internal		6
N_3638	internal		7
N_365	internal		216
N_3653	internal		5
N_3657	internal		6
N_366	internal		286
N_3660	internal		2
N_3663	internal		5
N_3665	internal		11
N_3673	internal		8
N_3674	internal		3
N_3683	internal		2
N_3687	internal		5
N_3691	internal		1
N_3692	internal		5
N_3698	internal		4
N_3701	internal		4
N_3703	internal		13
N_3706	internal		4
N_3709	internal		3
N_371	internal		14
N_3713	internal		3
N_3729	internal		5
N_3736	internal		20
N_3737	internal		1
N_374	internal		144
N_3740	internal		4
N_3741	internal		2
N_3744	internal		7
N_3745	internal		5
N_3749	internal		2
N_3760	internal		1
N_3761	internal		3
N_3764	internal		6
N_3767	internal		7
N_3771	internal		8
N_3772	internal		4
N_3777	internal		9
N_3779	internal		1
N_3782	internal		1
N_3784	internal		7
N_3789	internal		1
N_3791	internal		8
N_3795	internal		3
N_3798	internal		11
N_380	internal		4061
N_3803	internal		4
N_3804	internal		2
N_3808	internal		1
N_3813	internal		2
N_3816	internal		10
N_3819	internal		1
N_3821	internal		1
N_3824	internal		2
N_3825	internal		14
N_3830	internal		3
N_3834	internal		3
N_3835	internal		1
N_3836	internal		4
N_3839	internal		3
N_384	internal		231
N_3840	internal		3
N_3843	internal		3
N_3846	internal		2
N_3849	internal		4
N_3850	internal		3
N_3855	internal		3
N_3856	internal		3
N_3858	internal		1
N_3864	internal		2
N_3865	internal		2
N_3866	internal		3
N_3873	internal		4
N_3875	internal		2
N_3878	internal		6
N_3879	internal		6
N_388	internal		42
N_3880	internal		6
N_3883	internal		19
N_3884	internal		2344
N_3888	internal		18
N_3889	internal		2347
N_389	internal		161
N_3893	internal		2
N_3895	internal		3
N_3896	internal		1207
N_3899	internal		4624
N_39	internal		2
N_3900	internal		627
N_3908	internal		1
N_3915	internal		5
N_3917	internal		5
N_3921	internal		2
N_3922	internal		3
N_3923	internal		1285
N_3924	internal		6
N_3926	internal		430
N_3930	internal		3
N_3936	internal		5
N_3943	internal		13
N_3947	internal		2
N_3951	internal		20
N_3953	internal		20
N_3954	internal		1
N_3958	internal		11
N_3959	internal		1
N_396	internal		3
N_3964	internal		5
N_3965	internal		5347
N_3967	internal		3
N_3969	internal		31
N_3970	internal		3316
N_3974	internal		14
N_3992	internal		7
N_3997	internal		8
N_4	internal		3148
N_400	internal		5
N_4000	internal		2
N_4001	internal		2
N_4005	internal		37
N_4006	internal		101
N_4009	internal		6466
N_4012	internal		16
N_4013	internal		4
N_4029	internal		1
N_4030	internal		1
N_4033	internal		5
N_4036	internal		1354
N_4040	internal		1
N_4059	internal		3
N_407	internal		2
N_4070	internal		4
N_4075	internal		2
N_409	internal		1
N_41	internal		18
N_4116	internal		3
N_413	internal		3
N_4130	internal		3
N_4133	internal		3
N_4135	internal		2936
N_4138	internal		13
N_4140	internal		2789
N_4148	internal		5
N_4150	internal		90
N_4158	internal		17
N_4161	internal		37
N_4162	internal		10
N_4165	internal		40
N_417	internal		6
N_4170	internal		6
N_4171	internal		18
N_4174	internal		25
N_4177	internal		14
N_4179	internal		1
N_4180	internal		2786
N_4187	internal		16
N_419	internal		350
N_4198	internal		8
N_4202	internal		5
N_4204	internal		1
N_4209	internal		84
N_4210	internal		18
N_4220	internal		1
N_4223	internal		38
N_4227	internal		1
N_4229	internal		1
N_4234	internal		7
N_424	internal		4
N_4249	internal		1
N_4251	internal		2
N_4261	internal		253
N_4264	internal		3
N_4269	internal		2
N_427	internal		3
N_4272	internal		2
N_4275	internal		4
N_4276	internal		4
N_4281	internal		4
N_4286	internal		5
N_4289	internal		9
N_4293	internal		3
N_4295	internal		3
N_4296	internal		2
N_4297	internal		1653
N_4298	internal		1
N_4306	internal		14
N_4309	internal		9
N_431	internal		1
N_4312	internal		3
N_4313	internal		3
N_4314	internal		4
N_4319	internal		8
N_4336	internal		2
N_434	internal		9
N_4346	internal		154
N_4354	internal		10
N_4355	internal		1
N_4357	internal		7
N_4361	internal		8
N_4362	internal		3
N_4364	internal		645
N_4365	internal		4
N_4368	internal		725
N_4369	internal		2908
N_437	internal		5
N_4378	internal		2
N_4381	internal		2
N_4389	internal		8
N_439	internal		5
N_4392	internal		4
N_4395	internal		35
N_4397	internal		2
N_4399	internal		7343
N_44	internal		438
N_4402	internal		345
N_4403	internal		5
N_4406	internal		2
N_4408	internal		615
N_4409	internal		2768
N_4415	internal		1
N_4416	internal		2906
N_4424	internal		3
N_4427	internal		312
N_4430	internal		6
N_4436	internal		2
N_4437	internal		2533
N_444	internal		1
N_4440	internal		18
N_4443	internal		4
N_4445	internal		1
N_4448	internal		7
N_4449	internal		15
N_446	internal		4
N_4461	internal		1
N_4467	internal		1
N_4468	internal		10138
N_447	internal		7
N_4472	internal		2906
N_4480	internal		3
N_4485	internal		1
N_4487	internal		3
N_4489	internal		6
N_4492	internal		8
N_4493	internal		1
N_4496	internal		4
N_4497	internal		5
N_45	internal		5562
N_450	internal		8
N_4504	internal		1
N_451	internal		11
N_4519	internal		5
N_4527	internal		4
N_4529	internal		4
N_4532	internal		7
N_4538	internal		13
N_4540	internal		1
N_4549	internal		1
N_455	internal		1
N_4557	internal		3
N_4558	internal		3
N_4559	internal		3
N_4567	internal		5
N_4569	internal		2
N_4574	internal		9
N_4578	internal		2
N_4579	internal		8
N_458	internal		9
N_4586	internal		6
N_459	internal		6
N_4590	internal		2
N_4593	internal		3
N_4595	internal		1
N_4596	internal		3
N_460	internal		675
N_4600	internal		6
N_4612	internal		1
N_4616	internal		1
N_4626	internal		4
N_463	internal		587
N_4641	internal		2
N_4651	internal		6
N_4653	internal		4
N_4657	internal		2
N_4659	internal		5
N_4676	internal		3
N_4688	internal		5
N_4691	internal		3
N_4693	internal		7
N_4695	internal		18
N_4698	internal		11
N_47	internal		321
N_4701	internal		1458
N_4702	internal		1364
N_4706	internal		14
N_4707	internal		6
N_4708	internal		2
N_4709	internal		3
N_471	internal		1
N_4713	internal		6
N_4718	internal		2
N_4719	internal		3
N_472	internal		142
N_4720	internal		42
N_4721	internal		15
N_4722	internal		1
N_4725	internal		5
N_4726	internal		2
N_4729	internal		1
N_4733	internal		1
N_4737	internal		4
N_4742	internal		18
N_4748	internal		7
N_475	internal		109
N_4753	internal		2
N_4755	internal		1
N_4757	internal		11
N_4760	internal		7
N_4761	internal		14
N_4764	internal		14
N_4766	internal		2
N_4768	internal		7
N_4769	internal		7
N_4774	internal		38
N_4778	internal		7
N_478	internal		148
N_479	internal		1
N_4792	internal		362
N_4796	internal		1
N_4797	internal		352
N_4802	internal		9
N_4805	internal		4
N_4809	internal		10
N_481	internal		1
N_4810	internal		9
N_4812	internal		3
N_4813	internal		4
N_4814	internal		27
N_4815	internal		1
N_4818	internal		6
N_4819	internal		784
N_4829	internal		3
N_483	internal		10
N_4830	internal		6
N_4833	internal		1
N_4835	internal		8
N_4845	internal		1
N_4856	internal		12
N_4857	internal		563
N_4859	internal		3
N_4862	internal		9
N_4863	internal		9
N_4866	internal		1
N_4868	internal		9
N_4872	internal		2
N_4874	internal		4
N_4876	internal		5
N_4878	internal		592
N_488	internal		465
N_4882	internal		6
N_4884	internal		621
N_4885	internal		1
N_4888	internal		5
N_489	internal		4
N_4891	internal		3473
N_4892	internal		6
N_4895	internal		13
N_49	internal		164
N_490	internal		8
N_4901	internal		11
N_4904	internal		5
N_4906	internal		12
N_4910	internal		5
N_4912	internal		11
N_4914	internal		12
N_4917	internal		5
N_4923	internal		28
N_4926	internal		12
N_4927	internal		2
N_4928	internal		12
N_4936	internal		6
N_4942	internal		6
N_4943	internal		1
N_4946	internal		13
N_4949	internal		3
N_495	internal		8
N_4950	internal		4
N_4952	internal		6
N_4953	internal		5
N_4955	internal		1
N_4958	internal		18
N_4959	internal		5
N_4961	internal		1898
N_4963	internal		164
N_4964	internal		155
N_4968	internal		29
N_497	internal		1
N_4971	internal		411
N_4972	internal		3
N_4973	internal		2
N_4981	internal		616
N_4985	internal		3
N_4986	internal		19
N_4989	internal		152
N_499	internal		10
N_4995	internal		11656
N_4998	internal		2
N_500	internal		3
N_5006	internal		9152
N_5010	internal		997
N_5015	internal		2858
N_5019	internal		2
N_5020	internal		719
N_5021	internal		688
N_5024	internal		1001
N_5028	internal		4
N_5033	internal		1
N_5034	internal		3
N_5035	internal		33
N_5037	internal		92
N_5040	internal		2437
N_5043	internal		2485
N_5052	internal		10790
N_5057	internal		4
N_5058	internal		158
N_5059	internal		1
N_5062	internal		9848
N_5066	internal		52
N_5067	internal		2
N_5070	internal		14
N_5071	internal		537
N_5074	internal		2530
N_5075	internal		474
N_5078	internal		5
N_5081	internal		7
N_5087	internal		4
N_5090	internal		2
N_5091	internal		2018
N_5094	internal		14
N_5097	internal		1
N_5099	internal		8
N_51	internal		21
N_5100	internal		7
N_5106	internal		488
N_5112	internal		1290
N_5125	internal		2
N_5134	internal		8
N_5137	internal		2331
N_5145	internal		7
N_5146	internal		2238
N_5153	internal		8097
N_5189	internal		2
N_519	internal		4
N_5193	internal		3
N_52	internal		767
N_5211	internal		2
N_523	internal		1
N_5234	internal		5
N_5239	internal		2
N_5240	internal		1282
N_5247	internal		1
N_5250	internal		2
N_5256	internal		5
N_5270	internal		3
N_528	internal		66
N_5281	internal		5
N_5283	internal		1
N_5291	internal		1
N_5293	internal		1
N_5300	internal		1283
N_5306	internal		1
N_531	internal		64
N_5311	internal		1
N_5320	internal		1
N_5323	internal		1
N_5335	internal		2332
N_5367	internal		761
N_5370	internal		3
N_5375	internal		3068
N_5380	internal		477
N_5381	internal		3019
N_539	internal		10
N_5391	internal		5
N_5394	internal		6
N_5399	internal		12
N_5408	internal		10
N_5417	internal		2
N_5419	internal		6
N_5422	internal		4
N_5424	internal		7
N_5425	internal		29
N_5432	internal		1
N_5433	internal		1
N_5436	internal		5
N_5437	internal		2
N_5440	internal		3
N_5444	internal		11
N_5447	internal		2024
N_546	internal		1
N_5461	internal		1
N_548	internal		2
N_5495	internal		4
N_5497	internal		5
N_550	internal		66
N_5501	internal		114
N_5505	internal		5
N_5506	internal		4
N_5507	internal		2343
N_5515	internal		3
N_5518	internal		4
N_552	internal		85
N_5530	internal		2
N_5533	internal		1
N_5543	internal		4
N_5546	internal		5
N_555	internal		7
N_5551	internal		7
N_5552	internal		5
N_5556	internal		6
N_5560	internal		1
N_5567	internal		9
N_5575	internal		11
N_5579	internal		2220
N_558	internal		1
N_5583	internal		11
N_5584	internal		6
N_5590	internal		1901
N_5593	internal		5
N_5600	internal		2221
N_5606	internal		3036
N_5608	internal		4025
N_5611	internal		20
N_5619	internal		8
N_5622	internal		3
N_5625	internal		1
N_5629	internal		3
N_563	internal		7
N_5632	internal		13
N_5639	internal		1336
N_5641	internal		1110
N_5646	internal		8
N_5649	internal		5
N_5655	internal		9
N_5659	internal		3
N_5662	internal		5579
N_5663	internal		2
N_5664	internal		1665
N_5665	internal		53
N_5666	internal		887
N_5667	internal		1127
N_567	internal		5
N_5670	internal		233
N_5672	internal		3898
N_5675	internal		223
N_5676	internal		52
N_5679	internal		870
N_568	internal		4
N_5681	internal		139
N_5682	internal		128
N_5690	internal		3
N_5695	internal		4
N_5703	internal		3
N_5705	internal		27
N_5707	internal		11
N_5714	internal		1
N_5719	internal		2
N_5722	internal		2
N_5724	internal		2
N_573	internal		1
N_5733	internal		295
N_5736	internal		293
N_574	internal		3
N_5746	internal		6
N_5752	internal		5
N_5762	internal		4
N_5767	internal		2
N_577	internal		2
N_5774	internal		1
N_5775	internal		3
N_578	internal		6
N_5794	internal		1
N_58	internal		9
N_580	internal		594
N_5805	internal		4
N_5808	internal		2
N_5809	internal		8
N_581	internal		4
N_5825	internal		4
N_5829	internal		12
N_583	internal		5
N_5832	internal		1
N_5834	internal		10
N_5845	internal		11
N_5850	internal		3
N_5856	internal		1
N_586	internal		1
N_5871	internal		10
N_588	internal		1046
N_5888	internal		8
N_5889	internal		14
N_5894	internal		346
N_59	internal		5212
N_5901	internal		7
N_5906	internal		6
N_5909	internal		3
N_5915	internal		13
N_5916	internal		261
N_5921	internal		353
N_5931	internal		298
N_5944	internal		105
N_5947	internal		3
N_5951	internal		64
N_5952	internal		299
N_5955	internal		290
N_5963	internal		1
N_5968	internal		296
N_5969	internal		296
N_5970	internal		11
N_5972	internal		1
N_5988	internal		1
N_5999	internal		3
N_60	internal		49
N_6000	internal		2
N_6001	internal		7866
N_6004	internal		1634
N_601	internal		1
N_6013	internal		4
N_6014	internal		1
N_6017	internal		128
N_6021	internal		3
N_6027	internal		3
N_6030	internal		7
N_6031	internal		17
N_6036	internal		1
N_6043	internal		4
N_6044	internal		11
N_6056	internal		3
N_6059	internal		2
N_6075	internal		5
N_6076	internal		479
N_6081	internal		3
N_6083	internal		3
N_6094	internal		1
N_6096	internal		1
N_610	internal		3
N_6100	internal		11
N_6101	internal		4
N_6102	internal		428
N_6103	internal		3104
N_6104	internal		8
N_6106	internal		12
N_6117	internal		1
N_6120	internal		8
N_6146	internal		4
N_6149	internal		2
N_615	internal		2
N_6150	internal		3
N_6153	internal		226
N_6154	internal		343
N_6155	internal		119
N_6159	internal		3
N_616	internal		3
N_6168	internal		5
N_6169	internal		143
N_6172	internal		2
N_6176	internal		3
N_6180	internal		4
N_6181	internal		18
N_6185	internal		3066
N_6186	internal		5
N_619	internal		3
N_6192	internal		13
N_6195	internal		18
N_6199	internal		8
N_62	internal		375
N_6203	internal		11
N_6207	internal		3
N_6208	internal		7
N_6212	internal		8
N_6215	internal		12
N_6219	internal		3
N_6222	internal		9
N_6223	internal		83
N_6226	internal		5
N_623	internal		1
N_6235	internal		14
N_6238	internal		8
N_6245	internal		7
N_6248	internal		5
N_6251	internal		5
N_6256	internal		6
N_6259	internal		5
N_6262	internal		1426
N_6267	internal		481
N_627	internal		7
N_6271	internal		1420
N_6274	internal		19
N_6277	internal		6
N_6280	internal		1
N_6283	internal		2
N_6286	internal		4
N_6289	internal		3
N_6290	internal		7
N_6296	internal		5
N_6299	internal		3
N_6300	internal		1422
N_6306	internal		3
N_6309	internal		1
N_631	internal		2
N_6310	internal		3
N_6322	internal		1
N_6325	internal		1
N_6333	internal		1
N_6349	internal		3
N_637	internal		5
N_6373	internal		3
N_638	internal		9
N_6382	internal		2
N_639	internal		6
N_640	internal		158
N_646	internal		5
N_652	internal		6
N_6561	internal		1101
N_6565	internal		3
N_6566	internal		1421
N_6569	internal		7
N_657	internal		6
N_6570	internal		6
N_6573	internal		13
N_6577	internal		212
N_6587	internal		2
N_6590	internal		7
N_6595	internal		6
N_6602	internal		4
N_661	internal		2
N_662	internal		13
N_6659	internal		10
N_6663	internal		759
N_6664	internal		3
N_6667	internal		6
N_6683	internal		5
N_6684	internal		2
N_6697	internal		3
N_6699	internal		4
N_6707	internal		8
N_671	internal		161
N_6711	internal		125
N_6714	internal		1
N_6717	internal		4
N_6718	internal		3
N_6722	internal		1
N_6725	internal		13
N_673	internal		523
N_6746	internal		10
N_6752	internal		2
N_6771	internal		4
N_681	internal		4
N_6834	internal		29
N_6837	internal		4
N_6842	internal		7
N_6848	internal		9
N_6851	internal		26
N_6852	internal		82
N_6857	internal		4
N_686	internal		4
N_6860	internal		12
N_6861	internal		2
N_6865	internal		70
N_6866	internal		25
N_6869	internal		4
N_6875	internal		232
N_6876	internal		1597
N_688	internal		3
N_6880	internal		10
N_6884	internal		239
N_6890	internal		22
N_6893	internal		848
N_6897	internal		69
N_6900	internal		3213
N_6903	internal		10
N_6904	internal		4
N_6907	internal		123
N_691	internal		10
N_6913	internal		2
N_6915	internal		5
N_6917	internal		1813
N_6920	internal		10
N_6923	internal		2
N_6926	internal		5
N_6928	internal		4
N_6929	internal		10
N_693	internal		192
N_6930	internal		8
N_6931	internal		29
N_6937	internal		1
N_694	internal		1
N_6941	internal		7
N_6943	internal		2432
N_6946	internal		4
N_6950	internal		4
N_6961	internal		4
N_6963	internal		9
N_6965	internal		2
N_6967	internal		7
N_6968	internal		9
N_6969	internal		1302
N_6970	internal		271
N_6975	internal		13
N_6978	internal		6
N_698	internal		8
N_6981	internal		11
N_6982	internal		5370
N_6984	internal		269
N_6986	internal		6250
N_6987	internal		1460
N_6996	internal		2684
N_7	internal		2
N_700	internal		11
N_7003	internal		2
N_7005	internal		6
N_7006	internal		10
N_7009	internal		5
N_7011	internal		563
N_7022	internal		5
N_7023	internal		3
N_7026	internal		558
N_7032	internal		2
N_7035	internal		6
N_7036	internal		2694
N_7039	internal		697
N_704	internal		1
N_7046	internal		1
N_7047	internal		3
N_7048	internal		4
N_7049	internal		1
N_705	internal		3
N_7053	internal		4
N_7055	internal		23
N_7058	internal		15
N_706	internal		260
N_7063	internal		25
N_7065	internal		4
N_7070	internal		21
N_7071	internal		8
N_7075	internal		4
N_7076	internal		9
N_7077	internal		3
N_7080	internal		21
N_7081	internal		1
N_7082	internal		2
N_7087	internal		3
N_709	internal		5
N_7090	internal		2
N_7093	internal		15
N_7096	internal		1836
N_7097	internal		8
N_7098	internal		5
N_710	internal		221
N_7103	internal		6
N_7104	internal		4
N_7105	internal		11
N_7109	internal		19
N_7111	internal		7
N_7114	internal		13
N_7119	internal		1
N_7130	internal		4
N_7132	internal		4
N_7134	internal		2
N_7137	internal		2
N_7139	internal		1
N_7140	internal		8
N_7141	internal		7
N_7146	internal		14
N_716	internal		18
N_7161	internal		20
N_7164	internal		205
N_7166	internal		6
N_7182	internal		7
N_7183	internal		32
N_719	internal		3
N_7196	internal		3
N_7198	internal		12
N_72	internal		52
N_7201	internal		16
N_7203	internal		6
N_7210	internal		23
N_7221	internal		2
N_7223	internal		32
N_7226	internal		5
N_7228	internal		11
N_723	internal		4
N_7231	internal		2
N_7233	internal		2
N_7234	internal		3
N_7236	internal		8
N_7240	internal		8
N_7244	internal		2
N_7246	internal		5
N_7249	internal		5
N_725	internal		1
N_7250	internal		1
N_7253	internal		2
N_7256	internal		6
N_7257	internal		3
N_7260	internal		1
N_7261	internal		5
N_7266	internal		3947
N_727	internal		1
N_7272	internal		12
N_7275	internal		1434
N_7277	internal		2
N_7279	internal		1395
N_728	internal		1521
N_7282	internal		513
N_7296	internal		1485
N_7297	internal		6
N_7301	internal		4
N_7305	internal		9
N_7309	internal		6
N_7310	internal		2
N_7311	internal		22
N_7313	internal		1
N_7314	internal		8
N_7316	internal		5
N_732	internal		6
N_7320	internal		2
N_7326	internal		1
N_7330	internal		2
N_7333	internal		1
N_7337	internal		2
N_7338	internal		2
N_7343	internal		2
N_7347	internal		2
N_7348	internal		3
N_735	internal		5
N_7352	internal		207
N_7357	internal		7
N_7359	internal		6
N_7360	internal		3
N_7363	internal		1
N_7365	internal		4
N_7372	internal		8
N_7379	internal		8
N_7382	internal		4
N_739	internal		2
N_7391	internal		7
N_7392	internal		4
N_7393	internal		2
N_7398	internal		16
N_740	internal		2
N_7400	internal		6
N_7401	internal		3
N_7405	internal		1
N_7407	internal		2
N_7410	internal		4
N_7416	internal		55
N_7417	internal		413
N_742	internal		3
N_7424	internal		3
N_743	internal		2697
N_7430	internal		1
N_7431	internal		10
N_7435	internal		14
N_7436	internal		2
N_7438	internal		2
N_7444	internal		4
N_7445	internal		1
N_7448	internal		9
N_746	internal		4
N_7462	internal		9
N_7464	internal		13
N_7465	internal		4
N_7469	internal		19
N_747	internal		2
N_7470	internal		6
N_7474	internal		5
N_7477	internal		9
N_7481	internal		6
N_7483	internal		2
N_7486	internal		4
N_7489	internal		2
N_749	internal		5
N_7490	internal		1
N_7497	internal		227
N_750	internal		4
N_7500	internal		16
N_7501	internal		4
N_7506	internal		1214
N_7508	internal		4
N_7512	internal		2
N_7514	internal		6
N_7515	internal		6
N_7519	internal		2
N_752	internal		221
N_7521	internal		440
N_7523	internal		738
N_7527	internal		1
N_7529	internal		20
N_753	internal		1100
N_7535	internal		2
N_7537	internal		6
N_7538	internal		9
N_7539	internal		1
N_7543	internal		2
N_7546	internal		10
N_7547	internal		7
N_7561	internal		2
N_7564	internal		4
N_7566	internal		2
N_7568	internal		3
N_7570	internal		7
N_7571	internal		2
N_7577	internal		10
N_758	internal		1676
N_759	internal		195
N_7591	internal		2
N_7594	internal		10
N_76	internal		3
N_7605	internal		1
N_7608	internal		28
N_7610	internal		1
N_7612	internal		2
N_7614	internal		1
N_762	internal		1071
N_7620	internal		3
N_7623	internal		8
N_7624	internal		2
N_7626	internal		1
N_7628	internal		41
N_7629	internal		1
N_7631	internal		1
N_7634	internal		5
N_7638	internal		15
N_7640	internal		4
N_7641	internal		2
N_7648	internal		16
N_7649	internal		350
N_7652	internal		11
N_7655	internal		22
N_7661	internal		1
N_7671	internal		1
N_7678	internal		5
N_768	internal		7
N_7682	internal		7
N_7683	internal		2
N_7689	internal		1
N_7696	internal		159
N_77	internal		12
N_7728	internal		167
N_773	internal		804
N_7734	internal		3
N_7737	internal		2
N_774	internal		496
N_7740	internal		153
N_7743	internal		74
N_7746	internal		432
N_7749	internal		7
N_7750	internal		4
N_7755	internal		26
N_7758	internal		7
N_7759	internal		2
N_7760	internal		2
N_7761	internal		1414
N_7765	internal		16
N_7766	internal		1
N_7770	internal		6
N_7772	internal		1
N_7775	internal		18
N_7776	internal		3
N_7777	internal		1
N_7778	internal		389
N_7785	internal		8
N_7796	internal		6
N_7800	internal		6
N_7803	internal		8
N_7805	internal		1
N_7808	internal		4
N_7812	internal		3
N_7817	internal		4
N_7820	internal		3
N_7823	internal		3
N_7829	internal		13
N_7830	internal		4
N_7831	internal		4
N_7833	internal		24
N_7834	internal		5
N_7837	internal		17
N_784	internal		6
N_7841	internal		34
N_7844	internal		204
N_7845	internal		10
N_7847	internal		156
N_7851	internal		7
N_786	internal		12
N_7860	internal		6
N_7861	internal		2
N_7871	internal		189
N_7872	internal		3
N_7875	internal		8
N_7876	internal		7
N_7877	internal		2
N_7881	internal		3
N_7884	internal		13
N_7885	internal		169
N_7888	internal		131
N_7889	internal		296
N_7892	internal		26
N_7896	internal		4
N_79	internal		2
N_7901	internal		2
N_7903	internal		7
N_7908	internal		10
N_7912	internal		1
N_7914	internal		2
N_7919	internal		7
N_7924	internal		5
N_7927	internal		1
N_7932	internal		2
N_7933	internal		2
N_7936	internal		5
N_794	internal		155
N_7940	internal		2
N_7943	internal		263
N_7944	internal		3
N_7971	internal		763
N_7974	internal		7
N_7977	internal		11
N_7979	internal		184
N_798	internal		3
N_7982	internal		8
N_7984	internal		4
N_7989	internal		1
N_7993	internal		5
N_7994	internal		4
N_7998	internal		9
N_80	internal		35
N_8003	internal		5
N_8007	internal		3
N_8011	internal		496
N_8023	internal		1
N_8030	internal		5
N_8032	internal		126
N_8034	internal		4
N_8039	internal		139
N_804	internal		6
N_8041	internal		47
N_8044	internal		3
N_805	internal		10
N_8050	internal		5
N_8052	internal		245
N_8054	internal		5
N_8055	internal		3
N_8057	internal		1
N_8060	internal		10
N_8062	internal		3
N_807	internal		5
N_8077	internal		5
N_8080	internal		9
N_8081	internal		376
N_8083	internal		2
N_8091	internal		136
N_8093	internal		3
N_8095	internal		26
N_8098	internal		14
N_8099	internal		3
N_8104	internal		6
N_8107	internal		2
N_8109	internal		475
N_811	internal		8
N_8112	internal		10
N_8113	internal		8
N_8114	internal		13
N_8116	internal		22
N_8121	internal		4
N_8123	internal		2
N_8126	internal		10
N_8128	internal		19
N_8129	internal		4
N_813	internal		2
N_8133	internal		4
N_8135	internal		1
N_8137	internal		6
N_814	internal		7
N_8140	internal		9
N_8141	internal		270
N_815	internal		809
N_8152	internal		5146
N_8156	internal		2
N_816	internal		1453
N_8162	internal		5
N_8166	internal		929
N_8171	internal		1
N_8172	internal		2
N_8174	internal		1
N_8179	internal		2
N_819	internal		1554
N_8196	internal		3
N_820	internal		384
N_8218	internal		6
N_8226	internal		1
N_823	internal		14
N_8231	internal		3
N_8233	internal		2
N_8234	internal		1
N_8236	internal		6
N_8239	internal		7
N_8240	internal		14
N_8243	internal		3
N_8244	internal		5134
N_8262	internal		5
N_8269	internal		6
N_827	internal		15
N_8277	internal		1
N_8281	internal		2
N_8285	internal		6
N_8288	internal		1
N_829	internal		7
N_8292	internal		7
N_8296	internal		1
N_8298	internal		4
N_830	internal		4
N_8300	internal		3
N_8304	internal		4
N_8306	internal		2
N_8315	internal		2
N_8318	internal		4
N_8319	internal		3
N_8322	internal		3
N_8327	internal		1
N_8328	internal		6
N_8335	internal		6
N_834	internal		12
N_8341	internal		2
N_8345	internal		7
N_8351	internal		2
N_8366	internal		7
N_8368	internal		1
N_837	internal		12
N_8373	internal		1
N_8377	internal		3
N_8383	internal		3
N_8386	internal		8
N_8388	internal		2
N_8397	internal		4
N_8405	internal		3
N_8407	internal		196
N_8408	internal		8
N_841	internal		307
N_8413	internal		4
N_8418	internal		17
N_842	internal		5
N_8423	internal		2
N_8426	internal		6
N_843	internal		12
N_8432	internal		4
N_8435	internal		4
N_8450	internal		4
N_8452	internal		2
N_8457	internal		1
N_846	internal		19
N_8467	internal		4
N_8469	internal		5
N_847	internal		998
N_8477	internal		20
N_8479	internal		6
N_848	internal		142
N_8481	internal		12
N_8483	internal		1
N_8489	internal		11
N_8491	internal		11
N_8494	internal		10
N_8498	internal		4
N_8500	internal		1
N_8504	internal		2
N_8506	internal		4
N_8507	internal		2
N_8514	internal		2
N_8537	internal		3
N_8539	internal		2
N_8540	internal		700
N_8546	internal		9
N_8548	internal		3
N_8549	internal		141
N_855	internal		8
N_8555	internal		6
N_8563	internal		2
N_8566	internal		1
N_857	internal		11
N_8570	internal		145
N_8571	internal		30
N_8572	internal		7
N_858	internal		14
N_8580	internal		16
N_8581	internal		2
N_8584	internal		5556
N_8588	internal		7
N_8590	internal		4
N_8594	internal		4
N_8595	internal		2
N_8607	internal		4
N_861	internal		16
N_8612	internal		5
N_8615	internal		2
N_862	internal		8
N_8621	internal		6
N_8624	internal		8
N_8627	internal		196
N_8628	internal		9
N_864	internal		8
N_8640	internal		5
N_8651	internal		2
N_8654	internal		2
N_8655	internal		4
N_8659	internal		3
N_8666	internal		2
N_8667	internal		4
N_8671	internal		10
N_8673	internal		4
N_8679	internal		5
N_868	internal		9
N_8682	internal		5
N_8686	internal		5
N_869	internal		98
N_8691	internal		7
N_8693	internal		2
N_8696	internal		11
N_8698	internal		4
N_87	internal		5
N_8706	internal		2
N_871	internal		915
N_8710	internal		3
N_8714	internal		3
N_8717	internal		5
N_8720	internal		1
N_8725	internal		1
N_8726	internal		2
N_8729	internal		3
N_873	internal		50
N_8734	internal		4
N_8738	internal		2
N_874	internal		69
N_8743	internal		2
N_8751	internal		1
N_877	internal		623
N_8770	internal		1
N_8781	internal		1
N_8802	internal		3
N_8807	internal		6
N_881	internal		6
N_8810	internal		11
N_8811	internal		2
N_8817	internal		8
N_8821	internal		13
N_8840	internal		10
N_8841	internal		6
N_8847	internal		3
N_8850	internal		12
N_8855	internal		1
N_8857	internal		3
N_8858	internal		2
N_8859	internal		2
N_886	internal		1
N_8861	internal		2
N_8864	internal		6
N_8872	internal		11
N_8873	internal		576
N_8888	internal		380
N_889	internal		1
N_8892	internal		854
N_8893	internal		6432
N_8896	internal		5
N_8902	internal		7
N_8906	internal		9
N_8911	internal		2616
N_8914	internal		2616
N_8915	internal		6
N_8923	internal		3
N_8924	internal		564
N_8926	internal		4
N_8929	internal		4
N_893	internal		2
N_8936	internal		4
N_894	internal		481
N_8943	internal		4
N_8948	internal		1
N_8960	internal		5
N_8961	internal		2
N_8964	internal		186
N_8965	internal		2
N_8966	internal		14
N_897	internal		604
N_8973	internal		20
N_8974	internal		12
N_8977	internal		2
N_8978	internal		204
N_8979	internal		6
N_8988	internal		1
N_899	internal		2
N_9	internal		924
N_9006	internal		8
N_9018	internal		194
N_902	internal		50
N_9021	internal		4
N_9026	internal		5
N_9034	internal		5
N_9039	internal		1
N_9041	internal		535
N_9048	internal		3
N_905	internal		1128
N_9053	internal		3
N_9054	internal		4
N_906	internal		2
N_9063	internal		3
N_9072	internal		1
N_908	internal		12
N_9086	internal		2845
N_9096	internal		4
N_9097	internal		2
N_9100	internal		2
N_9110	internal		8
N_9111	internal		182
N_9114	internal		6
N_9132	internal		1
N_9160	internal		2
N_9163	internal		162
N_9168	internal		1
N_9171	internal		165
N_9178	internal		164
N_9182	internal		2
N_9187	internal		1
N_9193	internal		4
N_92	internal		37
N_9200	internal		2
N_9208	internal		1
N_9213	internal		1
N_9216	internal		3
N_922	internal		8
N_923	internal		381
N_9244	internal		391
N_9247	internal		188
N_926	internal		40
N_9273	internal		393
N_93	internal		6
N_930	internal		92
N_9305	internal		609
N_931	internal		2179
N_9314	internal		12
N_9319	internal		1
N_9323	internal		12
N_933	internal		281
N_9330	internal		186
N_9351	internal		2
N_9360	internal		14
N_937	internal		3
N_938	internal		282
N_9383	internal		164
N_939	internal		2125
N_9394	internal		1
N_9398	internal		23
N_9403	internal		606
N_942	internal		49
N_944	internal		40
N_945	internal		12
N_946	internal		386
N_9465	internal		8
N_9468	internal		163
N_9470	internal		6
N_9478	internal		5
N_9483	internal		5
N_949	internal		5616
N_9491	internal		4
N_9494	internal		1
N_9498	internal		7
N_9507	internal		2
N_9512	internal		1
N_9521	internal		1
N_9530	internal		1
N_9538	internal		2
N_9541	internal		2
N_958	internal		8
N_96	internal		174
N_9606	internal		2227
N_9621	internal		90
N_9625	internal		1
N_9634	internal		190
N_964	internal		5
N_9640	internal		3
N_9643	internal		8
N_9647	internal		566
N_9650	internal		4
N_9656	internal		8
N_9662	internal		2
N_9673	internal		1
N_9677	internal		1
N_9685	internal		2
N_9693	internal		15
N_9705	internal		18
N_9709	internal		395
N_9716	internal		8774
N_9719	internal		6
N_9723	internal		4
N_9724	internal		1467
N_9725	internal		2
N_9730	internal		1
N_9740	internal		2
N_9741	internal		1
N_9747	internal		4
N_9748	internal		6
N_9750	internal		10
N_9755	internal		6
N_9769	internal		4
N_9776	internal		1
N_9782	internal		5
N_9815	internal		4
N_9818	internal		7
N_9824	internal		3
N_9831	internal		5
N_9832	internal		2
N_9839	internal		4
N_9841	internal		1
N_9842	internal		2
N_9846	internal		10
N_9870	internal		2
N_9873	internal		1
N_9887	internal		5
N_9889	internal		15
N_9893	internal		7
N_9897	internal		1
N_9898	internal		1
N_9899	internal		3
N_99	internal		3
N_9904	internal		1
N_9914	internal		1
N_9926	internal		5
N_9929	internal		4
N_9943	internal		3
N_9960	internal		6
N_9971	internal		6
N_9974	internal		2
N_9975	internal		1
N_9976	internal		2
N_9981	internal		9
N_9983	internal		2
N_9994	internal		6
N_9996	internal		7
SRR10012082.result.fastq	leaf	SRR10012082	4
SRR10012083.result.fastq	leaf	SRR10012083	116
SRR10127054.result.fastq	leaf	SRR10127054	5
SRR10127055.result.fastq	leaf	SRR10127055	9
SRR10276614.result.fastq	leaf	SRR10276614	7
SRR10276619.result.fastq	leaf	SRR10276619	1
SRR10276621.result.fastq	leaf	SRR10276621	11
SRR10276622.result.fastq	leaf	SRR10276622	5
SRR10276623.result.fastq	leaf	SRR10276623	7
SRR10276624.result.fastq	leaf	SRR10276624	3
SRR10276625.result.fastq	leaf	SRR10276625	1
SRR10276626.result.fastq	leaf	SRR10276626	9
SRR10276630.result.fastq	leaf	SRR10276630	2
SRR10276631.result.fastq	leaf	SRR10276631	2
SRR10276632.result.fastq	leaf	SRR10276632	1
SRR10276635.result.fastq	leaf	SRR10276635	7
SRR10276640.result.fastq	leaf	SRR10276640	7
SRR10276641.result.fastq	leaf	SRR10276641	7
SRR1030454.result.fastq	leaf	SRR1030454	6
SRR10413445.result.fastq	leaf	SRR10413445	1
SRR10413448.result.fastq	leaf	SRR10413448	1
SRR10413449.result.fastq	leaf	SRR10413449	1
SRR10544847.result.fastq	leaf	SRR10544847	1
SRR10544884.result.fastq	leaf	SRR10544884	1
SRR10544885.result.fastq	leaf	SRR10544885	1
SRR10544886.result.fastq	leaf	SRR10544886	2
SRR11096069.result.fastq	leaf	SRR11096069	3
SRR11096073.result.fastq	leaf	SRR11096073	2
SRR11096074.result.fastq	leaf	SRR11096074	1
SRR11096075.result.fastq	leaf	SRR11096075	2
SRR11096076.result.fastq	leaf	SRR11096076	4
SRR11096079.result.fastq	leaf	SRR11096079	2
SRR11096080.result.fastq	leaf	SRR11096080	1
SRR11096083.result.fastq	leaf	SRR11096083	1
SRR11096085.result.fastq	leaf	SRR11096085	22
SRR11096086.result.fastq	leaf	SRR11096086	3
SRR11096090.result.fastq	leaf	SRR11096090	1
SRR11096091.result.fastq	leaf	SRR11096091	2
SRR11096092.result.fastq	leaf	SRR11096092	2
SRR11096093.result.fastq	leaf	SRR11096093	3
SRR11096094.result.fastq	leaf	SRR11096094	4
SRR11096099.result.fastq	leaf	SRR11096099	28
SRR11096103.result.fastq	leaf	SRR11096103	2
SRR11096104.result.fastq	leaf	SRR11096104	2
SRR11096105.result.fastq	leaf	SRR11096105	3
SRR11248249.result.fastq	leaf	SRR11248249	1
SRR11248250.result.fastq	leaf	SRR11248250	13
SRR11248252.result.fastq	leaf	SRR11248252	3
SRR11248254.result.fastq	leaf	SRR11248254	9
SRR11248256.result.fastq	leaf	SRR11248256	2
SRR11248259.result.fastq	leaf	SRR11248259	1
SRR11248260.result.fastq	leaf	SRR11248260	1
SRR11248261.result.fastq	leaf	SRR11248261	16
SRR11248263.result.fastq	leaf	SRR11248263	6
SRR11248264.result.fastq	leaf	SRR11248264	7
SRR11248266.result.fastq	leaf	SRR11248266	7
SRR11248267.result.fastq	leaf	SRR11248267	1
SRR11248268.result.fastq	leaf	SRR11248268	1
SRR11248269.result.fastq	leaf	SRR11248269	1
SRR11248271.result.fastq	leaf	SRR11248271	15
SRR11248272.result.fastq	leaf	SRR11248272	3
SRR11248273.result.fastq	leaf	SRR11248273	14
SRR11248275.result.fastq	leaf	SRR11248275	2
SRR11248277.result.fastq	leaf	SRR11248277	1
SRR11248280.result.fastq	leaf	SRR11248280	3
SRR11248281.result.fastq	leaf	SRR11248281	8
SRR11248282.result.fastq	leaf	SRR11248282	1
SRR11248283.result.fastq	leaf	SRR11248283	1
SRR11248284.result.fastq	leaf	SRR11248284	4
SRR11248289.result.fastq	leaf	SRR11248289	3
SRR11248292.result.fastq	leaf	SRR11248292	1
SRR11248297.result.fastq	leaf	SRR11248297	13
SRR11248298.result.fastq	leaf	SRR11248298	1
SRR11248299.result.fastq	leaf	SRR11248299	1704
SRR11248300.result.fastq	leaf	SRR11248300	2338
SRR11248301.result.fastq	leaf	SRR11248301	2
SRR11248302.result.fastq	leaf	SRR11248302	1
SRR11248312.result.fastq	leaf	SRR11248312	2
SRR11248314.result.fastq	leaf	SRR11248314	4
SRR11248316.result.fastq	leaf	SRR11248316	3
SRR11248317.result.fastq	leaf	SRR11248317	1
SRR11248318.result.fastq	leaf	SRR11248318	1
SRR11483043.result.fastq	leaf	SRR11483043	27
SRR11483047.result.fastq	leaf	SRR11483047	1
SRR11483048.result.fastq	leaf	SRR11483048	298
SRR11483049.result.fastq	leaf	SRR11483049	3
SRR11521735.result.fastq	leaf	SRR11521735	58
SRR11521736.result.fastq	leaf	SRR11521736	2
SRR11521737.result.fastq	leaf	SRR11521737	2
SRR11521742.result.fastq	leaf	SRR11521742	28
SRR11521751.result.fastq	leaf	SRR11521751	2
SRR11521752.result.fastq	leaf	SRR11521752	1
SRR11521755.result.fastq	leaf	SRR11521755	24
SRR11554749.result.fastq	leaf	SRR11554749	9
SRR11554750.result.fastq	leaf	SRR11554750	1
SRR11554751.result.fastq	leaf	SRR11554751	8
SRR11554752.result.fastq	leaf	SRR11554752	6
SRR11589117.result.fastq	leaf	SRR11589117	7
SRR11589118.result.fastq	leaf	SRR11589118	1
SRR11589119.result.fastq	leaf	SRR11589119	27
SRR11589120.result.fastq	leaf	SRR11589120	56
SRR11589121.result.fastq	leaf	SRR11589121	10
SRR11589122.result.fastq	leaf	SRR11589122	4831
SRR11589125.result.fastq	leaf	SRR11589125	1657
SRR11589127.result.fastq	leaf	SRR11589127	10
SRR11589129.result.fastq	leaf	SRR11589129	1
SRR11589130.result.fastq	leaf	SRR11589130	6
SRR11589131.result.fastq	leaf	SRR11589131	1
SRR11589132.result.fastq	leaf	SRR11589132	1
SRR11589133.result.fastq	leaf	SRR11589133	19
SRR11589134.result.fastq	leaf	SRR11589134	2
SRR11589135.result.fastq	leaf	SRR11589135	376
SRR11589137.result.fastq	leaf	SRR11589137	5
SRR11589139.result.fastq	leaf	SRR11589139	5
SRR11589142.result.fastq	leaf	SRR11589142	2
SRR11589143.result.fastq	leaf	SRR11589143	4
SRR11589144.result.fastq	leaf	SRR11589144	15
SRR11589145.result.fastq	leaf	SRR11589145	63
SRR11589147.result.fastq	leaf	SRR11589147	66
SRR11589151.result.fastq	leaf	SRR11589151	6
SRR11589152.result.fastq	leaf	SRR11589152	27
SRR11589153.result.fastq	leaf	SRR11589153	21
SRR11589154.result.fastq	leaf	SRR11589154	7
SRR11589155.result.fastq	leaf	SRR11589155	1473
SRR11589158.result.fastq	leaf	SRR11589158	1
SRR11589159.result.fastq	leaf	SRR11589159	3
SRR11589160.result.fastq	leaf	SRR11589160	8
SRR11589161.result.fastq	leaf	SRR11589161	19
SRR11589162.result.fastq	leaf	SRR11589162	6
SRR11589163.result.fastq	leaf	SRR11589163	9
SRR11589165.result.fastq	leaf	SRR11589165	1
SRR11589167.result.fastq	leaf	SRR11589167	1
SRR11589169.result.fastq	leaf	SRR11589169	21
SRR11589170.result.fastq	leaf	SRR11589170	3
SRR11589171.result.fastq	leaf	SRR11589171	257
SRR11589172.result.fastq	leaf	SRR11589172	3
SRR11589173.result.fastq	leaf	SRR11589173	4
SRR11589174.result.fastq	leaf	SRR11589174	127
SRR11589175.result.fastq	leaf	SRR11589175	28
SRR11589176.result.fastq	leaf	SRR11589176	4
SRR11589177.result.fastq	leaf	SRR11589177	1
SRR11589178.result.fastq	leaf	SRR11589178	5
SRR11589182.result.fastq	leaf	SRR11589182	247
SRR11589183.result.fastq	leaf	SRR11589183	2
SRR11589184.result.fastq	leaf	SRR11589184	692
SRR11589186.result.fastq	leaf	SRR11589186	9
SRR11589187.result.fastq	leaf	SRR11589187	3
SRR11589192.result.fastq	leaf	SRR11589192	6
SRR11589196.result.fastq	leaf	SRR11589196	31
SRR11589199.result.fastq	leaf	SRR11589199	9
SRR11589202.result.fastq	leaf	SRR11589202	2200
SRR11589205.result.fastq	leaf	SRR11589205	5
SRR11589206.result.fastq	leaf	SRR11589206	13
SRR11589207.result.fastq	leaf	SRR11589207	7
SRR11589208.result.fastq	leaf	SRR11589208	18
SRR11589218.result.fastq	leaf	SRR11589218	5
SRR11589219.result.fastq	leaf	SRR11589219	105
SRR11589220.result.fastq	leaf	SRR11589220	10
SRR11589225.result.fastq	leaf	SRR11589225	2
SRR11589238.result.fastq	leaf	SRR11589238	380
SRR11589240.result.fastq	leaf	SRR11589240	5
SRR11589245.result.fastq	leaf	SRR11589245	1
SRR11589248.result.fastq	leaf	SRR11589248	9
SRR11589249.result.fastq	leaf	SRR11589249	8
SRR11589251.result.fastq	leaf	SRR11589251	24
SRR11589252.result.fastq	leaf	SRR11589252	4
SRR11589255.result.fastq	leaf	SRR11589255	2
SRR11589256.result.fastq	leaf	SRR11589256	1
SRR11589257.result.fastq	leaf	SRR11589257	4
SRR11589258.result.fastq	leaf	SRR11589258	1
SRR11589262.result.fastq	leaf	SRR11589262	1
SRR11589272.result.fastq	leaf	SRR11589272	8
SRR11589277.result.fastq	leaf	SRR11589277	3
SRR11589278.result.fastq	leaf	SRR11589278	6
SRR11589279.result.fastq	leaf	SRR11589279	2508
SRR11589281.result.fastq	leaf	SRR11589281	7
SRR11589282.result.fastq	leaf	SRR11589282	2089
SRR11637838.result.fastq	leaf	SRR11637838	1
SRR11676270.result.fastq	leaf	SRR11676270	2
SRR11676271.result.fastq	leaf	SRR11676271	27
SRR11725217.result.fastq	leaf	SRR11725217	14
SRR11725225.result.fastq	leaf	SRR11725225	2
SRR11725228.result.fastq	leaf	SRR11725228	4
SRR11725229.result.fastq	leaf	SRR11725229	1
SRR11725232.result.fastq	leaf	SRR11725232	892
SRR11725233.result.fastq	leaf	SRR11725233	6
SRR11725234.result.fastq	leaf	SRR11725234	1
SRR11725236.result.fastq	leaf	SRR11725236	24
SRR11725237.result.fastq	leaf	SRR11725237	3
SRR11725239.result.fastq	leaf	SRR11725239	2
SRR11725243.result.fastq	leaf	SRR11725243	43
SRR11725244.result.fastq	leaf	SRR11725244	1
SRR11725248.result.fastq	leaf	SRR11725248	3
SRR11725249.result.fastq	leaf	SRR11725249	1
SRR11725252.result.fastq	leaf	SRR11725252	6
SRR11725253.result.fastq	leaf	SRR11725253	2
SRR11725254.result.fastq	leaf	SRR11725254	3
SRR11725259.result.fastq	leaf	SRR11725259	17
SRR11725264.result.fastq	leaf	SRR11725264	5
SRR11725269.result.fastq	leaf	SRR11725269	2
SRR11725290.result.fastq	leaf	SRR11725290	9
SRR11725300.result.fastq	leaf	SRR11725300	6
SRR11725301.result.fastq	leaf	SRR11725301	2
SRR11725303.result.fastq	leaf	SRR11725303	23
SRR11725304.result.fastq	leaf	SRR11725304	9
SRR11725308.result.fastq	leaf	SRR11725308	2
SRR11725309.result.fastq	leaf	SRR11725309	26
SRR11725313.result.fastq	leaf	SRR11725313	15
SRR11725314.result.fastq	leaf	SRR11725314	32
SRR11725316.result.fastq	leaf	SRR11725316	1025
SRR11725317.result.fastq	leaf	SRR11725317	1
SRR11725323.result.fastq	leaf	SRR11725323	3
SRR11725332.result.fastq	leaf	SRR11725332	1
SRR11725333.result.fastq	leaf	SRR11725333	2
SRR11725334.result.fastq	leaf	SRR11725334	2
SRR11725335.result.fastq	leaf	SRR11725335	1
SRR11746217.result.fastq	leaf	SRR11746217	1
SRR11746218.result.fastq	leaf	SRR11746218	2
SRR11746219.result.fastq	leaf	SRR11746219	2
SRR11746220.result.fastq	leaf	SRR11746220	1
SRR11746221.result.fastq	leaf	SRR11746221	6
SRR11746222.result.fastq	leaf	SRR11746222	2
SRR11746223.result.fastq	leaf	SRR11746223	3
SRR11746226.result.fastq	leaf	SRR11746226	7
SRR11746227.result.fastq	leaf	SRR11746227	1
SRR11746231.result.fastq	leaf	SRR11746231	1
SRR11746232.result.fastq	leaf	SRR11746232	3
SRR11746236.result.fastq	leaf	SRR11746236	1
SRR11746237.result.fastq	leaf	SRR11746237	2
SRR11746238.result.fastq	leaf	SRR11746238	1
SRR11746239.result.fastq	leaf	SRR11746239	1
SRR11746240.result.fastq	leaf	SRR11746240	1
SRR11746241.result.fastq	leaf	SRR11746241	5
SRR11746264.result.fastq	leaf	SRR11746264	1
SRR11746265.result.fastq	leaf	SRR11746265	1
SRR11746271.result.fastq	leaf	SRR11746271	1
SRR11746278.result.fastq	leaf	SRR11746278	2
SRR11746285.result.fastq	leaf	SRR11746285	2
SRR11746286.result.fastq	leaf	SRR11746286	4
SRR11746287.result.fastq	leaf	SRR11746287	1
SRR11746288.result.fastq	leaf	SRR11746288	1
SRR11746289.result.fastq	leaf	SRR11746289	2
SRR11746294.result.fastq	leaf	SRR11746294	3
SRR11746299.result.fastq	leaf	SRR11746299	2
SRR11746300.result.fastq	leaf	SRR11746300	3
SRR11792720.result.fastq	leaf	SRR11792720	300
SRR11977867.result.fastq	leaf	SRR11977867	6
SRR11977868.result.fastq	leaf	SRR11977868	9
SRR11977869.result.fastq	leaf	SRR11977869	4
SRR1200546.result.fastq	leaf	SRR1200546	14
SRR1200547.result.fastq	leaf	SRR1200547	14
SRR1200598.result.fastq	leaf	SRR1200598	2
SRR12008579.result.fastq	leaf	SRR12008579	5
SRR12008580.result.fastq	leaf	SRR12008580	2
SRR12008581.result.fastq	leaf	SRR12008581	3
SRR12008583.result.fastq	leaf	SRR12008583	22
SRR12008584.result.fastq	leaf	SRR12008584	14
SRR12008585.result.fastq	leaf	SRR12008585	2
SRR12008586.result.fastq	leaf	SRR12008586	3
SRR12008587.result.fastq	leaf	SRR12008587	315
SRR12008588.result.fastq	leaf	SRR12008588	317
SRR12008589.result.fastq	leaf	SRR12008589	1
SRR12008590.result.fastq	leaf	SRR12008590	5
SRR12008591.result.fastq	leaf	SRR12008591	2
SRR12008592.result.fastq	leaf	SRR12008592	6
SRR12008594.result.fastq	leaf	SRR12008594	316
SRR12008596.result.fastq	leaf	SRR12008596	15
SRR12008597.result.fastq	leaf	SRR12008597	2
SRR12008599.result.fastq	leaf	SRR12008599	1
SRR12008600.result.fastq	leaf	SRR12008600	46
SRR12008601.result.fastq	leaf	SRR12008601	9
SRR12008603.result.fastq	leaf	SRR12008603	4
SRR12008605.result.fastq	leaf	SRR12008605	8
SRR12008606.result.fastq	leaf	SRR12008606	16
SRR12008607.result.fastq	leaf	SRR12008607	316
SRR12008608.result.fastq	leaf	SRR12008608	5
SRR12008609.result.fastq	leaf	SRR12008609	4
SRR12008610.result.fastq	leaf	SRR12008610	5
SRR12008611.result.fastq	leaf	SRR12008611	172
SRR12008612.result.fastq	leaf	SRR12008612	1
SRR12008614.result.fastq	leaf	SRR12008614	1
SRR12008616.result.fastq	leaf	SRR12008616	5
SRR12008617.result.fastq	leaf	SRR12008617	315
SRR12008618.result.fastq	leaf	SRR12008618	315
SRR12008619.result.fastq	leaf	SRR12008619	315
SRR12008621.result.fastq	leaf	SRR12008621	1102
SRR12008622.result.fastq	leaf	SRR12008622	5
SRR12008624.result.fastq	leaf	SRR12008624	1
SRR12008625.result.fastq	leaf	SRR12008625	318
SRR12008626.result.fastq	leaf	SRR12008626	2
SRR12008627.result.fastq	leaf	SRR12008627	223
SRR12008628.result.fastq	leaf	SRR12008628	180
SRR12008629.result.fastq	leaf	SRR12008629	252
SRR12008630.result.fastq	leaf	SRR12008630	2
SRR12008631.result.fastq	leaf	SRR12008631	2
SRR12008633.result.fastq	leaf	SRR12008633	1105
SRR12008634.result.fastq	leaf	SRR12008634	1102
SRR12008635.result.fastq	leaf	SRR12008635	234
SRR12008637.result.fastq	leaf	SRR12008637	1
SRR12008640.result.fastq	leaf	SRR12008640	2
SRR12008641.result.fastq	leaf	SRR12008641	138
SRR12008642.result.fastq	leaf	SRR12008642	3
SRR12008643.result.fastq	leaf	SRR12008643	2721
SRR12008644.result.fastq	leaf	SRR12008644	5
SRR12008645.result.fastq	leaf	SRR12008645	8
SRR12008646.result.fastq	leaf	SRR12008646	5
SRR12008647.result.fastq	leaf	SRR12008647	3
SRR12008648.result.fastq	leaf	SRR12008648	18
SRR12008649.result.fastq	leaf	SRR12008649	5
SRR12009574.result.fastq	leaf	SRR12009574	6
SRR12009594.result.fastq	leaf	SRR12009594	1
SRR12009595.result.fastq	leaf	SRR12009595	2
SRR12009596.result.fastq	leaf	SRR12009596	7
SRR12123480.result.fastq	leaf	SRR12123480	1
SRR12123481.result.fastq	leaf	SRR12123481	1
SRR12286248.result.fastq	leaf	SRR12286248	11
SRR12286368.result.fastq	leaf	SRR12286368	1
SRR12286423.result.fastq	leaf	SRR12286423	4
SRR12286449.result.fastq	leaf	SRR12286449	1
SRR12286544.result.fastq	leaf	SRR12286544	13
SRR12286574.result.fastq	leaf	SRR12286574	7
SRR12286696.result.fastq	leaf	SRR12286696	22
SRR12286725.result.fastq	leaf	SRR12286725	2
SRR12286847.result.fastq	leaf	SRR12286847	11
SRR12352151.result.fastq	leaf	SRR12352151	3
SRR12352160.result.fastq	leaf	SRR12352160	8
SRR12352250.result.fastq	leaf	SRR12352250	1
SRR12352254.result.fastq	leaf	SRR12352254	797
SRR12519080.result.fastq	leaf	SRR12519080	3
SRR12519085.result.fastq	leaf	SRR12519085	3
SRR12519087.result.fastq	leaf	SRR12519087	45
SRR12519088.result.fastq	leaf	SRR12519088	1
SRR12519093.result.fastq	leaf	SRR12519093	37
SRR12519098.result.fastq	leaf	SRR12519098	4
SRR12519101.result.fastq	leaf	SRR12519101	9
SRR12519103.result.fastq	leaf	SRR12519103	3
SRR12519113.result.fastq	leaf	SRR12519113	3
SRR12519115.result.fastq	leaf	SRR12519115	1
SRR12519118.result.fastq	leaf	SRR12519118	3
SRR12519155.result.fastq	leaf	SRR12519155	7
SRR12519157.result.fastq	leaf	SRR12519157	11
SRR12519161.result.fastq	leaf	SRR12519161	1
SRR12519163.result.fastq	leaf	SRR12519163	4
SRR12519165.result.fastq	leaf	SRR12519165	2
SRR12519167.result.fastq	leaf	SRR12519167	3
SRR12519171.result.fastq	leaf	SRR12519171	3
SRR12519172.result.fastq	leaf	SRR12519172	3
SRR12519173.result.fastq	leaf	SRR12519173	12
SRR12519189.result.fastq	leaf	SRR12519189	2
SRR12519190.result.fastq	leaf	SRR12519190	2
SRR12519191.result.fastq	leaf	SRR12519191	3
SRR12519192.result.fastq	leaf	SRR12519192	3
SRR12519193.result.fastq	leaf	SRR12519193	1
SRR12519195.result.fastq	leaf	SRR12519195	3
SRR12519196.result.fastq	leaf	SRR12519196	3
SRR12519197.result.fastq	leaf	SRR12519197	3
SRR12519208.result.fastq	leaf	SRR12519208	1
SRR12519209.result.fastq	leaf	SRR12519209	2
SRR12519213.result.fastq	leaf	SRR12519213	1
SRR12519214.result.fastq	leaf	SRR12519214	3
SRR12743840.result.fastq	leaf	SRR12743840	1
SRR12743843.result.fastq	leaf	SRR12743843	1
SRR12743844.result.fastq	leaf	SRR12743844	1
SRR12743845.result.fastq	leaf	SRR12743845	2
SRR12743848.result.fastq	leaf	SRR12743848	3
SRR12743850.result.fastq	leaf	SRR12743850	3
SRR12743855.result.fastq	leaf	SRR12743855	1
SRR12743856.result.fastq	leaf	SRR12743856	1
SRR12743858.result.fastq	leaf	SRR12743858	4
SRR12743859.result.fastq	leaf	SRR12743859	12
SRR12743862.result.fastq	leaf	SRR12743862	1
SRR12743864.result.fastq	leaf	SRR12743864	3
SRR12743866.result.fastq	leaf	SRR12743866	20
SRR12743869.result.fastq	leaf	SRR12743869	5
SRR12743873.result.fastq	leaf	SRR12743873	1
SRR12743874.result.fastq	leaf	SRR12743874	2
SRR12743875.result.fastq	leaf	SRR12743875	8
SRR12743876.result.fastq	leaf	SRR12743876	1
SRR12743883.result.fastq	leaf	SRR12743883	25
SRR12743884.result.fastq	leaf	SRR12743884	1
SRR12743885.result.fastq	leaf	SRR12743885	2
SRR12743887.result.fastq	leaf	SRR12743887	1
SRR12743888.result.fastq	leaf	SRR12743888	2
SRR12743890.result.fastq	leaf	SRR12743890	1
SRR12743895.result.fastq	leaf	SRR12743895	3
SRR12743914.result.fastq	leaf	SRR12743914	1
SRR12743933.result.fastq	leaf	SRR12743933	1
SRR12743935.result.fastq	leaf	SRR12743935	2
SRR12743941.result.fastq	leaf	SRR12743941	1
SRR12743942.result.fastq	leaf	SRR12743942	3
SRR12743947.result.fastq	leaf	SRR12743947	1
SRR12743950.result.fastq	leaf	SRR12743950	1
SRR12766357.result.fastq	leaf	SRR12766357	80
SRR12865194.result.fastq	leaf	SRR12865194	1
SRR12865196.result.fastq	leaf	SRR12865196	1
SRR12865205.result.fastq	leaf	SRR12865205	2
SRR12865207.result.fastq	leaf	SRR12865207	1
SRR12865208.result.fastq	leaf	SRR12865208	26
SRR12865210.result.fastq	leaf	SRR12865210	14
SRR12889306.result.fastq	leaf	SRR12889306	4
SRR12889310.result.fastq	leaf	SRR12889310	15
SRR12889311.result.fastq	leaf	SRR12889311	8
SRR12889312.result.fastq	leaf	SRR12889312	9
SRR12889313.result.fastq	leaf	SRR12889313	3
SRR12889317.result.fastq	leaf	SRR12889317	3
SRR12889321.result.fastq	leaf	SRR12889321	1
SRR12889324.result.fastq	leaf	SRR12889324	2
SRR12903813.result.fastq	leaf	SRR12903813	3
SRR12903814.result.fastq	leaf	SRR12903814	1
SRR12903815.result.fastq	leaf	SRR12903815	3
SRR12903820.result.fastq	leaf	SRR12903820	1
SRR12903823.result.fastq	leaf	SRR12903823	10
SRR12903838.result.fastq	leaf	SRR12903838	2
SRR12903839.result.fastq	leaf	SRR12903839	1
SRR12903842.result.fastq	leaf	SRR12903842	1
SRR12903843.result.fastq	leaf	SRR12903843	6
SRR12903846.result.fastq	leaf	SRR12903846	1
SRR12903853.result.fastq	leaf	SRR12903853	8
SRR12903856.result.fastq	leaf	SRR12903856	7
SRR12903859.result.fastq	leaf	SRR12903859	1
SRR12903860.result.fastq	leaf	SRR12903860	2
SRR12903862.result.fastq	leaf	SRR12903862	3
SRR12903865.result.fastq	leaf	SRR12903865	606
SRR12903866.result.fastq	leaf	SRR12903866	2
SRR12903870.result.fastq	leaf	SRR12903870	4
SRR12903871.result.fastq	leaf	SRR12903871	6
SRR12903872.result.fastq	leaf	SRR12903872	25
SRR12903873.result.fastq	leaf	SRR12903873	1797
SRR12903876.result.fastq	leaf	SRR12903876	1
SRR12903877.result.fastq	leaf	SRR12903877	10
SRR12903878.result.fastq	leaf	SRR12903878	1
SRR12903880.result.fastq	leaf	SRR12903880	10
SRR12903882.result.fastq	leaf	SRR12903882	275
SRR12903883.result.fastq	leaf	SRR12903883	2
SRR12903886.result.fastq	leaf	SRR12903886	52
SRR12903887.result.fastq	leaf	SRR12903887	11
SRR12916660.result.fastq	leaf	SRR12916660	3
SRR12916663.result.fastq	leaf	SRR12916663	1
SRR13021248.result.fastq	leaf	SRR13021248	4
SRR13021251.result.fastq	leaf	SRR13021251	3
SRR13021253.result.fastq	leaf	SRR13021253	1
SRR13021254.result.fastq	leaf	SRR13021254	4
SRR13057513.result.fastq	leaf	SRR13057513	4
SRR13057514.result.fastq	leaf	SRR13057514	1
SRR13067909.result.fastq	leaf	SRR13067909	3
SRR13069017.result.fastq	leaf	SRR13069017	3
SRR13069023.result.fastq	leaf	SRR13069023	1
SRR13075493.result.fastq	leaf	SRR13075493	3
SRR13085624.result.fastq	leaf	SRR13085624	3
SRR13086328.result.fastq	leaf	SRR13086328	12
SRR13087639.result.fastq	leaf	SRR13087639	3
SRR13088489.result.fastq	leaf	SRR13088489	5
SRR13088492.result.fastq	leaf	SRR13088492	3
SRR13088643.result.fastq	leaf	SRR13088643	1
SRR13088652.result.fastq	leaf	SRR13088652	1
SRR13088882.result.fastq	leaf	SRR13088882	1
SRR13088889.result.fastq	leaf	SRR13088889	13
SRR13088898.result.fastq	leaf	SRR13088898	10
SRR13088899.result.fastq	leaf	SRR13088899	1
SRR13088900.result.fastq	leaf	SRR13088900	9
SRR13118729.result.fastq	leaf	SRR13118729	3
SRR13118741.result.fastq	leaf	SRR13118741	9
SRR13118742.result.fastq	leaf	SRR13118742	1
SRR13118750.result.fastq	leaf	SRR13118750	1
SRR13118752.result.fastq	leaf	SRR13118752	2
SRR13118756.result.fastq	leaf	SRR13118756	1
SRR13118761.result.fastq	leaf	SRR13118761	1
SRR13118764.result.fastq	leaf	SRR13118764	2
SRR13119843.result.fastq	leaf	SRR13119843	1
SRR13129373.result.fastq	leaf	SRR13129373	4
SRR13130399.result.fastq	leaf	SRR13130399	2
SRR13130529.result.fastq	leaf	SRR13130529	5
SRR13130531.result.fastq	leaf	SRR13130531	4
SRR13130532.result.fastq	leaf	SRR13130532	12
SRR13130537.result.fastq	leaf	SRR13130537	3
SRR13145348.result.fastq	leaf	SRR13145348	1
SRR13145349.result.fastq	leaf	SRR13145349	2
SRR1314604.result.fastq	leaf	SRR1314604	1
SRR1314605.result.fastq	leaf	SRR1314605	1
SRR1314606.result.fastq	leaf	SRR1314606	1
SRR1314607.result.fastq	leaf	SRR1314607	1
SRR1314608.result.fastq	leaf	SRR1314608	1
SRR1314609.result.fastq	leaf	SRR1314609	1
SRR1314610.result.fastq	leaf	SRR1314610	1
SRR1314611.result.fastq	leaf	SRR1314611	1
SRR1314618.result.fastq	leaf	SRR1314618	1
SRR1314619.result.fastq	leaf	SRR1314619	1
SRR1314620.result.fastq	leaf	SRR1314620	1
SRR1314626.result.fastq	leaf	SRR1314626	1
SRR1314627.result.fastq	leaf	SRR1314627	1
SRR13156791.result.fastq	leaf	SRR13156791	4
SRR13156849.result.fastq	leaf	SRR13156849	2
SRR13156856.result.fastq	leaf	SRR13156856	2
SRR13156978.result.fastq	leaf	SRR13156978	1
SRR13156981.result.fastq	leaf	SRR13156981	12
SRR13158492.result.fastq	leaf	SRR13158492	5
SRR13158500.result.fastq	leaf	SRR13158500	24
SRR13158503.result.fastq	leaf	SRR13158503	1
SRR13158529.result.fastq	leaf	SRR13158529	9
SRR13158532.result.fastq	leaf	SRR13158532	3
SRR13158551.result.fastq	leaf	SRR13158551	2
SRR13158575.result.fastq	leaf	SRR13158575	2
SRR13158586.result.fastq	leaf	SRR13158586	13
SRR13158587.result.fastq	leaf	SRR13158587	2
SRR13158588.result.fastq	leaf	SRR13158588	1
SRR13158589.result.fastq	leaf	SRR13158589	1
SRR13158593.result.fastq	leaf	SRR13158593	4
SRR13158615.result.fastq	leaf	SRR13158615	7
SRR13158629.result.fastq	leaf	SRR13158629	13
SRR13158635.result.fastq	leaf	SRR13158635	9
SRR13158639.result.fastq	leaf	SRR13158639	2
SRR13158640.result.fastq	leaf	SRR13158640	2
SRR13159141.result.fastq	leaf	SRR13159141	4
SRR13182839.result.fastq	leaf	SRR13182839	1083
SRR13228369.result.fastq	leaf	SRR13228369	1
SRR13228376.result.fastq	leaf	SRR13228376	8
SRR13228378.result.fastq	leaf	SRR13228378	1
SRR13228548.result.fastq	leaf	SRR13228548	3
SRR13228549.result.fastq	leaf	SRR13228549	1
SRR13228552.result.fastq	leaf	SRR13228552	3
SRR13228556.result.fastq	leaf	SRR13228556	1
SRR13228557.result.fastq	leaf	SRR13228557	10
SRR13228558.result.fastq	leaf	SRR13228558	12
SRR13228567.result.fastq	leaf	SRR13228567	2
SRR13228568.result.fastq	leaf	SRR13228568	4
SRR13228570.result.fastq	leaf	SRR13228570	1
SRR13228571.result.fastq	leaf	SRR13228571	1
SRR13228572.result.fastq	leaf	SRR13228572	2
SRR13228573.result.fastq	leaf	SRR13228573	1
SRR13302058.result.fastq	leaf	SRR13302058	527
SRR13302059.result.fastq	leaf	SRR13302059	388
SRR13302060.result.fastq	leaf	SRR13302060	6
SRR13327180.result.fastq	leaf	SRR13327180	3
SRR13327181.result.fastq	leaf	SRR13327181	4
SRR13327183.result.fastq	leaf	SRR13327183	2
SRR13327185.result.fastq	leaf	SRR13327185	2
SRR13327187.result.fastq	leaf	SRR13327187	2
SRR13327188.result.fastq	leaf	SRR13327188	2179
SRR13327189.result.fastq	leaf	SRR13327189	2
SRR13327190.result.fastq	leaf	SRR13327190	2
SRR13327191.result.fastq	leaf	SRR13327191	4
SRR13327193.result.fastq	leaf	SRR13327193	214
SRR13327196.result.fastq	leaf	SRR13327196	4
SRR13327197.result.fastq	leaf	SRR13327197	31
SRR13327198.result.fastq	leaf	SRR13327198	5
SRR13327199.result.fastq	leaf	SRR13327199	841
SRR13327201.result.fastq	leaf	SRR13327201	9
SRR13327203.result.fastq	leaf	SRR13327203	8
SRR13327204.result.fastq	leaf	SRR13327204	1
SRR13327206.result.fastq	leaf	SRR13327206	4
SRR13327207.result.fastq	leaf	SRR13327207	2
SRR13327208.result.fastq	leaf	SRR13327208	7
SRR13362822.result.fastq	leaf	SRR13362822	2
SRR13362823.result.fastq	leaf	SRR13362823	1
SRR13362825.result.fastq	leaf	SRR13362825	2
SRR13362826.result.fastq	leaf	SRR13362826	4
SRR13362830.result.fastq	leaf	SRR13362830	3
SRR13362831.result.fastq	leaf	SRR13362831	3
SRR13362832.result.fastq	leaf	SRR13362832	1
SRR13362833.result.fastq	leaf	SRR13362833	1
SRR13362839.result.fastq	leaf	SRR13362839	3
SRR13362845.result.fastq	leaf	SRR13362845	12
SRR13362850.result.fastq	leaf	SRR13362850	6
SRR13362851.result.fastq	leaf	SRR13362851	1
SRR13362852.result.fastq	leaf	SRR13362852	3
SRR13362854.result.fastq	leaf	SRR13362854	1
SRR13362858.result.fastq	leaf	SRR13362858	3
SRR13362861.result.fastq	leaf	SRR13362861	3
SRR13362865.result.fastq	leaf	SRR13362865	1
SRR13362867.result.fastq	leaf	SRR13362867	1
SRR13362874.result.fastq	leaf	SRR13362874	2
SRR13362875.result.fastq	leaf	SRR13362875	2
SRR13362876.result.fastq	leaf	SRR13362876	1
SRR13362879.result.fastq	leaf	SRR13362879	4
SRR13428237.result.fastq	leaf	SRR13428237	2
SRR13428240.result.fastq	leaf	SRR13428240	1
SRR13428241.result.fastq	leaf	SRR13428241	8
SRR13428242.result.fastq	leaf	SRR13428242	4
SRR13428243.result.fastq	leaf	SRR13428243	1
SRR13428245.result.fastq	leaf	SRR13428245	1
SRR13428246.result.fastq	leaf	SRR13428246	2
SRR13438993.result.fastq	leaf	SRR13438993	2
SRR13439511.result.fastq	leaf	SRR13439511	3
SRR13439512.result.fastq	leaf	SRR13439512	6
SRR13439519.result.fastq	leaf	SRR13439519	5
SRR13618089.result.fastq	leaf	SRR13618089	10
SRR13618090.result.fastq	leaf	SRR13618090	7
SRR13619155.result.fastq	leaf	SRR13619155	3
SRR13619158.result.fastq	leaf	SRR13619158	2
SRR13619160.result.fastq	leaf	SRR13619160	2
SRR13619161.result.fastq	leaf	SRR13619161	1
SRR13619168.result.fastq	leaf	SRR13619168	9
SRR13619169.result.fastq	leaf	SRR13619169	1
SRR13619170.result.fastq	leaf	SRR13619170	1
SRR13619177.result.fastq	leaf	SRR13619177	1
SRR13619178.result.fastq	leaf	SRR13619178	18
SRR13619180.result.fastq	leaf	SRR13619180	2
SRR13619183.result.fastq	leaf	SRR13619183	3
SRR13619191.result.fastq	leaf	SRR13619191	2
SRR13619201.result.fastq	leaf	SRR13619201	2
SRR13619204.result.fastq	leaf	SRR13619204	3
SRR13619206.result.fastq	leaf	SRR13619206	2
SRR13619208.result.fastq	leaf	SRR13619208	1
SRR13619209.result.fastq	leaf	SRR13619209	2
SRR13619210.result.fastq	leaf	SRR13619210	5
SRR13619214.result.fastq	leaf	SRR13619214	12
SRR13619219.result.fastq	leaf	SRR13619219	1
SRR13619225.result.fastq	leaf	SRR13619225	1
SRR13619226.result.fastq	leaf	SRR13619226	1
SRR13619228.result.fastq	leaf	SRR13619228	559
SRR13619229.result.fastq	leaf	SRR13619229	3
SRR13619231.result.fastq	leaf	SRR13619231	1189
SRR13619232.result.fastq	leaf	SRR13619232	1
SRR13643249.result.fastq	leaf	SRR13643249	18
SRR13643251.result.fastq	leaf	SRR13643251	1
SRR13643254.result.fastq	leaf	SRR13643254	4
SRR13643260.result.fastq	leaf	SRR13643260	1
SRR13643264.result.fastq	leaf	SRR13643264	1
SRR13643267.result.fastq	leaf	SRR13643267	2
SRR13643268.result.fastq	leaf	SRR13643268	3
SRR13643270.result.fastq	leaf	SRR13643270	11
SRR13643272.result.fastq	leaf	SRR13643272	6
SRR13643274.result.fastq	leaf	SRR13643274	7
SRR13643277.result.fastq	leaf	SRR13643277	4
SRR13643278.result.fastq	leaf	SRR13643278	1
SRR13643279.result.fastq	leaf	SRR13643279	1
SRR13643284.result.fastq	leaf	SRR13643284	2
SRR13643285.result.fastq	leaf	SRR13643285	1
SRR13643287.result.fastq	leaf	SRR13643287	1
SRR13711005.result.fastq	leaf	SRR13711005	30
SRR13711008.result.fastq	leaf	SRR13711008	10
SRR13711010.result.fastq	leaf	SRR13711010	1
SRR13711011.result.fastq	leaf	SRR13711011	11
SRR13711012.result.fastq	leaf	SRR13711012	20
SRR13711013.result.fastq	leaf	SRR13711013	19
SRR13711014.result.fastq	leaf	SRR13711014	378
SRR13711015.result.fastq	leaf	SRR13711015	2710
SRR13711016.result.fastq	leaf	SRR13711016	367
SRR13711018.result.fastq	leaf	SRR13711018	5
SRR13711019.result.fastq	leaf	SRR13711019	8
SRR13748129.result.fastq	leaf	SRR13748129	1
SRR13748132.result.fastq	leaf	SRR13748132	6
SRR13748133.result.fastq	leaf	SRR13748133	4
SRR13748138.result.fastq	leaf	SRR13748138	3
SRR13748140.result.fastq	leaf	SRR13748140	2
SRR13748147.result.fastq	leaf	SRR13748147	8
SRR13748149.result.fastq	leaf	SRR13748149	2
SRR13748151.result.fastq	leaf	SRR13748151	2
SRR13748152.result.fastq	leaf	SRR13748152	6
SRR13748154.result.fastq	leaf	SRR13748154	1
SRR13748155.result.fastq	leaf	SRR13748155	8
SRR13748159.result.fastq	leaf	SRR13748159	1
SRR13748162.result.fastq	leaf	SRR13748162	14
SRR13748163.result.fastq	leaf	SRR13748163	4
SRR13748164.result.fastq	leaf	SRR13748164	5
SRR13748165.result.fastq	leaf	SRR13748165	2
SRR13748168.result.fastq	leaf	SRR13748168	5
SRR13748173.result.fastq	leaf	SRR13748173	10
SRR13748177.result.fastq	leaf	SRR13748177	19
SRR13748178.result.fastq	leaf	SRR13748178	405
SRR13748179.result.fastq	leaf	SRR13748179	1
SRR13964027.result.fastq	leaf	SRR13964027	1
SRR13965472.result.fastq	leaf	SRR13965472	5
SRR13965474.result.fastq	leaf	SRR13965474	3
SRR13965476.result.fastq	leaf	SRR13965476	1
SRR13965477.result.fastq	leaf	SRR13965477	2
SRR13965478.result.fastq	leaf	SRR13965478	3
SRR13965480.result.fastq	leaf	SRR13965480	1
SRR13965481.result.fastq	leaf	SRR13965481	5
SRR13965485.result.fastq	leaf	SRR13965485	1
SRR13965489.result.fastq	leaf	SRR13965489	2
SRR13965495.result.fastq	leaf	SRR13965495	1
SRR13965498.result.fastq	leaf	SRR13965498	2
SRR13965500.result.fastq	leaf	SRR13965500	1
SRR13965503.result.fastq	leaf	SRR13965503	20
SRR13965506.result.fastq	leaf	SRR13965506	5
SRR13965511.result.fastq	leaf	SRR13965511	1
SRR13965525.result.fastq	leaf	SRR13965525	2
SRR13965526.result.fastq	leaf	SRR13965526	1
SRR13965530.result.fastq	leaf	SRR13965530	2
SRR13965532.result.fastq	leaf	SRR13965532	1
SRR13965533.result.fastq	leaf	SRR13965533	8
SRR13965535.result.fastq	leaf	SRR13965535	1
SRR13965538.result.fastq	leaf	SRR13965538	3
SRR13965540.result.fastq	leaf	SRR13965540	1
SRR13965541.result.fastq	leaf	SRR13965541	8
SRR13965542.result.fastq	leaf	SRR13965542	2
SRR13965544.result.fastq	leaf	SRR13965544	1
SRR14083906.result.fastq	leaf	SRR14083906	1
SRR14083912.result.fastq	leaf	SRR14083912	1
SRR14083913.result.fastq	leaf	SRR14083913	4
SRR14083928.result.fastq	leaf	SRR14083928	3
SRR14083939.result.fastq	leaf	SRR14083939	2
SRR14083981.result.fastq	leaf	SRR14083981	3
SRR14083982.result.fastq	leaf	SRR14083982	1
SRR14154192.result.fastq	leaf	SRR14154192	1
SRR14154195.result.fastq	leaf	SRR14154195	3
SRR14154198.result.fastq	leaf	SRR14154198	1
SRR14154199.result.fastq	leaf	SRR14154199	3
SRR14154201.result.fastq	leaf	SRR14154201	1
SRR14154203.result.fastq	leaf	SRR14154203	2
SRR14154205.result.fastq	leaf	SRR14154205	1
SRR14154208.result.fastq	leaf	SRR14154208	5
SRR14154209.result.fastq	leaf	SRR14154209	4
SRR14154210.result.fastq	leaf	SRR14154210	1
SRR14154211.result.fastq	leaf	SRR14154211	1
SRR14154212.result.fastq	leaf	SRR14154212	3
SRR14154214.result.fastq	leaf	SRR14154214	3
SRR14154215.result.fastq	leaf	SRR14154215	1
SRR14154217.result.fastq	leaf	SRR14154217	4
SRR14154218.result.fastq	leaf	SRR14154218	1
SRR14154219.result.fastq	leaf	SRR14154219	249
SRR14154221.result.fastq	leaf	SRR14154221	5
SRR14154223.result.fastq	leaf	SRR14154223	25
SRR14154224.result.fastq	leaf	SRR14154224	13
SRR14154227.result.fastq	leaf	SRR14154227	4
SRR14154228.result.fastq	leaf	SRR14154228	1
SRR14154229.result.fastq	leaf	SRR14154229	1
SRR14154230.result.fastq	leaf	SRR14154230	1
SRR14154231.result.fastq	leaf	SRR14154231	13
SRR14154234.result.fastq	leaf	SRR14154234	1
SRR14154235.result.fastq	leaf	SRR14154235	2
SRR14154237.result.fastq	leaf	SRR14154237	36
SRR14154240.result.fastq	leaf	SRR14154240	2
SRR14154242.result.fastq	leaf	SRR14154242	6
SRR14154243.result.fastq	leaf	SRR14154243	3
SRR14154244.result.fastq	leaf	SRR14154244	2
SRR14154246.result.fastq	leaf	SRR14154246	1
SRR14154247.result.fastq	leaf	SRR14154247	1
SRR14154251.result.fastq	leaf	SRR14154251	1
SRR14154254.result.fastq	leaf	SRR14154254	1
SRR14154263.result.fastq	leaf	SRR14154263	4
SRR14154268.result.fastq	leaf	SRR14154268	1
SRR14154270.result.fastq	leaf	SRR14154270	5
SRR14154274.result.fastq	leaf	SRR14154274	8
SRR14198917.result.fastq	leaf	SRR14198917	1
SRR14198918.result.fastq	leaf	SRR14198918	5
SRR14303696.result.fastq	leaf	SRR14303696	1
SRR14311552.result.fastq	leaf	SRR14311552	4
SRR14311553.result.fastq	leaf	SRR14311553	2
SRR14311554.result.fastq	leaf	SRR14311554	9
SRR14311555.result.fastq	leaf	SRR14311555	2
SRR14311556.result.fastq	leaf	SRR14311556	10
SRR14311557.result.fastq	leaf	SRR14311557	6
SRR14319595.result.fastq	leaf	SRR14319595	3
SRR14319599.result.fastq	leaf	SRR14319599	1
SRR14319606.result.fastq	leaf	SRR14319606	3
SRR14433829.result.fastq	leaf	SRR14433829	1
SRR14433842.result.fastq	leaf	SRR14433842	3
SRR14433843.result.fastq	leaf	SRR14433843	1
SRR14433844.result.fastq	leaf	SRR14433844	3
SRR14433850.result.fastq	leaf	SRR14433850	3
SRR14433851.result.fastq	leaf	SRR14433851	361
SRR14433861.result.fastq	leaf	SRR14433861	2
SRR14433863.result.fastq	leaf	SRR14433863	4
SRR14433866.result.fastq	leaf	SRR14433866	1
SRR14433868.result.fastq	leaf	SRR14433868	4
SRR14433870.result.fastq	leaf	SRR14433870	8
SRR14433874.result.fastq	leaf	SRR14433874	4
SRR14433875.result.fastq	leaf	SRR14433875	1
SRR14433876.result.fastq	leaf	SRR14433876	3
SRR14433888.result.fastq	leaf	SRR14433888	4
SRR14433889.result.fastq	leaf	SRR14433889	2
SRR14433890.result.fastq	leaf	SRR14433890	8
SRR14436818.result.fastq	leaf	SRR14436818	1
SRR14436820.result.fastq	leaf	SRR14436820	5
SRR14436823.result.fastq	leaf	SRR14436823	1
SRR14436824.result.fastq	leaf	SRR14436824	3
SRR14436835.result.fastq	leaf	SRR14436835	2
SRR14436836.result.fastq	leaf	SRR14436836	1
SRR14436840.result.fastq	leaf	SRR14436840	1
SRR14436841.result.fastq	leaf	SRR14436841	2
SRR14436842.result.fastq	leaf	SRR14436842	1
SRR14436843.result.fastq	leaf	SRR14436843	2
SRR14436844.result.fastq	leaf	SRR14436844	2
SRR14436845.result.fastq	leaf	SRR14436845	2
SRR14436846.result.fastq	leaf	SRR14436846	2
SRR14436847.result.fastq	leaf	SRR14436847	3
SRR14436849.result.fastq	leaf	SRR14436849	1
SRR14436853.result.fastq	leaf	SRR14436853	1
SRR14436854.result.fastq	leaf	SRR14436854	1
SRR14436857.result.fastq	leaf	SRR14436857	1
SRR14436858.result.fastq	leaf	SRR14436858	5
SRR14436860.result.fastq	leaf	SRR14436860	4
SRR14436861.result.fastq	leaf	SRR14436861	1
SRR14436863.result.fastq	leaf	SRR14436863	3219
SRR14436865.result.fastq	leaf	SRR14436865	4
SRR14436866.result.fastq	leaf	SRR14436866	1
SRR14436870.result.fastq	leaf	SRR14436870	5
SRR14436873.result.fastq	leaf	SRR14436873	2
SRR14436876.result.fastq	leaf	SRR14436876	1
SRR14436877.result.fastq	leaf	SRR14436877	1
SRR14436902.result.fastq	leaf	SRR14436902	11
SRR14436905.result.fastq	leaf	SRR14436905	1
SRR14436907.result.fastq	leaf	SRR14436907	2
SRR14568706.result.fastq	leaf	SRR14568706	1
SRR14568711.result.fastq	leaf	SRR14568711	1
SRR14581016.result.fastq	leaf	SRR14581016	4
SRR14613506.result.fastq	leaf	SRR14613506	15
SRR14613508.result.fastq	leaf	SRR14613508	5
SRR14613509.result.fastq	leaf	SRR14613509	4
SRR14613510.result.fastq	leaf	SRR14613510	3
SRR14613511.result.fastq	leaf	SRR14613511	1
SRR14613694.result.fastq	leaf	SRR14613694	1
SRR14613695.result.fastq	leaf	SRR14613695	6
SRR14613696.result.fastq	leaf	SRR14613696	1
SRR14613697.result.fastq	leaf	SRR14613697	5
SRR14613699.result.fastq	leaf	SRR14613699	24
SRR14613700.result.fastq	leaf	SRR14613700	28
SRR14613701.result.fastq	leaf	SRR14613701	4
SRR14613702.result.fastq	leaf	SRR14613702	1
SRR14613705.result.fastq	leaf	SRR14613705	1
SRR14613706.result.fastq	leaf	SRR14613706	5
SRR14613707.result.fastq	leaf	SRR14613707	1
SRR14613708.result.fastq	leaf	SRR14613708	7
SRR14616009.result.fastq	leaf	SRR14616009	1
SRR14616011.result.fastq	leaf	SRR14616011	35
SRR14616013.result.fastq	leaf	SRR14616013	1
SRR14616014.result.fastq	leaf	SRR14616014	1
SRR14616015.result.fastq	leaf	SRR14616015	1
SRR14616017.result.fastq	leaf	SRR14616017	1
SRR14616020.result.fastq	leaf	SRR14616020	1
SRR14634801.result.fastq	leaf	SRR14634801	46
SRR14634805.result.fastq	leaf	SRR14634805	4
SRR14634809.result.fastq	leaf	SRR14634809	4
SRR14634810.result.fastq	leaf	SRR14634810	4
SRR14634812.result.fastq	leaf	SRR14634812	3
SRR14634813.result.fastq	leaf	SRR14634813	1
SRR14634816.result.fastq	leaf	SRR14634816	1
SRR14634820.result.fastq	leaf	SRR14634820	3
SRR14634823.result.fastq	leaf	SRR14634823	4
SRR14634825.result.fastq	leaf	SRR14634825	390
SRR14634831.result.fastq	leaf	SRR14634831	1
SRR14634833.result.fastq	leaf	SRR14634833	8
SRR14634834.result.fastq	leaf	SRR14634834	4
SRR14634839.result.fastq	leaf	SRR14634839	1
SRR14634844.result.fastq	leaf	SRR14634844	2
SRR14634849.result.fastq	leaf	SRR14634849	1
SRR14634852.result.fastq	leaf	SRR14634852	3
SRR14634855.result.fastq	leaf	SRR14634855	1
SRR14634858.result.fastq	leaf	SRR14634858	2
SRR14634862.result.fastq	leaf	SRR14634862	1
SRR14634863.result.fastq	leaf	SRR14634863	1
SRR14634864.result.fastq	leaf	SRR14634864	1
SRR14701497.result.fastq	leaf	SRR14701497	1
SRR14701498.result.fastq	leaf	SRR14701498	2
SRR14701501.result.fastq	leaf	SRR14701501	3
SRR14748913.result.fastq	leaf	SRR14748913	5
SRR14748914.result.fastq	leaf	SRR14748914	9
SRR14748916.result.fastq	leaf	SRR14748916	40
SRR14748917.result.fastq	leaf	SRR14748917	1
SRR14748920.result.fastq	leaf	SRR14748920	4630
SRR14748921.result.fastq	leaf	SRR14748921	34
SRR14792789.result.fastq	leaf	SRR14792789	1
SRR14792790.result.fastq	leaf	SRR14792790	1
SRR14792792.result.fastq	leaf	SRR14792792	5
SRR14792794.result.fastq	leaf	SRR14792794	5
SRR14792796.result.fastq	leaf	SRR14792796	6
SRR14792798.result.fastq	leaf	SRR14792798	5
SRR14792800.result.fastq	leaf	SRR14792800	5
SRR14792802.result.fastq	leaf	SRR14792802	1
SRR14792803.result.fastq	leaf	SRR14792803	4
SRR14792804.result.fastq	leaf	SRR14792804	6
SRR14792806.result.fastq	leaf	SRR14792806	3
SRR14792809.result.fastq	leaf	SRR14792809	4
SRR14792810.result.fastq	leaf	SRR14792810	1
SRR14792817.result.fastq	leaf	SRR14792817	2
SRR14792821.result.fastq	leaf	SRR14792821	1
SRR14792822.result.fastq	leaf	SRR14792822	4
SRR14792823.result.fastq	leaf	SRR14792823	3
SRR14792828.result.fastq	leaf	SRR14792828	2
SRR14792833.result.fastq	leaf	SRR14792833	1
SRR14792840.result.fastq	leaf	SRR14792840	3
SRR14792841.result.fastq	leaf	SRR14792841	1
SRR14832325.result.fastq	leaf	SRR14832325	6
SRR14832327.result.fastq	leaf	SRR14832327	3
SRR14832328.result.fastq	leaf	SRR14832328	4
SRR14832329.result.fastq	leaf	SRR14832329	4
SRR14832330.result.fastq	leaf	SRR14832330	3
SRR14832335.result.fastq	leaf	SRR14832335	1
SRR14832336.result.fastq	leaf	SRR14832336	4
SRR14832337.result.fastq	leaf	SRR14832337	5
SRR14832338.result.fastq	leaf	SRR14832338	1
SRR14832340.result.fastq	leaf	SRR14832340	1
SRR14832341.result.fastq	leaf	SRR14832341	5
SRR14832343.result.fastq	leaf	SRR14832343	5
SRR14832348.result.fastq	leaf	SRR14832348	1
SRR14832349.result.fastq	leaf	SRR14832349	3
SRR14852113.result.fastq	leaf	SRR14852113	3
SRR14852115.result.fastq	leaf	SRR14852115	3
SRR14852116.result.fastq	leaf	SRR14852116	3
SRR14852121.result.fastq	leaf	SRR14852121	1
SRR14852122.result.fastq	leaf	SRR14852122	3
SRR14852125.result.fastq	leaf	SRR14852125	1
SRR14852126.result.fastq	leaf	SRR14852126	2
SRR14852132.result.fastq	leaf	SRR14852132	1
SRR14852135.result.fastq	leaf	SRR14852135	1
SRR14852136.result.fastq	leaf	SRR14852136	3
SRR14852137.result.fastq	leaf	SRR14852137	1
SRR14852138.result.fastq	leaf	SRR14852138	3
SRR14852139.result.fastq	leaf	SRR14852139	1
SRR14852140.result.fastq	leaf	SRR14852140	2
SRR14852141.result.fastq	leaf	SRR14852141	2
SRR14852142.result.fastq	leaf	SRR14852142	2
SRR14852147.result.fastq	leaf	SRR14852147	2
SRR14852150.result.fastq	leaf	SRR14852150	1
SRR14852153.result.fastq	leaf	SRR14852153	1
SRR14852159.result.fastq	leaf	SRR14852159	2
SRR14852160.result.fastq	leaf	SRR14852160	2
SRR14852161.result.fastq	leaf	SRR14852161	2
SRR14852162.result.fastq	leaf	SRR14852162	1
SRR14852163.result.fastq	leaf	SRR14852163	2
SRR14852172.result.fastq	leaf	SRR14852172	3
SRR14852173.result.fastq	leaf	SRR14852173	3
SRR14852174.result.fastq	leaf	SRR14852174	3
SRR14852175.result.fastq	leaf	SRR14852175	3
SRR14852180.result.fastq	leaf	SRR14852180	2
SRR14852181.result.fastq	leaf	SRR14852181	2
SRR14852184.result.fastq	leaf	SRR14852184	2
SRR14852185.result.fastq	leaf	SRR14852185	2
SRR14852186.result.fastq	leaf	SRR14852186	2
SRR14852187.result.fastq	leaf	SRR14852187	2
SRR14852188.result.fastq	leaf	SRR14852188	2
SRR14852189.result.fastq	leaf	SRR14852189	1
SRR14852190.result.fastq	leaf	SRR14852190	2
SRR14852191.result.fastq	leaf	SRR14852191	2
SRR14852192.result.fastq	leaf	SRR14852192	2
SRR14852193.result.fastq	leaf	SRR14852193	2
SRR14852194.result.fastq	leaf	SRR14852194	2
SRR14852195.result.fastq	leaf	SRR14852195	2
SRR14852196.result.fastq	leaf	SRR14852196	2
SRR14852198.result.fastq	leaf	SRR14852198	1
SRR14852200.result.fastq	leaf	SRR14852200	1
SRR14852202.result.fastq	leaf	SRR14852202	1
SRR14852204.result.fastq	leaf	SRR14852204	1
SRR14852205.result.fastq	leaf	SRR14852205	1
SRR14852208.result.fastq	leaf	SRR14852208	2
SRR14852209.result.fastq	leaf	SRR14852209	2
SRR14852210.result.fastq	leaf	SRR14852210	1
SRR14852217.result.fastq	leaf	SRR14852217	1
SRR14852218.result.fastq	leaf	SRR14852218	1
SRR14852219.result.fastq	leaf	SRR14852219	2
SRR14852221.result.fastq	leaf	SRR14852221	1
SRR14852223.result.fastq	leaf	SRR14852223	4
SRR14852224.result.fastq	leaf	SRR14852224	1
SRR14852228.result.fastq	leaf	SRR14852228	3
SRR14852229.result.fastq	leaf	SRR14852229	2
SRR14852230.result.fastq	leaf	SRR14852230	2
SRR14852232.result.fastq	leaf	SRR14852232	1
SRR14852234.result.fastq	leaf	SRR14852234	1
SRR14852236.result.fastq	leaf	SRR14852236	14
SRR14852237.result.fastq	leaf	SRR14852237	2
SRR14852238.result.fastq	leaf	SRR14852238	2
SRR14852239.result.fastq	leaf	SRR14852239	2
SRR14852241.result.fastq	leaf	SRR14852241	4
SRR14852245.result.fastq	leaf	SRR14852245	1
SRR14852247.result.fastq	leaf	SRR14852247	4
SRR14852248.result.fastq	leaf	SRR14852248	1
SRR14852250.result.fastq	leaf	SRR14852250	2
SRR14852253.result.fastq	leaf	SRR14852253	1
SRR14852256.result.fastq	leaf	SRR14852256	2
SRR14852263.result.fastq	leaf	SRR14852263	2
SRR14852264.result.fastq	leaf	SRR14852264	3
SRR14852265.result.fastq	leaf	SRR14852265	1
SRR14852266.result.fastq	leaf	SRR14852266	1
SRR14852271.result.fastq	leaf	SRR14852271	2
SRR14852272.result.fastq	leaf	SRR14852272	3
SRR14852273.result.fastq	leaf	SRR14852273	4
SRR14852274.result.fastq	leaf	SRR14852274	2
SRR14852276.result.fastq	leaf	SRR14852276	2
SRR14852277.result.fastq	leaf	SRR14852277	1
SRR14852278.result.fastq	leaf	SRR14852278	4
SRR14852280.result.fastq	leaf	SRR14852280	1
SRR14852281.result.fastq	leaf	SRR14852281	2
SRR14852289.result.fastq	leaf	SRR14852289	167
SRR14852293.result.fastq	leaf	SRR14852293	4
SRR14852294.result.fastq	leaf	SRR14852294	2
SRR14852295.result.fastq	leaf	SRR14852295	2
SRR14852296.result.fastq	leaf	SRR14852296	2
SRR14852297.result.fastq	leaf	SRR14852297	3
SRR14852298.result.fastq	leaf	SRR14852298	3
SRR14852299.result.fastq	leaf	SRR14852299	2
SRR14852300.result.fastq	leaf	SRR14852300	1
SRR14852301.result.fastq	leaf	SRR14852301	2
SRR14852306.result.fastq	leaf	SRR14852306	1
SRR14852307.result.fastq	leaf	SRR14852307	1
SRR14852309.result.fastq	leaf	SRR14852309	2
SRR14852310.result.fastq	leaf	SRR14852310	2
SRR14852316.result.fastq	leaf	SRR14852316	1
SRR14852321.result.fastq	leaf	SRR14852321	2
SRR14852323.result.fastq	leaf	SRR14852323	2
SRR14852324.result.fastq	leaf	SRR14852324	2
SRR14852325.result.fastq	leaf	SRR14852325	2
SRR14852327.result.fastq	leaf	SRR14852327	2
SRR14852330.result.fastq	leaf	SRR14852330	3
SRR14852331.result.fastq	leaf	SRR14852331	2
SRR14852332.result.fastq	leaf	SRR14852332	2
SRR14852333.result.fastq	leaf	SRR14852333	1
SRR14852335.result.fastq	leaf	SRR14852335	2
SRR14852336.result.fastq	leaf	SRR14852336	3
SRR14852345.result.fastq	leaf	SRR14852345	1
SRR14852348.result.fastq	leaf	SRR14852348	1
SRR14852349.result.fastq	leaf	SRR14852349	1
SRR14852350.result.fastq	leaf	SRR14852350	2
SRR14852351.result.fastq	leaf	SRR14852351	1
SRR14852352.result.fastq	leaf	SRR14852352	1
SRR14852354.result.fastq	leaf	SRR14852354	1
SRR14852355.result.fastq	leaf	SRR14852355	1
SRR14852359.result.fastq	leaf	SRR14852359	1
SRR14852360.result.fastq	leaf	SRR14852360	2
SRR14852361.result.fastq	leaf	SRR14852361	2
SRR14852365.result.fastq	leaf	SRR14852365	1
SRR14852368.result.fastq	leaf	SRR14852368	2
SRR14852371.result.fastq	leaf	SRR14852371	1
SRR14852372.result.fastq	leaf	SRR14852372	1
SRR14852373.result.fastq	leaf	SRR14852373	1
SRR14852376.result.fastq	leaf	SRR14852376	1
SRR14852379.result.fastq	leaf	SRR14852379	1
SRR14852380.result.fastq	leaf	SRR14852380	1
SRR14852381.result.fastq	leaf	SRR14852381	3
SRR14852382.result.fastq	leaf	SRR14852382	4
SRR14852385.result.fastq	leaf	SRR14852385	6
SRR14852386.result.fastq	leaf	SRR14852386	1
SRR14852388.result.fastq	leaf	SRR14852388	1
SRR14852390.result.fastq	leaf	SRR14852390	3
SRR14852391.result.fastq	leaf	SRR14852391	1
SRR14852393.result.fastq	leaf	SRR14852393	1
SRR14852394.result.fastq	leaf	SRR14852394	1
SRR14852395.result.fastq	leaf	SRR14852395	2
SRR14852397.result.fastq	leaf	SRR14852397	1
SRR14852399.result.fastq	leaf	SRR14852399	1
SRR14852403.result.fastq	leaf	SRR14852403	1
SRR14852405.result.fastq	leaf	SRR14852405	1
SRR14852406.result.fastq	leaf	SRR14852406	1
SRR14852413.result.fastq	leaf	SRR14852413	1
SRR14852414.result.fastq	leaf	SRR14852414	1
SRR14852415.result.fastq	leaf	SRR14852415	1
SRR14852416.result.fastq	leaf	SRR14852416	1
SRR14852418.result.fastq	leaf	SRR14852418	167
SRR14852422.result.fastq	leaf	SRR14852422	2
SRR14852423.result.fastq	leaf	SRR14852423	167
SRR14852426.result.fastq	leaf	SRR14852426	1
SRR14852428.result.fastq	leaf	SRR14852428	1
SRR14852429.result.fastq	leaf	SRR14852429	1
SRR14852430.result.fastq	leaf	SRR14852430	1
SRR14852431.result.fastq	leaf	SRR14852431	1
SRR14852435.result.fastq	leaf	SRR14852435	1
SRR14852437.result.fastq	leaf	SRR14852437	3
SRR14852443.result.fastq	leaf	SRR14852443	1
SRR14852444.result.fastq	leaf	SRR14852444	22
SRR14852445.result.fastq	leaf	SRR14852445	1
SRR14852446.result.fastq	leaf	SRR14852446	3
SRR14852448.result.fastq	leaf	SRR14852448	1
SRR14852450.result.fastq	leaf	SRR14852450	1
SRR14852451.result.fastq	leaf	SRR14852451	1
SRR14852453.result.fastq	leaf	SRR14852453	1
SRR14852454.result.fastq	leaf	SRR14852454	1
SRR14852456.result.fastq	leaf	SRR14852456	167
SRR14852461.result.fastq	leaf	SRR14852461	1
SRR14852467.result.fastq	leaf	SRR14852467	167
SRR14852468.result.fastq	leaf	SRR14852468	1
SRR14852469.result.fastq	leaf	SRR14852469	5
SRR14852470.result.fastq	leaf	SRR14852470	1
SRR14852471.result.fastq	leaf	SRR14852471	1
SRR14852479.result.fastq	leaf	SRR14852479	1
SRR14852486.result.fastq	leaf	SRR14852486	1
SRR14852487.result.fastq	leaf	SRR14852487	1
SRR14852490.result.fastq	leaf	SRR14852490	1
SRR14852492.result.fastq	leaf	SRR14852492	1
SRR14852495.result.fastq	leaf	SRR14852495	1
SRR14852497.result.fastq	leaf	SRR14852497	1
SRR14852501.result.fastq	leaf	SRR14852501	2
SRR14852548.result.fastq	leaf	SRR14852548	3
SRR14852549.result.fastq	leaf	SRR14852549	1
SRR14852551.result.fastq	leaf	SRR14852551	1
SRR14852554.result.fastq	leaf	SRR14852554	1
SRR14852557.result.fastq	leaf	SRR14852557	8
SRR14852558.result.fastq	leaf	SRR14852558	2
SRR14852561.result.fastq	leaf	SRR14852561	5
SRR14852562.result.fastq	leaf	SRR14852562	4
SRR14852563.result.fastq	leaf	SRR14852563	1
SRR14852568.result.fastq	leaf	SRR14852568	1
SRR14852571.result.fastq	leaf	SRR14852571	1
SRR14852572.result.fastq	leaf	SRR14852572	1
SRR14852573.result.fastq	leaf	SRR14852573	3
SRR14852574.result.fastq	leaf	SRR14852574	3
SRR14852575.result.fastq	leaf	SRR14852575	3
SRR14852576.result.fastq	leaf	SRR14852576	3
SRR14852577.result.fastq	leaf	SRR14852577	1
SRR14852578.result.fastq	leaf	SRR14852578	3
SRR14852579.result.fastq	leaf	SRR14852579	3
SRR14852580.result.fastq	leaf	SRR14852580	4
SRR14852581.result.fastq	leaf	SRR14852581	3
SRR14862488.result.fastq	leaf	SRR14862488	1
SRR14862489.result.fastq	leaf	SRR14862489	2
SRR14862490.result.fastq	leaf	SRR14862490	2
SRR14862491.result.fastq	leaf	SRR14862491	2
SRR14862496.result.fastq	leaf	SRR14862496	2
SRR14862500.result.fastq	leaf	SRR14862500	2
SRR14862501.result.fastq	leaf	SRR14862501	1
SRR14862508.result.fastq	leaf	SRR14862508	1
SRR14862509.result.fastq	leaf	SRR14862509	2
SRR14862510.result.fastq	leaf	SRR14862510	1
SRR14862512.result.fastq	leaf	SRR14862512	3
SRR14862513.result.fastq	leaf	SRR14862513	2
SRR14862516.result.fastq	leaf	SRR14862516	2
SRR14862517.result.fastq	leaf	SRR14862517	2
SRR14862518.result.fastq	leaf	SRR14862518	2
SRR14862519.result.fastq	leaf	SRR14862519	3
SRR14862520.result.fastq	leaf	SRR14862520	1
SRR14862523.result.fastq	leaf	SRR14862523	1
SRR14862525.result.fastq	leaf	SRR14862525	1
SRR14862526.result.fastq	leaf	SRR14862526	2
SRR14862527.result.fastq	leaf	SRR14862527	1
SRR14862529.result.fastq	leaf	SRR14862529	1
SRR14862530.result.fastq	leaf	SRR14862530	3
SRR14862532.result.fastq	leaf	SRR14862532	2
SRR14862536.result.fastq	leaf	SRR14862536	1
SRR14862539.result.fastq	leaf	SRR14862539	1
SRR14862544.result.fastq	leaf	SRR14862544	1
SRR14862545.result.fastq	leaf	SRR14862545	3
SRR14862547.result.fastq	leaf	SRR14862547	167
SRR14862549.result.fastq	leaf	SRR14862549	196
SRR14862552.result.fastq	leaf	SRR14862552	1
SRR14862556.result.fastq	leaf	SRR14862556	167
SRR14862564.result.fastq	leaf	SRR14862564	1
SRR14862568.result.fastq	leaf	SRR14862568	1
SRR14862569.result.fastq	leaf	SRR14862569	168
SRR14862570.result.fastq	leaf	SRR14862570	1
SRR14862577.result.fastq	leaf	SRR14862577	4
SRR14862597.result.fastq	leaf	SRR14862597	1
SRR14862600.result.fastq	leaf	SRR14862600	1
SRR14862603.result.fastq	leaf	SRR14862603	4
SRR14862604.result.fastq	leaf	SRR14862604	4
SRR14862605.result.fastq	leaf	SRR14862605	2
SRR14862608.result.fastq	leaf	SRR14862608	2
SRR14862610.result.fastq	leaf	SRR14862610	3
SRR14862611.result.fastq	leaf	SRR14862611	1
SRR14862613.result.fastq	leaf	SRR14862613	1
SRR14862614.result.fastq	leaf	SRR14862614	5
SRR14862615.result.fastq	leaf	SRR14862615	1
SRR14862619.result.fastq	leaf	SRR14862619	2
SRR14862620.result.fastq	leaf	SRR14862620	2
SRR14996230.result.fastq	leaf	SRR14996230	1
SRR14996242.result.fastq	leaf	SRR14996242	4
SRR14996243.result.fastq	leaf	SRR14996243	3
SRR14996245.result.fastq	leaf	SRR14996245	6
SRR14996248.result.fastq	leaf	SRR14996248	15
SRR14996249.result.fastq	leaf	SRR14996249	2
SRR14996250.result.fastq	leaf	SRR14996250	10
SRR14996251.result.fastq	leaf	SRR14996251	1
SRR14996257.result.fastq	leaf	SRR14996257	1
SRR15060459.result.fastq	leaf	SRR15060459	1
SRR15060460.result.fastq	leaf	SRR15060460	2
SRR15115349.result.fastq	leaf	SRR15115349	3
SRR15167033.result.fastq	leaf	SRR15167033	1
SRR15167046.result.fastq	leaf	SRR15167046	8
SRR15167048.result.fastq	leaf	SRR15167048	2
SRR15167051.result.fastq	leaf	SRR15167051	11
SRR15167058.result.fastq	leaf	SRR15167058	1
SRR15185777.result.fastq	leaf	SRR15185777	2
SRR15185784.result.fastq	leaf	SRR15185784	2
SRR15210513.result.fastq	leaf	SRR15210513	1
SRR15210514.result.fastq	leaf	SRR15210514	1
SRR15210520.result.fastq	leaf	SRR15210520	4
SRR15210522.result.fastq	leaf	SRR15210522	1
SRR15210525.result.fastq	leaf	SRR15210525	3
SRR15210526.result.fastq	leaf	SRR15210526	283
SRR15210534.result.fastq	leaf	SRR15210534	7
SRR15210542.result.fastq	leaf	SRR15210542	5
SRR15210544.result.fastq	leaf	SRR15210544	4
SRR15210545.result.fastq	leaf	SRR15210545	4
SRR15210546.result.fastq	leaf	SRR15210546	2
SRR15210547.result.fastq	leaf	SRR15210547	1
SRR15210548.result.fastq	leaf	SRR15210548	2
SRR15210549.result.fastq	leaf	SRR15210549	1
SRR15210552.result.fastq	leaf	SRR15210552	5
SRR15210554.result.fastq	leaf	SRR15210554	5
SRR15210556.result.fastq	leaf	SRR15210556	4
SRR15210560.result.fastq	leaf	SRR15210560	8
SRR15210561.result.fastq	leaf	SRR15210561	2
SRR15210562.result.fastq	leaf	SRR15210562	13
SRR15210564.result.fastq	leaf	SRR15210564	1
SRR15210565.result.fastq	leaf	SRR15210565	6
SRR15210567.result.fastq	leaf	SRR15210567	1
SRR15210571.result.fastq	leaf	SRR15210571	2
SRR15210575.result.fastq	leaf	SRR15210575	1
SRR15210578.result.fastq	leaf	SRR15210578	1
SRR15263991.result.fastq	leaf	SRR15263991	1
SRR15263992.result.fastq	leaf	SRR15263992	3
SRR15263995.result.fastq	leaf	SRR15263995	2
SRR15376975.result.fastq	leaf	SRR15376975	8
SRR15376976.result.fastq	leaf	SRR15376976	2
SRR15376977.result.fastq	leaf	SRR15376977	2
SRR15376982.result.fastq	leaf	SRR15376982	4
SRR15376985.result.fastq	leaf	SRR15376985	1
SRR15376989.result.fastq	leaf	SRR15376989	4
SRR15376990.result.fastq	leaf	SRR15376990	1
SRR15376993.result.fastq	leaf	SRR15376993	2
SRR15376995.result.fastq	leaf	SRR15376995	68
SRR15376997.result.fastq	leaf	SRR15376997	1
SRR15376998.result.fastq	leaf	SRR15376998	4
SRR15376999.result.fastq	leaf	SRR15376999	18
SRR15377004.result.fastq	leaf	SRR15377004	4
SRR15377006.result.fastq	leaf	SRR15377006	1
SRR15377008.result.fastq	leaf	SRR15377008	4
SRR15377009.result.fastq	leaf	SRR15377009	58
SRR15377010.result.fastq	leaf	SRR15377010	4
SRR15377012.result.fastq	leaf	SRR15377012	1
SRR15377018.result.fastq	leaf	SRR15377018	3
SRR15377019.result.fastq	leaf	SRR15377019	4
SRR15377024.result.fastq	leaf	SRR15377024	1
SRR15377026.result.fastq	leaf	SRR15377026	793
SRR15377030.result.fastq	leaf	SRR15377030	2
SRR15377036.result.fastq	leaf	SRR15377036	5
SRR15377037.result.fastq	leaf	SRR15377037	2
SRR15377038.result.fastq	leaf	SRR15377038	4
SRR15377041.result.fastq	leaf	SRR15377041	3
SRR15377042.result.fastq	leaf	SRR15377042	4
SRR15377043.result.fastq	leaf	SRR15377043	2
SRR15377051.result.fastq	leaf	SRR15377051	6
SRR15377053.result.fastq	leaf	SRR15377053	7
SRR15377054.result.fastq	leaf	SRR15377054	1
SRR15377055.result.fastq	leaf	SRR15377055	1
SRR15503286.result.fastq	leaf	SRR15503286	10
SRR15597959.result.fastq	leaf	SRR15597959	1
SRR15597961.result.fastq	leaf	SRR15597961	1
SRR15597962.result.fastq	leaf	SRR15597962	1
SRR15597963.result.fastq	leaf	SRR15597963	1
SRR15597970.result.fastq	leaf	SRR15597970	4
SRR15597971.result.fastq	leaf	SRR15597971	4
SRR15597973.result.fastq	leaf	SRR15597973	4
SRR15597980.result.fastq	leaf	SRR15597980	1
SRR15597981.result.fastq	leaf	SRR15597981	6
SRR15597982.result.fastq	leaf	SRR15597982	9
SRR15597983.result.fastq	leaf	SRR15597983	1
SRR15597986.result.fastq	leaf	SRR15597986	4
SRR15734169.result.fastq	leaf	SRR15734169	1
SRR15734170.result.fastq	leaf	SRR15734170	1
SRR15734171.result.fastq	leaf	SRR15734171	2
SRR15734175.result.fastq	leaf	SRR15734175	3
SRR15734176.result.fastq	leaf	SRR15734176	5
SRR15734177.result.fastq	leaf	SRR15734177	5
SRR15734178.result.fastq	leaf	SRR15734178	4
SRR15734179.result.fastq	leaf	SRR15734179	1
SRR15734180.result.fastq	leaf	SRR15734180	4
SRR15734181.result.fastq	leaf	SRR15734181	3
SRR15734182.result.fastq	leaf	SRR15734182	3
SRR15734184.result.fastq	leaf	SRR15734184	3
SRR15734185.result.fastq	leaf	SRR15734185	3
SRR15734187.result.fastq	leaf	SRR15734187	3
SRR15734191.result.fastq	leaf	SRR15734191	3
SRR15734193.result.fastq	leaf	SRR15734193	3
SRR15734194.result.fastq	leaf	SRR15734194	1
SRR15734195.result.fastq	leaf	SRR15734195	1
SRR15734197.result.fastq	leaf	SRR15734197	1
SRR15734198.result.fastq	leaf	SRR15734198	2
SRR15734202.result.fastq	leaf	SRR15734202	2
SRR15734205.result.fastq	leaf	SRR15734205	2
SRR15734206.result.fastq	leaf	SRR15734206	4
SRR15734207.result.fastq	leaf	SRR15734207	1
SRR15734208.result.fastq	leaf	SRR15734208	1
SRR15734209.result.fastq	leaf	SRR15734209	3
SRR15734210.result.fastq	leaf	SRR15734210	3
SRR15734211.result.fastq	leaf	SRR15734211	4
SRR15734212.result.fastq	leaf	SRR15734212	4
SRR15734213.result.fastq	leaf	SRR15734213	3
SRR15734214.result.fastq	leaf	SRR15734214	4
SRR15734215.result.fastq	leaf	SRR15734215	3
SRR15734216.result.fastq	leaf	SRR15734216	1
SRR15734217.result.fastq	leaf	SRR15734217	1
SRR15734218.result.fastq	leaf	SRR15734218	1
SRR15734219.result.fastq	leaf	SRR15734219	1
SRR15734220.result.fastq	leaf	SRR15734220	1
SRR15734221.result.fastq	leaf	SRR15734221	1
SRR15734222.result.fastq	leaf	SRR15734222	1
SRR15734223.result.fastq	leaf	SRR15734223	1
SRR15734225.result.fastq	leaf	SRR15734225	1
SRR15734228.result.fastq	leaf	SRR15734228	3
SRR15845918.result.fastq	leaf	SRR15845918	6
SRR15845921.result.fastq	leaf	SRR15845921	22
SRR15845923.result.fastq	leaf	SRR15845923	6
SRR15845928.result.fastq	leaf	SRR15845928	904
SRR15845935.result.fastq	leaf	SRR15845935	9
SRR15845940.result.fastq	leaf	SRR15845940	2
SRR15845941.result.fastq	leaf	SRR15845941	5
SRR15845946.result.fastq	leaf	SRR15845946	10
SRR15845951.result.fastq	leaf	SRR15845951	2
SRR15845955.result.fastq	leaf	SRR15845955	8
SRR15845958.result.fastq	leaf	SRR15845958	6
SRR15845959.result.fastq	leaf	SRR15845959	12
SRR15845961.result.fastq	leaf	SRR15845961	8
SRR15845962.result.fastq	leaf	SRR15845962	20
SRR15845964.result.fastq	leaf	SRR15845964	11
SRR15845971.result.fastq	leaf	SRR15845971	23
SRR15845976.result.fastq	leaf	SRR15845976	44
SRR15845981.result.fastq	leaf	SRR15845981	3
SRR15845982.result.fastq	leaf	SRR15845982	1
SRR15845987.result.fastq	leaf	SRR15845987	368
SRR15845990.result.fastq	leaf	SRR15845990	4
SRR15845991.result.fastq	leaf	SRR15845991	47
SRR15845992.result.fastq	leaf	SRR15845992	4
SRR15845993.result.fastq	leaf	SRR15845993	2
SRR15846000.result.fastq	leaf	SRR15846000	6
SRR15846005.result.fastq	leaf	SRR15846005	3
SRR15973856.result.fastq	leaf	SRR15973856	9
SRR16132270.result.fastq	leaf	SRR16132270	2
SRR16132271.result.fastq	leaf	SRR16132271	1
SRR16132273.result.fastq	leaf	SRR16132273	4
SRR16132278.result.fastq	leaf	SRR16132278	3
SRR16132286.result.fastq	leaf	SRR16132286	7
SRR16132288.result.fastq	leaf	SRR16132288	2
SRR16132294.result.fastq	leaf	SRR16132294	3
SRR16132295.result.fastq	leaf	SRR16132295	1
SRR16132297.result.fastq	leaf	SRR16132297	3
SRR16132301.result.fastq	leaf	SRR16132301	2
SRR16132306.result.fastq	leaf	SRR16132306	2
SRR16200896.result.fastq	leaf	SRR16200896	2
SRR16200897.result.fastq	leaf	SRR16200897	1
SRR16200898.result.fastq	leaf	SRR16200898	25
SRR16200900.result.fastq	leaf	SRR16200900	9
SRR16200907.result.fastq	leaf	SRR16200907	5
SRR16200909.result.fastq	leaf	SRR16200909	1
SRR16200910.result.fastq	leaf	SRR16200910	4
SRR16200914.result.fastq	leaf	SRR16200914	5
SRR16200915.result.fastq	leaf	SRR16200915	1
SRR16200917.result.fastq	leaf	SRR16200917	3
SRR16200918.result.fastq	leaf	SRR16200918	1
SRR16200919.result.fastq	leaf	SRR16200919	2
SRR16200920.result.fastq	leaf	SRR16200920	3
SRR16200927.result.fastq	leaf	SRR16200927	5
SRR16200929.result.fastq	leaf	SRR16200929	4
SRR16200935.result.fastq	leaf	SRR16200935	3
SRR16200936.result.fastq	leaf	SRR16200936	3
SRR16200937.result.fastq	leaf	SRR16200937	48
SRR16200938.result.fastq	leaf	SRR16200938	3
SRR16200940.result.fastq	leaf	SRR16200940	3
SRR16200941.result.fastq	leaf	SRR16200941	1
SRR16200942.result.fastq	leaf	SRR16200942	1
SRR16212280.result.fastq	leaf	SRR16212280	18
SRR16212281.result.fastq	leaf	SRR16212281	470
SRR16212282.result.fastq	leaf	SRR16212282	12
SRR16212283.result.fastq	leaf	SRR16212283	2
SRR16217713.result.fastq	leaf	SRR16217713	1
SRR16217714.result.fastq	leaf	SRR16217714	4
SRR16219305.result.fastq	leaf	SRR16219305	2
SRR16241820.result.fastq	leaf	SRR16241820	2
SRR16241822.result.fastq	leaf	SRR16241822	1
SRR16267905.result.fastq	leaf	SRR16267905	1
SRR16267906.result.fastq	leaf	SRR16267906	4
SRR16267907.result.fastq	leaf	SRR16267907	3
SRR16267908.result.fastq	leaf	SRR16267908	11
SRR16267909.result.fastq	leaf	SRR16267909	15
SRR16267910.result.fastq	leaf	SRR16267910	20
SRR16267916.result.fastq	leaf	SRR16267916	2
SRR16267920.result.fastq	leaf	SRR16267920	2
SRR16267922.result.fastq	leaf	SRR16267922	4
SRR16267923.result.fastq	leaf	SRR16267923	235
SRR16267925.result.fastq	leaf	SRR16267925	10
SRR16292910.result.fastq	leaf	SRR16292910	1
SRR16292912.result.fastq	leaf	SRR16292912	1
SRR16292916.result.fastq	leaf	SRR16292916	1
SRR16292917.result.fastq	leaf	SRR16292917	1
SRR16292922.result.fastq	leaf	SRR16292922	1
SRR16292924.result.fastq	leaf	SRR16292924	1
SRR16292927.result.fastq	leaf	SRR16292927	3
SRR16292930.result.fastq	leaf	SRR16292930	5
SRR16292938.result.fastq	leaf	SRR16292938	2
SRR16292939.result.fastq	leaf	SRR16292939	5
SRR16292941.result.fastq	leaf	SRR16292941	1
SRR16292943.result.fastq	leaf	SRR16292943	3
SRR16292944.result.fastq	leaf	SRR16292944	1
SRR16292945.result.fastq	leaf	SRR16292945	2
SRR16292946.result.fastq	leaf	SRR16292946	1
SRR16292953.result.fastq	leaf	SRR16292953	3
SRR16304221.result.fastq	leaf	SRR16304221	11
SRR16304222.result.fastq	leaf	SRR16304222	1
SRR16304228.result.fastq	leaf	SRR16304228	454
SRR16304231.result.fastq	leaf	SRR16304231	1
SRR16304243.result.fastq	leaf	SRR16304243	1
SRR16304244.result.fastq	leaf	SRR16304244	4
SRR16304245.result.fastq	leaf	SRR16304245	4
SRR16304248.result.fastq	leaf	SRR16304248	3
SRR16304249.result.fastq	leaf	SRR16304249	1
SRR16304251.result.fastq	leaf	SRR16304251	1
SRR16304252.result.fastq	leaf	SRR16304252	3
SRR16304254.result.fastq	leaf	SRR16304254	3
SRR16304255.result.fastq	leaf	SRR16304255	5
SRR16304257.result.fastq	leaf	SRR16304257	1
SRR16304260.result.fastq	leaf	SRR16304260	4
SRR16304261.result.fastq	leaf	SRR16304261	1
SRR16304262.result.fastq	leaf	SRR16304262	1
SRR16304263.result.fastq	leaf	SRR16304263	1
SRR16304270.result.fastq	leaf	SRR16304270	2
SRR16304272.result.fastq	leaf	SRR16304272	11
SRR16304273.result.fastq	leaf	SRR16304273	3
SRR16304274.result.fastq	leaf	SRR16304274	24
SRR16304276.result.fastq	leaf	SRR16304276	503
SRR16304277.result.fastq	leaf	SRR16304277	7
SRR16304279.result.fastq	leaf	SRR16304279	10
SRR16304281.result.fastq	leaf	SRR16304281	1
SRR16304289.result.fastq	leaf	SRR16304289	1
SRR16359909.result.fastq	leaf	SRR16359909	1
SRR16359910.result.fastq	leaf	SRR16359910	25
SRR16359911.result.fastq	leaf	SRR16359911	13
SRR16359913.result.fastq	leaf	SRR16359913	1
SRR16359915.result.fastq	leaf	SRR16359915	2
SRR16359916.result.fastq	leaf	SRR16359916	1
SRR16359919.result.fastq	leaf	SRR16359919	1
SRR16359920.result.fastq	leaf	SRR16359920	13
SRR16359921.result.fastq	leaf	SRR16359921	3
SRR16359922.result.fastq	leaf	SRR16359922	3
SRR16359923.result.fastq	leaf	SRR16359923	3
SRR16359924.result.fastq	leaf	SRR16359924	1
SRR16359925.result.fastq	leaf	SRR16359925	3
SRR16359926.result.fastq	leaf	SRR16359926	4
SRR16359927.result.fastq	leaf	SRR16359927	3
SRR16359928.result.fastq	leaf	SRR16359928	2
SRR16359931.result.fastq	leaf	SRR16359931	10
SRR16359932.result.fastq	leaf	SRR16359932	3
SRR16359934.result.fastq	leaf	SRR16359934	20
SRR16359935.result.fastq	leaf	SRR16359935	14
SRR16359937.result.fastq	leaf	SRR16359937	4
SRR16359938.result.fastq	leaf	SRR16359938	3
SRR16359939.result.fastq	leaf	SRR16359939	11
SRR16359940.result.fastq	leaf	SRR16359940	1
SRR16359941.result.fastq	leaf	SRR16359941	4
SRR16359947.result.fastq	leaf	SRR16359947	4
SRR16359949.result.fastq	leaf	SRR16359949	1
SRR16359951.result.fastq	leaf	SRR16359951	1
SRR16359953.result.fastq	leaf	SRR16359953	2
SRR16359958.result.fastq	leaf	SRR16359958	1
SRR16359965.result.fastq	leaf	SRR16359965	6
SRR16359966.result.fastq	leaf	SRR16359966	1
SRR16359967.result.fastq	leaf	SRR16359967	3
SRR16359968.result.fastq	leaf	SRR16359968	1
SRR16359973.result.fastq	leaf	SRR16359973	6
SRR16359974.result.fastq	leaf	SRR16359974	8
SRR16474312.result.fastq	leaf	SRR16474312	1
SRR16474313.result.fastq	leaf	SRR16474313	1
SRR16474315.result.fastq	leaf	SRR16474315	2
SRR16474319.result.fastq	leaf	SRR16474319	1
SRR16474321.result.fastq	leaf	SRR16474321	2
SRR16474324.result.fastq	leaf	SRR16474324	2
SRR16474325.result.fastq	leaf	SRR16474325	3
SRR16479872.result.fastq	leaf	SRR16479872	20
SRR16479881.result.fastq	leaf	SRR16479881	56
SRR16479883.result.fastq	leaf	SRR16479883	2
SRR16479895.result.fastq	leaf	SRR16479895	8
SRR16479897.result.fastq	leaf	SRR16479897	2
SRR16492476.result.fastq	leaf	SRR16492476	2
SRR16492477.result.fastq	leaf	SRR16492477	2
SRR16492478.result.fastq	leaf	SRR16492478	87
SRR16492479.result.fastq	leaf	SRR16492479	2
SRR16492481.result.fastq	leaf	SRR16492481	2
SRR16492482.result.fastq	leaf	SRR16492482	2
SRR16492483.result.fastq	leaf	SRR16492483	2
SRR16492484.result.fastq	leaf	SRR16492484	5
SRR16492486.result.fastq	leaf	SRR16492486	12
SRR16492487.result.fastq	leaf	SRR16492487	30
SRR16492491.result.fastq	leaf	SRR16492491	3
SRR16492492.result.fastq	leaf	SRR16492492	1
SRR16492495.result.fastq	leaf	SRR16492495	2
SRR16492496.result.fastq	leaf	SRR16492496	2
SRR16492505.result.fastq	leaf	SRR16492505	1
SRR16492506.result.fastq	leaf	SRR16492506	573
SRR16492507.result.fastq	leaf	SRR16492507	3
SRR16492514.result.fastq	leaf	SRR16492514	18
SRR16492516.result.fastq	leaf	SRR16492516	4
SRR16492517.result.fastq	leaf	SRR16492517	6
SRR16492521.result.fastq	leaf	SRR16492521	9
SRR16492547.result.fastq	leaf	SRR16492547	1
SRR16492556.result.fastq	leaf	SRR16492556	8
SRR16492563.result.fastq	leaf	SRR16492563	204
SRR16492565.result.fastq	leaf	SRR16492565	277
SRR16492570.result.fastq	leaf	SRR16492570	4
SRR16492571.result.fastq	leaf	SRR16492571	3
SRR16492572.result.fastq	leaf	SRR16492572	3
SRR16492575.result.fastq	leaf	SRR16492575	6
SRR16492576.result.fastq	leaf	SRR16492576	10
SRR16492582.result.fastq	leaf	SRR16492582	5
SRR16492586.result.fastq	leaf	SRR16492586	20
SRR16492587.result.fastq	leaf	SRR16492587	6
SRR16492589.result.fastq	leaf	SRR16492589	2
SRR16492593.result.fastq	leaf	SRR16492593	2
SRR16492594.result.fastq	leaf	SRR16492594	205
SRR16492595.result.fastq	leaf	SRR16492595	2
SRR16492596.result.fastq	leaf	SRR16492596	25
SRR16506216.result.fastq	leaf	SRR16506216	15
SRR16506219.result.fastq	leaf	SRR16506219	5
SRR16506221.result.fastq	leaf	SRR16506221	6
SRR16506223.result.fastq	leaf	SRR16506223	1
SRR16506224.result.fastq	leaf	SRR16506224	4
SRR16506227.result.fastq	leaf	SRR16506227	4
SRR16506229.result.fastq	leaf	SRR16506229	4
SRR16508429.result.fastq	leaf	SRR16508429	18
SRR16508430.result.fastq	leaf	SRR16508430	3
SRR16508431.result.fastq	leaf	SRR16508431	3
SRR16520579.result.fastq	leaf	SRR16520579	1
SRR16520580.result.fastq	leaf	SRR16520580	6
SRR16520581.result.fastq	leaf	SRR16520581	3
SRR16520582.result.fastq	leaf	SRR16520582	4
SRR16520584.result.fastq	leaf	SRR16520584	3
SRR16520590.result.fastq	leaf	SRR16520590	1
SRR16520596.result.fastq	leaf	SRR16520596	2
SRR16520597.result.fastq	leaf	SRR16520597	1
SRR16520598.result.fastq	leaf	SRR16520598	1
SRR16520599.result.fastq	leaf	SRR16520599	3
SRR16520600.result.fastq	leaf	SRR16520600	7
SRR16520601.result.fastq	leaf	SRR16520601	36
SRR16520602.result.fastq	leaf	SRR16520602	3
SRR16520604.result.fastq	leaf	SRR16520604	6
SRR16520610.result.fastq	leaf	SRR16520610	1
SRR16520620.result.fastq	leaf	SRR16520620	2
SRR16520629.result.fastq	leaf	SRR16520629	2
SRR16520632.result.fastq	leaf	SRR16520632	2
SRR16520633.result.fastq	leaf	SRR16520633	1
SRR16520642.result.fastq	leaf	SRR16520642	1
SRR16520643.result.fastq	leaf	SRR16520643	5
SRR16520647.result.fastq	leaf	SRR16520647	1
SRR16520648.result.fastq	leaf	SRR16520648	2
SRR16520652.result.fastq	leaf	SRR16520652	8
SRR16520653.result.fastq	leaf	SRR16520653	3
SRR16520654.result.fastq	leaf	SRR16520654	2
SRR16520655.result.fastq	leaf	SRR16520655	2
SRR16520656.result.fastq	leaf	SRR16520656	2
SRR16520660.result.fastq	leaf	SRR16520660	6
SRR16520662.result.fastq	leaf	SRR16520662	2
SRR16526547.result.fastq	leaf	SRR16526547	6
SRR16526548.result.fastq	leaf	SRR16526548	4
SRR16526550.result.fastq	leaf	SRR16526550	53
SRR16526552.result.fastq	leaf	SRR16526552	3
SRR16526557.result.fastq	leaf	SRR16526557	2
SRR16526559.result.fastq	leaf	SRR16526559	3
SRR16610066.result.fastq	leaf	SRR16610066	8
SRR16610067.result.fastq	leaf	SRR16610067	5
SRR16610070.result.fastq	leaf	SRR16610070	1
SRR16610071.result.fastq	leaf	SRR16610071	1
SRR16610073.result.fastq	leaf	SRR16610073	10
SRR16610084.result.fastq	leaf	SRR16610084	2
SRR16610085.result.fastq	leaf	SRR16610085	19
SRR16610086.result.fastq	leaf	SRR16610086	9
SRR16610089.result.fastq	leaf	SRR16610089	4
SRR16610092.result.fastq	leaf	SRR16610092	4
SRR16610093.result.fastq	leaf	SRR16610093	2
SRR16610096.result.fastq	leaf	SRR16610096	4
SRR16610100.result.fastq	leaf	SRR16610100	1
SRR16610107.result.fastq	leaf	SRR16610107	1807
SRR16610109.result.fastq	leaf	SRR16610109	16
SRR16610117.result.fastq	leaf	SRR16610117	40
SRR16610137.result.fastq	leaf	SRR16610137	7
SRR16610138.result.fastq	leaf	SRR16610138	11
SRR16610148.result.fastq	leaf	SRR16610148	9
SRR16610149.result.fastq	leaf	SRR16610149	287
SRR16610161.result.fastq	leaf	SRR16610161	2
SRR16610177.result.fastq	leaf	SRR16610177	8
SRR16610191.result.fastq	leaf	SRR16610191	17
SRR16610192.result.fastq	leaf	SRR16610192	16
SRR16610203.result.fastq	leaf	SRR16610203	2
SRR16617692.result.fastq	leaf	SRR16617692	8
SRR16798014.result.fastq	leaf	SRR16798014	5
SRR16798021.result.fastq	leaf	SRR16798021	2
SRR1685782.result.fastq	leaf	SRR1685782	31
SRR1685789.result.fastq	leaf	SRR1685789	11
SRR1685800.result.fastq	leaf	SRR1685800	11
SRR1685807.result.fastq	leaf	SRR1685807	8
SRR1685808.result.fastq	leaf	SRR1685808	19
SRR1685810.result.fastq	leaf	SRR1685810	25
SRR1685812.result.fastq	leaf	SRR1685812	33
SRR1685813.result.fastq	leaf	SRR1685813	19
SRR1685815.result.fastq	leaf	SRR1685815	19
SRR1685819.result.fastq	leaf	SRR1685819	13
SRR1685820.result.fastq	leaf	SRR1685820	28
SRR1685823.result.fastq	leaf	SRR1685823	13
SRR1685826.result.fastq	leaf	SRR1685826	50
SRR1685827.result.fastq	leaf	SRR1685827	8
SRR1685830.result.fastq	leaf	SRR1685830	8
SRR1685845.result.fastq	leaf	SRR1685845	10
SRR1685849.result.fastq	leaf	SRR1685849	23
SRR1685850.result.fastq	leaf	SRR1685850	11
SRR1685851.result.fastq	leaf	SRR1685851	4
SRR1685856.result.fastq	leaf	SRR1685856	7
SRR1685860.result.fastq	leaf	SRR1685860	7
SRR1685865.result.fastq	leaf	SRR1685865	21
SRR1685871.result.fastq	leaf	SRR1685871	10
SRR1685872.result.fastq	leaf	SRR1685872	55
SRR1685874.result.fastq	leaf	SRR1685874	29
SRR1685881.result.fastq	leaf	SRR1685881	25
SRR1685882.result.fastq	leaf	SRR1685882	14
SRR1685883.result.fastq	leaf	SRR1685883	22
SRR1685886.result.fastq	leaf	SRR1685886	10
SRR1685903.result.fastq	leaf	SRR1685903	117
SRR1685944.result.fastq	leaf	SRR1685944	2
SRR1685945.result.fastq	leaf	SRR1685945	12
SRR1685954.result.fastq	leaf	SRR1685954	6
SRR1685955.result.fastq	leaf	SRR1685955	26
SRR1685958.result.fastq	leaf	SRR1685958	54
SRR1685960.result.fastq	leaf	SRR1685960	19
SRR1685961.result.fastq	leaf	SRR1685961	40
SRR16987653.result.fastq	leaf	SRR16987653	2
SRR16987654.result.fastq	leaf	SRR16987654	4
SRR16987655.result.fastq	leaf	SRR16987655	1
SRR16987656.result.fastq	leaf	SRR16987656	2
SRR16987657.result.fastq	leaf	SRR16987657	5
SRR16987658.result.fastq	leaf	SRR16987658	2
SRR17001157.result.fastq	leaf	SRR17001157	2
SRR17001162.result.fastq	leaf	SRR17001162	5
SRR17023784.result.fastq	leaf	SRR17023784	3
SRR17084737.result.fastq	leaf	SRR17084737	5
SRR17084742.result.fastq	leaf	SRR17084742	4
SRR17084750.result.fastq	leaf	SRR17084750	2660
SRR17084751.result.fastq	leaf	SRR17084751	5
SRR17084752.result.fastq	leaf	SRR17084752	1
SRR17084753.result.fastq	leaf	SRR17084753	1
SRR17084755.result.fastq	leaf	SRR17084755	8
SRR17084756.result.fastq	leaf	SRR17084756	6
SRR17084757.result.fastq	leaf	SRR17084757	3
SRR17084758.result.fastq	leaf	SRR17084758	5
SRR17084766.result.fastq	leaf	SRR17084766	966
SRR17084767.result.fastq	leaf	SRR17084767	686
SRR17153374.result.fastq	leaf	SRR17153374	1
SRR17157324.result.fastq	leaf	SRR17157324	1
SRR17157326.result.fastq	leaf	SRR17157326	1
SRR17157333.result.fastq	leaf	SRR17157333	3
SRR17157338.result.fastq	leaf	SRR17157338	8
SRR17157378.result.fastq	leaf	SRR17157378	12
SRR17157379.result.fastq	leaf	SRR17157379	39
SRR17157380.result.fastq	leaf	SRR17157380	3
SRR17157390.result.fastq	leaf	SRR17157390	1
SRR17157391.result.fastq	leaf	SRR17157391	3
SRR17157392.result.fastq	leaf	SRR17157392	21
SRR17250562.result.fastq	leaf	SRR17250562	5
SRR17250567.result.fastq	leaf	SRR17250567	3
SRR17250569.result.fastq	leaf	SRR17250569	5
SRR17250570.result.fastq	leaf	SRR17250570	9
SRR17250573.result.fastq	leaf	SRR17250573	4
SRR17250574.result.fastq	leaf	SRR17250574	2
SRR17250575.result.fastq	leaf	SRR17250575	4
SRR17250594.result.fastq	leaf	SRR17250594	1
SRR17250595.result.fastq	leaf	SRR17250595	2
SRR17250596.result.fastq	leaf	SRR17250596	3
SRR17250597.result.fastq	leaf	SRR17250597	9
SRR17250598.result.fastq	leaf	SRR17250598	9
SRR17250599.result.fastq	leaf	SRR17250599	2
SRR17250603.result.fastq	leaf	SRR17250603	4
SRR17250607.result.fastq	leaf	SRR17250607	1
SRR17250610.result.fastq	leaf	SRR17250610	3
SRR17250611.result.fastq	leaf	SRR17250611	1
SRR17250625.result.fastq	leaf	SRR17250625	2
SRR17250626.result.fastq	leaf	SRR17250626	1
SRR17250627.result.fastq	leaf	SRR17250627	1
SRR17250629.result.fastq	leaf	SRR17250629	9
SRR17250636.result.fastq	leaf	SRR17250636	5
SRR17250637.result.fastq	leaf	SRR17250637	4
SRR17250638.result.fastq	leaf	SRR17250638	6
SRR17250642.result.fastq	leaf	SRR17250642	3
SRR17250643.result.fastq	leaf	SRR17250643	2
SRR17250644.result.fastq	leaf	SRR17250644	1
SRR17250646.result.fastq	leaf	SRR17250646	1
SRR17250647.result.fastq	leaf	SRR17250647	3
SRR17250651.result.fastq	leaf	SRR17250651	1
SRR17250652.result.fastq	leaf	SRR17250652	1
SRR17250653.result.fastq	leaf	SRR17250653	359
SRR17250654.result.fastq	leaf	SRR17250654	16
SRR17250655.result.fastq	leaf	SRR17250655	8
SRR17250657.result.fastq	leaf	SRR17250657	10
SRR17250659.result.fastq	leaf	SRR17250659	1
SRR17250661.result.fastq	leaf	SRR17250661	2
SRR17250662.result.fastq	leaf	SRR17250662	1
SRR17250663.result.fastq	leaf	SRR17250663	4
SRR17250668.result.fastq	leaf	SRR17250668	1
SRR17282457.result.fastq	leaf	SRR17282457	21
SRR17311613.result.fastq	leaf	SRR17311613	3
SRR17311614.result.fastq	leaf	SRR17311614	3
SRR17311615.result.fastq	leaf	SRR17311615	2
SRR17311616.result.fastq	leaf	SRR17311616	1
SRR17311617.result.fastq	leaf	SRR17311617	3
SRR17311618.result.fastq	leaf	SRR17311618	9
SRR17311619.result.fastq	leaf	SRR17311619	3
SRR17311620.result.fastq	leaf	SRR17311620	2
SRR17311622.result.fastq	leaf	SRR17311622	6
SRR17311624.result.fastq	leaf	SRR17311624	1
SRR17311625.result.fastq	leaf	SRR17311625	2
SRR17311629.result.fastq	leaf	SRR17311629	3
SRR17311630.result.fastq	leaf	SRR17311630	4
SRR17311631.result.fastq	leaf	SRR17311631	1
SRR17311632.result.fastq	leaf	SRR17311632	3
SRR17311636.result.fastq	leaf	SRR17311636	1
SRR17311637.result.fastq	leaf	SRR17311637	1
SRR17311638.result.fastq	leaf	SRR17311638	4
SRR17311640.result.fastq	leaf	SRR17311640	1
SRR17311643.result.fastq	leaf	SRR17311643	2
SRR17311645.result.fastq	leaf	SRR17311645	13
SRR17311646.result.fastq	leaf	SRR17311646	1
SRR17311647.result.fastq	leaf	SRR17311647	2
SRR17311650.result.fastq	leaf	SRR17311650	4
SRR17311651.result.fastq	leaf	SRR17311651	1
SRR17311652.result.fastq	leaf	SRR17311652	529
SRR17311655.result.fastq	leaf	SRR17311655	2
SRR17311656.result.fastq	leaf	SRR17311656	4
SRR17311657.result.fastq	leaf	SRR17311657	5
SRR17311659.result.fastq	leaf	SRR17311659	1
SRR17311660.result.fastq	leaf	SRR17311660	1
SRR17311661.result.fastq	leaf	SRR17311661	3
SRR17311662.result.fastq	leaf	SRR17311662	3
SRR17311663.result.fastq	leaf	SRR17311663	5
SRR17311664.result.fastq	leaf	SRR17311664	3
SRR17311665.result.fastq	leaf	SRR17311665	2
SRR17311666.result.fastq	leaf	SRR17311666	2
SRR17311667.result.fastq	leaf	SRR17311667	6
SRR17311668.result.fastq	leaf	SRR17311668	2
SRR17311669.result.fastq	leaf	SRR17311669	1
SRR17311670.result.fastq	leaf	SRR17311670	1
SRR17311671.result.fastq	leaf	SRR17311671	1
SRR17311672.result.fastq	leaf	SRR17311672	1
SRR17311673.result.fastq	leaf	SRR17311673	2
SRR17311674.result.fastq	leaf	SRR17311674	1
SRR17311676.result.fastq	leaf	SRR17311676	44
SRR17311678.result.fastq	leaf	SRR17311678	4
SRR17311679.result.fastq	leaf	SRR17311679	3
SRR17311685.result.fastq	leaf	SRR17311685	1
SRR17311687.result.fastq	leaf	SRR17311687	3
SRR17311689.result.fastq	leaf	SRR17311689	2
SRR17311690.result.fastq	leaf	SRR17311690	3
SRR17311691.result.fastq	leaf	SRR17311691	3
SRR17311695.result.fastq	leaf	SRR17311695	3
SRR17311696.result.fastq	leaf	SRR17311696	3
SRR17311697.result.fastq	leaf	SRR17311697	15
SRR17311699.result.fastq	leaf	SRR17311699	14
SRR17311700.result.fastq	leaf	SRR17311700	2
SRR17311706.result.fastq	leaf	SRR17311706	1
SRR17311709.result.fastq	leaf	SRR17311709	1
SRR17311710.result.fastq	leaf	SRR17311710	1
SRR17311714.result.fastq	leaf	SRR17311714	16
SRR17311715.result.fastq	leaf	SRR17311715	3
SRR17311716.result.fastq	leaf	SRR17311716	2
SRR17311718.result.fastq	leaf	SRR17311718	13
SRR17311719.result.fastq	leaf	SRR17311719	4
SRR17311720.result.fastq	leaf	SRR17311720	2
SRR17311722.result.fastq	leaf	SRR17311722	1
SRR17311723.result.fastq	leaf	SRR17311723	2
SRR17311724.result.fastq	leaf	SRR17311724	2
SRR17311725.result.fastq	leaf	SRR17311725	3
SRR17311726.result.fastq	leaf	SRR17311726	4
SRR17311728.result.fastq	leaf	SRR17311728	4
SRR17311729.result.fastq	leaf	SRR17311729	1
SRR17311730.result.fastq	leaf	SRR17311730	2
SRR17311731.result.fastq	leaf	SRR17311731	3
SRR17311732.result.fastq	leaf	SRR17311732	2
SRR17311733.result.fastq	leaf	SRR17311733	4
SRR17311734.result.fastq	leaf	SRR17311734	1
SRR17311741.result.fastq	leaf	SRR17311741	4
SRR17311744.result.fastq	leaf	SRR17311744	1
SRR17311745.result.fastq	leaf	SRR17311745	5
SRR17311746.result.fastq	leaf	SRR17311746	2
SRR17311747.result.fastq	leaf	SRR17311747	1
SRR17311749.result.fastq	leaf	SRR17311749	2
SRR17311750.result.fastq	leaf	SRR17311750	2
SRR17311752.result.fastq	leaf	SRR17311752	11
SRR17311753.result.fastq	leaf	SRR17311753	6
SRR17311755.result.fastq	leaf	SRR17311755	3
SRR17311756.result.fastq	leaf	SRR17311756	1
SRR17311757.result.fastq	leaf	SRR17311757	1
SRR17335463.result.fastq	leaf	SRR17335463	3
SRR17383783.result.fastq	leaf	SRR17383783	1
SRR17383785.result.fastq	leaf	SRR17383785	1
SRR17383791.result.fastq	leaf	SRR17383791	1
SRR17383792.result.fastq	leaf	SRR17383792	1
SRR17383794.result.fastq	leaf	SRR17383794	2
SRR17383798.result.fastq	leaf	SRR17383798	6
SRR17383802.result.fastq	leaf	SRR17383802	4280
SRR17383803.result.fastq	leaf	SRR17383803	5
SRR17383810.result.fastq	leaf	SRR17383810	6
SRR17383811.result.fastq	leaf	SRR17383811	3
SRR17383812.result.fastq	leaf	SRR17383812	3
SRR17449093.result.fastq	leaf	SRR17449093	2
SRR17611302.result.fastq	leaf	SRR17611302	8
SRR17611304.result.fastq	leaf	SRR17611304	1
SRR17611315.result.fastq	leaf	SRR17611315	6
SRR17611326.result.fastq	leaf	SRR17611326	12
SRR17611332.result.fastq	leaf	SRR17611332	3
SRR17611333.result.fastq	leaf	SRR17611333	3
SRR17611335.result.fastq	leaf	SRR17611335	16
SRR17657418.result.fastq	leaf	SRR17657418	6
SRR17657420.result.fastq	leaf	SRR17657420	5
SRR17657429.result.fastq	leaf	SRR17657429	1
SRR17657430.result.fastq	leaf	SRR17657430	6
SRR17657432.result.fastq	leaf	SRR17657432	2
SRR17657474.result.fastq	leaf	SRR17657474	15
SRR17657476.result.fastq	leaf	SRR17657476	1
SRR17657487.result.fastq	leaf	SRR17657487	2
SRR17682118.result.fastq	leaf	SRR17682118	3
SRR17685483.result.fastq	leaf	SRR17685483	1
SRR17696412.result.fastq	leaf	SRR17696412	8
SRR17843224.result.fastq	leaf	SRR17843224	7
SRR17849592.result.fastq	leaf	SRR17849592	1
SRR17849593.result.fastq	leaf	SRR17849593	2
SRR17849594.result.fastq	leaf	SRR17849594	1
SRR17849596.result.fastq	leaf	SRR17849596	2
SRR17849597.result.fastq	leaf	SRR17849597	2
SRR17849602.result.fastq	leaf	SRR17849602	1
SRR17849603.result.fastq	leaf	SRR17849603	3
SRR17849604.result.fastq	leaf	SRR17849604	1
SRR17849605.result.fastq	leaf	SRR17849605	2
SRR17849607.result.fastq	leaf	SRR17849607	27
SRR17849608.result.fastq	leaf	SRR17849608	1
SRR17849609.result.fastq	leaf	SRR17849609	4
SRR17849610.result.fastq	leaf	SRR17849610	3
SRR17849612.result.fastq	leaf	SRR17849612	2
SRR17849613.result.fastq	leaf	SRR17849613	3
SRR17849620.result.fastq	leaf	SRR17849620	137
SRR17849622.result.fastq	leaf	SRR17849622	2
SRR17849625.result.fastq	leaf	SRR17849625	3
SRR17849626.result.fastq	leaf	SRR17849626	8
SRR17849627.result.fastq	leaf	SRR17849627	8
SRR17849631.result.fastq	leaf	SRR17849631	26
SRR17849632.result.fastq	leaf	SRR17849632	2
SRR17849634.result.fastq	leaf	SRR17849634	3
SRR17849644.result.fastq	leaf	SRR17849644	1
SRR17849648.result.fastq	leaf	SRR17849648	1
SRR17849653.result.fastq	leaf	SRR17849653	16
SRR17849654.result.fastq	leaf	SRR17849654	2
SRR17849655.result.fastq	leaf	SRR17849655	6
SRR17849656.result.fastq	leaf	SRR17849656	3
SRR17849658.result.fastq	leaf	SRR17849658	11
SRR17849660.result.fastq	leaf	SRR17849660	13
SRR17849661.result.fastq	leaf	SRR17849661	2
SRR17861237.result.fastq	leaf	SRR17861237	2
SRR17861238.result.fastq	leaf	SRR17861238	9
SRR17861239.result.fastq	leaf	SRR17861239	3
SRR17861240.result.fastq	leaf	SRR17861240	5
SRR17898049.result.fastq	leaf	SRR17898049	2
SRR17898050.result.fastq	leaf	SRR17898050	1
SRR17898051.result.fastq	leaf	SRR17898051	2
SRR17898052.result.fastq	leaf	SRR17898052	1
SRR17898055.result.fastq	leaf	SRR17898055	6
SRR17898059.result.fastq	leaf	SRR17898059	3
SRR17898060.result.fastq	leaf	SRR17898060	4
SRR17898061.result.fastq	leaf	SRR17898061	2
SRR17898064.result.fastq	leaf	SRR17898064	33
SRR17931033.result.fastq	leaf	SRR17931033	10
SRR17931144.result.fastq	leaf	SRR17931144	161
SRR17931145.result.fastq	leaf	SRR17931145	1
SRR17943980.result.fastq	leaf	SRR17943980	11
SRR17943981.result.fastq	leaf	SRR17943981	9
SRR17943984.result.fastq	leaf	SRR17943984	23
SRR17943986.result.fastq	leaf	SRR17943986	5
SRR17943988.result.fastq	leaf	SRR17943988	4
SRR17943989.result.fastq	leaf	SRR17943989	3
SRR17943991.result.fastq	leaf	SRR17943991	2
SRR17943999.result.fastq	leaf	SRR17943999	2
SRR17944000.result.fastq	leaf	SRR17944000	1
SRR17944004.result.fastq	leaf	SRR17944004	1
SRR17944005.result.fastq	leaf	SRR17944005	5
SRR17944006.result.fastq	leaf	SRR17944006	2
SRR17944007.result.fastq	leaf	SRR17944007	3
SRR17944008.result.fastq	leaf	SRR17944008	3
SRR17944009.result.fastq	leaf	SRR17944009	3
SRR17944010.result.fastq	leaf	SRR17944010	2
SRR17944020.result.fastq	leaf	SRR17944020	1
SRR17944021.result.fastq	leaf	SRR17944021	6
SRR17944027.result.fastq	leaf	SRR17944027	9
SRR17944029.result.fastq	leaf	SRR17944029	3
SRR17944031.result.fastq	leaf	SRR17944031	3
SRR17944033.result.fastq	leaf	SRR17944033	1
SRR17944037.result.fastq	leaf	SRR17944037	5
SRR17944040.result.fastq	leaf	SRR17944040	1
SRR17944041.result.fastq	leaf	SRR17944041	2
SRR17944042.result.fastq	leaf	SRR17944042	2
SRR17944043.result.fastq	leaf	SRR17944043	3
SRR17944044.result.fastq	leaf	SRR17944044	1
SRR17944045.result.fastq	leaf	SRR17944045	9
SRR17944046.result.fastq	leaf	SRR17944046	2
SRR17944047.result.fastq	leaf	SRR17944047	1
SRR17944050.result.fastq	leaf	SRR17944050	3
SRR17988905.result.fastq	leaf	SRR17988905	4
SRR17988907.result.fastq	leaf	SRR17988907	2
SRR17988909.result.fastq	leaf	SRR17988909	7
SRR17988912.result.fastq	leaf	SRR17988912	9
SRR17988913.result.fastq	leaf	SRR17988913	1
SRR17988914.result.fastq	leaf	SRR17988914	25
SRR17988915.result.fastq	leaf	SRR17988915	2
SRR17993125.result.fastq	leaf	SRR17993125	5
SRR17993126.result.fastq	leaf	SRR17993126	5
SRR18015722.result.fastq	leaf	SRR18015722	1
SRR18015723.result.fastq	leaf	SRR18015723	3
SRR18061863.result.fastq	leaf	SRR18061863	3
SRR18061864.result.fastq	leaf	SRR18061864	1
SRR18062992.result.fastq	leaf	SRR18062992	155
SRR18062993.result.fastq	leaf	SRR18062993	3
SRR18062997.result.fastq	leaf	SRR18062997	4
SRR18074858.result.fastq	leaf	SRR18074858	6
SRR18095496.result.fastq	leaf	SRR18095496	3
SRR18115360.result.fastq	leaf	SRR18115360	4
SRR18115361.result.fastq	leaf	SRR18115361	9
SRR18115362.result.fastq	leaf	SRR18115362	7
SRR18115363.result.fastq	leaf	SRR18115363	2
SRR18115378.result.fastq	leaf	SRR18115378	3
SRR18115379.result.fastq	leaf	SRR18115379	3
SRR18115380.result.fastq	leaf	SRR18115380	5
SRR18115381.result.fastq	leaf	SRR18115381	1
SRR18115382.result.fastq	leaf	SRR18115382	1
SRR18145524.result.fastq	leaf	SRR18145524	1
SRR18170981.result.fastq	leaf	SRR18170981	2
SRR18170984.result.fastq	leaf	SRR18170984	701
SRR18170985.result.fastq	leaf	SRR18170985	4
SRR18170986.result.fastq	leaf	SRR18170986	1
SRR18192419.result.fastq	leaf	SRR18192419	5
SRR18192422.result.fastq	leaf	SRR18192422	20
SRR18192423.result.fastq	leaf	SRR18192423	4
SRR18192424.result.fastq	leaf	SRR18192424	6
SRR18192425.result.fastq	leaf	SRR18192425	6
SRR18192433.result.fastq	leaf	SRR18192433	1
SRR18192434.result.fastq	leaf	SRR18192434	6
SRR18192435.result.fastq	leaf	SRR18192435	2
SRR18192503.result.fastq	leaf	SRR18192503	6
SRR18192504.result.fastq	leaf	SRR18192504	13
SRR18192507.result.fastq	leaf	SRR18192507	41
SRR18192509.result.fastq	leaf	SRR18192509	3
SRR18192512.result.fastq	leaf	SRR18192512	23
SRR18192513.result.fastq	leaf	SRR18192513	4
SRR18192520.result.fastq	leaf	SRR18192520	1
SRR18192522.result.fastq	leaf	SRR18192522	1468
SRR18197327.result.fastq	leaf	SRR18197327	2
SRR18197331.result.fastq	leaf	SRR18197331	1
SRR18197337.result.fastq	leaf	SRR18197337	1
SRR18214926.result.fastq	leaf	SRR18214926	1
SRR18214927.result.fastq	leaf	SRR18214927	2
SRR18214928.result.fastq	leaf	SRR18214928	10
SRR18214931.result.fastq	leaf	SRR18214931	4
SRR18214932.result.fastq	leaf	SRR18214932	9
SRR18214933.result.fastq	leaf	SRR18214933	1
SRR18214939.result.fastq	leaf	SRR18214939	13
SRR18214940.result.fastq	leaf	SRR18214940	4
SRR18214942.result.fastq	leaf	SRR18214942	6
SRR18215745.result.fastq	leaf	SRR18215745	4
SRR18215746.result.fastq	leaf	SRR18215746	23
SRR18215747.result.fastq	leaf	SRR18215747	9
SRR18215748.result.fastq	leaf	SRR18215748	1
SRR18215749.result.fastq	leaf	SRR18215749	3
SRR18215752.result.fastq	leaf	SRR18215752	16
SRR18215753.result.fastq	leaf	SRR18215753	4
SRR18215754.result.fastq	leaf	SRR18215754	3
SRR18215755.result.fastq	leaf	SRR18215755	4
SRR18215757.result.fastq	leaf	SRR18215757	9
SRR18215760.result.fastq	leaf	SRR18215760	5
SRR18215764.result.fastq	leaf	SRR18215764	1
SRR18215765.result.fastq	leaf	SRR18215765	4
SRR18241994.result.fastq	leaf	SRR18241994	1
SRR18241995.result.fastq	leaf	SRR18241995	2
SRR18346082.result.fastq	leaf	SRR18346082	2
SRR18346083.result.fastq	leaf	SRR18346083	18
SRR18399862.result.fastq	leaf	SRR18399862	4
SRR18399865.result.fastq	leaf	SRR18399865	1
SRR18399873.result.fastq	leaf	SRR18399873	7
SRR18499914.result.fastq	leaf	SRR18499914	2
SRR18499915.result.fastq	leaf	SRR18499915	1
SRR18499916.result.fastq	leaf	SRR18499916	11
SRR18499917.result.fastq	leaf	SRR18499917	8
SRR18499918.result.fastq	leaf	SRR18499918	14
SRR18499920.result.fastq	leaf	SRR18499920	12
SRR18499921.result.fastq	leaf	SRR18499921	10
SRR18499923.result.fastq	leaf	SRR18499923	2
SRR18499925.result.fastq	leaf	SRR18499925	27
SRR18499927.result.fastq	leaf	SRR18499927	25
SRR18499932.result.fastq	leaf	SRR18499932	1
SRR18499933.result.fastq	leaf	SRR18499933	1442
SRR18499934.result.fastq	leaf	SRR18499934	9
SRR18499936.result.fastq	leaf	SRR18499936	2
SRR18499937.result.fastq	leaf	SRR18499937	3
SRR18499938.result.fastq	leaf	SRR18499938	10
SRR18499941.result.fastq	leaf	SRR18499941	4
SRR18499943.result.fastq	leaf	SRR18499943	343
SRR18499944.result.fastq	leaf	SRR18499944	20
SRR18499945.result.fastq	leaf	SRR18499945	1
SRR18499946.result.fastq	leaf	SRR18499946	2619
SRR18499947.result.fastq	leaf	SRR18499947	5
SRR18499948.result.fastq	leaf	SRR18499948	9
SRR18499949.result.fastq	leaf	SRR18499949	1
SRR18499950.result.fastq	leaf	SRR18499950	1
SRR18499959.result.fastq	leaf	SRR18499959	6
SRR18499961.result.fastq	leaf	SRR18499961	1
SRR18499963.result.fastq	leaf	SRR18499963	15
SRR18499966.result.fastq	leaf	SRR18499966	13
SRR18499969.result.fastq	leaf	SRR18499969	3
SRR18499970.result.fastq	leaf	SRR18499970	5
SRR18499976.result.fastq	leaf	SRR18499976	6
SRR18499982.result.fastq	leaf	SRR18499982	1133
SRR18499984.result.fastq	leaf	SRR18499984	2
SRR18499986.result.fastq	leaf	SRR18499986	15
SRR18499988.result.fastq	leaf	SRR18499988	1
SRR18499989.result.fastq	leaf	SRR18499989	10
SRR18499990.result.fastq	leaf	SRR18499990	3
SRR18499991.result.fastq	leaf	SRR18499991	6
SRR18499992.result.fastq	leaf	SRR18499992	14
SRR18499994.result.fastq	leaf	SRR18499994	1
SRR18499998.result.fastq	leaf	SRR18499998	2
SRR18499999.result.fastq	leaf	SRR18499999	5
SRR18500000.result.fastq	leaf	SRR18500000	6
SRR18500001.result.fastq	leaf	SRR18500001	3
SRR18500002.result.fastq	leaf	SRR18500002	7
SRR18500006.result.fastq	leaf	SRR18500006	8
SRR18500007.result.fastq	leaf	SRR18500007	10
SRR18500034.result.fastq	leaf	SRR18500034	18
SRR18500035.result.fastq	leaf	SRR18500035	1
SRR18500036.result.fastq	leaf	SRR18500036	2
SRR18500037.result.fastq	leaf	SRR18500037	6
SRR18503124.result.fastq	leaf	SRR18503124	11
SRR18508229.result.fastq	leaf	SRR18508229	4
SRR18508231.result.fastq	leaf	SRR18508231	6
SRR1964822.result.fastq	leaf	SRR1964822	66
SRR1964885.result.fastq	leaf	SRR1964885	28
SRR1964907.result.fastq	leaf	SRR1964907	12
SRR1964908.result.fastq	leaf	SRR1964908	68
SRR1964909.result.fastq	leaf	SRR1964909	28
SRR1970882.result.fastq	leaf	SRR1970882	7
SRR1970884.result.fastq	leaf	SRR1970884	5
SRR1970887.result.fastq	leaf	SRR1970887	5
SRR1970890.result.fastq	leaf	SRR1970890	44
SRR1970894.result.fastq	leaf	SRR1970894	1
SRR1988126.result.fastq	leaf	SRR1988126	53
SRR1988127.result.fastq	leaf	SRR1988127	5
SRR1988128.result.fastq	leaf	SRR1988128	3
SRR1988129.result.fastq	leaf	SRR1988129	24
SRR1988130.result.fastq	leaf	SRR1988130	6
SRR1988131.result.fastq	leaf	SRR1988131	75
SRR1988132.result.fastq	leaf	SRR1988132	23
SRR1988135.result.fastq	leaf	SRR1988135	12
SRR1988137.result.fastq	leaf	SRR1988137	13
SRR1988138.result.fastq	leaf	SRR1988138	10
SRR1988139.result.fastq	leaf	SRR1988139	3
SRR1988140.result.fastq	leaf	SRR1988140	5
SRR1988142.result.fastq	leaf	SRR1988142	10
SRR1988143.result.fastq	leaf	SRR1988143	4
SRR1988144.result.fastq	leaf	SRR1988144	14
SRR1988145.result.fastq	leaf	SRR1988145	25
SRR1988146.result.fastq	leaf	SRR1988146	2
SRR1988148.result.fastq	leaf	SRR1988148	6
SRR1988149.result.fastq	leaf	SRR1988149	13
SRR1988150.result.fastq	leaf	SRR1988150	7
SRR1988151.result.fastq	leaf	SRR1988151	29
SRR1988152.result.fastq	leaf	SRR1988152	1
SRR1988153.result.fastq	leaf	SRR1988153	19
SRR1988154.result.fastq	leaf	SRR1988154	12
SRR1988156.result.fastq	leaf	SRR1988156	15
SRR1988157.result.fastq	leaf	SRR1988157	10
SRR1988159.result.fastq	leaf	SRR1988159	11
SRR2047449.result.fastq	leaf	SRR2047449	1
SRR2047454.result.fastq	leaf	SRR2047454	5
SRR2047476.result.fastq	leaf	SRR2047476	2
SRR2047497.result.fastq	leaf	SRR2047497	2
SRR2047498.result.fastq	leaf	SRR2047498	1
SRR2047499.result.fastq	leaf	SRR2047499	1
SRR2047501.result.fastq	leaf	SRR2047501	3
SRR2047504.result.fastq	leaf	SRR2047504	2
SRR2047505.result.fastq	leaf	SRR2047505	2
SRR2047507.result.fastq	leaf	SRR2047507	1
SRR2047513.result.fastq	leaf	SRR2047513	3
SRR2047519.result.fastq	leaf	SRR2047519	3
SRR2047520.result.fastq	leaf	SRR2047520	3
SRR2047521.result.fastq	leaf	SRR2047521	3
SRR2047522.result.fastq	leaf	SRR2047522	1
SRR2047544.result.fastq	leaf	SRR2047544	19
SRR2047545.result.fastq	leaf	SRR2047545	5
SRR2047546.result.fastq	leaf	SRR2047546	2
SRR2047547.result.fastq	leaf	SRR2047547	3
SRR2047557.result.fastq	leaf	SRR2047557	3
SRR2047561.result.fastq	leaf	SRR2047561	1
SRR2047562.result.fastq	leaf	SRR2047562	261
SRR2047567.result.fastq	leaf	SRR2047567	261
SRR2075877.result.fastq	leaf	SRR2075877	7
SRR2075879.result.fastq	leaf	SRR2075879	10
SRR2075880.result.fastq	leaf	SRR2075880	224
SRR2075881.result.fastq	leaf	SRR2075881	253
SRR2075882.result.fastq	leaf	SRR2075882	3
SRR2075885.result.fastq	leaf	SRR2075885	15
SRR2075890.result.fastq	leaf	SRR2075890	6
SRR2075893.result.fastq	leaf	SRR2075893	3
SRR2075895.result.fastq	leaf	SRR2075895	13
SRR2075896.result.fastq	leaf	SRR2075896	2
SRR2075897.result.fastq	leaf	SRR2075897	36
SRR2075902.result.fastq	leaf	SRR2075902	3
SRR2075950.result.fastq	leaf	SRR2075950	5
SRR2075951.result.fastq	leaf	SRR2075951	3
SRR2190216.result.fastq	leaf	SRR2190216	2
SRR3130307.result.fastq	leaf	SRR3130307	1
SRR3130311.result.fastq	leaf	SRR3130311	1
SRR3131127.result.fastq	leaf	SRR3131127	2
SRR3131132.result.fastq	leaf	SRR3131132	68
SRR3131157.result.fastq	leaf	SRR3131157	3
SRR3131158.result.fastq	leaf	SRR3131158	2
SRR3131159.result.fastq	leaf	SRR3131159	1
SRR3131161.result.fastq	leaf	SRR3131161	8
SRR3131162.result.fastq	leaf	SRR3131162	4
SRR3131167.result.fastq	leaf	SRR3131167	1
SRR3131169.result.fastq	leaf	SRR3131169	2
SRR3131171.result.fastq	leaf	SRR3131171	1
SRR3131172.result.fastq	leaf	SRR3131172	7
SRR3131216.result.fastq	leaf	SRR3131216	2
SRR3131217.result.fastq	leaf	SRR3131217	416
SRR3131219.result.fastq	leaf	SRR3131219	3
SRR3131228.result.fastq	leaf	SRR3131228	1
SRR3137579.result.fastq	leaf	SRR3137579	1
SRR3137580.result.fastq	leaf	SRR3137580	3
SRR3137581.result.fastq	leaf	SRR3137581	3
SRR3137583.result.fastq	leaf	SRR3137583	8
SRR3152158.result.fastq	leaf	SRR3152158	110
SRR3152161.result.fastq	leaf	SRR3152161	1
SRR3152494.result.fastq	leaf	SRR3152494	1
SRR3152496.result.fastq	leaf	SRR3152496	3
SRR3168640.result.fastq	leaf	SRR3168640	36
SRR3168642.result.fastq	leaf	SRR3168642	5
SRR3170232.result.fastq	leaf	SRR3170232	3
SRR3170233.result.fastq	leaf	SRR3170233	1
SRR3170244.result.fastq	leaf	SRR3170244	10
SRR3170257.result.fastq	leaf	SRR3170257	2
SRR3170258.result.fastq	leaf	SRR3170258	6
SRR3170260.result.fastq	leaf	SRR3170260	1
SRR3170588.result.fastq	leaf	SRR3170588	1
SRR3170592.result.fastq	leaf	SRR3170592	1
SRR3170596.result.fastq	leaf	SRR3170596	334
SRR3170597.result.fastq	leaf	SRR3170597	5
SRR3170599.result.fastq	leaf	SRR3170599	4
SRR3170600.result.fastq	leaf	SRR3170600	1
SRR3170602.result.fastq	leaf	SRR3170602	1
SRR3170608.result.fastq	leaf	SRR3170608	3
SRR3170610.result.fastq	leaf	SRR3170610	4
SRR3170734.result.fastq	leaf	SRR3170734	304
SRR3170736.result.fastq	leaf	SRR3170736	4
SRR3170737.result.fastq	leaf	SRR3170737	3
SRR3170738.result.fastq	leaf	SRR3170738	1
SRR3170739.result.fastq	leaf	SRR3170739	1
SRR3170769.result.fastq	leaf	SRR3170769	2
SRR3170771.result.fastq	leaf	SRR3170771	1
SRR3170772.result.fastq	leaf	SRR3170772	1
SRR3170775.result.fastq	leaf	SRR3170775	66
SRR3170777.result.fastq	leaf	SRR3170777	65
SRR3197590.result.fastq	leaf	SRR3197590	160
SRR3197600.result.fastq	leaf	SRR3197600	1
SRR3197602.result.fastq	leaf	SRR3197602	66
SRR3197608.result.fastq	leaf	SRR3197608	2
SRR3197609.result.fastq	leaf	SRR3197609	1
SRR3216441.result.fastq	leaf	SRR3216441	2
SRR3217273.result.fastq	leaf	SRR3217273	1
SRR3217322.result.fastq	leaf	SRR3217322	5
SRR3217391.result.fastq	leaf	SRR3217391	1
SRR3217398.result.fastq	leaf	SRR3217398	11
SRR3218384.result.fastq	leaf	SRR3218384	1
SRR3218386.result.fastq	leaf	SRR3218386	2
SRR3218390.result.fastq	leaf	SRR3218390	14
SRR3218391.result.fastq	leaf	SRR3218391	1
SRR3218395.result.fastq	leaf	SRR3218395	1
SRR3218398.result.fastq	leaf	SRR3218398	1356
SRR3222489.result.fastq	leaf	SRR3222489	1
SRR3222492.result.fastq	leaf	SRR3222492	3
SRR3223163.result.fastq	leaf	SRR3223163	1
SRR3223164.result.fastq	leaf	SRR3223164	12
SRR3223166.result.fastq	leaf	SRR3223166	1353
SRR3223168.result.fastq	leaf	SRR3223168	2
SRR3223174.result.fastq	leaf	SRR3223174	4
SRR3223175.result.fastq	leaf	SRR3223175	3
SRR3223178.result.fastq	leaf	SRR3223178	1354
SRR3223179.result.fastq	leaf	SRR3223179	1
SRR3223471.result.fastq	leaf	SRR3223471	1353
SRR3223478.result.fastq	leaf	SRR3223478	4
SRR3223552.result.fastq	leaf	SRR3223552	1
SRR3223556.result.fastq	leaf	SRR3223556	1
SRR3223557.result.fastq	leaf	SRR3223557	1
SRR3223558.result.fastq	leaf	SRR3223558	3
SRR3223561.result.fastq	leaf	SRR3223561	2
SRR3223563.result.fastq	leaf	SRR3223563	1353
SRR3223564.result.fastq	leaf	SRR3223564	1
SRR3223568.result.fastq	leaf	SRR3223568	1
SRR3223912.result.fastq	leaf	SRR3223912	1
SRR3223915.result.fastq	leaf	SRR3223915	2
SRR3223927.result.fastq	leaf	SRR3223927	4
SRR3224231.result.fastq	leaf	SRR3224231	8
SRR3224241.result.fastq	leaf	SRR3224241	1
SRR3224243.result.fastq	leaf	SRR3224243	1354
SRR3224796.result.fastq	leaf	SRR3224796	1
SRR3224801.result.fastq	leaf	SRR3224801	1
SRR3224806.result.fastq	leaf	SRR3224806	1
SRR3224808.result.fastq	leaf	SRR3224808	6
SRR3224809.result.fastq	leaf	SRR3224809	1
SRR3224811.result.fastq	leaf	SRR3224811	1
SRR3224812.result.fastq	leaf	SRR3224812	1
SRR3224985.result.fastq	leaf	SRR3224985	1
SRR3224991.result.fastq	leaf	SRR3224991	2
SRR3224992.result.fastq	leaf	SRR3224992	2
SRR3224993.result.fastq	leaf	SRR3224993	27
SRR3224999.result.fastq	leaf	SRR3224999	1353
SRR3225003.result.fastq	leaf	SRR3225003	1353
SRR3225041.result.fastq	leaf	SRR3225041	1
SRR3225047.result.fastq	leaf	SRR3225047	2
SRR3225051.result.fastq	leaf	SRR3225051	1
SRR3225053.result.fastq	leaf	SRR3225053	2
SRR3225054.result.fastq	leaf	SRR3225054	1
SRR3225055.result.fastq	leaf	SRR3225055	2
SRR3225057.result.fastq	leaf	SRR3225057	1353
SRR3225234.result.fastq	leaf	SRR3225234	1
SRR3225240.result.fastq	leaf	SRR3225240	5
SRR3225241.result.fastq	leaf	SRR3225241	8
SRR3225243.result.fastq	leaf	SRR3225243	1
SRR3225245.result.fastq	leaf	SRR3225245	1353
SRR3225246.result.fastq	leaf	SRR3225246	11
SRR3225248.result.fastq	leaf	SRR3225248	2
SRR3225249.result.fastq	leaf	SRR3225249	1353
SRR3225250.result.fastq	leaf	SRR3225250	2
SRR3226988.result.fastq	leaf	SRR3226988	2
SRR3226992.result.fastq	leaf	SRR3226992	1
SRR3226997.result.fastq	leaf	SRR3226997	1
SRR3226999.result.fastq	leaf	SRR3226999	2
SRR3227006.result.fastq	leaf	SRR3227006	1
SRR3227012.result.fastq	leaf	SRR3227012	1
SRR3227018.result.fastq	leaf	SRR3227018	1
SRR3227026.result.fastq	leaf	SRR3227026	3
SRR3227032.result.fastq	leaf	SRR3227032	1
SRR3227038.result.fastq	leaf	SRR3227038	1
SRR3227043.result.fastq	leaf	SRR3227043	3
SRR3228476.result.fastq	leaf	SRR3228476	5
SRR3228535.result.fastq	leaf	SRR3228535	2
SRR3228551.result.fastq	leaf	SRR3228551	1
SRR3228555.result.fastq	leaf	SRR3228555	1353
SRR3228556.result.fastq	leaf	SRR3228556	2
SRR3228558.result.fastq	leaf	SRR3228558	1
SRR3228559.result.fastq	leaf	SRR3228559	1
SRR3228563.result.fastq	leaf	SRR3228563	1
SRR3228564.result.fastq	leaf	SRR3228564	1
SRR3228565.result.fastq	leaf	SRR3228565	1
SRR3228569.result.fastq	leaf	SRR3228569	1
SRR3228573.result.fastq	leaf	SRR3228573	3
SRR3228575.result.fastq	leaf	SRR3228575	1
SRR3242036.result.fastq	leaf	SRR3242036	3
SRR3242038.result.fastq	leaf	SRR3242038	1
SRR3242044.result.fastq	leaf	SRR3242044	60
SRR3242045.result.fastq	leaf	SRR3242045	3
SRR3242046.result.fastq	leaf	SRR3242046	368
SRR3242054.result.fastq	leaf	SRR3242054	10
SRR3381358.result.fastq	leaf	SRR3381358	1
SRR3381359.result.fastq	leaf	SRR3381359	2
SRR3381367.result.fastq	leaf	SRR3381367	1
SRR3381369.result.fastq	leaf	SRR3381369	2227
SRR3381378.result.fastq	leaf	SRR3381378	3
SRR3381389.result.fastq	leaf	SRR3381389	1
SRR3381390.result.fastq	leaf	SRR3381390	1
SRR3381395.result.fastq	leaf	SRR3381395	1
SRR3381397.result.fastq	leaf	SRR3381397	1122
SRR3381401.result.fastq	leaf	SRR3381401	1
SRR3381407.result.fastq	leaf	SRR3381407	4
SRR3381409.result.fastq	leaf	SRR3381409	1
SRR3381414.result.fastq	leaf	SRR3381414	1
SRR3381417.result.fastq	leaf	SRR3381417	3
SRR3381420.result.fastq	leaf	SRR3381420	1
SRR3381421.result.fastq	leaf	SRR3381421	1
SRR3381422.result.fastq	leaf	SRR3381422	4
SRR3381423.result.fastq	leaf	SRR3381423	5
SRR3381424.result.fastq	leaf	SRR3381424	3
SRR3381426.result.fastq	leaf	SRR3381426	7
SRR3381427.result.fastq	leaf	SRR3381427	2
SRR3381435.result.fastq	leaf	SRR3381435	2
SRR3381470.result.fastq	leaf	SRR3381470	1
SRR3381478.result.fastq	leaf	SRR3381478	1
SRR3381479.result.fastq	leaf	SRR3381479	1
SRR3381494.result.fastq	leaf	SRR3381494	4
SRR3381498.result.fastq	leaf	SRR3381498	1
SRR3381500.result.fastq	leaf	SRR3381500	1
SRR3381506.result.fastq	leaf	SRR3381506	4
SRR3381512.result.fastq	leaf	SRR3381512	4
SRR3381517.result.fastq	leaf	SRR3381517	218
SRR3381518.result.fastq	leaf	SRR3381518	1
SRR3381519.result.fastq	leaf	SRR3381519	1
SRR3381533.result.fastq	leaf	SRR3381533	1
SRR3381536.result.fastq	leaf	SRR3381536	3
SRR3381542.result.fastq	leaf	SRR3381542	2
SRR353952.result.fastq	leaf	SRR353952	1
SRR3928973.result.fastq	leaf	SRR3928973	4
SRR3928987.result.fastq	leaf	SRR3928987	14
SRR3928989.result.fastq	leaf	SRR3928989	4
SRR3928996.result.fastq	leaf	SRR3928996	6
SRR3943043.result.fastq	leaf	SRR3943043	3
SRR3943173.result.fastq	leaf	SRR3943173	1
SRR3943174.result.fastq	leaf	SRR3943174	2
SRR3943175.result.fastq	leaf	SRR3943175	3
SRR3943176.result.fastq	leaf	SRR3943176	3
SRR3943177.result.fastq	leaf	SRR3943177	5
SRR3943178.result.fastq	leaf	SRR3943178	7
SRR3943179.result.fastq	leaf	SRR3943179	5
SRR3943180.result.fastq	leaf	SRR3943180	66
SRR3943745.result.fastq	leaf	SRR3943745	1
SRR3943748.result.fastq	leaf	SRR3943748	2
SRR3943749.result.fastq	leaf	SRR3943749	2
SRR3943750.result.fastq	leaf	SRR3943750	2
SRR3943754.result.fastq	leaf	SRR3943754	1
SRR3943760.result.fastq	leaf	SRR3943760	4364
SRR3943780.result.fastq	leaf	SRR3943780	3
SRR3943788.result.fastq	leaf	SRR3943788	2
SRR3943790.result.fastq	leaf	SRR3943790	1
SRR3943792.result.fastq	leaf	SRR3943792	2
SRR3943987.result.fastq	leaf	SRR3943987	2
SRR3943990.result.fastq	leaf	SRR3943990	67
SRR3943999.result.fastq	leaf	SRR3943999	1
SRR3944001.result.fastq	leaf	SRR3944001	1
SRR3944002.result.fastq	leaf	SRR3944002	1
SRR3944005.result.fastq	leaf	SRR3944005	2
SRR3944007.result.fastq	leaf	SRR3944007	2
SRR3944008.result.fastq	leaf	SRR3944008	1
SRR3944013.result.fastq	leaf	SRR3944013	1
SRR3944015.result.fastq	leaf	SRR3944015	2
SRR3944016.result.fastq	leaf	SRR3944016	1
SRR3944017.result.fastq	leaf	SRR3944017	1
SRR3944018.result.fastq	leaf	SRR3944018	1
SRR3944019.result.fastq	leaf	SRR3944019	3
SRR3944020.result.fastq	leaf	SRR3944020	39
SRR3944021.result.fastq	leaf	SRR3944021	1
SRR3944022.result.fastq	leaf	SRR3944022	67
SRR3944029.result.fastq	leaf	SRR3944029	1
SRR3944033.result.fastq	leaf	SRR3944033	1
SRR3944034.result.fastq	leaf	SRR3944034	1
SRR3944038.result.fastq	leaf	SRR3944038	4
SRR3944052.result.fastq	leaf	SRR3944052	1
SRR3944081.result.fastq	leaf	SRR3944081	2
SRR3944085.result.fastq	leaf	SRR3944085	1
SRR3944086.result.fastq	leaf	SRR3944086	1
SRR3944088.result.fastq	leaf	SRR3944088	3
SRR3944089.result.fastq	leaf	SRR3944089	1
SRR3944097.result.fastq	leaf	SRR3944097	1
SRR3944102.result.fastq	leaf	SRR3944102	5
SRR3944106.result.fastq	leaf	SRR3944106	1
SRR3944196.result.fastq	leaf	SRR3944196	3
SRR3944197.result.fastq	leaf	SRR3944197	1
SRR3944201.result.fastq	leaf	SRR3944201	5
SRR3944205.result.fastq	leaf	SRR3944205	1
SRR3944208.result.fastq	leaf	SRR3944208	1
SRR3944211.result.fastq	leaf	SRR3944211	4
SRR3944213.result.fastq	leaf	SRR3944213	918
SRR3944215.result.fastq	leaf	SRR3944215	1
SRR3944219.result.fastq	leaf	SRR3944219	2
SRR3944221.result.fastq	leaf	SRR3944221	1
SRR3944222.result.fastq	leaf	SRR3944222	1
SRR3944236.result.fastq	leaf	SRR3944236	1
SRR3944242.result.fastq	leaf	SRR3944242	16
SRR3944243.result.fastq	leaf	SRR3944243	3
SRR3944246.result.fastq	leaf	SRR3944246	3
SRR3944248.result.fastq	leaf	SRR3944248	47
SRR3944249.result.fastq	leaf	SRR3944249	3
SRR4417569.result.fastq	leaf	SRR4417569	267
SRR4417570.result.fastq	leaf	SRR4417570	6
SRR4417571.result.fastq	leaf	SRR4417571	4
SRR4417574.result.fastq	leaf	SRR4417574	7
SRR4417575.result.fastq	leaf	SRR4417575	5
SRR4417577.result.fastq	leaf	SRR4417577	3
SRR4417578.result.fastq	leaf	SRR4417578	10
SRR4417579.result.fastq	leaf	SRR4417579	16
SRR4417581.result.fastq	leaf	SRR4417581	7
SRR4417587.result.fastq	leaf	SRR4417587	411
SRR4417590.result.fastq	leaf	SRR4417590	19
SRR4417591.result.fastq	leaf	SRR4417591	4
SRR4417593.result.fastq	leaf	SRR4417593	4
SRR4417594.result.fastq	leaf	SRR4417594	3
SRR4417595.result.fastq	leaf	SRR4417595	1474
SRR4417598.result.fastq	leaf	SRR4417598	28
SRR4417599.result.fastq	leaf	SRR4417599	7
SRR4417603.result.fastq	leaf	SRR4417603	3
SRR4417604.result.fastq	leaf	SRR4417604	1
SRR4417605.result.fastq	leaf	SRR4417605	3
SRR4417609.result.fastq	leaf	SRR4417609	2
SRR4417610.result.fastq	leaf	SRR4417610	3
SRR4417611.result.fastq	leaf	SRR4417611	4
SRR4417612.result.fastq	leaf	SRR4417612	7
SRR4417613.result.fastq	leaf	SRR4417613	27
SRR4417614.result.fastq	leaf	SRR4417614	4
SRR5070509.result.fastq	leaf	SRR5070509	1
SRR5070510.result.fastq	leaf	SRR5070510	1
SRR5070511.result.fastq	leaf	SRR5070511	1
SRR5070513.result.fastq	leaf	SRR5070513	1
SRR5070515.result.fastq	leaf	SRR5070515	1
SRR5070516.result.fastq	leaf	SRR5070516	1
SRR5237398.result.fastq	leaf	SRR5237398	4
SRR5445923.result.fastq	leaf	SRR5445923	4
SRR5445925.result.fastq	leaf	SRR5445925	3
SRR5739028.result.fastq	leaf	SRR5739028	6
SRR5739029.result.fastq	leaf	SRR5739029	183
SRR5739033.result.fastq	leaf	SRR5739033	1
SRR5739036.result.fastq	leaf	SRR5739036	1
SRR5739037.result.fastq	leaf	SRR5739037	2
SRR5739039.result.fastq	leaf	SRR5739039	1
SRR5739040.result.fastq	leaf	SRR5739040	1
SRR5739046.result.fastq	leaf	SRR5739046	3
SRR5739047.result.fastq	leaf	SRR5739047	1
SRR5739048.result.fastq	leaf	SRR5739048	1
SRR5739050.result.fastq	leaf	SRR5739050	1
SRR5739051.result.fastq	leaf	SRR5739051	3
SRR5739054.result.fastq	leaf	SRR5739054	8
SRR5739055.result.fastq	leaf	SRR5739055	1
SRR5739057.result.fastq	leaf	SRR5739057	2
SRR5739058.result.fastq	leaf	SRR5739058	1
SRR5739059.result.fastq	leaf	SRR5739059	7
SRR5739061.result.fastq	leaf	SRR5739061	3
SRR5739064.result.fastq	leaf	SRR5739064	2
SRR5739065.result.fastq	leaf	SRR5739065	2
SRR5739068.result.fastq	leaf	SRR5739068	2
SRR5739071.result.fastq	leaf	SRR5739071	1
SRR5739072.result.fastq	leaf	SRR5739072	20
SRR5739073.result.fastq	leaf	SRR5739073	2
SRR5739074.result.fastq	leaf	SRR5739074	1
SRR5739075.result.fastq	leaf	SRR5739075	1
SRR5739078.result.fastq	leaf	SRR5739078	1
SRR5739081.result.fastq	leaf	SRR5739081	1
SRR5739084.result.fastq	leaf	SRR5739084	8
SRR5739088.result.fastq	leaf	SRR5739088	2
SRR5739089.result.fastq	leaf	SRR5739089	15
SRR5739090.result.fastq	leaf	SRR5739090	1
SRR5739091.result.fastq	leaf	SRR5739091	1
SRR5739092.result.fastq	leaf	SRR5739092	5
SRR5739096.result.fastq	leaf	SRR5739096	2376
SRR5739098.result.fastq	leaf	SRR5739098	1
SRR5739099.result.fastq	leaf	SRR5739099	398
SRR5739100.result.fastq	leaf	SRR5739100	1
SRR5739102.result.fastq	leaf	SRR5739102	1
SRR5739108.result.fastq	leaf	SRR5739108	11
SRR5739111.result.fastq	leaf	SRR5739111	82
SRR5739117.result.fastq	leaf	SRR5739117	1
SRR5862467.result.fastq	leaf	SRR5862467	4
SRR5862475.result.fastq	leaf	SRR5862475	1
SRR5891469.result.fastq	leaf	SRR5891469	2
SRR5891471.result.fastq	leaf	SRR5891471	3
SRR5891472.result.fastq	leaf	SRR5891472	2
SRR5891478.result.fastq	leaf	SRR5891478	1
SRR5891482.result.fastq	leaf	SRR5891482	1
SRR5891484.result.fastq	leaf	SRR5891484	1
SRR5891486.result.fastq	leaf	SRR5891486	1
SRR5891490.result.fastq	leaf	SRR5891490	1
SRR5891492.result.fastq	leaf	SRR5891492	1
SRR5891497.result.fastq	leaf	SRR5891497	1
SRR5901132.result.fastq	leaf	SRR5901132	3
SRR6165818.result.fastq	leaf	SRR6165818	2
SRR6165819.result.fastq	leaf	SRR6165819	431
SRR6435994.result.fastq	leaf	SRR6435994	1
SRR6435995.result.fastq	leaf	SRR6435995	1
SRR6435996.result.fastq	leaf	SRR6435996	1
SRR6435998.result.fastq	leaf	SRR6435998	1
SRR6435999.result.fastq	leaf	SRR6435999	1
SRR6436001.result.fastq	leaf	SRR6436001	1
SRR6436004.result.fastq	leaf	SRR6436004	1
SRR6436005.result.fastq	leaf	SRR6436005	3
SRR6436007.result.fastq	leaf	SRR6436007	2
SRR6513730.result.fastq	leaf	SRR6513730	1
SRR6513737.result.fastq	leaf	SRR6513737	2
SRR6513738.result.fastq	leaf	SRR6513738	5
SRR6513740.result.fastq	leaf	SRR6513740	1
SRR6513742.result.fastq	leaf	SRR6513742	1
SRR6513748.result.fastq	leaf	SRR6513748	5
SRR6513750.result.fastq	leaf	SRR6513750	1
SRR6513751.result.fastq	leaf	SRR6513751	1
SRR6513752.result.fastq	leaf	SRR6513752	1
SRR6513753.result.fastq	leaf	SRR6513753	3
SRR6513755.result.fastq	leaf	SRR6513755	1
SRR6513763.result.fastq	leaf	SRR6513763	1
SRR6513766.result.fastq	leaf	SRR6513766	2
SRR6513768.result.fastq	leaf	SRR6513768	1
SRR6513773.result.fastq	leaf	SRR6513773	1
SRR6513776.result.fastq	leaf	SRR6513776	5
SRR6513782.result.fastq	leaf	SRR6513782	5
SRR6513783.result.fastq	leaf	SRR6513783	5
SRR6513785.result.fastq	leaf	SRR6513785	1
SRR6513793.result.fastq	leaf	SRR6513793	3
SRR6513796.result.fastq	leaf	SRR6513796	1
SRR6762180.result.fastq	leaf	SRR6762180	5
SRR6762181.result.fastq	leaf	SRR6762181	5
SRR6762182.result.fastq	leaf	SRR6762182	3
SRR6762183.result.fastq	leaf	SRR6762183	3
SRR6896117.result.fastq	leaf	SRR6896117	1
SRR7014933.result.fastq	leaf	SRR7014933	23
SRR7591081.result.fastq	leaf	SRR7591081	2
SRR7821053.result.fastq	leaf	SRR7821053	1
SRR7821054.result.fastq	leaf	SRR7821054	1
SRR7821055.result.fastq	leaf	SRR7821055	1
SRR7821057.result.fastq	leaf	SRR7821057	1
SRR7821058.result.fastq	leaf	SRR7821058	1
SRR7821059.result.fastq	leaf	SRR7821059	2
SRR7821060.result.fastq	leaf	SRR7821060	1
SRR7821065.result.fastq	leaf	SRR7821065	3
SRR7821067.result.fastq	leaf	SRR7821067	1
SRR8080833.result.fastq	leaf	SRR8080833	4
SRR8606683.result.fastq	leaf	SRR8606683	3
SRR8756106.result.fastq	leaf	SRR8756106	8
SRR8992449.result.fastq	leaf	SRR8992449	3
SRR9137401.result.fastq	leaf	SRR9137401	3
SRR9218349.result.fastq	leaf	SRR9218349	1213
SRR9218356.result.fastq	leaf	SRR9218356	34
